analytics_id,machine_id,log_timestamp,fuel_efficiency_score,engine_stability_score,utilization_ratio,wear_and_tear_index,safety_score,downtime_risk_pct
1,1,2025-05-30T00:00:00Z,100.0,82.04,65.78,30,100,0.01
2,1,2025-05-31T00:00:00Z,99.23,90.56,72.14,30,98,0.01
3,1,2025-06-01T00:00:00Z,88.11,98.16,53.2,33,100,0.01
4,1,2025-06-02T00:00:00Z,100.0,100.0,68.28,30,98,0.0
5,1,2025-06-03T00:00:00Z,85.95,100.0,72.64,33,100,0.01
6,1,2025-06-04T00:00:00Z,94.19,100.0,57.84,30,94,0.01
7,1,2025-06-05T00:00:00Z,94.14,100.0,63.96,30,100,0.0
8,1,2025-06-06T00:00:00Z,100.0,98.83,70.32,30,100,0.0
9,1,2025-06-07T00:00:00Z,100.0,83.51,64.84,30,100,0.01
10,1,2025-06-08T00:00:00Z,96.27,100.0,70.89,30,100,0.0
11,1,2025-06-09T00:00:00Z,87.83,100.0,60.46,30,98,0.01
12,1,2025-06-10T00:00:00Z,77.97,80.71,54.43,30,90,0.04
13,1,2025-06-11T00:00:00Z,100.0,68.71,54.22,36,98,0.02
14,1,2025-06-12T00:00:00Z,100.0,97.01,58.68,30,98,0.0
15,1,2025-06-13T00:00:00Z,97.29,95.72,56.5,30,98,0.01
16,1,2025-06-14T00:00:00Z,87.57,94.11,61.77,33,98,0.01
17,1,2025-06-15T00:00:00Z,100.0,88.68,60.25,30,98,0.01
18,1,2025-06-16T00:00:00Z,100.0,100.0,74.28,33,98,0.0
19,1,2025-06-17T00:00:00Z,89.23,90.22,60.69,30,98,0.01
20,1,2025-06-18T00:00:00Z,87.11,98.19,54.06,33,100,0.01
21,1,2025-06-19T00:00:00Z,100.0,100.0,67.48,30,100,0.0
22,1,2025-06-20T00:00:00Z,79.59,84.72,59.86,33,100,0.02
23,1,2025-06-21T00:00:00Z,100.0,96.68,69.55,30,98,0.0
24,1,2025-06-22T00:00:00Z,85.0,75.11,59.89,32,100,0.02
25,1,2025-06-23T00:00:00Z,100.0,97.19,63.81,30,100,0.0
26,1,2025-06-24T00:00:00Z,87.62,97.3,59.28,33,100,0.01
27,1,2025-06-25T00:00:00Z,100.0,89.09,59.82,30,100,0.01
28,1,2025-06-26T00:00:00Z,91.27,100.0,57.8,30,100,0.01
29,1,2025-06-27T00:00:00Z,100.0,81.72,75.48,33,100,0.01
30,1,2025-06-28T00:00:00Z,92.85,100.0,60.43,36,98,0.01
31,1,2025-06-29T00:00:00Z,93.14,72.32,54.54,30,100,0.02
32,1,2025-06-30T00:00:00Z,100.0,55.0,70.27,30,98,0.02
33,1,2025-07-01T00:00:00Z,75.43,84.57,55.33,30,100,0.02
34,1,2025-07-02T00:00:00Z,89.37,91.22,53.3,35,100,0.01
35,1,2025-07-03T00:00:00Z,90.9,80.85,54.85,30,100,0.01
36,1,2025-07-04T00:00:00Z,91.13,100.0,54.01,30,100,0.01
37,1,2025-07-05T00:00:00Z,92.88,100.0,53.78,30,100,0.01
38,1,2025-07-06T00:00:00Z,81.62,85.08,71.33,32,100,0.02
39,1,2025-07-07T00:00:00Z,100.0,75.69,62.6,33,100,0.01
40,1,2025-07-08T00:00:00Z,100.0,97.36,71.43,30,100,0.0
41,1,2025-07-09T00:00:00Z,100.0,95.19,54.67,30,100,0.0
42,1,2025-07-10T00:00:00Z,100.0,99.3,70.2,33,100,0.0
43,1,2025-07-11T00:00:00Z,99.01,93.78,56.14,33,98,0.01
44,1,2025-07-12T00:00:00Z,86.61,95.75,55.52,30,100,0.01
45,1,2025-07-13T00:00:00Z,87.1,84.88,59.94,33,98,0.02
46,1,2025-07-14T00:00:00Z,97.39,74.43,52.73,33,100,0.01
47,1,2025-07-15T00:00:00Z,91.8,100.0,59.05,32,100,0.01
48,1,2025-07-16T00:00:00Z,100.0,98.4,67.53,30,100,0.0
49,1,2025-07-17T00:00:00Z,92.44,79.3,58.87,33,98,0.02
50,1,2025-07-18T00:00:00Z,95.65,98.68,73.24,33,100,0.01
51,1,2025-07-19T00:00:00Z,100.0,91.49,64.47,30,98,0.01
52,1,2025-07-20T00:00:00Z,100.0,67.78,57.6,30,98,0.01
53,1,2025-07-21T00:00:00Z,98.16,84.04,53.4,30,96,0.01
54,1,2025-07-22T00:00:00Z,95.62,100.0,62.61,30,95,0.01
55,1,2025-07-23T00:00:00Z,95.41,87.93,63.6,30,98,0.01
56,1,2025-07-24T00:00:00Z,99.99,100.0,67.88,32,98,0.0
57,1,2025-07-25T00:00:00Z,91.34,68.46,53.14,33,96,0.03
58,1,2025-07-26T00:00:00Z,91.2,90.28,76.29,30,100,0.01
59,1,2025-07-27T00:00:00Z,100.0,85.08,76.75,33,100,0.01
60,1,2025-07-28T00:00:00Z,85.55,100.0,60.2,33,95,0.01
61,1,2025-07-29T00:00:00Z,86.58,0.0,38.38,100,40,84.17
62,1,2025-07-30T00:00:00Z,82.78,0.0,34.51,100,10,96.65
63,1,2025-07-31T00:00:00Z,82.81,0.0,36.53,100,38,87.65
64,1,2025-08-01T00:00:00Z,80.12,0.0,35.76,100,0,98.19
65,1,2025-08-02T00:00:00Z,81.1,0.0,35.07,100,0,98.1
66,1,2025-08-03T00:00:00Z,85.87,0.0,34.82,100,15,95.06
67,1,2025-08-04T00:00:00Z,94.55,89.13,57.38,30,100,0.01
68,1,2025-08-05T00:00:00Z,79.93,0.0,34.61,100,27,93.42
69,1,2025-08-06T00:00:00Z,80.16,0.0,34.51,100,3,97.9
70,1,2025-08-07T00:00:00Z,90.59,11.34,37.59,52,79,2.16
71,1,2025-08-08T00:00:00Z,82.42,0.0,34.44,100,0,97.97
72,1,2025-08-09T00:00:00Z,82.08,0.0,34.79,100,7,97.2
73,1,2025-08-10T00:00:00Z,81.15,0.0,34.1,100,21,94.75
74,1,2025-08-11T00:00:00Z,81.42,0.0,34.93,100,20,94.93
75,1,2025-08-12T00:00:00Z,81.29,0.0,35.76,100,25,93.62
76,1,2025-08-13T00:00:00Z,79.92,0.0,34.17,100,18,95.71
77,1,2025-08-14T00:00:00Z,80.02,0.0,35.07,100,15,96.26
78,1,2025-08-15T00:00:00Z,87.89,0.0,32.9,69,35,49.89
79,1,2025-08-16T00:00:00Z,97.48,68.6,59.57,33,98,0.02
80,1,2025-08-17T00:00:00Z,96.13,60.64,38.6,44,75,0.18
81,1,2025-08-18T00:00:00Z,81.33,0.0,35.21,100,5,97.55
82,1,2025-08-19T00:00:00Z,82.06,0.0,35.14,100,0,98.01
83,1,2025-08-20T00:00:00Z,81.66,0.0,35.21,100,0,98.05
84,1,2025-08-21T00:00:00Z,80.27,0.0,35.83,100,30,92.32
85,1,2025-08-22T00:00:00Z,80.7,0.0,35.62,100,8,97.25
86,1,2025-08-23T00:00:00Z,80.49,0.0,33.68,100,0,98.16
87,1,2025-08-24T00:00:00Z,79.66,0.0,34.44,100,0,98.23
88,1,2025-08-25T00:00:00Z,80.92,0.0,35.9,100,7,97.35
89,1,2025-08-26T00:00:00Z,82.29,0.0,35.28,97,0,97.6
90,1,2025-08-27T00:00:00Z,85.54,0.0,33.16,100,19,94.12
91,2,2025-05-30T00:00:00Z,100.0,83.31,56.14,32,98,0.01
92,2,2025-05-31T00:00:00Z,92.45,70.66,59.4,35,100,0.02
93,2,2025-06-01T00:00:00Z,99.73,68.07,55.1,35,100,0.02
94,2,2025-06-02T00:00:00Z,90.4,78.27,73.49,38,98,0.03
95,2,2025-06-03T00:00:00Z,95.08,76.74,67.15,32,100,0.01
96,2,2025-06-04T00:00:00Z,92.67,89.49,62.65,32,96,0.01
97,2,2025-06-05T00:00:00Z,100.0,95.98,54.22,38,100,0.01
98,2,2025-06-06T00:00:00Z,86.95,100.0,56.27,32,100,0.01
99,2,2025-06-07T00:00:00Z,81.6,78.79,54.33,35,100,0.03
100,2,2025-06-08T00:00:00Z,82.21,100.0,61.71,32,100,0.01
101,2,2025-06-09T00:00:00Z,92.36,98.29,67.38,32,100,0.01
102,2,2025-06-10T00:00:00Z,95.47,92.2,73.45,32,93,0.01
103,2,2025-06-11T00:00:00Z,100.0,97.11,53.42,35,98,0.01
104,2,2025-06-12T00:00:00Z,100.0,85.86,55.36,32,98,0.01
105,2,2025-06-13T00:00:00Z,90.64,76.55,68.96,32,100,0.02
106,2,2025-06-14T00:00:00Z,94.57,100.0,71.7,32,100,0.01
107,2,2025-06-15T00:00:00Z,89.28,99.92,58.37,41,100,0.01
108,2,2025-06-16T00:00:00Z,96.17,100.0,55.53,38,96,0.01
109,2,2025-06-17T00:00:00Z,94.61,100.0,61.69,32,100,0.01
110,2,2025-06-18T00:00:00Z,83.87,100.0,71.77,32,92,0.01
111,2,2025-06-19T00:00:00Z,99.93,79.86,64.29,32,100,0.01
112,2,2025-06-20T00:00:00Z,89.85,55.0,69.78,32,100,0.04
113,2,2025-06-21T00:00:00Z,87.68,65.57,58.39,35,100,0.04
114,2,2025-06-22T00:00:00Z,93.04,82.41,59.5,35,95,0.02
115,2,2025-06-23T00:00:00Z,94.97,89.84,60.93,35,98,0.01
116,2,2025-06-24T00:00:00Z,85.26,80.05,66.37,35,98,0.03
117,2,2025-06-25T00:00:00Z,100.0,82.95,63.68,32,100,0.01
118,2,2025-06-26T00:00:00Z,100.0,100.0,61.63,38,100,0.01
119,2,2025-06-27T00:00:00Z,85.62,97.01,53.36,32,98,0.01
120,2,2025-06-28T00:00:00Z,93.31,95.42,68.59,32,96,0.01
121,2,2025-06-29T00:00:00Z,82.37,100.0,69.85,32,100,0.01
122,2,2025-06-30T00:00:00Z,88.32,90.17,60.77,38,100,0.02
123,2,2025-07-01T00:00:00Z,100.0,88.63,71.22,37,100,0.01
124,2,2025-07-02T00:00:00Z,99.69,71.49,59.02,40,98,0.02
125,2,2025-07-03T00:00:00Z,97.24,98.17,66.09,32,100,0.01
126,2,2025-07-04T00:00:00Z,100.0,94.29,61.41,38,100,0.01
127,2,2025-07-05T00:00:00Z,96.94,100.0,68.69,32,100,0.0
128,2,2025-07-06T00:00:00Z,85.58,65.19,55.19,35,98,0.05
129,2,2025-07-07T00:00:00Z,100.0,100.0,73.57,35,96,0.01
130,2,2025-07-08T00:00:00Z,100.0,86.85,67.88,37,96,0.01
131,2,2025-07-09T00:00:00Z,93.74,100.0,74.68,32,96,0.01
132,2,2025-07-10T00:00:00Z,100.0,100.0,74.76,35,100,0.01
133,2,2025-07-11T00:00:00Z,97.18,88.36,56.33,38,98,0.01
134,2,2025-07-12T00:00:00Z,92.39,71.67,57.68,35,98,0.03
135,2,2025-07-13T00:00:00Z,95.15,98.9,62.31,32,98,0.01
136,2,2025-07-14T00:00:00Z,84.39,100.0,68.73,35,100,0.01
137,2,2025-07-15T00:00:00Z,72.9,64.92,62.94,32,100,0.07
138,2,2025-07-16T00:00:00Z,92.83,100.0,54.33,32,98,0.01
139,2,2025-07-17T00:00:00Z,100.0,100.0,54.52,44,93,0.01
140,2,2025-07-18T00:00:00Z,100.0,76.99,63.27,32,98,0.01
141,2,2025-07-19T00:00:00Z,94.38,64.83,54.74,32,100,0.02
142,2,2025-07-20T00:00:00Z,100.0,84.7,71.43,32,100,0.01
143,2,2025-07-21T00:00:00Z,86.49,89.17,65.44,35,100,0.02
144,2,2025-07-22T00:00:00Z,84.01,80.02,53.93,32,98,0.02
145,2,2025-07-23T00:00:00Z,100.0,86.17,64.13,35,98,0.01
146,2,2025-07-24T00:00:00Z,100.0,95.76,53.42,32,96,0.01
147,2,2025-07-25T00:00:00Z,100.0,100.0,59.25,38,100,0.01
148,2,2025-07-26T00:00:00Z,100.0,96.9,59.64,32,100,0.0
149,2,2025-07-27T00:00:00Z,83.02,100.0,60.86,32,100,0.01
150,2,2025-07-28T00:00:00Z,87.3,84.47,65.77,32,98,0.02
151,2,2025-07-29T00:00:00Z,82.86,0.0,37.05,100,31,90.94
152,2,2025-07-30T00:00:00Z,82.4,0.0,35.21,100,0,97.98
153,2,2025-07-31T00:00:00Z,81.86,0.0,35.14,100,0,98.03
154,2,2025-08-01T00:00:00Z,80.42,0.0,36.11,100,0,98.16
155,2,2025-08-02T00:00:00Z,94.01,44.02,30.0,49,67,0.76
156,2,2025-08-03T00:00:00Z,84.3,0.0,33.98,100,17,94.96
157,2,2025-08-04T00:00:00Z,81.56,0.0,34.37,100,0,98.06
158,2,2025-08-05T00:00:00Z,81.72,0.0,33.75,100,0,98.04
159,2,2025-08-06T00:00:00Z,79.96,0.0,35.0,100,0,98.2
160,2,2025-08-07T00:00:00Z,79.75,0.0,34.65,100,0,98.22
161,2,2025-08-08T00:00:00Z,81.68,0.0,35.42,100,22,94.35
162,2,2025-08-09T00:00:00Z,80.32,0.0,35.21,100,0,98.17
163,2,2025-08-10T00:00:00Z,92.48,6.24,34.51,94,53,52.91
164,2,2025-08-11T00:00:00Z,94.81,28.01,36.67,65,61,4.69
165,2,2025-08-12T00:00:00Z,78.51,0.0,34.37,100,25,94.4
166,2,2025-08-13T00:00:00Z,79.47,0.0,35.35,100,0,98.25
167,2,2025-08-14T00:00:00Z,82.07,0.0,35.56,100,0,98.01
168,2,2025-08-15T00:00:00Z,84.94,0.0,33.02,100,28,91.32
169,2,2025-08-16T00:00:00Z,99.41,81.81,56.53,32,100,0.01
170,2,2025-08-17T00:00:00Z,82.4,0.0,34.26,100,17,95.39
171,2,2025-08-18T00:00:00Z,100.0,75.26,27.33,46,71,0.11
172,2,2025-08-19T00:00:00Z,93.91,100.0,54.53,40,98,0.01
173,2,2025-08-20T00:00:00Z,85.38,0.0,35.21,100,0,97.66
174,2,2025-08-21T00:00:00Z,77.88,0.0,34.86,100,19,95.91
175,2,2025-08-22T00:00:00Z,81.6,0.0,34.86,100,13,96.34
176,2,2025-08-23T00:00:00Z,81.15,0.0,34.1,100,0,98.1
177,2,2025-08-24T00:00:00Z,79.75,0.0,35.21,100,0,98.22
178,2,2025-08-25T00:00:00Z,97.23,75.29,26.67,35,91,0.02
179,2,2025-08-26T00:00:00Z,94.06,43.69,38.67,83,62,7.1
180,2,2025-08-27T00:00:00Z,79.32,0.0,34.86,100,9,97.3
181,3,2025-05-30T00:00:00Z,90.41,91.24,58.23,32,98,0.01
182,3,2025-05-31T00:00:00Z,85.58,95.33,59.95,37,96,0.02
183,3,2025-06-01T00:00:00Z,87.09,78.73,66.03,32,100,0.02
184,3,2025-06-02T00:00:00Z,82.68,56.12,70.5,35,100,0.07
185,3,2025-06-03T00:00:00Z,99.34,100.0,59.88,32,93,0.01
186,3,2025-06-04T00:00:00Z,100.0,60.36,73.1,32,100,0.02
187,3,2025-06-05T00:00:00Z,87.14,92.11,57.54,32,100,0.01
188,3,2025-06-06T00:00:00Z,100.0,90.41,70.8,32,100,0.01
189,3,2025-06-07T00:00:00Z,100.0,71.64,67.54,35,100,0.02
190,3,2025-06-08T00:00:00Z,100.0,58.95,61.24,35,100,0.03
191,3,2025-06-09T00:00:00Z,100.0,55.0,61.25,32,100,0.03
192,3,2025-06-10T00:00:00Z,85.95,100.0,61.94,32,100,0.01
193,3,2025-06-11T00:00:00Z,92.7,86.18,72.8,35,98,0.01
194,3,2025-06-12T00:00:00Z,99.1,100.0,53.47,32,100,0.0
195,3,2025-06-13T00:00:00Z,100.0,73.47,55.41,35,98,0.02
196,3,2025-06-14T00:00:00Z,92.65,85.01,75.57,34,100,0.01
197,3,2025-06-15T00:00:00Z,100.0,79.78,72.49,32,98,0.01
198,3,2025-06-16T00:00:00Z,97.19,80.31,76.41,32,98,0.01
199,3,2025-06-17T00:00:00Z,89.69,83.81,72.25,35,95,0.02
200,3,2025-06-18T00:00:00Z,100.0,82.65,67.87,38,100,0.01
201,3,2025-06-19T00:00:00Z,100.0,91.53,72.82,32,100,0.01
202,3,2025-06-20T00:00:00Z,100.0,88.04,56.28,32,96,0.01
203,3,2025-06-21T00:00:00Z,84.64,91.76,55.4,34,96,0.02
204,3,2025-06-22T00:00:00Z,86.51,84.37,72.36,32,100,0.02
205,3,2025-06-23T00:00:00Z,100.0,86.56,73.36,32,100,0.01
206,3,2025-06-24T00:00:00Z,95.04,100.0,60.62,32,100,0.01
207,3,2025-06-25T00:00:00Z,86.94,100.0,59.59,32,96,0.01
208,3,2025-06-26T00:00:00Z,93.19,76.88,53.91,37,100,0.02
209,3,2025-06-27T00:00:00Z,95.16,82.89,60.5,38,96,0.02
210,3,2025-06-28T00:00:00Z,84.75,77.13,66.9,32,100,0.02
211,3,2025-06-29T00:00:00Z,93.21,82.63,73.95,32,100,0.01
212,3,2025-06-30T00:00:00Z,100.0,77.52,55.07,38,100,0.01
213,3,2025-07-01T00:00:00Z,100.0,75.39,71.44,32,100,0.01
214,3,2025-07-02T00:00:00Z,75.67,100.0,55.65,32,100,0.01
215,3,2025-07-03T00:00:00Z,94.6,100.0,54.95,38,100,0.01
216,3,2025-07-04T00:00:00Z,96.7,93.01,55.57,34,96,0.01
217,3,2025-07-05T00:00:00Z,100.0,69.43,69.24,32,98,0.02
218,3,2025-07-06T00:00:00Z,93.08,84.7,62.15,32,100,0.01
219,3,2025-07-07T00:00:00Z,95.65,68.51,68.98,32,100,0.02
220,3,2025-07-08T00:00:00Z,91.66,97.15,53.18,38,98,0.01
221,3,2025-07-09T00:00:00Z,79.13,61.16,53.47,35,98,0.07
222,3,2025-07-10T00:00:00Z,100.0,100.0,53.96,41,100,0.01
223,3,2025-07-11T00:00:00Z,93.0,81.62,54.86,35,100,0.01
224,3,2025-07-12T00:00:00Z,88.09,100.0,58.71,32,100,0.01
225,3,2025-07-13T00:00:00Z,97.35,100.0,75.77,32,100,0.0
226,3,2025-07-14T00:00:00Z,96.04,100.0,63.94,40,100,0.01
227,3,2025-07-15T00:00:00Z,100.0,100.0,56.5,32,100,0.0
228,3,2025-07-16T00:00:00Z,88.7,76.51,69.29,35,92,0.03
229,3,2025-07-17T00:00:00Z,89.22,100.0,67.13,34,100,0.01
230,3,2025-07-18T00:00:00Z,83.74,70.33,68.0,32,100,0.03
231,3,2025-07-19T00:00:00Z,92.66,98.43,65.0,38,100,0.01
232,3,2025-07-20T00:00:00Z,91.85,77.02,53.16,35,96,0.02
233,3,2025-07-21T00:00:00Z,100.0,81.2,62.8,32,96,0.01
234,3,2025-07-22T00:00:00Z,100.0,93.85,63.15,32,100,0.01
235,3,2025-07-23T00:00:00Z,80.69,71.46,53.88,32,100,0.03
236,3,2025-07-24T00:00:00Z,90.77,86.27,60.65,34,98,0.01
237,3,2025-07-25T00:00:00Z,94.8,99.07,57.51,32,100,0.01
238,3,2025-07-26T00:00:00Z,94.9,73.06,57.91,35,98,0.02
239,3,2025-07-27T00:00:00Z,98.8,66.03,54.73,32,98,0.02
240,3,2025-07-28T00:00:00Z,95.17,61.21,64.85,35,100,0.03
241,3,2025-07-29T00:00:00Z,100.0,80.13,58.74,35,100,0.01
242,3,2025-07-30T00:00:00Z,86.55,0.0,34.57,100,44,81.34
243,3,2025-07-31T00:00:00Z,92.86,42.65,28.97,65,70,1.89
244,3,2025-08-01T00:00:00Z,89.7,50.28,35.35,95,40,31.09
245,3,2025-08-02T00:00:00Z,82.34,0.0,33.82,100,0,97.98
246,3,2025-08-03T00:00:00Z,81.44,0.0,35.14,100,6,97.41
247,3,2025-08-04T00:00:00Z,80.27,0.0,34.24,100,0,98.18
248,3,2025-08-05T00:00:00Z,80.91,0.0,34.03,100,0,98.12
249,3,2025-08-06T00:00:00Z,82.21,0.0,33.82,100,0,98.0
250,3,2025-08-07T00:00:00Z,80.44,0.0,34.37,100,0,98.16
251,3,2025-08-08T00:00:00Z,91.91,0.0,37.05,88,46,59.5
252,3,2025-08-09T00:00:00Z,97.84,68.0,31.33,40,86,0.05
253,3,2025-08-10T00:00:00Z,83.79,0.0,34.57,100,0,97.83
254,3,2025-08-11T00:00:00Z,100.0,91.31,64.76,32,100,0.01
255,3,2025-08-12T00:00:00Z,91.96,12.28,36.19,86,25,69.44
256,3,2025-08-13T00:00:00Z,81.57,0.0,35.35,100,0,98.06
257,3,2025-08-14T00:00:00Z,80.71,0.0,34.79,100,13,96.49
258,3,2025-08-15T00:00:00Z,88.59,0.0,34.81,79,25,74.28
259,3,2025-08-16T00:00:00Z,100.0,73.79,75.87,35,98,0.02
260,3,2025-08-17T00:00:00Z,86.16,100.0,55.92,32,98,0.01
261,3,2025-08-18T00:00:00Z,81.7,0.0,35.0,100,11,96.66
262,3,2025-08-19T00:00:00Z,81.1,0.0,34.17,100,23,94.24
263,3,2025-08-20T00:00:00Z,81.92,0.0,34.58,100,0,98.02
264,3,2025-08-21T00:00:00Z,81.48,0.0,34.58,100,22,94.41
265,3,2025-08-22T00:00:00Z,81.09,4.79,33.68,100,37,87.03
266,3,2025-08-23T00:00:00Z,100.0,73.72,55.82,38,100,0.02
267,3,2025-08-24T00:00:00Z,90.96,40.58,18.96,61,67,2.06
268,3,2025-08-25T00:00:00Z,79.96,0.0,26.11,100,14,96.45
269,3,2025-08-26T00:00:00Z,77.87,0.0,24.51,100,0,98.38
270,3,2025-08-27T00:00:00Z,78.74,0.0,25.07,100,25,94.34
271,4,2025-05-30T00:00:00Z,96.46,84.71,69.2,33,100,0.01
272,4,2025-05-31T00:00:00Z,88.74,82.23,64.93,30,96,0.02
273,4,2025-06-01T00:00:00Z,100.0,92.83,54.38,32,100,0.01
274,4,2025-06-02T00:00:00Z,100.0,91.64,53.59,30,100,0.01
275,4,2025-06-03T00:00:00Z,100.0,100.0,60.17,33,98,0.0
276,4,2025-06-04T00:00:00Z,84.03,100.0,60.32,39,100,0.01
277,4,2025-06-05T00:00:00Z,79.08,100.0,66.46,33,100,0.01
278,4,2025-06-06T00:00:00Z,100.0,83.49,72.57,32,100,0.01
279,4,2025-06-07T00:00:00Z,100.0,100.0,54.22,30,100,0.0
280,4,2025-06-08T00:00:00Z,95.58,69.53,62.48,33,100,0.02
281,4,2025-06-09T00:00:00Z,100.0,82.31,66.24,30,100,0.01
282,4,2025-06-10T00:00:00Z,94.2,100.0,72.62,30,100,0.0
283,4,2025-06-11T00:00:00Z,100.0,90.78,68.38,33,100,0.01
284,4,2025-06-12T00:00:00Z,94.46,94.61,55.09,30,100,0.01
285,4,2025-06-13T00:00:00Z,80.48,98.25,54.71,33,100,0.01
286,4,2025-06-14T00:00:00Z,95.4,100.0,63.97,30,100,0.0
287,4,2025-06-15T00:00:00Z,83.69,56.72,63.53,33,95,0.07
288,4,2025-06-16T00:00:00Z,88.55,73.0,67.53,30,100,0.02
289,4,2025-06-17T00:00:00Z,82.55,95.93,53.23,32,100,0.01
290,4,2025-06-18T00:00:00Z,95.31,86.09,74.51,30,100,0.01
291,4,2025-06-19T00:00:00Z,94.3,100.0,61.95,30,100,0.0
292,4,2025-06-20T00:00:00Z,100.0,94.25,61.63,30,100,0.0
293,4,2025-06-21T00:00:00Z,99.6,100.0,62.43,30,100,0.0
294,4,2025-06-22T00:00:00Z,92.15,86.5,62.31,33,100,0.01
295,4,2025-06-23T00:00:00Z,91.27,81.46,57.47,33,100,0.01
296,4,2025-06-24T00:00:00Z,84.8,89.42,71.49,30,100,0.01
297,4,2025-06-25T00:00:00Z,76.33,97.75,69.51,30,100,0.01
298,4,2025-06-26T00:00:00Z,87.21,86.72,61.05,30,98,0.01
299,4,2025-06-27T00:00:00Z,100.0,79.36,74.15,30,98,0.01
300,4,2025-06-28T00:00:00Z,90.66,82.39,70.27,30,100,0.01
301,4,2025-06-29T00:00:00Z,86.96,92.29,54.68,33,95,0.01
302,4,2025-06-30T00:00:00Z,89.64,97.68,75.66,33,100,0.01
303,4,2025-07-01T00:00:00Z,92.81,84.19,63.2,33,100,0.01
304,4,2025-07-02T00:00:00Z,95.38,100.0,69.66,33,100,0.01
305,4,2025-07-03T00:00:00Z,95.13,81.37,53.66,30,100,0.01
306,4,2025-07-04T00:00:00Z,84.51,81.17,53.96,30,100,0.02
307,4,2025-07-05T00:00:00Z,79.05,91.93,55.64,30,100,0.01
308,4,2025-07-06T00:00:00Z,100.0,83.56,72.21,30,98,0.01
309,4,2025-07-07T00:00:00Z,92.26,100.0,60.66,30,100,0.01
310,4,2025-07-08T00:00:00Z,77.02,91.91,54.07,30,100,0.02
311,4,2025-07-09T00:00:00Z,100.0,100.0,69.88,33,100,0.0
312,4,2025-07-10T00:00:00Z,79.05,84.14,69.63,30,100,0.02
313,4,2025-07-11T00:00:00Z,100.0,86.9,62.06,33,100,0.01
314,4,2025-07-12T00:00:00Z,100.0,66.07,67.38,30,100,0.01
315,4,2025-07-13T00:00:00Z,96.8,80.8,62.71,30,100,0.01
316,4,2025-07-14T00:00:00Z,100.0,75.05,75.67,30,100,0.01
317,4,2025-07-15T00:00:00Z,100.0,100.0,75.24,30,100,0.0
318,4,2025-07-16T00:00:00Z,100.0,99.49,70.34,30,100,0.0
319,4,2025-07-17T00:00:00Z,100.0,83.38,72.23,36,98,0.01
320,4,2025-07-18T00:00:00Z,86.01,100.0,57.84,30,100,0.01
321,4,2025-07-19T00:00:00Z,97.61,89.24,69.69,30,98,0.01
322,4,2025-07-20T00:00:00Z,72.37,74.17,54.9,30,100,0.04
323,4,2025-07-21T00:00:00Z,99.16,77.04,67.12,30,100,0.01
324,4,2025-07-22T00:00:00Z,74.82,83.18,55.45,30,100,0.03
325,4,2025-07-23T00:00:00Z,90.23,62.32,71.88,30,100,0.03
326,4,2025-07-24T00:00:00Z,91.27,79.34,70.94,33,98,0.02
327,4,2025-07-25T00:00:00Z,95.5,74.79,73.3,30,100,0.01
328,4,2025-07-26T00:00:00Z,100.0,100.0,55.89,33,98,0.0
329,4,2025-07-27T00:00:00Z,99.25,100.0,53.7,33,98,0.01
330,4,2025-07-28T00:00:00Z,92.79,71.22,64.08,30,100,0.02
331,4,2025-07-29T00:00:00Z,92.27,82.87,37.58,68,72,0.43
332,4,2025-07-30T00:00:00Z,94.67,42.15,38.79,36,81,0.18
333,4,2025-07-31T00:00:00Z,79.75,0.0,34.1,90,1,96.65
334,4,2025-08-01T00:00:00Z,80.64,0.0,35.35,100,32,91.44
335,4,2025-08-02T00:00:00Z,79.75,0.0,34.24,100,14,96.49
336,4,2025-08-03T00:00:00Z,87.42,44.64,33.12,74,47,11.24
337,4,2025-08-04T00:00:00Z,90.68,75.0,30.0,41,94,0.04
338,4,2025-08-05T00:00:00Z,83.44,0.0,35.78,90,36,80.66
339,4,2025-08-06T00:00:00Z,96.83,100.0,67.53,30,100,0.0
340,4,2025-08-07T00:00:00Z,98.34,77.33,31.11,36,79,0.04
341,4,2025-08-08T00:00:00Z,80.97,27.68,34.17,100,17,88.02
342,4,2025-08-09T00:00:00Z,80.91,0.0,33.61,100,17,95.71
343,4,2025-08-10T00:00:00Z,83.79,0.0,35.62,100,0,97.83
344,4,2025-08-11T00:00:00Z,80.52,0.0,34.31,100,0,98.15
345,4,2025-08-12T00:00:00Z,81.4,0.0,33.68,100,0,98.07
346,4,2025-08-13T00:00:00Z,81.24,0.0,34.72,100,1,97.99
347,4,2025-08-14T00:00:00Z,79.71,0.0,32.08,100,3,97.95
348,4,2025-08-15T00:00:00Z,82.71,0.0,35.07,97,1,97.43
349,4,2025-08-16T00:00:00Z,82.83,0.0,34.86,92,11,94.42
350,4,2025-08-17T00:00:00Z,79.4,0.0,35.14,100,26,93.88
351,4,2025-08-18T00:00:00Z,83.5,0.0,34.21,83,4,93.12
352,4,2025-08-19T00:00:00Z,89.69,51.25,39.3,48,84,0.29
353,4,2025-08-20T00:00:00Z,80.29,0.0,34.17,92,0,97.08
354,4,2025-08-21T00:00:00Z,82.85,17.15,35.0,94,0,94.33
355,4,2025-08-22T00:00:00Z,80.76,0.0,34.93,99,1,97.92
356,4,2025-08-23T00:00:00Z,80.74,0.0,34.65,99,0,98.02
357,4,2025-08-24T00:00:00Z,79.99,0.0,34.79,100,0,98.2
358,4,2025-08-25T00:00:00Z,80.44,0.0,34.44,89,41,78.04
359,4,2025-08-26T00:00:00Z,83.3,0.0,34.86,100,26,92.66
360,4,2025-08-27T00:00:00Z,88.41,0.0,32.81,82,48,52.48
361,5,2025-05-30T00:00:00Z,79.57,80.94,55.02,30,100,0.02
362,5,2025-05-31T00:00:00Z,93.95,75.43,55.8,33,100,0.02
363,5,2025-06-01T00:00:00Z,100.0,93.95,76.73,30,100,0.0
364,5,2025-06-02T00:00:00Z,79.27,97.15,54.83,33,100,0.01
365,5,2025-06-03T00:00:00Z,100.0,77.48,59.56,33,95,0.01
366,5,2025-06-04T00:00:00Z,100.0,100.0,74.0,30,100,0.0
367,5,2025-06-05T00:00:00Z,86.31,100.0,68.6,30,100,0.01
368,5,2025-06-06T00:00:00Z,73.0,100.0,69.53,30,100,0.01
369,5,2025-06-07T00:00:00Z,83.67,82.26,58.34,30,98,0.02
370,5,2025-06-08T00:00:00Z,87.6,100.0,60.63,30,100,0.01
371,5,2025-06-09T00:00:00Z,100.0,98.75,58.3,30,100,0.0
372,5,2025-06-10T00:00:00Z,91.99,95.32,60.25,30,100,0.01
373,5,2025-06-11T00:00:00Z,89.3,100.0,65.62,30,100,0.01
374,5,2025-06-12T00:00:00Z,87.5,98.22,60.21,30,100,0.01
375,5,2025-06-13T00:00:00Z,92.51,91.98,61.5,30,96,0.01
376,5,2025-06-14T00:00:00Z,95.11,83.68,75.62,30,100,0.01
377,5,2025-06-15T00:00:00Z,93.52,98.29,57.02,30,100,0.01
378,5,2025-06-16T00:00:00Z,85.28,100.0,60.53,33,91,0.01
379,5,2025-06-17T00:00:00Z,92.34,96.93,64.35,30,95,0.01
380,5,2025-06-18T00:00:00Z,96.71,77.77,76.74,30,100,0.01
381,5,2025-06-19T00:00:00Z,85.3,81.26,60.81,30,100,0.02
382,5,2025-06-20T00:00:00Z,95.84,78.2,64.19,33,100,0.01
383,5,2025-06-21T00:00:00Z,100.0,100.0,74.06,30,100,0.0
384,5,2025-06-22T00:00:00Z,91.28,100.0,62.6,30,100,0.01
385,5,2025-06-23T00:00:00Z,81.39,66.74,55.17,30,98,0.04
386,5,2025-06-24T00:00:00Z,88.98,97.12,61.26,33,100,0.01
387,5,2025-06-25T00:00:00Z,78.71,71.17,55.21,30,100,0.03
388,5,2025-06-26T00:00:00Z,100.0,81.36,62.94,36,98,0.01
389,5,2025-06-27T00:00:00Z,100.0,63.88,59.02,30,98,0.02
390,5,2025-06-28T00:00:00Z,100.0,80.82,61.38,30,96,0.01
391,5,2025-06-29T00:00:00Z,98.14,93.12,71.61,30,100,0.01
392,5,2025-06-30T00:00:00Z,85.48,100.0,66.17,30,100,0.01
393,5,2025-07-01T00:00:00Z,81.45,96.3,52.86,30,100,0.01
394,5,2025-07-02T00:00:00Z,100.0,85.56,75.28,33,98,0.01
395,5,2025-07-03T00:00:00Z,81.46,86.77,72.95,30,100,0.02
396,5,2025-07-04T00:00:00Z,85.65,69.4,61.9,32,98,0.03
397,5,2025-07-05T00:00:00Z,100.0,84.18,71.59,32,100,0.01
398,5,2025-07-06T00:00:00Z,90.82,93.31,72.0,30,100,0.01
399,5,2025-07-07T00:00:00Z,87.79,91.02,73.9,30,100,0.01
400,5,2025-07-08T00:00:00Z,88.5,94.24,71.4,30,100,0.01
401,5,2025-07-09T00:00:00Z,92.09,100.0,56.09,36,100,0.01
402,5,2025-07-10T00:00:00Z,100.0,100.0,70.25,30,98,0.0
403,5,2025-07-11T00:00:00Z,87.75,100.0,53.62,30,96,0.01
404,5,2025-07-12T00:00:00Z,100.0,85.27,69.13,32,100,0.01
405,5,2025-07-13T00:00:00Z,87.83,97.94,63.8,30,100,0.01
406,5,2025-07-14T00:00:00Z,91.32,90.61,53.28,36,100,0.01
407,5,2025-07-15T00:00:00Z,85.49,95.53,75.58,30,98,0.01
408,5,2025-07-16T00:00:00Z,98.53,95.56,64.26,32,100,0.01
409,5,2025-07-17T00:00:00Z,91.86,100.0,65.75,30,100,0.01
410,5,2025-07-18T00:00:00Z,95.39,99.19,71.78,33,100,0.01
411,5,2025-07-19T00:00:00Z,100.0,99.93,58.8,30,100,0.0
412,5,2025-07-20T00:00:00Z,91.94,81.93,69.89,30,100,0.01
413,5,2025-07-21T00:00:00Z,100.0,100.0,54.13,30,100,0.0
414,5,2025-07-22T00:00:00Z,100.0,100.0,57.23,30,100,0.0
415,5,2025-07-23T00:00:00Z,100.0,100.0,57.71,30,100,0.0
416,5,2025-07-24T00:00:00Z,99.71,81.56,68.14,30,98,0.01
417,5,2025-07-25T00:00:00Z,83.68,90.87,66.36,30,100,0.01
418,5,2025-07-26T00:00:00Z,85.04,100.0,57.91,32,100,0.01
419,5,2025-07-27T00:00:00Z,81.92,87.4,57.02,30,100,0.02
420,5,2025-07-28T00:00:00Z,100.0,79.96,72.0,30,100,0.01
421,5,2025-07-29T00:00:00Z,87.68,0.0,31.14,61,60,15.13
422,5,2025-07-30T00:00:00Z,92.25,42.22,12.5,49,72,0.7
423,5,2025-07-31T00:00:00Z,97.83,84.68,40.78,41,70,0.07
424,5,2025-08-01T00:00:00Z,81.97,0.0,35.28,100,0,98.02
425,5,2025-08-02T00:00:00Z,82.28,0.0,36.32,89,0,96.18
426,5,2025-08-03T00:00:00Z,81.46,0.0,34.17,79,0,93.51
427,5,2025-08-04T00:00:00Z,84.55,0.0,33.67,69,13,77.95
428,5,2025-08-05T00:00:00Z,100.0,95.21,61.0,30,100,0.0
429,5,2025-08-06T00:00:00Z,88.29,10.05,35.51,52,55,7.97
430,5,2025-08-07T00:00:00Z,80.52,0.0,34.1,73,0,91.33
431,5,2025-08-08T00:00:00Z,81.58,0.0,34.72,79,27,78.76
432,5,2025-08-09T00:00:00Z,93.24,44.92,35.76,41,27,3.39
433,5,2025-08-10T00:00:00Z,84.04,87.81,60.6,30,100,0.01
434,5,2025-08-11T00:00:00Z,82.59,30.55,36.23,97,32,70.45
435,5,2025-08-12T00:00:00Z,81.1,0.0,35.28,87,18,90.59
436,5,2025-08-13T00:00:00Z,81.89,32.48,35.28,100,37,68.05
437,5,2025-08-14T00:00:00Z,81.59,16.39,35.83,75,8,79.66
438,5,2025-08-15T00:00:00Z,82.16,0.0,34.58,83,36,74.5
439,5,2025-08-16T00:00:00Z,81.84,0.0,36.04,88,26,86.85
440,5,2025-08-17T00:00:00Z,80.24,5.62,34.24,74,43,51.34
441,5,2025-08-18T00:00:00Z,100.0,96.59,28.48,33,95,0.01
442,5,2025-08-19T00:00:00Z,81.04,0.0,34.93,100,39,88.06
443,5,2025-08-20T00:00:00Z,84.33,52.71,35.51,71,14,31.76
444,5,2025-08-21T00:00:00Z,95.02,91.83,59.29,30,100,0.01
445,5,2025-08-22T00:00:00Z,96.45,63.16,38.46,39,87,0.06
446,5,2025-08-23T00:00:00Z,81.42,4.78,34.17,88,12,91.82
447,5,2025-08-24T00:00:00Z,81.24,0.0,34.31,77,0,92.81
448,5,2025-08-25T00:00:00Z,81.43,4.5,34.86,66,14,73.27
449,5,2025-08-26T00:00:00Z,81.88,0.0,33.82,86,7,93.8
450,5,2025-08-27T00:00:00Z,80.69,0.0,34.17,84,8,93.12
451,6,2025-05-30T00:00:00Z,88.65,100.0,71.11,30,100,0.01
452,6,2025-05-31T00:00:00Z,82.24,100.0,53.3,30,100,0.01
453,6,2025-06-01T00:00:00Z,95.28,86.2,62.49,32,100,0.01
454,6,2025-06-02T00:00:00Z,84.56,99.32,66.56,30,100,0.01
455,6,2025-06-03T00:00:00Z,78.38,100.0,55.17,33,95,0.02
456,6,2025-06-04T00:00:00Z,93.66,99.77,65.49,30,100,0.01
457,6,2025-06-05T00:00:00Z,99.77,100.0,60.68,30,96,0.0
458,6,2025-06-06T00:00:00Z,100.0,76.36,54.59,32,98,0.01
459,6,2025-06-07T00:00:00Z,87.94,100.0,65.97,30,100,0.01
460,6,2025-06-08T00:00:00Z,90.84,100.0,67.37,33,95,0.01
461,6,2025-06-09T00:00:00Z,94.43,100.0,76.81,30,100,0.0
462,6,2025-06-10T00:00:00Z,100.0,100.0,73.74,30,100,0.0
463,6,2025-06-11T00:00:00Z,92.06,100.0,60.13,30,100,0.01
464,6,2025-06-12T00:00:00Z,100.0,100.0,63.85,30,95,0.0
465,6,2025-06-13T00:00:00Z,100.0,99.83,62.31,30,100,0.0
466,6,2025-06-14T00:00:00Z,89.0,78.95,58.92,30,100,0.01
467,6,2025-06-15T00:00:00Z,100.0,99.2,64.54,30,100,0.0
468,6,2025-06-16T00:00:00Z,100.0,67.92,75.78,33,100,0.02
469,6,2025-06-17T00:00:00Z,100.0,82.96,75.68,30,100,0.01
470,6,2025-06-18T00:00:00Z,83.46,100.0,71.28,33,100,0.01
471,6,2025-06-19T00:00:00Z,92.33,99.72,60.3,30,100,0.01
472,6,2025-06-20T00:00:00Z,89.63,85.25,56.41,30,100,0.01
473,6,2025-06-21T00:00:00Z,100.0,91.6,67.83,33,100,0.01
474,6,2025-06-22T00:00:00Z,100.0,82.0,59.06,33,87,0.02
475,6,2025-06-23T00:00:00Z,95.01,81.5,55.33,30,100,0.01
476,6,2025-06-24T00:00:00Z,77.42,92.37,55.43,30,100,0.02
477,6,2025-06-25T00:00:00Z,100.0,100.0,75.17,30,100,0.0
478,6,2025-06-26T00:00:00Z,100.0,89.96,71.65,30,100,0.01
479,6,2025-06-27T00:00:00Z,98.89,100.0,75.54,30,100,0.0
480,6,2025-06-28T00:00:00Z,85.01,96.2,55.53,30,100,0.01
481,6,2025-06-29T00:00:00Z,87.12,92.58,53.55,30,98,0.01
482,6,2025-06-30T00:00:00Z,83.99,89.86,69.38,33,100,0.01
483,6,2025-07-01T00:00:00Z,99.02,96.96,52.83,30,100,0.0
484,6,2025-07-02T00:00:00Z,100.0,98.42,64.55,33,100,0.0
485,6,2025-07-03T00:00:00Z,97.96,100.0,55.49,30,100,0.0
486,6,2025-07-04T00:00:00Z,93.41,99.53,74.39,30,98,0.01
487,6,2025-07-05T00:00:00Z,100.0,100.0,55.59,30,100,0.0
488,6,2025-07-06T00:00:00Z,100.0,91.93,66.64,30,100,0.01
489,6,2025-07-07T00:00:00Z,100.0,100.0,71.26,30,100,0.0
490,6,2025-07-08T00:00:00Z,92.12,100.0,52.96,30,100,0.01
491,6,2025-07-09T00:00:00Z,98.61,100.0,56.56,30,100,0.0
492,6,2025-07-10T00:00:00Z,100.0,100.0,52.77,30,100,0.0
493,6,2025-07-11T00:00:00Z,97.84,99.32,60.44,30,100,0.0
494,6,2025-07-12T00:00:00Z,96.98,91.83,75.54,30,95,0.01
495,6,2025-07-13T00:00:00Z,85.08,90.95,68.68,30,100,0.01
496,6,2025-07-14T00:00:00Z,93.11,100.0,53.11,30,100,0.01
497,6,2025-07-15T00:00:00Z,91.76,95.11,66.22,30,100,0.01
498,6,2025-07-16T00:00:00Z,84.58,100.0,52.97,33,100,0.01
499,6,2025-07-17T00:00:00Z,100.0,89.85,57.34,30,100,0.01
500,6,2025-07-18T00:00:00Z,87.98,85.62,59.31,30,100,0.01
501,6,2025-07-19T00:00:00Z,95.29,89.62,75.52,30,100,0.01
502,6,2025-07-20T00:00:00Z,100.0,100.0,65.78,30,100,0.0
503,6,2025-07-21T00:00:00Z,87.47,78.33,66.25,30,100,0.02
504,6,2025-07-22T00:00:00Z,83.29,100.0,62.96,33,100,0.01
505,6,2025-07-23T00:00:00Z,100.0,100.0,53.25,30,100,0.0
506,6,2025-07-24T00:00:00Z,80.65,100.0,57.1,33,93,0.02
507,6,2025-07-25T00:00:00Z,91.56,91.12,61.5,30,100,0.01
508,6,2025-07-26T00:00:00Z,95.84,96.72,67.03,30,100,0.01
509,6,2025-07-27T00:00:00Z,100.0,92.24,54.14,30,100,0.01
510,6,2025-07-28T00:00:00Z,99.48,98.11,53.17,30,95,0.01
511,6,2025-07-29T00:00:00Z,89.76,62.36,30.18,45,81,0.18
512,6,2025-07-30T00:00:00Z,76.86,0.0,25.07,72,68,28.43
513,6,2025-07-31T00:00:00Z,92.91,20.21,19.84,38,59,1.59
514,6,2025-08-01T00:00:00Z,87.67,100.0,72.76,30,100,0.01
515,6,2025-08-02T00:00:00Z,84.07,65.37,28.02,53,56,1.17
516,6,2025-08-03T00:00:00Z,76.45,34.84,21.39,82,59,22.34
517,6,2025-08-04T00:00:00Z,79.5,33.44,26.04,74,62,12.21
518,6,2025-08-05T00:00:00Z,78.74,1.36,26.87,58,53,23.84
519,6,2025-08-06T00:00:00Z,79.49,40.58,25.69,61,60,5.03
520,6,2025-08-07T00:00:00Z,77.89,36.34,25.49,71,61,10.54
521,6,2025-08-08T00:00:00Z,91.85,78.07,12.5,44,78,0.09
522,6,2025-08-09T00:00:00Z,83.49,42.06,24.95,52,53,3.27
523,6,2025-08-10T00:00:00Z,79.71,58.35,21.67,66,50,5.42
524,6,2025-08-11T00:00:00Z,77.53,0.0,26.74,78,44,64.65
525,6,2025-08-12T00:00:00Z,79.5,60.42,25.83,53,49,2.5
526,6,2025-08-13T00:00:00Z,95.8,77.7,12.05,39,89,0.03
527,6,2025-08-14T00:00:00Z,91.78,90.88,12.16,50,86,0.05
528,6,2025-08-15T00:00:00Z,82.24,47.89,27.85,64,47,7.33
529,6,2025-08-16T00:00:00Z,89.65,46.99,24.78,40,72,0.38
530,6,2025-08-17T00:00:00Z,92.72,30.16,17.83,44,76,0.67
531,6,2025-08-18T00:00:00Z,86.59,30.56,30.57,56,39,10.51
532,6,2025-08-19T00:00:00Z,77.33,40.36,25.28,62,49,9.88
533,6,2025-08-20T00:00:00Z,78.24,14.75,25.62,63,12,66.33
534,6,2025-08-21T00:00:00Z,80.04,8.22,26.04,81,28,75.57
535,6,2025-08-22T00:00:00Z,79.64,7.16,25.35,85,16,88.41
536,6,2025-08-23T00:00:00Z,79.43,31.85,21.53,75,44,27.98
537,6,2025-08-24T00:00:00Z,77.23,49.26,20.83,70,32,22.59
538,6,2025-08-25T00:00:00Z,78.36,13.95,25.21,67,4,79.32
539,6,2025-08-26T00:00:00Z,90.38,59.04,12.56,43,76,0.22
540,6,2025-08-27T00:00:00Z,91.78,84.58,12.22,30,95,0.01
541,7,2025-05-30T00:00:00Z,93.7,100.0,65.56,30,100,0.01
542,7,2025-05-31T00:00:00Z,100.0,89.22,62.76,30,98,0.01
543,7,2025-06-01T00:00:00Z,100.0,98.03,54.37,30,100,0.0
544,7,2025-06-02T00:00:00Z,79.67,85.62,58.84,30,100,0.02
545,7,2025-06-03T00:00:00Z,80.61,98.09,63.05,30,100,0.01
546,7,2025-06-04T00:00:00Z,80.02,90.94,56.56,30,100,0.01
547,7,2025-06-05T00:00:00Z,95.63,100.0,66.29,30,100,0.0
548,7,2025-06-06T00:00:00Z,97.93,100.0,54.52,30,100,0.0
549,7,2025-06-07T00:00:00Z,86.05,100.0,70.98,30,96,0.01
550,7,2025-06-08T00:00:00Z,100.0,86.85,62.27,35,100,0.01
551,7,2025-06-09T00:00:00Z,86.01,98.43,70.25,30,100,0.01
552,7,2025-06-10T00:00:00Z,92.21,87.3,56.2,30,100,0.01
553,7,2025-06-11T00:00:00Z,91.22,77.18,53.76,33,96,0.02
554,7,2025-06-12T00:00:00Z,100.0,100.0,76.12,30,95,0.0
555,7,2025-06-13T00:00:00Z,100.0,98.98,58.82,33,100,0.0
556,7,2025-06-14T00:00:00Z,100.0,87.64,53.49,33,95,0.01
557,7,2025-06-15T00:00:00Z,99.56,88.16,56.07,30,100,0.01
558,7,2025-06-16T00:00:00Z,100.0,83.13,57.19,36,100,0.01
559,7,2025-06-17T00:00:00Z,87.4,86.12,65.87,30,100,0.01
560,7,2025-06-18T00:00:00Z,99.05,100.0,67.45,36,100,0.01
561,7,2025-06-19T00:00:00Z,100.0,78.65,53.41,33,100,0.01
562,7,2025-06-20T00:00:00Z,94.19,100.0,55.1,33,100,0.01
563,7,2025-06-21T00:00:00Z,100.0,83.21,58.38,30,100,0.01
564,7,2025-06-22T00:00:00Z,97.45,96.07,68.91,30,100,0.0
565,7,2025-06-23T00:00:00Z,94.62,70.52,54.64,30,96,0.02
566,7,2025-06-24T00:00:00Z,88.77,100.0,63.84,30,100,0.01
567,7,2025-06-25T00:00:00Z,74.02,83.26,61.61,35,100,0.04
568,7,2025-06-26T00:00:00Z,98.07,100.0,54.52,30,98,0.0
569,7,2025-06-27T00:00:00Z,91.61,56.01,70.96,33,100,0.04
570,7,2025-06-28T00:00:00Z,82.93,90.25,54.64,32,100,0.01
571,7,2025-06-29T00:00:00Z,83.23,97.39,72.13,30,100,0.01
572,7,2025-06-30T00:00:00Z,100.0,78.4,76.31,30,100,0.01
573,7,2025-07-01T00:00:00Z,92.07,100.0,61.03,30,100,0.01
574,7,2025-07-02T00:00:00Z,87.29,100.0,63.03,30,98,0.01
575,7,2025-07-03T00:00:00Z,100.0,99.86,55.03,30,100,0.0
576,7,2025-07-04T00:00:00Z,68.92,86.13,53.82,30,98,0.03
577,7,2025-07-05T00:00:00Z,99.34,93.29,72.28,30,100,0.01
578,7,2025-07-06T00:00:00Z,100.0,81.1,65.17,30,100,0.01
579,7,2025-07-07T00:00:00Z,94.86,100.0,60.38,30,100,0.0
580,7,2025-07-08T00:00:00Z,96.38,100.0,71.2,33,100,0.01
581,7,2025-07-09T00:00:00Z,92.92,92.98,66.14,30,93,0.01
582,7,2025-07-10T00:00:00Z,100.0,100.0,60.14,30,100,0.0
583,7,2025-07-11T00:00:00Z,100.0,100.0,56.09,33,100,0.0
584,7,2025-07-12T00:00:00Z,73.12,87.92,68.12,30,98,0.03
585,7,2025-07-13T00:00:00Z,100.0,77.37,66.95,30,100,0.01
586,7,2025-07-14T00:00:00Z,94.92,92.91,65.63,33,100,0.01
587,7,2025-07-15T00:00:00Z,100.0,98.08,66.56,30,98,0.0
588,7,2025-07-16T00:00:00Z,84.37,85.57,53.32,30,96,0.02
589,7,2025-07-17T00:00:00Z,91.74,73.61,60.72,32,100,0.02
590,7,2025-07-18T00:00:00Z,91.38,93.81,55.57,30,100,0.01
591,7,2025-07-19T00:00:00Z,94.8,100.0,72.89,30,100,0.0
592,7,2025-07-20T00:00:00Z,97.44,100.0,52.82,30,98,0.0
593,7,2025-07-21T00:00:00Z,91.49,97.07,74.72,30,100,0.01
594,7,2025-07-22T00:00:00Z,93.31,100.0,60.8,33,100,0.01
595,7,2025-07-23T00:00:00Z,99.23,93.39,62.87,30,98,0.01
596,7,2025-07-24T00:00:00Z,100.0,99.43,69.31,30,98,0.0
597,7,2025-07-25T00:00:00Z,91.37,85.17,66.44,33,95,0.02
598,7,2025-07-26T00:00:00Z,100.0,90.01,66.35,30,100,0.01
599,7,2025-07-27T00:00:00Z,91.44,69.74,55.34,33,100,0.02
600,7,2025-07-28T00:00:00Z,100.0,100.0,64.81,30,100,0.0
601,7,2025-07-29T00:00:00Z,84.86,35.24,30.57,60,15,30.95
602,7,2025-07-30T00:00:00Z,78.26,0.0,25.49,100,9,97.43
603,7,2025-07-31T00:00:00Z,78.82,0.0,26.25,94,21,93.4
604,7,2025-08-01T00:00:00Z,78.42,3.79,24.72,88,32,83.31
605,7,2025-08-02T00:00:00Z,77.88,0.0,22.15,92,31,88.85
606,7,2025-08-03T00:00:00Z,77.13,0.0,21.11,100,39,89.97
607,7,2025-08-04T00:00:00Z,77.84,0.0,25.62,100,0,98.38
608,7,2025-08-05T00:00:00Z,78.77,0.0,26.6,96,16,95.35
609,7,2025-08-06T00:00:00Z,77.56,0.0,25.76,89,40,81.18
610,7,2025-08-07T00:00:00Z,95.46,69.87,12.42,45,90,0.06
611,7,2025-08-08T00:00:00Z,91.71,66.55,35.71,54,42,1.62
612,7,2025-08-09T00:00:00Z,81.14,0.0,34.93,87,34,81.2
613,7,2025-08-10T00:00:00Z,80.88,35.11,34.72,89,45,41.14
614,7,2025-08-11T00:00:00Z,80.35,0.0,34.1,71,20,77.6
615,7,2025-08-12T00:00:00Z,89.36,16.05,34.32,71,72,7.94
616,7,2025-08-13T00:00:00Z,96.21,37.79,35.5,65,72,1.76
617,7,2025-08-14T00:00:00Z,80.64,0.0,35.0,100,38,88.77
618,7,2025-08-15T00:00:00Z,81.63,19.08,34.1,70,25,52.62
619,7,2025-08-16T00:00:00Z,80.28,0.0,34.65,84,23,86.72
620,7,2025-08-17T00:00:00Z,79.73,0.0,33.47,76,0,92.91
621,7,2025-08-18T00:00:00Z,81.27,0.0,34.86,100,0,98.09
622,7,2025-08-19T00:00:00Z,81.31,0.0,35.35,100,17,95.62
623,7,2025-08-20T00:00:00Z,82.71,0.0,34.58,80,28,77.98
624,7,2025-08-21T00:00:00Z,89.43,10.11,33.33,62,29,35.3
625,7,2025-08-22T00:00:00Z,87.37,100.0,64.1,30,95,0.01
626,7,2025-08-23T00:00:00Z,88.75,0.0,36.4,78,28,69.9
627,7,2025-08-24T00:00:00Z,79.3,0.0,34.58,100,20,95.41
628,7,2025-08-25T00:00:00Z,80.6,0.0,34.65,100,0,98.15
629,7,2025-08-26T00:00:00Z,81.53,0.0,35.0,100,0,98.06
630,7,2025-08-27T00:00:00Z,80.93,0.0,34.17,100,17,95.7
631,8,2025-05-30T00:00:00Z,100.0,80.6,59.82,41,100,0.02
632,8,2025-05-31T00:00:00Z,100.0,62.91,76.18,36,100,0.02
633,8,2025-06-01T00:00:00Z,84.85,100.0,55.95,36,98,0.01
634,8,2025-06-02T00:00:00Z,86.02,95.53,72.14,39,100,0.02
635,8,2025-06-03T00:00:00Z,75.1,100.0,54.39,39,96,0.03
636,8,2025-06-04T00:00:00Z,93.92,69.01,66.94,36,98,0.03
637,8,2025-06-05T00:00:00Z,100.0,89.69,62.33,39,100,0.01
638,8,2025-06-06T00:00:00Z,100.0,83.42,55.07,36,98,0.01
639,8,2025-06-07T00:00:00Z,100.0,98.38,66.9,39,96,0.01
640,8,2025-06-08T00:00:00Z,100.0,72.87,62.41,36,100,0.02
641,8,2025-06-09T00:00:00Z,90.75,92.64,65.3,36,98,0.01
642,8,2025-06-10T00:00:00Z,100.0,96.16,56.08,36,100,0.01
643,8,2025-06-11T00:00:00Z,100.0,86.62,63.93,36,100,0.01
644,8,2025-06-12T00:00:00Z,96.6,71.15,74.37,36,98,0.02
645,8,2025-06-13T00:00:00Z,100.0,79.06,54.58,39,100,0.01
646,8,2025-06-14T00:00:00Z,87.13,100.0,64.75,39,98,0.01
647,8,2025-06-15T00:00:00Z,100.0,70.18,60.53,48,100,0.04
648,8,2025-06-16T00:00:00Z,100.0,91.14,72.55,36,100,0.01
649,8,2025-06-17T00:00:00Z,79.22,90.89,58.01,42,100,0.03
650,8,2025-06-18T00:00:00Z,87.84,93.4,58.42,39,95,0.02
651,8,2025-06-19T00:00:00Z,98.31,85.01,56.44,42,100,0.02
652,8,2025-06-20T00:00:00Z,94.74,98.73,67.24,39,98,0.01
653,8,2025-06-21T00:00:00Z,100.0,91.85,62.74,44,100,0.01
654,8,2025-06-22T00:00:00Z,89.78,88.91,58.08,42,100,0.02
655,8,2025-06-23T00:00:00Z,92.45,90.05,52.85,51,98,0.03
656,8,2025-06-24T00:00:00Z,82.12,92.64,62.46,39,100,0.02
657,8,2025-06-25T00:00:00Z,94.46,85.78,61.47,39,98,0.02
658,8,2025-06-26T00:00:00Z,100.0,100.0,60.23,36,98,0.01
659,8,2025-06-27T00:00:00Z,83.41,100.0,54.29,36,100,0.01
660,8,2025-06-28T00:00:00Z,100.0,70.99,54.17,39,100,0.02
661,8,2025-06-29T00:00:00Z,100.0,100.0,64.92,39,100,0.01
662,8,2025-06-30T00:00:00Z,98.53,100.0,67.94,36,100,0.01
663,8,2025-07-01T00:00:00Z,100.0,61.16,54.57,36,100,0.03
664,8,2025-07-02T00:00:00Z,84.14,100.0,60.88,36,96,0.01
665,8,2025-07-03T00:00:00Z,100.0,76.72,55.72,39,100,0.02
666,8,2025-07-04T00:00:00Z,100.0,72.34,76.88,36,100,0.02
667,8,2025-07-05T00:00:00Z,90.52,70.38,52.94,36,100,0.03
668,8,2025-07-06T00:00:00Z,98.49,92.21,74.83,39,95,0.01
669,8,2025-07-07T00:00:00Z,88.45,99.37,72.68,42,100,0.01
670,8,2025-07-08T00:00:00Z,100.0,98.0,67.78,42,98,0.01
671,8,2025-07-09T00:00:00Z,94.63,81.51,61.92,36,100,0.01
672,8,2025-07-10T00:00:00Z,87.26,65.02,55.74,38,100,0.05
673,8,2025-07-11T00:00:00Z,100.0,91.75,76.62,38,100,0.01
674,8,2025-07-12T00:00:00Z,69.98,100.0,53.32,44,98,0.04
675,8,2025-07-13T00:00:00Z,100.0,68.18,59.31,39,95,0.03
676,8,2025-07-14T00:00:00Z,85.94,78.64,55.32,36,96,0.03
677,8,2025-07-15T00:00:00Z,78.3,60.04,71.3,42,100,0.11
678,8,2025-07-16T00:00:00Z,85.81,68.9,58.16,36,100,0.04
679,8,2025-07-17T00:00:00Z,100.0,100.0,54.04,36,100,0.01
680,8,2025-07-18T00:00:00Z,95.04,80.74,67.73,39,96,0.02
681,8,2025-07-19T00:00:00Z,95.55,95.06,64.86,45,100,0.01
682,8,2025-07-20T00:00:00Z,89.09,75.58,54.48,39,98,0.03
683,8,2025-07-21T00:00:00Z,99.57,95.73,73.96,36,100,0.01
684,8,2025-07-22T00:00:00Z,95.36,100.0,70.35,39,98,0.01
685,8,2025-07-23T00:00:00Z,82.07,100.0,55.88,39,100,0.02
686,8,2025-07-24T00:00:00Z,100.0,64.83,67.33,39,100,0.03
687,8,2025-07-25T00:00:00Z,100.0,94.95,68.17,39,96,0.01
688,8,2025-07-26T00:00:00Z,90.02,100.0,71.27,36,98,0.01
689,8,2025-07-27T00:00:00Z,82.39,71.02,75.28,42,98,0.06
690,8,2025-07-28T00:00:00Z,88.92,76.45,53.05,36,100,0.02
691,8,2025-07-29T00:00:00Z,85.66,0.0,31.33,100,0,97.63
692,8,2025-07-30T00:00:00Z,79.28,0.0,25.83,100,0,98.26
693,8,2025-07-31T00:00:00Z,80.28,0.0,26.53,100,0,98.18
694,8,2025-08-01T00:00:00Z,77.74,0.0,26.25,100,0,98.39
695,8,2025-08-02T00:00:00Z,76.23,0.0,21.94,100,0,98.51
696,8,2025-08-03T00:00:00Z,78.43,0.0,21.94,100,0,98.34
697,8,2025-08-04T00:00:00Z,91.17,21.81,13.33,97,55,41.08
698,8,2025-08-05T00:00:00Z,100.0,93.13,74.53,39,100,0.01
699,8,2025-08-06T00:00:00Z,86.75,0.0,31.33,100,37,85.97
700,8,2025-08-07T00:00:00Z,79.69,0.0,25.62,100,0,98.23
701,8,2025-08-08T00:00:00Z,78.59,0.0,25.35,100,0,98.32
702,8,2025-08-09T00:00:00Z,77.26,0.0,21.94,100,0,98.43
703,8,2025-08-10T00:00:00Z,91.24,0.0,14.44,100,53,68.74
704,8,2025-08-11T00:00:00Z,99.61,66.62,12.22,48,87,0.08
705,8,2025-08-12T00:00:00Z,78.95,0.0,26.44,100,0,98.29
706,8,2025-08-13T00:00:00Z,95.47,98.34,73.02,42,98,0.01
707,8,2025-08-14T00:00:00Z,97.53,84.73,68.07,36,93,0.02
708,8,2025-08-15T00:00:00Z,86.2,0.0,29.66,100,0,97.56
709,8,2025-08-16T00:00:00Z,77.78,0.0,20.83,100,0,98.39
710,8,2025-08-17T00:00:00Z,77.42,0.0,22.29,100,0,98.42
711,8,2025-08-18T00:00:00Z,78.91,0.0,25.21,100,0,98.29
712,8,2025-08-19T00:00:00Z,78.3,0.0,25.56,100,0,98.35
713,8,2025-08-20T00:00:00Z,77.78,0.0,25.69,100,1,98.31
714,8,2025-08-21T00:00:00Z,89.2,0.0,11.75,90,50,60.82
715,8,2025-08-22T00:00:00Z,77.92,0.0,25.14,100,0,98.38
716,8,2025-08-23T00:00:00Z,76.67,0.0,22.29,100,0,98.47
717,8,2025-08-24T00:00:00Z,78.32,0.0,21.25,100,0,98.34
718,8,2025-08-25T00:00:00Z,76.9,0.0,25.76,100,0,98.46
719,8,2025-08-26T00:00:00Z,78.71,0.0,25.07,100,0,98.31
720,8,2025-08-27T00:00:00Z,78.16,0.0,25.69,100,0,98.36
721,9,2025-05-30T00:00:00Z,96.16,100.0,71.9,30,95,0.01
722,9,2025-05-31T00:00:00Z,100.0,100.0,68.1,33,95,0.01
723,9,2025-06-01T00:00:00Z,99.81,88.25,53.37,30,100,0.01
724,9,2025-06-02T00:00:00Z,97.54,100.0,56.14,32,100,0.0
725,9,2025-06-03T00:00:00Z,82.42,100.0,74.92,30,100,0.01
726,9,2025-06-04T00:00:00Z,100.0,93.03,56.44,30,100,0.0
727,9,2025-06-05T00:00:00Z,100.0,99.12,56.03,30,100,0.0
728,9,2025-06-06T00:00:00Z,96.33,100.0,55.91,30,100,0.0
729,9,2025-06-07T00:00:00Z,94.93,80.8,60.54,30,100,0.01
730,9,2025-06-08T00:00:00Z,93.12,100.0,68.75,30,100,0.01
731,9,2025-06-09T00:00:00Z,83.52,99.33,52.88,30,93,0.01
732,9,2025-06-10T00:00:00Z,82.31,64.67,60.3,30,100,0.04
733,9,2025-06-11T00:00:00Z,97.76,100.0,66.31,30,100,0.0
734,9,2025-06-12T00:00:00Z,97.48,93.32,70.09,30,100,0.01
735,9,2025-06-13T00:00:00Z,80.09,95.18,53.54,30,100,0.01
736,9,2025-06-14T00:00:00Z,94.7,75.55,61.72,30,98,0.01
737,9,2025-06-15T00:00:00Z,94.56,100.0,54.37,33,100,0.01
738,9,2025-06-16T00:00:00Z,89.57,100.0,70.03,33,98,0.01
739,9,2025-06-17T00:00:00Z,100.0,83.27,58.39,30,100,0.01
740,9,2025-06-18T00:00:00Z,95.88,95.86,62.0,30,100,0.01
741,9,2025-06-19T00:00:00Z,88.86,100.0,73.68,30,100,0.01
742,9,2025-06-20T00:00:00Z,87.09,89.01,56.77,30,100,0.01
743,9,2025-06-21T00:00:00Z,94.09,93.83,54.59,30,100,0.01
744,9,2025-06-22T00:00:00Z,93.0,100.0,55.14,30,100,0.01
745,9,2025-06-23T00:00:00Z,95.92,100.0,61.21,30,100,0.0
746,9,2025-06-24T00:00:00Z,94.76,100.0,55.31,30,100,0.0
747,9,2025-06-25T00:00:00Z,99.03,93.38,69.48,30,100,0.01
748,9,2025-06-26T00:00:00Z,97.37,91.54,56.72,30,100,0.01
749,9,2025-06-27T00:00:00Z,87.85,98.82,67.26,30,100,0.01
750,9,2025-06-28T00:00:00Z,100.0,100.0,68.75,30,100,0.0
751,9,2025-06-29T00:00:00Z,100.0,100.0,55.12,30,98,0.0
752,9,2025-06-30T00:00:00Z,90.26,97.34,76.15,30,98,0.01
753,9,2025-07-01T00:00:00Z,91.51,91.37,66.13,30,100,0.01
754,9,2025-07-02T00:00:00Z,100.0,85.62,58.04,30,100,0.01
755,9,2025-07-03T00:00:00Z,98.98,77.76,63.12,30,100,0.01
756,9,2025-07-04T00:00:00Z,100.0,85.03,67.27,30,100,0.01
757,9,2025-07-05T00:00:00Z,100.0,100.0,61.29,30,95,0.0
758,9,2025-07-06T00:00:00Z,83.2,100.0,66.94,30,98,0.01
759,9,2025-07-07T00:00:00Z,100.0,86.96,75.93,30,100,0.01
760,9,2025-07-08T00:00:00Z,100.0,100.0,73.1,30,100,0.0
761,9,2025-07-09T00:00:00Z,93.72,88.97,72.95,30,100,0.01
762,9,2025-07-10T00:00:00Z,84.93,99.73,70.3,30,98,0.01
763,9,2025-07-11T00:00:00Z,80.88,100.0,53.23,30,100,0.01
764,9,2025-07-12T00:00:00Z,96.67,60.39,56.35,30,100,0.02
765,9,2025-07-13T00:00:00Z,100.0,75.78,65.97,30,100,0.01
766,9,2025-07-14T00:00:00Z,88.27,97.22,59.99,33,100,0.01
767,9,2025-07-15T00:00:00Z,91.43,96.19,55.25,30,100,0.01
768,9,2025-07-16T00:00:00Z,73.08,100.0,58.6,30,100,0.01
769,9,2025-07-17T00:00:00Z,80.19,57.27,53.32,30,100,0.06
770,9,2025-07-18T00:00:00Z,100.0,86.16,61.02,33,100,0.01
771,9,2025-07-19T00:00:00Z,93.36,82.51,70.51,30,100,0.01
772,9,2025-07-20T00:00:00Z,100.0,90.68,53.11,30,100,0.01
773,9,2025-07-21T00:00:00Z,88.03,88.21,69.37,30,100,0.01
774,9,2025-07-22T00:00:00Z,100.0,66.74,66.32,30,98,0.02
775,9,2025-07-23T00:00:00Z,93.78,95.85,63.1,32,100,0.01
776,9,2025-07-24T00:00:00Z,100.0,100.0,68.02,30,100,0.0
777,9,2025-07-25T00:00:00Z,100.0,83.6,73.54,30,100,0.01
778,9,2025-07-26T00:00:00Z,100.0,100.0,76.91,33,91,0.01
779,9,2025-07-27T00:00:00Z,85.38,100.0,67.7,35,98,0.01
780,9,2025-07-28T00:00:00Z,93.35,85.52,63.7,30,100,0.01
781,9,2025-07-29T00:00:00Z,85.29,18.64,30.76,58,77,3.29
782,9,2025-07-30T00:00:00Z,77.98,0.0,25.28,57,49,28.31
783,9,2025-07-31T00:00:00Z,78.67,65.4,24.86,76,12,35.68
784,9,2025-08-01T00:00:00Z,89.78,78.88,24.35,46,62,0.25
785,9,2025-08-02T00:00:00Z,90.12,40.61,23.2,48,79,0.55
786,9,2025-08-03T00:00:00Z,77.59,33.13,21.04,78,38,39.53
787,9,2025-08-04T00:00:00Z,79.1,57.23,26.87,73,13,37.42
788,9,2025-08-05T00:00:00Z,79.76,34.65,25.97,78,43,30.06
789,9,2025-08-06T00:00:00Z,88.66,59.88,22.32,47,80,0.25
790,9,2025-08-07T00:00:00Z,86.45,28.09,32.82,68,62,7.83
791,9,2025-08-08T00:00:00Z,79.36,0.0,24.79,77,0,93.41
792,9,2025-08-09T00:00:00Z,78.18,0.0,21.74,53,21,55.5
793,9,2025-08-10T00:00:00Z,77.71,0.0,21.53,78,48,59.74
794,9,2025-08-11T00:00:00Z,78.34,0.0,24.93,68,18,77.95
795,9,2025-08-12T00:00:00Z,93.53,42.26,12.47,52,57,1.63
796,9,2025-08-13T00:00:00Z,84.24,26.93,28.72,56,51,7.73
797,9,2025-08-14T00:00:00Z,78.34,42.98,26.04,73,39,23.04
798,9,2025-08-15T00:00:00Z,78.86,74.69,25.9,86,28,23.68
799,9,2025-08-16T00:00:00Z,77.88,50.34,22.64,88,61,15.74
800,9,2025-08-17T00:00:00Z,78.04,66.79,20.97,70,53,4.64
801,9,2025-08-18T00:00:00Z,95.82,70.68,11.11,36,84,0.05
802,9,2025-08-19T00:00:00Z,97.17,100.0,60.47,30,91,0.01
803,9,2025-08-20T00:00:00Z,88.7,64.21,33.88,56,57,1.11
804,9,2025-08-21T00:00:00Z,81.47,0.0,35.49,84,38,74.4
805,9,2025-08-22T00:00:00Z,80.85,49.64,33.33,75,33,23.54
806,9,2025-08-23T00:00:00Z,81.38,30.14,34.79,74,27,45.4
807,9,2025-08-24T00:00:00Z,81.97,9.82,34.44,62,31,42.04
808,9,2025-08-25T00:00:00Z,80.84,55.38,34.65,54,64,1.45
809,9,2025-08-26T00:00:00Z,82.49,24.21,34.58,68,33,34.01
810,9,2025-08-27T00:00:00Z,81.3,0.56,33.89,68,35,56.04
811,10,2025-05-30T00:00:00Z,100.0,83.37,74.72,32,100,0.01
812,10,2025-05-31T00:00:00Z,100.0,77.8,60.24,32,98,0.01
813,10,2025-06-01T00:00:00Z,77.11,91.45,55.22,32,100,0.02
814,10,2025-06-02T00:00:00Z,84.94,88.22,55.03,35,100,0.02
815,10,2025-06-03T00:00:00Z,75.08,94.94,59.21,32,100,0.02
816,10,2025-06-04T00:00:00Z,91.47,97.04,52.8,32,100,0.01
817,10,2025-06-05T00:00:00Z,100.0,100.0,67.42,38,100,0.01
818,10,2025-06-06T00:00:00Z,88.08,75.92,56.78,34,100,0.02
819,10,2025-06-07T00:00:00Z,93.01,79.75,66.7,35,100,0.02
820,10,2025-06-08T00:00:00Z,94.73,66.47,76.76,32,100,0.02
821,10,2025-06-09T00:00:00Z,99.19,71.79,62.87,32,100,0.01
822,10,2025-06-10T00:00:00Z,84.36,91.78,64.14,32,100,0.01
823,10,2025-06-11T00:00:00Z,85.29,75.24,54.19,32,100,0.02
824,10,2025-06-12T00:00:00Z,94.08,92.88,65.89,35,96,0.01
825,10,2025-06-13T00:00:00Z,100.0,95.71,67.77,32,98,0.01
826,10,2025-06-14T00:00:00Z,84.23,93.13,59.03,35,100,0.01
827,10,2025-06-15T00:00:00Z,96.67,67.32,57.47,35,100,0.02
828,10,2025-06-16T00:00:00Z,87.6,100.0,58.8,35,98,0.01
829,10,2025-06-17T00:00:00Z,91.86,88.98,71.55,32,100,0.01
830,10,2025-06-18T00:00:00Z,100.0,70.06,56.46,32,100,0.01
831,10,2025-06-19T00:00:00Z,91.05,88.17,60.48,37,95,0.02
832,10,2025-06-20T00:00:00Z,100.0,100.0,76.67,37,100,0.01
833,10,2025-06-21T00:00:00Z,90.04,100.0,55.95,37,100,0.01
834,10,2025-06-22T00:00:00Z,82.75,65.8,66.04,32,100,0.04
835,10,2025-06-23T00:00:00Z,94.55,93.87,64.42,38,100,0.01
836,10,2025-06-24T00:00:00Z,94.48,100.0,62.65,35,100,0.01
837,10,2025-06-25T00:00:00Z,100.0,94.61,70.4,35,98,0.01
838,10,2025-06-26T00:00:00Z,99.67,100.0,55.25,32,100,0.0
839,10,2025-06-27T00:00:00Z,79.86,100.0,65.44,38,100,0.02
840,10,2025-06-28T00:00:00Z,83.78,74.47,63.43,34,98,0.03
841,10,2025-06-29T00:00:00Z,81.06,92.16,56.04,32,100,0.01
842,10,2025-06-30T00:00:00Z,97.91,86.13,53.28,35,100,0.01
843,10,2025-07-01T00:00:00Z,100.0,73.23,71.36,32,100,0.01
844,10,2025-07-02T00:00:00Z,61.98,88.14,69.69,38,100,0.06
845,10,2025-07-03T00:00:00Z,80.4,97.13,71.47,35,92,0.02
846,10,2025-07-04T00:00:00Z,90.92,70.46,54.12,32,100,0.02
847,10,2025-07-05T00:00:00Z,97.17,90.45,57.36,35,100,0.01
848,10,2025-07-06T00:00:00Z,94.89,74.45,59.99,35,98,0.02
849,10,2025-07-07T00:00:00Z,90.67,85.17,55.54,37,100,0.02
850,10,2025-07-08T00:00:00Z,94.98,100.0,66.31,35,91,0.01
851,10,2025-07-09T00:00:00Z,86.0,92.74,58.35,32,100,0.01
852,10,2025-07-10T00:00:00Z,96.48,94.05,65.21,35,100,0.01
853,10,2025-07-11T00:00:00Z,100.0,98.79,70.18,32,93,0.01
854,10,2025-07-12T00:00:00Z,94.16,82.43,71.17,35,98,0.01
855,10,2025-07-13T00:00:00Z,82.21,84.37,53.4,35,100,0.02
856,10,2025-07-14T00:00:00Z,91.58,100.0,70.25,32,100,0.01
857,10,2025-07-15T00:00:00Z,84.45,100.0,67.26,32,100,0.01
858,10,2025-07-16T00:00:00Z,94.24,98.76,74.27,32,98,0.01
859,10,2025-07-17T00:00:00Z,86.17,100.0,76.82,32,100,0.01
860,10,2025-07-18T00:00:00Z,90.7,100.0,53.94,34,100,0.01
861,10,2025-07-19T00:00:00Z,96.12,100.0,54.3,32,98,0.01
862,10,2025-07-20T00:00:00Z,95.54,100.0,69.94,34,100,0.01
863,10,2025-07-21T00:00:00Z,96.81,99.3,63.69,32,100,0.01
864,10,2025-07-22T00:00:00Z,98.39,76.63,64.29,32,95,0.01
865,10,2025-07-23T00:00:00Z,100.0,96.61,57.39,32,98,0.01
866,10,2025-07-24T00:00:00Z,100.0,100.0,58.46,38,100,0.01
867,10,2025-07-25T00:00:00Z,93.25,100.0,70.42,32,98,0.01
868,10,2025-07-26T00:00:00Z,83.95,90.77,64.93,38,100,0.02
869,10,2025-07-27T00:00:00Z,100.0,100.0,67.67,32,93,0.01
870,10,2025-07-28T00:00:00Z,91.03,100.0,61.38,35,100,0.01
871,10,2025-07-29T00:00:00Z,86.73,0.0,37.14,100,37,85.98
872,10,2025-07-30T00:00:00Z,82.07,0.0,34.79,100,0,98.01
873,10,2025-07-31T00:00:00Z,81.08,0.0,35.0,100,8,97.2
874,10,2025-08-01T00:00:00Z,81.05,0.0,34.03,100,34,90.44
875,10,2025-08-02T00:00:00Z,82.18,0.0,35.42,100,17,95.44
876,10,2025-08-03T00:00:00Z,87.28,0.0,32.43,100,26,91.18
877,10,2025-08-04T00:00:00Z,79.59,100.0,58.14,34,100,0.01
878,10,2025-08-05T00:00:00Z,94.15,67.8,38.75,44,84,0.09
879,10,2025-08-06T00:00:00Z,79.87,0.0,35.42,100,4,97.83
880,10,2025-08-07T00:00:00Z,80.96,0.0,34.93,100,21,94.79
881,10,2025-08-08T00:00:00Z,82.06,0.0,35.62,100,0,98.01
882,10,2025-08-09T00:00:00Z,81.45,0.0,34.93,100,13,96.37
883,10,2025-08-10T00:00:00Z,81.06,0.0,34.03,100,0,98.1
884,10,2025-08-11T00:00:00Z,82.32,0.0,33.42,100,26,92.98
885,10,2025-08-12T00:00:00Z,97.77,50.33,41.0,64,77,0.73
886,10,2025-08-13T00:00:00Z,82.71,0.0,34.58,100,0,97.95
887,10,2025-08-14T00:00:00Z,82.9,0.0,35.9,100,10,96.63
888,10,2025-08-15T00:00:00Z,81.15,0.0,34.37,100,0,98.1
889,10,2025-08-16T00:00:00Z,81.06,0.0,34.44,100,13,96.43
890,10,2025-08-17T00:00:00Z,83.34,0.0,32.98,100,31,90.75
891,10,2025-08-18T00:00:00Z,89.54,0.0,34.07,94,48,68.2
892,10,2025-08-19T00:00:00Z,82.54,0.0,35.28,100,0,97.96
893,10,2025-08-20T00:00:00Z,80.87,0.0,33.47,100,12,96.63
894,10,2025-08-21T00:00:00Z,78.91,0.0,35.21,100,0,98.29
895,10,2025-08-22T00:00:00Z,82.34,0.0,34.65,100,0,97.98
896,10,2025-08-23T00:00:00Z,81.96,0.0,33.47,100,0,98.02
897,10,2025-08-24T00:00:00Z,80.22,0.0,34.86,93,2,96.98
898,10,2025-08-25T00:00:00Z,83.33,0.0,35.76,100,0,97.88
899,10,2025-08-26T00:00:00Z,81.15,0.0,35.07,100,0,98.1
900,10,2025-08-27T00:00:00Z,89.43,2.02,34.29,88,50,55.67
901,11,2025-05-30T00:00:00Z,100.0,100.0,57.25,30,100,0.0
902,11,2025-05-31T00:00:00Z,96.01,100.0,57.43,30,100,0.0
903,11,2025-06-01T00:00:00Z,91.02,100.0,73.7,30,95,0.01
904,11,2025-06-02T00:00:00Z,87.84,100.0,63.32,30,100,0.01
905,11,2025-06-03T00:00:00Z,90.0,94.26,67.83,30,100,0.01
906,11,2025-06-04T00:00:00Z,96.15,99.32,68.11,30,100,0.0
907,11,2025-06-05T00:00:00Z,73.35,100.0,59.02,30,100,0.01
908,11,2025-06-06T00:00:00Z,78.44,100.0,56.89,33,100,0.01
909,11,2025-06-07T00:00:00Z,100.0,86.15,74.58,30,95,0.01
910,11,2025-06-08T00:00:00Z,100.0,81.29,57.36,30,100,0.01
911,11,2025-06-09T00:00:00Z,100.0,83.22,61.93,30,100,0.01
912,11,2025-06-10T00:00:00Z,90.83,100.0,60.8,35,98,0.01
913,11,2025-06-11T00:00:00Z,90.28,78.1,73.99,33,100,0.02
914,11,2025-06-12T00:00:00Z,100.0,96.46,58.06,30,100,0.0
915,11,2025-06-13T00:00:00Z,100.0,100.0,59.32,30,100,0.0
916,11,2025-06-14T00:00:00Z,100.0,92.05,67.89,33,100,0.01
917,11,2025-06-15T00:00:00Z,84.68,76.98,59.12,30,100,0.02
918,11,2025-06-16T00:00:00Z,88.23,78.23,63.3,33,100,0.02
919,11,2025-06-17T00:00:00Z,100.0,98.31,72.5,30,98,0.0
920,11,2025-06-18T00:00:00Z,92.11,93.52,57.61,30,98,0.01
921,11,2025-06-19T00:00:00Z,90.1,95.84,74.98,30,100,0.01
922,11,2025-06-20T00:00:00Z,100.0,81.95,58.27,30,100,0.01
923,11,2025-06-21T00:00:00Z,86.68,100.0,71.33,30,100,0.01
924,11,2025-06-22T00:00:00Z,100.0,83.56,70.44,30,100,0.01
925,11,2025-06-23T00:00:00Z,88.23,61.92,69.26,30,100,0.03
926,11,2025-06-24T00:00:00Z,100.0,78.77,67.68,30,100,0.01
927,11,2025-06-25T00:00:00Z,93.54,100.0,68.57,30,100,0.01
928,11,2025-06-26T00:00:00Z,99.68,100.0,62.26,30,98,0.0
929,11,2025-06-27T00:00:00Z,100.0,90.49,54.78,33,100,0.01
930,11,2025-06-28T00:00:00Z,86.27,100.0,59.09,30,94,0.01
931,11,2025-06-29T00:00:00Z,83.48,100.0,66.36,30,100,0.01
932,11,2025-06-30T00:00:00Z,100.0,100.0,73.6,30,91,0.01
933,11,2025-07-01T00:00:00Z,87.52,97.78,56.8,30,100,0.01
934,11,2025-07-02T00:00:00Z,89.93,100.0,59.41,30,100,0.01
935,11,2025-07-03T00:00:00Z,89.83,100.0,53.08,36,100,0.01
936,11,2025-07-04T00:00:00Z,100.0,100.0,67.11,30,95,0.0
937,11,2025-07-05T00:00:00Z,96.15,69.4,59.18,30,100,0.02
938,11,2025-07-06T00:00:00Z,84.0,84.53,54.91,30,100,0.02
939,11,2025-07-07T00:00:00Z,84.6,81.8,58.34,30,100,0.02
940,11,2025-07-08T00:00:00Z,87.04,88.71,70.38,30,100,0.01
941,11,2025-07-09T00:00:00Z,88.5,95.74,54.18,33,100,0.01
942,11,2025-07-10T00:00:00Z,97.51,75.93,58.24,30,98,0.01
943,11,2025-07-11T00:00:00Z,58.63,96.45,57.48,30,100,0.03
944,11,2025-07-12T00:00:00Z,100.0,100.0,58.78,30,100,0.0
945,11,2025-07-13T00:00:00Z,100.0,97.78,54.31,30,100,0.0
946,11,2025-07-14T00:00:00Z,75.1,100.0,56.4,30,100,0.01
947,11,2025-07-15T00:00:00Z,100.0,77.37,75.68,30,98,0.01
948,11,2025-07-16T00:00:00Z,93.57,92.43,74.91,30,100,0.01
949,11,2025-07-17T00:00:00Z,94.22,100.0,53.58,30,100,0.0
950,11,2025-07-18T00:00:00Z,88.53,62.85,56.32,30,100,0.03
951,11,2025-07-19T00:00:00Z,99.49,67.74,64.26,30,100,0.01
952,11,2025-07-20T00:00:00Z,94.52,100.0,70.51,30,100,0.0
953,11,2025-07-21T00:00:00Z,83.54,100.0,72.8,30,100,0.01
954,11,2025-07-22T00:00:00Z,100.0,95.85,55.76,30,98,0.0
955,11,2025-07-23T00:00:00Z,82.03,55.47,71.36,33,100,0.06
956,11,2025-07-24T00:00:00Z,100.0,100.0,75.88,30,100,0.0
957,11,2025-07-25T00:00:00Z,100.0,100.0,69.03,32,100,0.0
958,11,2025-07-26T00:00:00Z,82.08,66.27,64.58,30,100,0.04
959,11,2025-07-27T00:00:00Z,89.31,100.0,52.89,30,100,0.01
960,11,2025-07-28T00:00:00Z,99.66,78.32,72.91,30,100,0.01
961,11,2025-07-29T00:00:00Z,87.44,15.53,35.9,87,48,45.68
962,11,2025-07-30T00:00:00Z,88.25,40.08,33.44,58,80,1.06
963,11,2025-07-31T00:00:00Z,96.52,100.0,55.0,30,95,0.01
964,11,2025-08-01T00:00:00Z,91.74,82.96,17.7,44,83,0.06
965,11,2025-08-02T00:00:00Z,76.71,0.0,20.97,86,14,93.24
966,11,2025-08-03T00:00:00Z,74.53,45.34,21.74,76,62,11.1
967,11,2025-08-04T00:00:00Z,78.53,7.55,26.04,82,23,82.37
968,11,2025-08-05T00:00:00Z,80.0,0.0,25.07,67,15,78.07
969,11,2025-08-06T00:00:00Z,77.83,0.0,25.56,86,49,69.39
970,11,2025-08-07T00:00:00Z,85.34,16.05,27.66,85,55,36.39
971,11,2025-08-08T00:00:00Z,85.58,0.0,37.28,91,41,75.61
972,11,2025-08-09T00:00:00Z,82.51,16.23,35.14,100,59,56.84
973,11,2025-08-10T00:00:00Z,80.8,30.8,35.28,90,25,70.64
974,11,2025-08-11T00:00:00Z,81.09,0.0,34.93,68,50,38.35
975,11,2025-08-12T00:00:00Z,79.59,0.0,35.28,100,62,71.51
976,11,2025-08-13T00:00:00Z,81.69,0.0,35.0,83,13,90.43
977,11,2025-08-14T00:00:00Z,80.57,0.58,34.44,87,44,72.47
978,11,2025-08-15T00:00:00Z,81.62,25.25,33.82,82,43,42.05
979,11,2025-08-16T00:00:00Z,91.79,54.1,30.42,58,68,0.93
980,11,2025-08-17T00:00:00Z,81.94,0.0,34.93,78,12,87.9
981,11,2025-08-18T00:00:00Z,80.5,0.0,34.03,88,17,91.72
982,11,2025-08-19T00:00:00Z,82.09,0.0,33.4,100,0,98.01
983,11,2025-08-20T00:00:00Z,82.77,20.19,34.93,65,10,61.16
984,11,2025-08-21T00:00:00Z,83.18,0.0,35.42,100,0,97.9
985,11,2025-08-22T00:00:00Z,81.58,0.0,33.54,81,0,94.16
986,11,2025-08-23T00:00:00Z,80.64,0.0,35.62,99,7,97.23
987,11,2025-08-24T00:00:00Z,84.53,0.0,34.68,79,0,92.51
988,11,2025-08-25T00:00:00Z,88.59,4.78,33.7,95,39,75.57
989,11,2025-08-26T00:00:00Z,83.32,45.74,34.58,85,45,24.13
990,11,2025-08-27T00:00:00Z,80.36,0.0,35.07,99,17,95.57
991,12,2025-05-30T00:00:00Z,89.66,96.18,65.95,30,100,0.01
992,12,2025-05-31T00:00:00Z,100.0,100.0,55.29,30,100,0.0
993,12,2025-06-01T00:00:00Z,100.0,82.67,66.26,30,98,0.01
994,12,2025-06-02T00:00:00Z,100.0,93.56,71.83,30,98,0.01
995,12,2025-06-03T00:00:00Z,76.34,86.28,58.77,33,100,0.03
996,12,2025-06-04T00:00:00Z,76.36,100.0,55.33,39,96,0.03
997,12,2025-06-05T00:00:00Z,100.0,96.47,54.92,38,100,0.01
998,12,2025-06-06T00:00:00Z,100.0,94.02,74.53,33,100,0.01
999,12,2025-06-07T00:00:00Z,100.0,73.48,70.19,33,98,0.01
1000,12,2025-06-08T00:00:00Z,83.85,73.6,56.79,33,100,0.03
1001,12,2025-06-09T00:00:00Z,79.9,100.0,59.52,30,100,0.01
1002,12,2025-06-10T00:00:00Z,100.0,100.0,54.65,30,98,0.0
1003,12,2025-06-11T00:00:00Z,94.34,78.61,58.89,33,100,0.01
1004,12,2025-06-12T00:00:00Z,87.08,100.0,55.9,30,100,0.01
1005,12,2025-06-13T00:00:00Z,98.24,90.45,54.12,33,100,0.01
1006,12,2025-06-14T00:00:00Z,87.36,80.91,59.47,30,98,0.02
1007,12,2025-06-15T00:00:00Z,100.0,69.44,55.0,30,100,0.01
1008,12,2025-06-16T00:00:00Z,100.0,100.0,76.46,30,100,0.0
1009,12,2025-06-17T00:00:00Z,100.0,94.17,64.2,30,100,0.0
1010,12,2025-06-18T00:00:00Z,98.51,93.09,66.91,30,98,0.01
1011,12,2025-06-19T00:00:00Z,97.2,99.73,57.36,30,100,0.0
1012,12,2025-06-20T00:00:00Z,99.78,100.0,60.8,30,100,0.0
1013,12,2025-06-21T00:00:00Z,88.64,87.16,63.45,30,100,0.01
1014,12,2025-06-22T00:00:00Z,84.09,100.0,69.94,30,98,0.01
1015,12,2025-06-23T00:00:00Z,80.49,66.51,69.97,33,100,0.05
1016,12,2025-06-24T00:00:00Z,100.0,97.58,69.58,30,100,0.0
1017,12,2025-06-25T00:00:00Z,89.69,64.2,63.76,32,95,0.04
1018,12,2025-06-26T00:00:00Z,100.0,87.53,64.28,30,100,0.01
1019,12,2025-06-27T00:00:00Z,100.0,75.51,74.93,30,100,0.01
1020,12,2025-06-28T00:00:00Z,100.0,65.39,70.51,30,100,0.01
1021,12,2025-06-29T00:00:00Z,100.0,90.54,54.74,33,100,0.01
1022,12,2025-06-30T00:00:00Z,97.8,89.23,68.69,38,100,0.01
1023,12,2025-07-01T00:00:00Z,95.31,100.0,61.02,30,100,0.0
1024,12,2025-07-02T00:00:00Z,68.33,100.0,76.51,30,95,0.02
1025,12,2025-07-03T00:00:00Z,89.24,88.6,63.4,30,100,0.01
1026,12,2025-07-04T00:00:00Z,90.57,89.53,64.52,33,96,0.01
1027,12,2025-07-05T00:00:00Z,93.67,98.39,58.73,30,100,0.01
1028,12,2025-07-06T00:00:00Z,100.0,84.82,66.79,30,100,0.01
1029,12,2025-07-07T00:00:00Z,100.0,93.43,58.06,30,100,0.0
1030,12,2025-07-08T00:00:00Z,99.34,81.42,59.49,30,100,0.01
1031,12,2025-07-09T00:00:00Z,78.62,100.0,59.76,30,100,0.01
1032,12,2025-07-10T00:00:00Z,91.03,55.0,70.17,30,100,0.04
1033,12,2025-07-11T00:00:00Z,77.13,77.08,57.67,32,100,0.03
1034,12,2025-07-12T00:00:00Z,100.0,100.0,54.88,30,98,0.0
1035,12,2025-07-13T00:00:00Z,100.0,79.85,72.32,33,100,0.01
1036,12,2025-07-14T00:00:00Z,83.14,100.0,58.48,30,100,0.01
1037,12,2025-07-15T00:00:00Z,100.0,92.26,55.82,30,100,0.01
1038,12,2025-07-16T00:00:00Z,96.83,100.0,55.88,30,100,0.0
1039,12,2025-07-17T00:00:00Z,100.0,71.28,76.9,30,100,0.01
1040,12,2025-07-18T00:00:00Z,100.0,81.76,61.76,32,100,0.01
1041,12,2025-07-19T00:00:00Z,100.0,100.0,62.96,30,100,0.0
1042,12,2025-07-20T00:00:00Z,86.73,100.0,55.88,30,98,0.01
1043,12,2025-07-21T00:00:00Z,100.0,57.29,64.9,33,100,0.02
1044,12,2025-07-22T00:00:00Z,97.1,90.39,71.62,33,98,0.01
1045,12,2025-07-23T00:00:00Z,67.35,85.64,60.02,30,94,0.05
1046,12,2025-07-24T00:00:00Z,91.03,82.18,75.41,30,100,0.01
1047,12,2025-07-25T00:00:00Z,98.09,100.0,75.59,42,96,0.01
1048,12,2025-07-26T00:00:00Z,100.0,100.0,63.66,30,100,0.0
1049,12,2025-07-27T00:00:00Z,100.0,77.24,69.8,33,100,0.01
1050,12,2025-07-28T00:00:00Z,91.4,75.46,58.71,30,95,0.02
1051,12,2025-07-29T00:00:00Z,92.98,89.62,12.92,33,96,0.01
1052,12,2025-07-30T00:00:00Z,78.9,0.0,25.9,91,13,94.61
1053,12,2025-07-31T00:00:00Z,78.31,0.0,25.76,100,0,98.34
1054,12,2025-08-01T00:00:00Z,78.55,0.0,25.28,100,6,97.75
1055,12,2025-08-02T00:00:00Z,80.77,0.0,22.83,97,8,96.71
1056,12,2025-08-03T00:00:00Z,94.2,86.15,58.51,30,98,0.01
1057,12,2025-08-04T00:00:00Z,89.17,6.72,24.0,65,86,4.2
1058,12,2025-08-05T00:00:00Z,78.78,0.0,25.0,100,41,88.19
1059,12,2025-08-06T00:00:00Z,78.75,0.0,26.18,100,3,98.04
1060,12,2025-08-07T00:00:00Z,79.79,0.0,26.11,100,40,88.19
1061,12,2025-08-08T00:00:00Z,80.23,0.0,26.11,100,29,92.68
1062,12,2025-08-09T00:00:00Z,76.49,0.0,21.53,100,40,89.8
1063,12,2025-08-10T00:00:00Z,77.15,0.0,22.08,95,58,71.97
1064,12,2025-08-11T00:00:00Z,87.2,25.55,25.9,89,66,20.72
1065,12,2025-08-12T00:00:00Z,91.12,81.02,25.61,59,73,0.27
1066,12,2025-08-13T00:00:00Z,78.66,0.0,25.56,100,24,94.62
1067,12,2025-08-14T00:00:00Z,78.27,5.65,25.83,83,48,60.84
1068,12,2025-08-15T00:00:00Z,88.38,2.93,24.87,55,84,3.12
1069,12,2025-08-16T00:00:00Z,85.46,73.69,53.72,35,100,0.03
1070,12,2025-08-17T00:00:00Z,87.33,4.97,26.06,73,34,52.87
1071,12,2025-08-18T00:00:00Z,78.75,0.0,25.56,100,11,97.1
1072,12,2025-08-19T00:00:00Z,77.34,3.93,25.35,100,2,97.97
1073,12,2025-08-20T00:00:00Z,77.73,0.0,25.97,100,22,95.32
1074,12,2025-08-21T00:00:00Z,79.93,0.0,24.51,99,38,88.53
1075,12,2025-08-22T00:00:00Z,93.77,10.11,19.35,68,68,8.22
1076,12,2025-08-23T00:00:00Z,87.63,33.16,23.54,64,65,4.24
1077,12,2025-08-24T00:00:00Z,78.43,0.0,21.46,100,22,95.16
1078,12,2025-08-25T00:00:00Z,78.56,0.0,25.69,98,19,95.27
1079,12,2025-08-26T00:00:00Z,79.46,13.73,25.28,100,4,96.37
1080,12,2025-08-27T00:00:00Z,79.52,0.0,26.25,100,20,95.37
1081,13,2025-05-30T00:00:00Z,100.0,87.11,75.77,30,100,0.01
1082,13,2025-05-31T00:00:00Z,84.71,88.77,55.51,30,100,0.01
1083,13,2025-06-01T00:00:00Z,100.0,99.32,76.91,33,98,0.01
1084,13,2025-06-02T00:00:00Z,100.0,80.86,71.72,33,100,0.01
1085,13,2025-06-03T00:00:00Z,92.61,91.17,54.49,30,100,0.01
1086,13,2025-06-04T00:00:00Z,100.0,100.0,70.79,35,94,0.01
1087,13,2025-06-05T00:00:00Z,87.67,100.0,54.75,30,100,0.01
1088,13,2025-06-06T00:00:00Z,100.0,81.35,56.18,35,98,0.01
1089,13,2025-06-07T00:00:00Z,94.25,88.07,76.88,30,100,0.01
1090,13,2025-06-08T00:00:00Z,83.41,85.19,55.04,30,95,0.02
1091,13,2025-06-09T00:00:00Z,95.8,100.0,61.98,30,100,0.0
1092,13,2025-06-10T00:00:00Z,99.62,81.14,56.17,36,100,0.01
1093,13,2025-06-11T00:00:00Z,88.15,98.76,73.78,36,100,0.01
1094,13,2025-06-12T00:00:00Z,100.0,85.38,62.44,30,98,0.01
1095,13,2025-06-13T00:00:00Z,92.73,93.3,65.35,30,100,0.01
1096,13,2025-06-14T00:00:00Z,100.0,79.37,53.51,30,100,0.01
1097,13,2025-06-15T00:00:00Z,100.0,80.78,68.16,33,98,0.01
1098,13,2025-06-16T00:00:00Z,100.0,75.54,66.24,30,98,0.01
1099,13,2025-06-17T00:00:00Z,90.8,98.15,69.04,30,100,0.01
1100,13,2025-06-18T00:00:00Z,92.85,100.0,53.38,33,100,0.01
1101,13,2025-06-19T00:00:00Z,82.95,48.7,59.61,33,100,0.08
1102,13,2025-06-20T00:00:00Z,85.31,97.62,73.16,30,98,0.01
1103,13,2025-06-21T00:00:00Z,100.0,78.56,65.7,30,100,0.01
1104,13,2025-06-22T00:00:00Z,85.41,100.0,66.83,30,100,0.01
1105,13,2025-06-23T00:00:00Z,100.0,100.0,59.68,30,100,0.0
1106,13,2025-06-24T00:00:00Z,100.0,91.3,52.8,38,100,0.01
1107,13,2025-06-25T00:00:00Z,89.07,91.83,59.1,33,100,0.01
1108,13,2025-06-26T00:00:00Z,92.06,78.43,65.25,30,100,0.01
1109,13,2025-06-27T00:00:00Z,100.0,100.0,75.16,30,98,0.0
1110,13,2025-06-28T00:00:00Z,99.09,100.0,74.56,36,100,0.01
1111,13,2025-06-29T00:00:00Z,81.91,100.0,65.02,30,100,0.01
1112,13,2025-06-30T00:00:00Z,77.44,89.03,64.16,30,100,0.02
1113,13,2025-07-01T00:00:00Z,98.54,73.88,67.97,30,100,0.01
1114,13,2025-07-02T00:00:00Z,100.0,94.64,73.96,30,100,0.0
1115,13,2025-07-03T00:00:00Z,65.32,92.82,55.75,33,100,0.03
1116,13,2025-07-04T00:00:00Z,84.73,91.85,59.46,30,98,0.01
1117,13,2025-07-05T00:00:00Z,93.69,95.29,71.01,32,100,0.01
1118,13,2025-07-06T00:00:00Z,93.55,100.0,53.68,30,100,0.01
1119,13,2025-07-07T00:00:00Z,89.35,79.13,63.25,30,98,0.02
1120,13,2025-07-08T00:00:00Z,90.24,100.0,73.93,30,100,0.01
1121,13,2025-07-09T00:00:00Z,100.0,82.27,64.64,33,100,0.01
1122,13,2025-07-10T00:00:00Z,89.12,90.21,59.27,33,100,0.01
1123,13,2025-07-11T00:00:00Z,93.7,82.82,70.15,36,100,0.01
1124,13,2025-07-12T00:00:00Z,89.42,89.46,61.07,30,96,0.01
1125,13,2025-07-13T00:00:00Z,93.54,100.0,73.14,33,100,0.01
1126,13,2025-07-14T00:00:00Z,90.88,66.87,68.46,30,98,0.02
1127,13,2025-07-15T00:00:00Z,100.0,100.0,59.6,39,100,0.01
1128,13,2025-07-16T00:00:00Z,100.0,85.02,54.21,33,100,0.01
1129,13,2025-07-17T00:00:00Z,91.83,81.03,64.53,30,100,0.01
1130,13,2025-07-18T00:00:00Z,82.35,97.55,56.09,36,100,0.01
1131,13,2025-07-19T00:00:00Z,86.12,100.0,74.65,33,100,0.01
1132,13,2025-07-20T00:00:00Z,99.99,100.0,73.98,30,98,0.0
1133,13,2025-07-21T00:00:00Z,73.71,80.68,63.67,33,100,0.04
1134,13,2025-07-22T00:00:00Z,100.0,93.38,69.35,30,100,0.0
1135,13,2025-07-23T00:00:00Z,100.0,89.21,54.69,30,98,0.01
1136,13,2025-07-24T00:00:00Z,93.45,97.99,54.44,30,100,0.01
1137,13,2025-07-25T00:00:00Z,79.57,74.08,74.9,30,100,0.03
1138,13,2025-07-26T00:00:00Z,91.39,95.93,68.39,33,93,0.01
1139,13,2025-07-27T00:00:00Z,91.12,99.04,67.23,33,98,0.01
1140,13,2025-07-28T00:00:00Z,100.0,77.32,72.86,30,94,0.01
1141,13,2025-07-29T00:00:00Z,88.73,27.81,28.89,100,57,40.16
1142,13,2025-07-30T00:00:00Z,79.47,0.0,26.32,100,7,97.53
1143,13,2025-07-31T00:00:00Z,77.09,0.0,26.04,100,12,97.2
1144,13,2025-08-01T00:00:00Z,79.55,0.0,25.9,100,4,97.86
1145,13,2025-08-02T00:00:00Z,75.62,0.0,20.9,100,30,93.81
1146,13,2025-08-03T00:00:00Z,75.45,0.0,20.69,100,6,98.07
1147,13,2025-08-04T00:00:00Z,77.52,0.0,24.17,100,0,98.41
1148,13,2025-08-05T00:00:00Z,91.48,26.3,20.79,62,72,2.91
1149,13,2025-08-06T00:00:00Z,94.83,30.57,23.12,61,73,1.88
1150,13,2025-08-07T00:00:00Z,77.6,0.0,25.83,80,39,72.51
1151,13,2025-08-08T00:00:00Z,80.11,0.0,25.56,100,23,94.5
1152,13,2025-08-09T00:00:00Z,77.05,0.0,21.39,100,10,97.46
1153,13,2025-08-10T00:00:00Z,79.93,0.0,21.94,100,13,96.62
1154,13,2025-08-11T00:00:00Z,80.16,0.0,25.76,100,1,98.1
1155,13,2025-08-12T00:00:00Z,77.23,0.0,25.21,100,17,96.4
1156,13,2025-08-13T00:00:00Z,78.01,0.0,24.65,100,14,96.77
1157,13,2025-08-14T00:00:00Z,77.09,0.0,25.0,100,0,98.44
1158,13,2025-08-15T00:00:00Z,83.47,68.35,27.92,100,33,36.41
1159,13,2025-08-16T00:00:00Z,86.42,0.0,26.67,93,74,39.15
1160,13,2025-08-17T00:00:00Z,77.13,15.43,21.87,100,5,96.36
1161,13,2025-08-18T00:00:00Z,78.3,31.61,26.04,100,24,83.49
1162,13,2025-08-19T00:00:00Z,78.7,0.0,25.69,100,24,94.61
1163,13,2025-08-20T00:00:00Z,91.58,20.17,17.67,74,73,6.94
1164,13,2025-08-21T00:00:00Z,79.22,0.0,25.76,100,0,98.27
1165,13,2025-08-22T00:00:00Z,76.29,0.0,25.97,100,15,96.88
1166,13,2025-08-23T00:00:00Z,78.66,0.0,22.15,100,0,98.32
1167,13,2025-08-24T00:00:00Z,78.13,0.0,21.46,100,0,98.36
1168,13,2025-08-25T00:00:00Z,78.5,0.0,25.62,91,4,96.56
1169,13,2025-08-26T00:00:00Z,79.73,0.0,26.52,100,6,97.62
1170,13,2025-08-27T00:00:00Z,80.83,94.91,57.31,30,100,0.01
1171,14,2025-05-30T00:00:00Z,93.48,82.09,66.13,32,100,0.01
1172,14,2025-05-31T00:00:00Z,100.0,88.2,64.51,30,100,0.01
1173,14,2025-06-01T00:00:00Z,98.27,100.0,60.81,33,100,0.0
1174,14,2025-06-02T00:00:00Z,84.92,75.7,69.02,30,100,0.02
1175,14,2025-06-03T00:00:00Z,100.0,100.0,71.05,30,98,0.0
1176,14,2025-06-04T00:00:00Z,90.85,100.0,52.71,30,100,0.01
1177,14,2025-06-05T00:00:00Z,100.0,91.77,73.54,30,100,0.01
1178,14,2025-06-06T00:00:00Z,97.42,82.44,59.13,30,98,0.01
1179,14,2025-06-07T00:00:00Z,87.85,100.0,55.21,30,98,0.01
1180,14,2025-06-08T00:00:00Z,98.63,98.22,74.76,30,100,0.0
1181,14,2025-06-09T00:00:00Z,99.79,85.33,52.96,30,100,0.01
1182,14,2025-06-10T00:00:00Z,87.88,98.13,52.94,35,98,0.01
1183,14,2025-06-11T00:00:00Z,99.73,75.75,59.61,30,100,0.01
1184,14,2025-06-12T00:00:00Z,100.0,100.0,52.88,33,100,0.0
1185,14,2025-06-13T00:00:00Z,91.48,88.86,61.0,30,100,0.01
1186,14,2025-06-14T00:00:00Z,94.65,81.88,72.61,33,100,0.01
1187,14,2025-06-15T00:00:00Z,100.0,100.0,72.42,33,100,0.0
1188,14,2025-06-16T00:00:00Z,70.56,99.11,55.52,30,100,0.02
1189,14,2025-06-17T00:00:00Z,97.31,78.23,72.63,30,100,0.01
1190,14,2025-06-18T00:00:00Z,86.58,80.38,72.18,30,98,0.02
1191,14,2025-06-19T00:00:00Z,100.0,95.37,72.44,30,98,0.0
1192,14,2025-06-20T00:00:00Z,78.2,100.0,53.76,33,100,0.01
1193,14,2025-06-21T00:00:00Z,81.0,100.0,56.27,33,96,0.01
1194,14,2025-06-22T00:00:00Z,85.2,92.86,54.47,30,100,0.01
1195,14,2025-06-23T00:00:00Z,90.79,100.0,59.96,33,91,0.01
1196,14,2025-06-24T00:00:00Z,100.0,77.0,69.76,30,100,0.01
1197,14,2025-06-25T00:00:00Z,74.66,95.31,57.62,30,100,0.02
1198,14,2025-06-26T00:00:00Z,94.45,100.0,60.23,30,100,0.0
1199,14,2025-06-27T00:00:00Z,100.0,76.25,63.36,33,100,0.01
1200,14,2025-06-28T00:00:00Z,100.0,100.0,76.5,33,98,0.0
1201,14,2025-06-29T00:00:00Z,96.75,100.0,60.43,33,93,0.01
1202,14,2025-06-30T00:00:00Z,95.08,100.0,68.19,30,100,0.0
1203,14,2025-07-01T00:00:00Z,99.87,94.45,65.52,32,100,0.01
1204,14,2025-07-02T00:00:00Z,100.0,79.91,69.97,33,95,0.01
1205,14,2025-07-03T00:00:00Z,79.08,78.5,59.97,33,100,0.03
1206,14,2025-07-04T00:00:00Z,94.06,96.16,67.78,36,100,0.01
1207,14,2025-07-05T00:00:00Z,82.82,94.23,69.73,30,100,0.01
1208,14,2025-07-06T00:00:00Z,93.75,94.31,61.43,30,100,0.01
1209,14,2025-07-07T00:00:00Z,96.71,100.0,69.02,36,100,0.01
1210,14,2025-07-08T00:00:00Z,98.39,94.51,61.38,33,98,0.01
1211,14,2025-07-09T00:00:00Z,100.0,100.0,66.84,30,98,0.0
1212,14,2025-07-10T00:00:00Z,85.47,94.18,53.97,33,95,0.01
1213,14,2025-07-11T00:00:00Z,100.0,96.7,54.65,33,98,0.01
1214,14,2025-07-12T00:00:00Z,93.44,78.03,64.52,30,100,0.01
1215,14,2025-07-13T00:00:00Z,98.54,95.12,62.77,30,100,0.0
1216,14,2025-07-14T00:00:00Z,94.14,87.56,57.93,30,100,0.01
1217,14,2025-07-15T00:00:00Z,84.07,94.16,59.87,30,100,0.01
1218,14,2025-07-16T00:00:00Z,82.69,96.77,68.8,30,100,0.01
1219,14,2025-07-17T00:00:00Z,96.52,100.0,67.63,30,100,0.0
1220,14,2025-07-18T00:00:00Z,92.98,92.46,65.0,30,98,0.01
1221,14,2025-07-19T00:00:00Z,100.0,79.11,58.5,36,98,0.01
1222,14,2025-07-20T00:00:00Z,100.0,99.81,56.75,33,98,0.0
1223,14,2025-07-21T00:00:00Z,93.84,100.0,57.16,30,100,0.01
1224,14,2025-07-22T00:00:00Z,100.0,76.24,54.42,33,100,0.01
1225,14,2025-07-23T00:00:00Z,91.31,99.43,65.83,38,98,0.01
1226,14,2025-07-24T00:00:00Z,100.0,100.0,56.3,30,98,0.0
1227,14,2025-07-25T00:00:00Z,93.15,68.23,55.9,33,100,0.02
1228,14,2025-07-26T00:00:00Z,97.28,100.0,72.65,30,100,0.0
1229,14,2025-07-27T00:00:00Z,100.0,100.0,59.17,30,100,0.0
1230,14,2025-07-28T00:00:00Z,100.0,100.0,69.32,30,100,0.0
1231,14,2025-07-29T00:00:00Z,87.63,0.0,36.76,72,24,67.67
1232,14,2025-07-30T00:00:00Z,80.86,0.0,35.49,100,27,93.13
1233,14,2025-07-31T00:00:00Z,81.2,17.49,35.76,100,47,70.9
1234,14,2025-08-01T00:00:00Z,81.09,0.0,34.17,100,19,95.24
1235,14,2025-08-02T00:00:00Z,81.22,0.0,35.76,100,0,98.09
1236,14,2025-08-03T00:00:00Z,81.06,0.0,35.07,89,4,95.64
1237,14,2025-08-04T00:00:00Z,82.55,0.0,35.49,87,10,93.04
1238,14,2025-08-05T00:00:00Z,80.73,0.0,34.93,99,14,96.1
1239,14,2025-08-06T00:00:00Z,96.59,58.98,27.62,53,80,0.25
1240,14,2025-08-07T00:00:00Z,84.58,0.0,35.08,100,15,95.35
1241,14,2025-08-08T00:00:00Z,81.59,0.0,35.69,81,15,88.39
1242,14,2025-08-09T00:00:00Z,81.42,0.0,34.86,79,12,88.79
1243,14,2025-08-10T00:00:00Z,81.52,0.0,35.21,100,27,92.92
1244,14,2025-08-11T00:00:00Z,80.35,0.0,34.65,100,21,94.94
1245,14,2025-08-12T00:00:00Z,80.58,0.0,35.56,100,36,89.76
1246,14,2025-08-13T00:00:00Z,82.45,0.0,35.62,81,25,81.57
1247,14,2025-08-14T00:00:00Z,98.19,71.07,28.33,42,91,0.04
1248,14,2025-08-15T00:00:00Z,95.05,100.0,67.23,30,100,0.0
1249,14,2025-08-16T00:00:00Z,88.07,35.63,35.56,77,49,15.99
1250,14,2025-08-17T00:00:00Z,81.92,0.0,34.51,93,0,97.02
1251,14,2025-08-18T00:00:00Z,80.86,0.0,34.72,100,29,92.46
1252,14,2025-08-19T00:00:00Z,82.2,0.0,35.35,100,25,93.34
1253,14,2025-08-20T00:00:00Z,82.16,0.0,35.56,90,0,96.41
1254,14,2025-08-21T00:00:00Z,82.81,0.0,34.51,100,0,97.94
1255,14,2025-08-22T00:00:00Z,81.88,0.0,35.28,100,22,94.3
1256,14,2025-08-23T00:00:00Z,79.3,0.0,34.31,100,0,98.26
1257,14,2025-08-24T00:00:00Z,95.09,21.74,33.74,69,84,2.45
1258,14,2025-08-25T00:00:00Z,87.54,0.0,36.34,93,42,75.08
1259,14,2025-08-26T00:00:00Z,79.93,0.0,34.31,94,0,97.45
1260,14,2025-08-27T00:00:00Z,97.67,50.04,27.47,66,57,2.24
1261,15,2025-05-30T00:00:00Z,100.0,74.06,64.52,36,100,0.02
1262,15,2025-05-31T00:00:00Z,93.7,90.51,64.15,36,100,0.01
1263,15,2025-06-01T00:00:00Z,100.0,75.01,71.12,30,98,0.01
1264,15,2025-06-02T00:00:00Z,94.5,100.0,71.41,30,100,0.0
1265,15,2025-06-03T00:00:00Z,100.0,89.41,55.4,30,100,0.01
1266,15,2025-06-04T00:00:00Z,90.11,72.51,64.14,33,100,0.02
1267,15,2025-06-05T00:00:00Z,91.83,87.35,67.05,30,96,0.01
1268,15,2025-06-06T00:00:00Z,100.0,84.3,62.33,30,100,0.01
1269,15,2025-06-07T00:00:00Z,100.0,81.02,53.89,30,100,0.01
1270,15,2025-06-08T00:00:00Z,97.05,81.75,55.17,36,98,0.01
1271,15,2025-06-09T00:00:00Z,100.0,68.27,64.26,30,100,0.01
1272,15,2025-06-10T00:00:00Z,100.0,100.0,76.89,30,100,0.0
1273,15,2025-06-11T00:00:00Z,89.23,63.66,53.71,30,100,0.03
1274,15,2025-06-12T00:00:00Z,90.27,97.89,71.65,32,100,0.01
1275,15,2025-06-13T00:00:00Z,88.48,100.0,61.73,30,100,0.01
1276,15,2025-06-14T00:00:00Z,94.21,100.0,57.3,33,100,0.01
1277,15,2025-06-15T00:00:00Z,100.0,100.0,57.81,32,100,0.0
1278,15,2025-06-16T00:00:00Z,100.0,100.0,72.71,30,100,0.0
1279,15,2025-06-17T00:00:00Z,91.56,73.13,63.29,30,98,0.02
1280,15,2025-06-18T00:00:00Z,81.88,87.5,76.39,32,100,0.02
1281,15,2025-06-19T00:00:00Z,86.24,85.21,57.07,30,100,0.01
1282,15,2025-06-20T00:00:00Z,94.91,100.0,59.82,30,98,0.01
1283,15,2025-06-21T00:00:00Z,85.71,87.78,62.4,30,94,0.02
1284,15,2025-06-22T00:00:00Z,96.79,100.0,69.72,30,100,0.0
1285,15,2025-06-23T00:00:00Z,92.42,93.22,56.33,30,100,0.01
1286,15,2025-06-24T00:00:00Z,98.36,95.71,74.03,33,100,0.01
1287,15,2025-06-25T00:00:00Z,95.46,61.44,57.15,33,100,0.03
1288,15,2025-06-26T00:00:00Z,100.0,77.43,72.16,32,100,0.01
1289,15,2025-06-27T00:00:00Z,100.0,89.34,61.21,30,100,0.01
1290,15,2025-06-28T00:00:00Z,82.18,91.61,64.56,30,98,0.01
1291,15,2025-06-29T00:00:00Z,86.44,100.0,58.35,30,98,0.01
1292,15,2025-06-30T00:00:00Z,100.0,97.93,55.42,33,100,0.0
1293,15,2025-07-01T00:00:00Z,86.84,100.0,56.92,30,100,0.01
1294,15,2025-07-02T00:00:00Z,90.19,76.85,64.52,33,100,0.02
1295,15,2025-07-03T00:00:00Z,79.35,66.89,65.85,33,100,0.05
1296,15,2025-07-04T00:00:00Z,100.0,75.77,64.99,33,100,0.01
1297,15,2025-07-05T00:00:00Z,98.97,73.8,56.9,30,100,0.01
1298,15,2025-07-06T00:00:00Z,100.0,94.49,56.72,30,100,0.0
1299,15,2025-07-07T00:00:00Z,100.0,100.0,54.46,30,100,0.0
1300,15,2025-07-08T00:00:00Z,83.18,100.0,60.17,33,98,0.01
1301,15,2025-07-09T00:00:00Z,100.0,75.9,59.84,30,98,0.01
1302,15,2025-07-10T00:00:00Z,82.69,81.41,64.68,30,95,0.02
1303,15,2025-07-11T00:00:00Z,100.0,99.88,63.85,30,100,0.0
1304,15,2025-07-12T00:00:00Z,91.11,89.69,60.09,30,96,0.01
1305,15,2025-07-13T00:00:00Z,86.75,85.2,65.84,30,100,0.01
1306,15,2025-07-14T00:00:00Z,81.87,97.77,65.1,35,100,0.01
1307,15,2025-07-15T00:00:00Z,100.0,90.73,71.6,36,100,0.01
1308,15,2025-07-16T00:00:00Z,79.35,91.55,65.24,30,98,0.02
1309,15,2025-07-17T00:00:00Z,100.0,98.83,68.89,30,100,0.0
1310,15,2025-07-18T00:00:00Z,91.06,100.0,60.01,30,100,0.01
1311,15,2025-07-19T00:00:00Z,92.51,96.26,70.85,33,100,0.01
1312,15,2025-07-20T00:00:00Z,94.44,91.9,62.76,30,100,0.01
1313,15,2025-07-21T00:00:00Z,73.68,87.2,60.29,30,100,0.02
1314,15,2025-07-22T00:00:00Z,92.97,83.24,57.94,33,100,0.01
1315,15,2025-07-23T00:00:00Z,78.01,70.13,56.27,30,96,0.05
1316,15,2025-07-24T00:00:00Z,74.78,67.6,69.36,30,100,0.05
1317,15,2025-07-25T00:00:00Z,90.7,89.85,63.33,36,96,0.02
1318,15,2025-07-26T00:00:00Z,95.5,55.0,57.29,33,100,0.03
1319,15,2025-07-27T00:00:00Z,72.1,100.0,66.41,30,100,0.01
1320,15,2025-07-28T00:00:00Z,93.61,100.0,55.1,36,98,0.01
1321,15,2025-07-29T00:00:00Z,87.19,0.0,37.71,100,0,97.44
1322,15,2025-07-30T00:00:00Z,80.52,0.0,34.79,100,10,96.99
1323,15,2025-07-31T00:00:00Z,79.97,0.0,35.42,100,0,98.2
1324,15,2025-08-01T00:00:00Z,82.88,0.0,34.37,100,20,94.56
1325,15,2025-08-02T00:00:00Z,81.38,0.0,35.62,100,7,97.29
1326,15,2025-08-03T00:00:00Z,83.44,0.0,36.18,100,0,97.87
1327,15,2025-08-04T00:00:00Z,82.28,0.0,34.86,100,0,97.99
1328,15,2025-08-05T00:00:00Z,80.47,0.0,34.31,98,0,97.93
1329,15,2025-08-06T00:00:00Z,80.08,0.0,34.65,100,0,98.19
1330,15,2025-08-07T00:00:00Z,100.0,76.64,27.14,36,79,0.04
1331,15,2025-08-08T00:00:00Z,94.5,30.23,39.61,57,51,4.46
1332,15,2025-08-09T00:00:00Z,82.36,0.0,34.65,100,5,97.42
1333,15,2025-08-10T00:00:00Z,76.98,0.0,33.89,100,0,98.45
1334,15,2025-08-11T00:00:00Z,84.54,0.0,33.89,100,8,96.68
1335,15,2025-08-12T00:00:00Z,79.88,0.0,35.56,100,12,96.79
1336,15,2025-08-13T00:00:00Z,81.13,0.0,35.0,97,0,97.73
1337,15,2025-08-14T00:00:00Z,88.22,8.75,33.76,68,49,24.4
1338,15,2025-08-15T00:00:00Z,100.0,100.0,55.71,36,98,0.01
1339,15,2025-08-16T00:00:00Z,76.47,0.0,21.67,100,28,94.14
1340,15,2025-08-17T00:00:00Z,77.32,0.0,22.01,100,42,88.43
1341,15,2025-08-18T00:00:00Z,77.84,0.0,25.97,100,0,98.38
1342,15,2025-08-19T00:00:00Z,79.63,0.0,25.76,90,0,96.83
1343,15,2025-08-20T00:00:00Z,90.47,91.05,10.0,33,98,0.01
1344,15,2025-08-21T00:00:00Z,82.46,0.0,34.68,84,0,94.87
1345,15,2025-08-22T00:00:00Z,78.24,0.0,35.28,100,0,98.35
1346,15,2025-08-23T00:00:00Z,77.85,0.0,33.54,100,0,98.38
1347,15,2025-08-24T00:00:00Z,79.76,0.0,35.35,100,0,98.22
1348,15,2025-08-25T00:00:00Z,97.13,78.22,27.22,47,93,0.04
1349,15,2025-08-26T00:00:00Z,93.34,49.41,42.22,52,86,0.29
1350,15,2025-08-27T00:00:00Z,78.02,0.0,35.42,98,0,98.16
1351,16,2025-05-30T00:00:00Z,100.0,100.0,70.98,30,98,0.0
1352,16,2025-05-31T00:00:00Z,92.38,87.22,72.27,30,100,0.01
1353,16,2025-06-01T00:00:00Z,100.0,86.43,65.24,36,100,0.01
1354,16,2025-06-02T00:00:00Z,80.71,94.3,54.08,33,100,0.01
1355,16,2025-06-03T00:00:00Z,83.46,82.39,61.79,30,100,0.02
1356,16,2025-06-04T00:00:00Z,100.0,91.19,65.71,30,100,0.01
1357,16,2025-06-05T00:00:00Z,71.95,98.45,52.71,30,95,0.02
1358,16,2025-06-06T00:00:00Z,85.12,83.93,60.53,30,100,0.01
1359,16,2025-06-07T00:00:00Z,74.75,91.99,60.6,30,96,0.02
1360,16,2025-06-08T00:00:00Z,94.56,91.66,58.23,30,100,0.01
1361,16,2025-06-09T00:00:00Z,92.93,84.1,65.84,30,98,0.01
1362,16,2025-06-10T00:00:00Z,100.0,79.03,61.27,33,100,0.01
1363,16,2025-06-11T00:00:00Z,100.0,81.51,61.65,30,98,0.01
1364,16,2025-06-12T00:00:00Z,100.0,93.87,76.06,32,96,0.01
1365,16,2025-06-13T00:00:00Z,94.48,61.87,69.77,30,98,0.02
1366,16,2025-06-14T00:00:00Z,84.37,87.68,62.75,33,100,0.02
1367,16,2025-06-15T00:00:00Z,90.81,99.2,75.8,30,96,0.01
1368,16,2025-06-16T00:00:00Z,88.17,85.53,73.99,30,100,0.01
1369,16,2025-06-17T00:00:00Z,100.0,80.55,60.46,30,100,0.01
1370,16,2025-06-18T00:00:00Z,95.2,90.8,54.46,30,100,0.01
1371,16,2025-06-19T00:00:00Z,79.88,81.1,58.69,30,100,0.02
1372,16,2025-06-20T00:00:00Z,100.0,85.94,76.43,30,100,0.01
1373,16,2025-06-21T00:00:00Z,76.42,90.29,54.46,32,100,0.02
1374,16,2025-06-22T00:00:00Z,73.17,67.57,63.43,30,100,0.05
1375,16,2025-06-23T00:00:00Z,100.0,55.77,70.53,30,98,0.02
1376,16,2025-06-24T00:00:00Z,100.0,93.27,75.52,30,100,0.0
1377,16,2025-06-25T00:00:00Z,70.54,82.97,55.6,30,100,0.03
1378,16,2025-06-26T00:00:00Z,94.86,67.88,65.41,33,100,0.02
1379,16,2025-06-27T00:00:00Z,85.45,88.0,66.59,33,100,0.01
1380,16,2025-06-28T00:00:00Z,88.05,89.84,72.56,30,100,0.01
1381,16,2025-06-29T00:00:00Z,100.0,100.0,68.53,33,100,0.0
1382,16,2025-06-30T00:00:00Z,100.0,97.62,71.34,33,100,0.0
1383,16,2025-07-01T00:00:00Z,76.0,94.15,66.99,33,100,0.02
1384,16,2025-07-02T00:00:00Z,92.26,56.16,53.96,30,98,0.03
1385,16,2025-07-03T00:00:00Z,100.0,100.0,74.79,30,100,0.0
1386,16,2025-07-04T00:00:00Z,96.14,84.68,58.74,33,98,0.01
1387,16,2025-07-05T00:00:00Z,100.0,82.17,69.39,33,100,0.01
1388,16,2025-07-06T00:00:00Z,100.0,86.76,54.46,32,96,0.01
1389,16,2025-07-07T00:00:00Z,100.0,86.74,56.08,30,100,0.01
1390,16,2025-07-08T00:00:00Z,100.0,99.53,55.79,30,100,0.0
1391,16,2025-07-09T00:00:00Z,95.09,100.0,70.48,30,100,0.0
1392,16,2025-07-10T00:00:00Z,84.26,88.34,57.98,35,96,0.02
1393,16,2025-07-11T00:00:00Z,100.0,89.38,59.36,36,96,0.01
1394,16,2025-07-12T00:00:00Z,100.0,89.66,58.43,30,100,0.01
1395,16,2025-07-13T00:00:00Z,78.07,86.31,68.17,33,98,0.03
1396,16,2025-07-14T00:00:00Z,82.49,58.21,61.85,30,98,0.05
1397,16,2025-07-15T00:00:00Z,95.1,89.9,53.33,30,96,0.01
1398,16,2025-07-16T00:00:00Z,100.0,88.72,55.47,30,100,0.01
1399,16,2025-07-17T00:00:00Z,96.31,99.87,75.34,33,100,0.01
1400,16,2025-07-18T00:00:00Z,85.48,88.74,57.04,33,100,0.01
1401,16,2025-07-19T00:00:00Z,95.96,100.0,57.26,30,98,0.01
1402,16,2025-07-20T00:00:00Z,97.6,100.0,70.45,30,100,0.0
1403,16,2025-07-21T00:00:00Z,71.91,83.64,57.85,30,100,0.03
1404,16,2025-07-22T00:00:00Z,100.0,100.0,61.32,30,100,0.0
1405,16,2025-07-23T00:00:00Z,83.26,94.45,54.75,30,100,0.01
1406,16,2025-07-24T00:00:00Z,76.09,100.0,55.61,30,100,0.01
1407,16,2025-07-25T00:00:00Z,96.64,90.06,67.68,30,100,0.01
1408,16,2025-07-26T00:00:00Z,97.59,83.92,54.11,39,100,0.01
1409,16,2025-07-27T00:00:00Z,83.18,87.0,60.68,30,100,0.01
1410,16,2025-07-28T00:00:00Z,97.08,69.75,68.85,30,100,0.01
1411,16,2025-07-29T00:00:00Z,100.0,100.0,54.08,30,89,0.01
1412,16,2025-07-30T00:00:00Z,86.95,33.85,30.44,76,65,8.38
1413,16,2025-07-31T00:00:00Z,79.43,0.0,25.0,100,5,97.77
1414,16,2025-08-01T00:00:00Z,77.37,0.0,26.87,92,9,96.09
1415,16,2025-08-02T00:00:00Z,76.24,0.0,20.69,89,14,94.42
1416,16,2025-08-03T00:00:00Z,89.48,23.61,13.15,67,40,19.81
1417,16,2025-08-04T00:00:00Z,82.18,0.0,28.92,59,45,30.6
1418,16,2025-08-05T00:00:00Z,79.59,0.0,25.69,84,14,91.37
1419,16,2025-08-06T00:00:00Z,78.61,0.0,25.97,78,26,80.99
1420,16,2025-08-07T00:00:00Z,79.0,0.0,25.49,100,50,82.49
1421,16,2025-08-08T00:00:00Z,77.01,0.0,25.35,73,11,87.86
1422,16,2025-08-09T00:00:00Z,76.51,0.0,20.97,99,16,96.49
1423,16,2025-08-10T00:00:00Z,76.93,0.0,21.46,97,11,96.84
1424,16,2025-08-11T00:00:00Z,77.73,6.16,25.28,100,17,95.34
1425,16,2025-08-12T00:00:00Z,78.92,0.0,25.69,100,3,98.02
1426,16,2025-08-13T00:00:00Z,79.44,0.0,25.14,96,32,89.92
1427,16,2025-08-14T00:00:00Z,77.12,0.0,24.86,100,16,96.59
1428,16,2025-08-15T00:00:00Z,77.52,0.0,25.42,97,9,97.05
1429,16,2025-08-16T00:00:00Z,93.28,73.15,9.74,36,86,0.04
1430,16,2025-08-17T00:00:00Z,81.38,0.0,23.89,77,30,74.1
1431,16,2025-08-18T00:00:00Z,77.18,0.0,25.35,100,0,98.43
1432,16,2025-08-19T00:00:00Z,78.7,1.24,25.83,93,0,97.33
1433,16,2025-08-20T00:00:00Z,79.17,0.0,27.08,90,24,90.39
1434,16,2025-08-21T00:00:00Z,77.76,0.0,25.9,85,28,85.96
1435,16,2025-08-22T00:00:00Z,78.25,0.0,26.39,98,0,98.14
1436,16,2025-08-23T00:00:00Z,94.96,60.67,9.44,33,91,0.04
1437,16,2025-08-24T00:00:00Z,82.03,0.0,23.08,98,43,83.59
1438,16,2025-08-25T00:00:00Z,78.08,0.0,25.69,100,23,95.01
1439,16,2025-08-26T00:00:00Z,79.56,0.0,26.11,100,36,90.22
1440,16,2025-08-27T00:00:00Z,76.42,0.0,25.21,100,23,95.39
1441,17,2025-05-30T00:00:00Z,88.9,97.53,57.31,30,98,0.01
1442,17,2025-05-31T00:00:00Z,95.18,92.59,61.7,36,100,0.01
1443,17,2025-06-01T00:00:00Z,100.0,100.0,68.45,30,100,0.0
1444,17,2025-06-02T00:00:00Z,88.69,100.0,75.04,33,100,0.01
1445,17,2025-06-03T00:00:00Z,85.63,77.65,57.95,38,96,0.04
1446,17,2025-06-04T00:00:00Z,94.12,63.29,68.88,30,100,0.02
1447,17,2025-06-05T00:00:00Z,100.0,100.0,55.96,30,100,0.0
1448,17,2025-06-06T00:00:00Z,85.58,97.45,55.3,36,100,0.01
1449,17,2025-06-07T00:00:00Z,100.0,92.23,59.87,30,95,0.01
1450,17,2025-06-08T00:00:00Z,75.74,93.83,65.08,33,100,0.02
1451,17,2025-06-09T00:00:00Z,83.76,69.18,71.32,30,100,0.03
1452,17,2025-06-10T00:00:00Z,76.38,100.0,62.6,33,100,0.01
1453,17,2025-06-11T00:00:00Z,92.72,96.64,64.47,33,100,0.01
1454,17,2025-06-12T00:00:00Z,94.04,91.68,60.08,30,100,0.01
1455,17,2025-06-13T00:00:00Z,90.53,87.57,67.57,33,100,0.01
1456,17,2025-06-14T00:00:00Z,99.79,100.0,60.35,30,100,0.0
1457,17,2025-06-15T00:00:00Z,100.0,98.07,62.33,30,100,0.0
1458,17,2025-06-16T00:00:00Z,99.3,100.0,75.93,30,96,0.0
1459,17,2025-06-17T00:00:00Z,90.21,94.4,55.83,30,100,0.01
1460,17,2025-06-18T00:00:00Z,100.0,82.09,69.08,30,100,0.01
1461,17,2025-06-19T00:00:00Z,100.0,100.0,73.74,36,100,0.01
1462,17,2025-06-20T00:00:00Z,87.41,100.0,52.71,30,100,0.01
1463,17,2025-06-21T00:00:00Z,100.0,83.43,62.57,33,100,0.01
1464,17,2025-06-22T00:00:00Z,92.91,80.12,65.39,30,100,0.01
1465,17,2025-06-23T00:00:00Z,94.34,100.0,54.86,30,98,0.01
1466,17,2025-06-24T00:00:00Z,96.71,100.0,74.38,33,100,0.01
1467,17,2025-06-25T00:00:00Z,99.98,92.21,65.09,30,98,0.01
1468,17,2025-06-26T00:00:00Z,100.0,75.95,61.91,30,98,0.01
1469,17,2025-06-27T00:00:00Z,93.8,100.0,60.74,30,100,0.01
1470,17,2025-06-28T00:00:00Z,100.0,91.2,67.27,30,100,0.01
1471,17,2025-06-29T00:00:00Z,99.51,91.73,64.88,30,100,0.01
1472,17,2025-06-30T00:00:00Z,84.29,84.84,56.15,30,100,0.01
1473,17,2025-07-01T00:00:00Z,100.0,82.35,64.86,33,100,0.01
1474,17,2025-07-02T00:00:00Z,100.0,73.8,55.69,30,98,0.01
1475,17,2025-07-03T00:00:00Z,91.91,100.0,76.28,30,100,0.01
1476,17,2025-07-04T00:00:00Z,94.11,94.42,56.06,30,100,0.01
1477,17,2025-07-05T00:00:00Z,85.62,92.0,56.12,30,98,0.01
1478,17,2025-07-06T00:00:00Z,75.74,97.94,56.35,33,100,0.02
1479,17,2025-07-07T00:00:00Z,100.0,100.0,67.64,30,100,0.0
1480,17,2025-07-08T00:00:00Z,100.0,100.0,66.76,30,100,0.0
1481,17,2025-07-09T00:00:00Z,94.86,85.14,63.6,39,100,0.01
1482,17,2025-07-10T00:00:00Z,100.0,89.2,63.82,30,100,0.01
1483,17,2025-07-11T00:00:00Z,100.0,89.26,74.14,32,98,0.01
1484,17,2025-07-12T00:00:00Z,77.9,100.0,55.43,33,98,0.01
1485,17,2025-07-13T00:00:00Z,92.78,100.0,68.12,32,100,0.01
1486,17,2025-07-14T00:00:00Z,98.15,100.0,61.51,30,100,0.0
1487,17,2025-07-15T00:00:00Z,86.89,100.0,56.46,30,95,0.01
1488,17,2025-07-16T00:00:00Z,100.0,93.66,74.86,30,100,0.0
1489,17,2025-07-17T00:00:00Z,84.8,83.21,59.7,33,96,0.02
1490,17,2025-07-18T00:00:00Z,98.07,100.0,53.52,33,100,0.0
1491,17,2025-07-19T00:00:00Z,100.0,100.0,59.52,30,98,0.0
1492,17,2025-07-20T00:00:00Z,79.46,90.28,53.01,30,100,0.02
1493,17,2025-07-21T00:00:00Z,94.39,85.43,56.91,30,100,0.01
1494,17,2025-07-22T00:00:00Z,94.32,75.36,60.04,30,100,0.01
1495,17,2025-07-23T00:00:00Z,99.64,79.76,68.98,30,100,0.01
1496,17,2025-07-24T00:00:00Z,100.0,100.0,65.09,30,100,0.0
1497,17,2025-07-25T00:00:00Z,94.7,100.0,64.43,30,100,0.0
1498,17,2025-07-26T00:00:00Z,100.0,87.42,74.25,30,100,0.01
1499,17,2025-07-27T00:00:00Z,93.75,91.75,63.28,33,98,0.01
1500,17,2025-07-28T00:00:00Z,100.0,55.63,69.03,30,96,0.03
1501,17,2025-07-29T00:00:00Z,81.46,89.04,58.24,36,100,0.02
1502,17,2025-07-30T00:00:00Z,100.0,100.0,65.91,30,100,0.0
1503,17,2025-07-31T00:00:00Z,94.29,46.26,37.45,63,83,0.71
1504,17,2025-08-01T00:00:00Z,83.08,0.0,34.72,73,0,90.26
1505,17,2025-08-02T00:00:00Z,80.9,0.0,34.03,100,7,97.35
1506,17,2025-08-03T00:00:00Z,82.62,0.0,33.89,80,0,93.52
1507,17,2025-08-04T00:00:00Z,81.79,0.0,35.07,100,0,98.04
1508,17,2025-08-05T00:00:00Z,80.05,0.0,34.51,100,0,98.2
1509,17,2025-08-06T00:00:00Z,81.85,0.0,34.37,92,0,96.86
1510,17,2025-08-07T00:00:00Z,79.18,0.0,34.58,98,0,98.06
1511,17,2025-08-08T00:00:00Z,79.79,0.0,35.14,100,0,98.22
1512,17,2025-08-09T00:00:00Z,86.81,9.27,33.66,85,60,35.17
1513,17,2025-08-10T00:00:00Z,92.47,100.0,63.81,30,95,0.01
1514,17,2025-08-11T00:00:00Z,95.96,79.57,31.33,33,88,0.02
1515,17,2025-08-12T00:00:00Z,80.35,0.0,35.0,100,0,98.17
1516,17,2025-08-13T00:00:00Z,82.29,0.0,35.9,100,0,97.99
1517,17,2025-08-14T00:00:00Z,81.85,0.0,35.28,100,0,98.03
1518,17,2025-08-15T00:00:00Z,80.48,0.0,35.49,100,8,97.28
1519,17,2025-08-16T00:00:00Z,79.27,0.0,34.86,100,3,97.99
1520,17,2025-08-17T00:00:00Z,81.64,0.0,34.58,99,5,97.36
1521,17,2025-08-18T00:00:00Z,79.63,0.0,34.86,100,23,94.63
1522,17,2025-08-19T00:00:00Z,81.41,0.0,35.58,100,35,89.84
1523,17,2025-08-20T00:00:00Z,88.56,95.52,64.22,33,100,0.01
1524,17,2025-08-21T00:00:00Z,82.08,0.0,35.18,100,20,94.77
1525,17,2025-08-22T00:00:00Z,81.28,0.0,34.65,100,27,92.99
1526,17,2025-08-23T00:00:00Z,79.8,0.0,34.58,100,0,98.22
1527,17,2025-08-24T00:00:00Z,82.06,0.0,35.07,100,29,92.03
1528,17,2025-08-25T00:00:00Z,80.4,0.0,34.51,100,0,98.17
1529,17,2025-08-26T00:00:00Z,81.76,4.33,35.62,100,23,93.01
1530,17,2025-08-27T00:00:00Z,80.19,0.0,35.62,82,0,94.84
1531,18,2025-05-30T00:00:00Z,100.0,85.57,62.21,30,100,0.01
1532,18,2025-05-31T00:00:00Z,75.49,100.0,62.37,30,100,0.01
1533,18,2025-06-01T00:00:00Z,99.81,86.21,64.16,30,100,0.01
1534,18,2025-06-02T00:00:00Z,97.22,100.0,61.69,33,100,0.01
1535,18,2025-06-03T00:00:00Z,94.1,100.0,57.74,30,100,0.0
1536,18,2025-06-04T00:00:00Z,93.75,76.18,73.05,30,100,0.01
1537,18,2025-06-05T00:00:00Z,77.47,89.06,72.62,30,100,0.02
1538,18,2025-06-06T00:00:00Z,100.0,95.2,69.07,30,100,0.0
1539,18,2025-06-07T00:00:00Z,84.86,91.52,53.07,30,100,0.01
1540,18,2025-06-08T00:00:00Z,100.0,65.79,57.42,30,100,0.01
1541,18,2025-06-09T00:00:00Z,85.61,100.0,76.79,33,100,0.01
1542,18,2025-06-10T00:00:00Z,94.62,83.49,71.82,30,100,0.01
1543,18,2025-06-11T00:00:00Z,100.0,87.62,72.72,30,100,0.01
1544,18,2025-06-12T00:00:00Z,100.0,100.0,74.9,30,100,0.0
1545,18,2025-06-13T00:00:00Z,98.26,76.97,73.4,30,100,0.01
1546,18,2025-06-14T00:00:00Z,89.54,100.0,59.94,36,98,0.01
1547,18,2025-06-15T00:00:00Z,86.86,74.67,72.23,30,100,0.02
1548,18,2025-06-16T00:00:00Z,90.67,84.09,63.65,30,100,0.01
1549,18,2025-06-17T00:00:00Z,93.08,100.0,58.61,33,100,0.01
1550,18,2025-06-18T00:00:00Z,100.0,78.94,53.39,30,100,0.01
1551,18,2025-06-19T00:00:00Z,89.23,100.0,57.49,30,95,0.01
1552,18,2025-06-20T00:00:00Z,95.56,91.3,66.15,30,100,0.01
1553,18,2025-06-21T00:00:00Z,85.04,76.13,67.09,30,100,0.02
1554,18,2025-06-22T00:00:00Z,100.0,100.0,69.94,30,100,0.0
1555,18,2025-06-23T00:00:00Z,95.14,98.76,58.54,30,100,0.0
1556,18,2025-06-24T00:00:00Z,97.18,100.0,58.0,30,100,0.0
1557,18,2025-06-25T00:00:00Z,88.28,100.0,65.1,30,100,0.01
1558,18,2025-06-26T00:00:00Z,92.23,76.48,65.52,30,100,0.01
1559,18,2025-06-27T00:00:00Z,88.67,98.21,52.64,30,100,0.01
1560,18,2025-06-28T00:00:00Z,77.15,98.24,56.89,33,100,0.01
1561,18,2025-06-29T00:00:00Z,96.04,100.0,64.32,33,100,0.01
1562,18,2025-06-30T00:00:00Z,100.0,94.93,62.81,30,98,0.01
1563,18,2025-07-01T00:00:00Z,77.94,100.0,61.03,33,100,0.01
1564,18,2025-07-02T00:00:00Z,88.42,79.74,75.16,30,100,0.01
1565,18,2025-07-03T00:00:00Z,85.29,78.5,54.89,30,100,0.02
1566,18,2025-07-04T00:00:00Z,100.0,98.8,58.62,30,100,0.0
1567,18,2025-07-05T00:00:00Z,100.0,100.0,58.24,30,98,0.0
1568,18,2025-07-06T00:00:00Z,100.0,84.34,55.84,33,100,0.01
1569,18,2025-07-07T00:00:00Z,91.41,96.39,53.44,30,100,0.01
1570,18,2025-07-08T00:00:00Z,100.0,80.87,66.84,33,96,0.01
1571,18,2025-07-09T00:00:00Z,81.2,100.0,71.8,30,98,0.01
1572,18,2025-07-10T00:00:00Z,100.0,100.0,59.82,36,100,0.01
1573,18,2025-07-11T00:00:00Z,91.27,71.07,58.17,30,98,0.02
1574,18,2025-07-12T00:00:00Z,74.62,61.25,53.97,30,96,0.08
1575,18,2025-07-13T00:00:00Z,89.16,67.0,71.26,36,100,0.03
1576,18,2025-07-14T00:00:00Z,82.8,100.0,59.0,30,100,0.01
1577,18,2025-07-15T00:00:00Z,100.0,100.0,63.04,30,98,0.0
1578,18,2025-07-16T00:00:00Z,100.0,99.08,60.85,30,100,0.0
1579,18,2025-07-17T00:00:00Z,92.82,99.94,74.06,33,98,0.01
1580,18,2025-07-18T00:00:00Z,99.7,82.77,64.05,30,100,0.01
1581,18,2025-07-19T00:00:00Z,100.0,96.84,56.06,30,100,0.0
1582,18,2025-07-20T00:00:00Z,85.68,100.0,70.76,30,100,0.01
1583,18,2025-07-21T00:00:00Z,94.44,100.0,64.32,30,91,0.01
1584,18,2025-07-22T00:00:00Z,87.09,87.13,74.1,30,95,0.02
1585,18,2025-07-23T00:00:00Z,79.51,76.8,60.55,30,93,0.04
1586,18,2025-07-24T00:00:00Z,100.0,94.03,74.86,30,100,0.0
1587,18,2025-07-25T00:00:00Z,100.0,96.99,62.19,33,95,0.01
1588,18,2025-07-26T00:00:00Z,99.44,100.0,61.09,30,100,0.0
1589,18,2025-07-27T00:00:00Z,93.08,100.0,69.92,33,100,0.01
1590,18,2025-07-28T00:00:00Z,100.0,87.62,56.86,33,100,0.01
1591,18,2025-07-29T00:00:00Z,85.57,12.95,29.33,62,35,30.44
1592,18,2025-07-30T00:00:00Z,77.39,39.68,26.53,69,32,28.56
1593,18,2025-07-31T00:00:00Z,87.84,38.19,25.79,64,70,2.71
1594,18,2025-08-01T00:00:00Z,84.46,100.0,59.99,32,100,0.01
1595,18,2025-08-02T00:00:00Z,92.29,84.44,11.11,33,100,0.01
1596,18,2025-08-03T00:00:00Z,78.3,15.71,21.94,89,37,72.04
1597,18,2025-08-04T00:00:00Z,78.79,0.0,25.56,72,30,70.69
1598,18,2025-08-05T00:00:00Z,77.67,37.65,25.28,77,26,48.26
1599,18,2025-08-06T00:00:00Z,78.13,0.0,24.72,53,21,55.56
1600,18,2025-08-07T00:00:00Z,78.79,15.81,26.87,91,27,82.32
1601,18,2025-08-08T00:00:00Z,78.98,39.78,25.9,100,19,81.91
1602,18,2025-08-09T00:00:00Z,77.36,0.0,21.39,100,42,88.41
1603,18,2025-08-10T00:00:00Z,75.53,0.0,21.74,71,6,89.88
1604,18,2025-08-11T00:00:00Z,77.92,11.12,25.97,79,1,91.28
1605,18,2025-08-12T00:00:00Z,77.89,5.93,25.95,95,42,81.28
1606,18,2025-08-13T00:00:00Z,100.0,91.41,13.33,35,98,0.01
1607,18,2025-08-14T00:00:00Z,78.07,15.58,25.76,85,32,72.58
1608,18,2025-08-15T00:00:00Z,78.42,0.0,25.56,81,31,80.05
1609,18,2025-08-16T00:00:00Z,77.63,5.69,21.39,66,43,42.58
1610,18,2025-08-17T00:00:00Z,78.46,22.69,21.88,81,23,70.66
1611,18,2025-08-18T00:00:00Z,99.42,80.83,67.26,30,100,0.01
1612,18,2025-08-19T00:00:00Z,96.34,83.22,12.89,30,78,0.03
1613,18,2025-08-20T00:00:00Z,77.93,0.0,26.11,78,9,91.16
1614,18,2025-08-21T00:00:00Z,79.01,19.0,25.56,77,48,37.98
1615,18,2025-08-22T00:00:00Z,77.42,0.0,25.62,96,54,76.66
1616,18,2025-08-23T00:00:00Z,77.79,0.0,21.81,100,39,89.66
1617,18,2025-08-24T00:00:00Z,76.84,38.75,21.25,75,22,50.2
1618,18,2025-08-25T00:00:00Z,77.86,0.0,25.0,87,0,96.53
1619,18,2025-08-26T00:00:00Z,81.39,0.0,28.81,81,58,47.26
1620,18,2025-08-27T00:00:00Z,91.95,100.0,73.72,30,100,0.01
1621,19,2025-05-30T00:00:00Z,100.0,98.58,71.08,30,100,0.0
1622,19,2025-05-31T00:00:00Z,93.14,91.53,54.44,30,100,0.01
1623,19,2025-06-01T00:00:00Z,100.0,75.34,75.42,30,98,0.01
1624,19,2025-06-02T00:00:00Z,94.92,100.0,58.4,30,98,0.01
1625,19,2025-06-03T00:00:00Z,93.72,100.0,66.38,30,98,0.01
1626,19,2025-06-04T00:00:00Z,100.0,82.88,70.96,30,100,0.01
1627,19,2025-06-05T00:00:00Z,90.48,96.24,62.24,30,100,0.01
1628,19,2025-06-06T00:00:00Z,86.72,74.93,52.99,33,100,0.02
1629,19,2025-06-07T00:00:00Z,95.3,96.38,62.27,30,100,0.01
1630,19,2025-06-08T00:00:00Z,97.94,60.02,62.65,30,100,0.02
1631,19,2025-06-09T00:00:00Z,84.8,100.0,59.27,30,100,0.01
1632,19,2025-06-10T00:00:00Z,68.46,98.42,66.3,30,100,0.02
1633,19,2025-06-11T00:00:00Z,89.82,100.0,61.42,33,98,0.01
1634,19,2025-06-12T00:00:00Z,86.97,97.19,67.04,33,100,0.01
1635,19,2025-06-13T00:00:00Z,91.78,94.01,62.12,33,100,0.01
1636,19,2025-06-14T00:00:00Z,98.68,92.58,73.08,33,100,0.01
1637,19,2025-06-15T00:00:00Z,93.55,52.06,53.13,39,98,0.07
1638,19,2025-06-16T00:00:00Z,99.91,91.68,76.83,30,98,0.01
1639,19,2025-06-17T00:00:00Z,83.35,83.75,66.58,30,96,0.02
1640,19,2025-06-18T00:00:00Z,83.99,97.23,55.9,30,94,0.01
1641,19,2025-06-19T00:00:00Z,99.25,100.0,54.63,30,100,0.0
1642,19,2025-06-20T00:00:00Z,100.0,95.02,65.27,33,100,0.01
1643,19,2025-06-21T00:00:00Z,100.0,80.66,68.29,33,100,0.01
1644,19,2025-06-22T00:00:00Z,100.0,84.37,56.92,33,100,0.01
1645,19,2025-06-23T00:00:00Z,100.0,95.59,53.73,30,98,0.0
1646,19,2025-06-24T00:00:00Z,100.0,95.3,65.82,33,100,0.01
1647,19,2025-06-25T00:00:00Z,100.0,67.71,60.49,30,96,0.02
1648,19,2025-06-26T00:00:00Z,98.92,98.78,70.94,30,98,0.0
1649,19,2025-06-27T00:00:00Z,96.41,58.09,68.08,33,100,0.03
1650,19,2025-06-28T00:00:00Z,100.0,92.4,59.52,32,100,0.01
1651,19,2025-06-29T00:00:00Z,98.56,90.79,59.33,30,100,0.01
1652,19,2025-06-30T00:00:00Z,100.0,100.0,71.42,30,100,0.0
1653,19,2025-07-01T00:00:00Z,95.48,83.09,73.95,30,100,0.01
1654,19,2025-07-02T00:00:00Z,87.27,78.85,63.84,30,98,0.02
1655,19,2025-07-03T00:00:00Z,91.78,86.19,56.69,33,100,0.01
1656,19,2025-07-04T00:00:00Z,71.74,76.23,63.93,33,100,0.05
1657,19,2025-07-05T00:00:00Z,86.98,96.91,58.18,30,100,0.01
1658,19,2025-07-06T00:00:00Z,100.0,94.97,60.63,30,100,0.0
1659,19,2025-07-07T00:00:00Z,89.13,100.0,72.24,35,100,0.01
1660,19,2025-07-08T00:00:00Z,97.64,100.0,73.52,30,100,0.0
1661,19,2025-07-09T00:00:00Z,81.28,100.0,54.23,36,100,0.01
1662,19,2025-07-10T00:00:00Z,91.3,100.0,71.88,30,96,0.01
1663,19,2025-07-11T00:00:00Z,80.23,100.0,52.98,30,100,0.01
1664,19,2025-07-12T00:00:00Z,95.64,89.09,67.44,32,100,0.01
1665,19,2025-07-13T00:00:00Z,94.78,92.46,71.24,39,98,0.01
1666,19,2025-07-14T00:00:00Z,100.0,97.41,62.78,32,98,0.01
1667,19,2025-07-15T00:00:00Z,90.52,100.0,61.33,36,98,0.01
1668,19,2025-07-16T00:00:00Z,89.92,100.0,56.5,33,100,0.01
1669,19,2025-07-17T00:00:00Z,100.0,97.99,59.18,38,100,0.01
1670,19,2025-07-18T00:00:00Z,100.0,100.0,61.87,30,100,0.0
1671,19,2025-07-19T00:00:00Z,96.5,100.0,60.16,30,96,0.01
1672,19,2025-07-20T00:00:00Z,100.0,85.29,62.36,30,100,0.01
1673,19,2025-07-21T00:00:00Z,95.28,71.75,72.9,30,100,0.01
1674,19,2025-07-22T00:00:00Z,87.13,100.0,76.24,30,96,0.01
1675,19,2025-07-23T00:00:00Z,85.1,93.53,55.95,30,98,0.01
1676,19,2025-07-24T00:00:00Z,80.32,100.0,72.44,33,100,0.01
1677,19,2025-07-25T00:00:00Z,61.24,100.0,54.02,30,96,0.03
1678,19,2025-07-26T00:00:00Z,100.0,77.38,69.12,30,98,0.01
1679,19,2025-07-27T00:00:00Z,90.96,65.88,74.41,33,100,0.03
1680,19,2025-07-28T00:00:00Z,84.99,89.88,64.13,30,100,0.01
1681,19,2025-07-29T00:00:00Z,84.78,68.11,58.86,33,100,0.03
1682,19,2025-07-30T00:00:00Z,91.22,21.99,37.41,43,66,1.54
1683,19,2025-07-31T00:00:00Z,81.49,0.0,34.79,100,0,98.06
1684,19,2025-08-01T00:00:00Z,80.64,0.0,34.93,100,0,98.14
1685,19,2025-08-02T00:00:00Z,80.18,0.0,34.72,100,0,98.19
1686,19,2025-08-03T00:00:00Z,81.82,0.0,33.96,100,0,98.03
1687,19,2025-08-04T00:00:00Z,80.99,0.0,35.0,100,0,98.11
1688,19,2025-08-05T00:00:00Z,88.15,0.0,32.78,87,46,62.54
1689,19,2025-08-06T00:00:00Z,93.45,91.03,53.76,30,98,0.01
1690,19,2025-08-07T00:00:00Z,89.92,0.0,34.42,79,66,25.81
1691,19,2025-08-08T00:00:00Z,80.02,0.0,35.35,100,0,98.2
1692,19,2025-08-09T00:00:00Z,82.39,0.0,34.58,100,5,97.42
1693,19,2025-08-10T00:00:00Z,80.39,0.0,34.65,100,0,98.17
1694,19,2025-08-11T00:00:00Z,80.75,0.0,34.1,100,0,98.13
1695,19,2025-08-12T00:00:00Z,81.63,0.0,34.1,100,41,86.63
1696,19,2025-08-13T00:00:00Z,92.95,34.72,35.61,76,77,3.47
1697,19,2025-08-14T00:00:00Z,100.0,76.37,66.96,30,100,0.01
1698,19,2025-08-15T00:00:00Z,92.7,56.07,25.19,62,84,0.47
1699,19,2025-08-16T00:00:00Z,77.06,0.0,22.08,100,0,98.44
1700,19,2025-08-17T00:00:00Z,78.88,0.0,21.46,100,0,98.3
1701,19,2025-08-18T00:00:00Z,77.96,0.0,26.94,100,40,89.11
1702,19,2025-08-19T00:00:00Z,77.78,0.0,26.04,100,0,98.39
1703,19,2025-08-20T00:00:00Z,87.48,0.0,25.33,100,3,97.0
1704,19,2025-08-21T00:00:00Z,73.68,84.22,60.1,35,100,0.04
1705,19,2025-08-22T00:00:00Z,85.16,0.0,36.19,100,71,54.78
1706,19,2025-08-23T00:00:00Z,81.96,0.0,35.28,100,4,97.59
1707,19,2025-08-24T00:00:00Z,79.7,0.0,34.79,100,23,94.61
1708,19,2025-08-25T00:00:00Z,82.21,0.0,34.72,100,15,95.85
1709,19,2025-08-26T00:00:00Z,80.6,0.0,34.37,100,14,96.34
1710,19,2025-08-27T00:00:00Z,83.68,0.0,34.1,100,0,97.85
1711,20,2025-05-30T00:00:00Z,86.67,92.47,57.9,33,100,0.01
1712,20,2025-05-31T00:00:00Z,87.44,98.54,63.22,30,98,0.01
1713,20,2025-06-01T00:00:00Z,91.79,78.54,57.04,33,100,0.02
1714,20,2025-06-02T00:00:00Z,100.0,100.0,73.33,32,100,0.0
1715,20,2025-06-03T00:00:00Z,94.71,95.6,58.12,30,100,0.01
1716,20,2025-06-04T00:00:00Z,87.7,100.0,65.76,30,100,0.01
1717,20,2025-06-05T00:00:00Z,100.0,98.33,59.95,30,100,0.0
1718,20,2025-06-06T00:00:00Z,79.89,86.91,58.33,36,100,0.02
1719,20,2025-06-07T00:00:00Z,92.32,79.44,59.83,33,100,0.01
1720,20,2025-06-08T00:00:00Z,86.95,100.0,71.59,33,100,0.01
1721,20,2025-06-09T00:00:00Z,77.08,93.76,59.48,33,100,0.02
1722,20,2025-06-10T00:00:00Z,98.28,97.52,72.28,33,100,0.01
1723,20,2025-06-11T00:00:00Z,88.92,65.41,52.74,30,98,0.03
1724,20,2025-06-12T00:00:00Z,62.07,74.13,57.1,30,100,0.07
1725,20,2025-06-13T00:00:00Z,87.59,100.0,54.74,33,96,0.01
1726,20,2025-06-14T00:00:00Z,90.91,99.51,60.22,30,98,0.01
1727,20,2025-06-15T00:00:00Z,95.81,89.71,70.48,30,100,0.01
1728,20,2025-06-16T00:00:00Z,84.01,88.87,72.72,30,100,0.01
1729,20,2025-06-17T00:00:00Z,80.98,100.0,55.01,36,100,0.01
1730,20,2025-06-18T00:00:00Z,84.12,75.84,75.88,30,100,0.02
1731,20,2025-06-19T00:00:00Z,100.0,100.0,69.17,30,100,0.0
1732,20,2025-06-20T00:00:00Z,94.4,96.05,59.37,33,98,0.01
1733,20,2025-06-21T00:00:00Z,94.15,98.52,54.2,30,100,0.01
1734,20,2025-06-22T00:00:00Z,87.08,83.88,54.42,30,100,0.01
1735,20,2025-06-23T00:00:00Z,100.0,100.0,58.09,33,100,0.0
1736,20,2025-06-24T00:00:00Z,89.84,85.42,54.53,30,100,0.01
1737,20,2025-06-25T00:00:00Z,94.83,66.53,63.88,30,100,0.02
1738,20,2025-06-26T00:00:00Z,80.11,92.69,60.32,36,98,0.02
1739,20,2025-06-27T00:00:00Z,99.0,90.07,66.58,30,100,0.01
1740,20,2025-06-28T00:00:00Z,88.06,88.51,69.53,33,100,0.01
1741,20,2025-06-29T00:00:00Z,93.68,83.37,53.16,33,100,0.01
1742,20,2025-06-30T00:00:00Z,100.0,100.0,61.97,33,100,0.0
1743,20,2025-07-01T00:00:00Z,100.0,80.66,55.39,30,100,0.01
1744,20,2025-07-02T00:00:00Z,88.06,88.05,53.55,30,100,0.01
1745,20,2025-07-03T00:00:00Z,88.82,76.53,53.66,30,100,0.02
1746,20,2025-07-04T00:00:00Z,90.13,91.4,69.16,30,100,0.01
1747,20,2025-07-05T00:00:00Z,86.13,86.57,53.45,33,100,0.02
1748,20,2025-07-06T00:00:00Z,84.81,89.73,70.87,33,100,0.01
1749,20,2025-07-07T00:00:00Z,94.75,91.59,73.0,33,100,0.01
1750,20,2025-07-08T00:00:00Z,84.41,100.0,63.74,30,100,0.01
1751,20,2025-07-09T00:00:00Z,90.05,82.06,62.82,36,100,0.02
1752,20,2025-07-10T00:00:00Z,93.99,100.0,63.12,30,96,0.01
1753,20,2025-07-11T00:00:00Z,100.0,83.27,57.25,30,100,0.01
1754,20,2025-07-12T00:00:00Z,88.28,92.19,75.3,33,100,0.01
1755,20,2025-07-13T00:00:00Z,74.56,92.42,62.16,30,100,0.02
1756,20,2025-07-14T00:00:00Z,100.0,100.0,59.27,36,100,0.01
1757,20,2025-07-15T00:00:00Z,75.18,82.27,62.01,33,98,0.03
1758,20,2025-07-16T00:00:00Z,89.91,100.0,62.69,33,100,0.01
1759,20,2025-07-17T00:00:00Z,90.13,83.0,64.66,30,100,0.01
1760,20,2025-07-18T00:00:00Z,95.16,100.0,74.23,32,100,0.01
1761,20,2025-07-19T00:00:00Z,78.67,100.0,59.51,30,100,0.01
1762,20,2025-07-20T00:00:00Z,95.03,78.91,66.56,34,98,0.02
1763,20,2025-07-21T00:00:00Z,73.81,86.56,68.26,30,100,0.02
1764,20,2025-07-22T00:00:00Z,82.16,70.11,58.92,33,100,0.04
1765,20,2025-07-23T00:00:00Z,79.54,90.37,59.15,30,98,0.02
1766,20,2025-07-24T00:00:00Z,87.35,100.0,71.29,30,96,0.01
1767,20,2025-07-25T00:00:00Z,88.22,97.84,69.19,33,100,0.01
1768,20,2025-07-26T00:00:00Z,92.97,61.67,53.36,33,100,0.03
1769,20,2025-07-27T00:00:00Z,100.0,91.25,67.52,30,100,0.01
1770,20,2025-07-28T00:00:00Z,100.0,85.4,54.16,30,100,0.01
1771,20,2025-07-29T00:00:00Z,86.28,0.0,30.48,87,53,56.37
1772,20,2025-07-30T00:00:00Z,79.23,0.0,25.83,100,12,96.89
1773,20,2025-07-31T00:00:00Z,85.15,0.0,29.58,100,53,74.88
1774,20,2025-08-01T00:00:00Z,100.0,77.94,59.54,33,100,0.01
1775,20,2025-08-02T00:00:00Z,99.5,85.65,12.0,30,87,0.01
1776,20,2025-08-03T00:00:00Z,76.91,0.0,20.97,100,0,98.46
1777,20,2025-08-04T00:00:00Z,78.41,0.0,25.9,100,18,96.01
1778,20,2025-08-05T00:00:00Z,79.21,0.0,25.35,100,0,98.27
1779,20,2025-08-06T00:00:00Z,79.33,0.0,25.56,100,11,97.02
1780,20,2025-08-07T00:00:00Z,80.12,0.0,26.52,100,0,98.19
1781,20,2025-08-08T00:00:00Z,93.84,72.04,12.96,33,87,0.04
1782,20,2025-08-09T00:00:00Z,83.46,0.0,24.27,100,27,92.25
1783,20,2025-08-10T00:00:00Z,100.0,90.76,65.34,30,100,0.01
1784,20,2025-08-11T00:00:00Z,93.15,58.51,10.33,54,89,0.2
1785,20,2025-08-12T00:00:00Z,77.63,0.0,25.35,100,0,98.4
1786,20,2025-08-13T00:00:00Z,77.39,0.0,25.35,100,10,97.42
1787,20,2025-08-14T00:00:00Z,82.51,0.0,28.33,100,35,89.32
1788,20,2025-08-15T00:00:00Z,92.11,67.56,13.33,37,93,0.04
1789,20,2025-08-16T00:00:00Z,77.17,0.0,21.46,100,0,98.44
1790,20,2025-08-17T00:00:00Z,78.41,0.0,22.55,100,0,98.34
1791,20,2025-08-18T00:00:00Z,95.66,96.12,71.18,30,100,0.01
1792,20,2025-08-19T00:00:00Z,100.0,100.0,53.04,30,100,0.0
1793,20,2025-08-20T00:00:00Z,84.78,0.0,31.14,100,2,97.49
1794,20,2025-08-21T00:00:00Z,78.61,0.0,24.65,100,21,95.34
1795,20,2025-08-22T00:00:00Z,77.85,0.0,25.07,100,17,96.29
1796,20,2025-08-23T00:00:00Z,90.39,0.0,11.05,63,56,17.66
1797,20,2025-08-24T00:00:00Z,75.96,0.0,21.6,100,17,96.62
1798,20,2025-08-25T00:00:00Z,79.25,0.0,25.28,100,0,98.27
1799,20,2025-08-26T00:00:00Z,80.03,0.0,25.49,100,0,98.2
1800,20,2025-08-27T00:00:00Z,79.27,0.0,25.42,100,0,98.27
1801,21,2025-05-30T00:00:00Z,90.44,100.0,70.97,30,100,0.01
1802,21,2025-05-31T00:00:00Z,100.0,74.83,66.77,32,100,0.01
1803,21,2025-06-01T00:00:00Z,100.0,95.99,66.91,30,100,0.0
1804,21,2025-06-02T00:00:00Z,100.0,100.0,53.54,30,100,0.0
1805,21,2025-06-03T00:00:00Z,86.37,100.0,58.67,30,95,0.01
1806,21,2025-06-04T00:00:00Z,100.0,100.0,57.53,30,100,0.0
1807,21,2025-06-05T00:00:00Z,95.77,100.0,55.77,33,100,0.01
1808,21,2025-06-06T00:00:00Z,84.91,85.46,57.55,30,100,0.01
1809,21,2025-06-07T00:00:00Z,99.17,97.73,76.82,30,100,0.0
1810,21,2025-06-08T00:00:00Z,99.51,100.0,71.75,30,96,0.0
1811,21,2025-06-09T00:00:00Z,98.05,97.99,55.09,30,100,0.0
1812,21,2025-06-10T00:00:00Z,85.06,100.0,71.01,30,100,0.01
1813,21,2025-06-11T00:00:00Z,92.94,67.48,60.12,30,100,0.02
1814,21,2025-06-12T00:00:00Z,80.63,100.0,67.74,33,100,0.01
1815,21,2025-06-13T00:00:00Z,71.11,100.0,55.94,30,95,0.02
1816,21,2025-06-14T00:00:00Z,97.84,91.17,70.36,30,100,0.01
1817,21,2025-06-15T00:00:00Z,86.6,82.01,56.68,30,95,0.02
1818,21,2025-06-16T00:00:00Z,94.62,100.0,71.43,30,95,0.01
1819,21,2025-06-17T00:00:00Z,96.96,95.77,52.8,30,95,0.01
1820,21,2025-06-18T00:00:00Z,100.0,100.0,53.71,30,96,0.0
1821,21,2025-06-19T00:00:00Z,86.51,95.15,69.17,30,100,0.01
1822,21,2025-06-20T00:00:00Z,83.55,100.0,53.77,30,100,0.01
1823,21,2025-06-21T00:00:00Z,100.0,86.04,58.42,32,90,0.01
1824,21,2025-06-22T00:00:00Z,100.0,94.84,55.2,33,100,0.01
1825,21,2025-06-23T00:00:00Z,86.3,100.0,55.16,30,100,0.01
1826,21,2025-06-24T00:00:00Z,100.0,100.0,54.66,30,100,0.0
1827,21,2025-06-25T00:00:00Z,82.79,89.8,70.63,30,100,0.01
1828,21,2025-06-26T00:00:00Z,100.0,98.4,53.03,33,100,0.0
1829,21,2025-06-27T00:00:00Z,80.38,91.42,68.95,30,100,0.01
1830,21,2025-06-28T00:00:00Z,95.49,100.0,65.49,33,100,0.01
1831,21,2025-06-29T00:00:00Z,95.81,83.24,68.38,30,100,0.01
1832,21,2025-06-30T00:00:00Z,100.0,82.99,72.64,33,100,0.01
1833,21,2025-07-01T00:00:00Z,76.83,81.93,67.07,30,100,0.02
1834,21,2025-07-02T00:00:00Z,88.81,100.0,68.93,30,100,0.01
1835,21,2025-07-03T00:00:00Z,87.74,100.0,54.56,30,100,0.01
1836,21,2025-07-04T00:00:00Z,90.23,100.0,58.78,30,96,0.01
1837,21,2025-07-05T00:00:00Z,77.7,100.0,62.29,30,100,0.01
1838,21,2025-07-06T00:00:00Z,97.58,100.0,58.12,34,95,0.01
1839,21,2025-07-07T00:00:00Z,83.59,100.0,54.72,30,100,0.01
1840,21,2025-07-08T00:00:00Z,76.85,100.0,65.71,33,95,0.02
1841,21,2025-07-09T00:00:00Z,84.42,100.0,56.05,30,100,0.01
1842,21,2025-07-10T00:00:00Z,81.0,72.89,59.02,30,100,0.03
1843,21,2025-07-11T00:00:00Z,88.93,74.77,66.75,30,100,0.02
1844,21,2025-07-12T00:00:00Z,100.0,97.59,63.75,30,98,0.0
1845,21,2025-07-13T00:00:00Z,92.33,100.0,60.92,30,100,0.01
1846,21,2025-07-14T00:00:00Z,87.98,100.0,64.44,30,100,0.01
1847,21,2025-07-15T00:00:00Z,79.87,100.0,56.82,30,100,0.01
1848,21,2025-07-16T00:00:00Z,97.17,96.05,71.04,32,100,0.01
1849,21,2025-07-17T00:00:00Z,100.0,73.47,64.89,30,100,0.01
1850,21,2025-07-18T00:00:00Z,94.1,95.61,60.31,30,100,0.01
1851,21,2025-07-19T00:00:00Z,100.0,100.0,62.02,30,100,0.0
1852,21,2025-07-20T00:00:00Z,90.73,59.91,57.01,30,100,0.03
1853,21,2025-07-21T00:00:00Z,89.83,77.26,69.83,33,94,0.02
1854,21,2025-07-22T00:00:00Z,93.76,100.0,57.81,30,100,0.01
1855,21,2025-07-23T00:00:00Z,98.89,100.0,62.05,30,100,0.0
1856,21,2025-07-24T00:00:00Z,92.79,100.0,61.49,35,100,0.01
1857,21,2025-07-25T00:00:00Z,99.27,81.15,73.48,33,96,0.01
1858,21,2025-07-26T00:00:00Z,94.24,98.54,57.71,30,100,0.01
1859,21,2025-07-27T00:00:00Z,97.69,100.0,63.34,33,100,0.0
1860,21,2025-07-28T00:00:00Z,81.32,100.0,59.29,33,100,0.01
1861,21,2025-07-29T00:00:00Z,93.66,55.2,37.98,41,81,0.15
1862,21,2025-07-30T00:00:00Z,100.0,98.47,73.33,30,100,0.0
1863,21,2025-07-31T00:00:00Z,93.05,41.43,13.89,41,78,0.32
1864,21,2025-08-01T00:00:00Z,77.55,0.0,25.28,97,40,87.47
1865,21,2025-08-02T00:00:00Z,76.6,0.0,22.43,77,0,94.21
1866,21,2025-08-03T00:00:00Z,82.86,0.0,24.72,76,33,68.29
1867,21,2025-08-04T00:00:00Z,90.37,46.54,34.18,72,86,1.26
1868,21,2025-08-05T00:00:00Z,82.27,7.49,34.58,100,26,90.78
1869,21,2025-08-06T00:00:00Z,80.74,54.57,35.0,98,11,75.22
1870,21,2025-08-07T00:00:00Z,80.06,7.66,34.17,66,55,24.98
1871,21,2025-08-08T00:00:00Z,91.09,72.79,36.05,59,61,0.69
1872,21,2025-08-09T00:00:00Z,84.4,90.78,60.36,30,100,0.01
1873,21,2025-08-10T00:00:00Z,93.75,46.44,38.96,44,71,0.43
1874,21,2025-08-11T00:00:00Z,83.26,5.3,34.44,75,30,65.13
1875,21,2025-08-12T00:00:00Z,80.93,0.0,34.37,98,2,97.67
1876,21,2025-08-13T00:00:00Z,80.66,0.0,36.04,72,31,67.64
1877,21,2025-08-14T00:00:00Z,80.09,0.0,34.03,94,17,94.19
1878,21,2025-08-15T00:00:00Z,81.45,3.55,35.49,69,6,83.55
1879,21,2025-08-16T00:00:00Z,80.72,7.84,34.51,96,41,79.59
1880,21,2025-08-17T00:00:00Z,88.21,65.8,32.5,70,32,8.0
1881,21,2025-08-18T00:00:00Z,89.84,55.55,33.98,45,77,0.28
1882,21,2025-08-19T00:00:00Z,81.16,37.62,34.79,79,55,17.18
1883,21,2025-08-20T00:00:00Z,81.0,0.0,34.79,96,53,74.27
1884,21,2025-08-21T00:00:00Z,80.85,0.0,36.18,85,32,81.12
1885,21,2025-08-22T00:00:00Z,80.15,0.0,33.96,68,26,68.41
1886,21,2025-08-23T00:00:00Z,81.77,0.0,34.58,88,42,74.87
1887,21,2025-08-24T00:00:00Z,90.9,34.53,34.67,68,60,5.49
1888,21,2025-08-25T00:00:00Z,100.0,85.7,30.0,33,100,0.01
1889,21,2025-08-26T00:00:00Z,81.2,16.28,35.0,89,21,82.9
1890,21,2025-08-27T00:00:00Z,80.41,0.0,34.51,95,27,91.13
1891,22,2025-05-30T00:00:00Z,92.0,100.0,60.38,30,100,0.01
1892,22,2025-05-31T00:00:00Z,95.55,93.86,65.8,30,100,0.01
1893,22,2025-06-01T00:00:00Z,100.0,97.05,65.88,32,98,0.01
1894,22,2025-06-02T00:00:00Z,88.4,93.8,62.71,30,100,0.01
1895,22,2025-06-03T00:00:00Z,81.02,82.63,55.94,33,95,0.03
1896,22,2025-06-04T00:00:00Z,78.09,100.0,53.49,30,98,0.01
1897,22,2025-06-05T00:00:00Z,94.0,63.89,72.74,36,100,0.03
1898,22,2025-06-06T00:00:00Z,90.05,91.04,69.18,33,100,0.01
1899,22,2025-06-07T00:00:00Z,79.42,90.65,54.78,30,100,0.02
1900,22,2025-06-08T00:00:00Z,73.62,95.22,55.47,33,98,0.02
1901,22,2025-06-09T00:00:00Z,100.0,98.41,57.48,30,100,0.0
1902,22,2025-06-10T00:00:00Z,100.0,100.0,74.23,33,100,0.0
1903,22,2025-06-11T00:00:00Z,100.0,97.4,61.14,30,100,0.0
1904,22,2025-06-12T00:00:00Z,100.0,94.21,65.59,30,98,0.01
1905,22,2025-06-13T00:00:00Z,87.95,94.64,74.72,30,98,0.01
1906,22,2025-06-14T00:00:00Z,88.69,100.0,64.25,33,100,0.01
1907,22,2025-06-15T00:00:00Z,90.65,80.39,53.57,36,98,0.02
1908,22,2025-06-16T00:00:00Z,95.07,79.9,75.4,33,100,0.01
1909,22,2025-06-17T00:00:00Z,99.55,70.84,57.19,33,100,0.01
1910,22,2025-06-18T00:00:00Z,84.25,100.0,57.94,30,100,0.01
1911,22,2025-06-19T00:00:00Z,90.69,100.0,56.91,30,100,0.01
1912,22,2025-06-20T00:00:00Z,89.61,100.0,63.0,33,98,0.01
1913,22,2025-06-21T00:00:00Z,76.65,94.69,60.58,30,100,0.01
1914,22,2025-06-22T00:00:00Z,99.76,96.51,56.53,30,100,0.0
1915,22,2025-06-23T00:00:00Z,100.0,80.46,69.26,30,100,0.01
1916,22,2025-06-24T00:00:00Z,95.8,67.61,59.23,32,100,0.02
1917,22,2025-06-25T00:00:00Z,90.62,87.25,66.05,33,98,0.01
1918,22,2025-06-26T00:00:00Z,98.74,96.46,59.77,30,100,0.0
1919,22,2025-06-27T00:00:00Z,100.0,88.37,65.73,30,100,0.01
1920,22,2025-06-28T00:00:00Z,77.66,99.08,59.38,30,100,0.01
1921,22,2025-06-29T00:00:00Z,86.77,79.45,52.96,30,100,0.02
1922,22,2025-06-30T00:00:00Z,82.34,82.75,72.05,30,95,0.02
1923,22,2025-07-01T00:00:00Z,98.07,100.0,65.07,30,100,0.0
1924,22,2025-07-02T00:00:00Z,93.83,88.23,75.66,30,100,0.01
1925,22,2025-07-03T00:00:00Z,86.15,86.92,75.62,33,100,0.02
1926,22,2025-07-04T00:00:00Z,82.15,100.0,66.35,30,100,0.01
1927,22,2025-07-05T00:00:00Z,82.15,100.0,63.76,33,100,0.01
1928,22,2025-07-06T00:00:00Z,100.0,91.58,57.47,30,100,0.01
1929,22,2025-07-07T00:00:00Z,86.77,90.41,67.99,30,100,0.01
1930,22,2025-07-08T00:00:00Z,92.63,85.73,58.87,30,100,0.01
1931,22,2025-07-09T00:00:00Z,100.0,85.82,69.62,32,100,0.01
1932,22,2025-07-10T00:00:00Z,94.57,81.11,60.35,30,100,0.01
1933,22,2025-07-11T00:00:00Z,100.0,87.02,59.89,30,100,0.01
1934,22,2025-07-12T00:00:00Z,100.0,100.0,75.82,30,96,0.0
1935,22,2025-07-13T00:00:00Z,80.97,91.35,68.33,30,100,0.01
1936,22,2025-07-14T00:00:00Z,99.71,98.76,58.67,30,100,0.0
1937,22,2025-07-15T00:00:00Z,100.0,100.0,64.65,30,100,0.0
1938,22,2025-07-16T00:00:00Z,97.64,100.0,68.49,32,100,0.0
1939,22,2025-07-17T00:00:00Z,88.94,100.0,64.22,30,100,0.01
1940,22,2025-07-18T00:00:00Z,81.76,74.94,54.27,30,100,0.03
1941,22,2025-07-19T00:00:00Z,87.43,80.44,66.89,30,100,0.02
1942,22,2025-07-20T00:00:00Z,100.0,100.0,61.76,30,100,0.0
1943,22,2025-07-21T00:00:00Z,89.76,85.39,69.04,30,100,0.01
1944,22,2025-07-22T00:00:00Z,100.0,95.13,75.23,30,100,0.0
1945,22,2025-07-23T00:00:00Z,98.99,79.7,56.76,30,100,0.01
1946,22,2025-07-24T00:00:00Z,98.17,100.0,64.22,30,100,0.0
1947,22,2025-07-25T00:00:00Z,96.79,62.23,53.52,30,100,0.02
1948,22,2025-07-26T00:00:00Z,80.56,65.75,56.67,30,100,0.04
1949,22,2025-07-27T00:00:00Z,96.36,89.63,60.5,33,96,0.01
1950,22,2025-07-28T00:00:00Z,100.0,62.32,56.14,30,100,0.02
1951,22,2025-07-29T00:00:00Z,87.36,49.4,38.67,82,67,5.87
1952,22,2025-07-30T00:00:00Z,80.72,33.08,35.56,78,84,5.32
1953,22,2025-07-31T00:00:00Z,79.72,17.66,34.72,73,53,27.64
1954,22,2025-08-01T00:00:00Z,80.69,7.82,35.56,74,51,38.76
1955,22,2025-08-02T00:00:00Z,80.45,2.2,34.93,86,46,67.9
1956,22,2025-08-03T00:00:00Z,80.65,48.19,34.1,78,33,28.29
1957,22,2025-08-04T00:00:00Z,80.77,9.54,35.07,100,30,88.89
1958,22,2025-08-05T00:00:00Z,89.94,43.01,35.33,56,71,1.2
1959,22,2025-08-06T00:00:00Z,90.44,98.16,58.11,30,100,0.01
1960,22,2025-08-07T00:00:00Z,92.62,37.11,38.52,47,88,0.33
1961,22,2025-08-08T00:00:00Z,87.57,12.54,33.33,65,69,8.09
1962,22,2025-08-09T00:00:00Z,98.19,100.0,33.33,33,100,0.0
1963,22,2025-08-10T00:00:00Z,80.63,0.0,34.44,78,44,61.03
1964,22,2025-08-11T00:00:00Z,80.86,0.0,34.65,99,0,98.01
1965,22,2025-08-12T00:00:00Z,81.0,20.9,35.02,79,15,75.1
1966,22,2025-08-13T00:00:00Z,95.77,95.21,38.67,36,96,0.01
1967,22,2025-08-14T00:00:00Z,82.5,25.72,35.07,78,67,13.89
1968,22,2025-08-15T00:00:00Z,81.74,34.3,35.56,62,28,24.25
1969,22,2025-08-16T00:00:00Z,82.91,9.79,37.15,66,54,21.8
1970,22,2025-08-17T00:00:00Z,84.55,0.0,35.39,96,32,87.35
1971,22,2025-08-18T00:00:00Z,92.79,30.97,35.43,53,55,3.08
1972,22,2025-08-19T00:00:00Z,80.68,21.05,35.97,99,46,68.22
1973,22,2025-08-20T00:00:00Z,79.79,0.0,34.31,97,16,95.39
1974,22,2025-08-21T00:00:00Z,80.07,23.36,34.1,80,28,61.35
1975,22,2025-08-22T00:00:00Z,85.49,62.39,34.21,72,51,4.74
1976,22,2025-08-23T00:00:00Z,100.0,96.56,31.67,30,88,0.01
1977,22,2025-08-24T00:00:00Z,80.4,0.0,34.86,95,15,94.93
1978,22,2025-08-25T00:00:00Z,81.74,14.48,35.51,64,54,17.86
1979,22,2025-08-26T00:00:00Z,97.46,100.0,72.0,30,94,0.01
1980,22,2025-08-27T00:00:00Z,85.97,19.68,35.72,60,27,30.24
1981,23,2025-05-30T00:00:00Z,99.53,100.0,60.94,30,95,0.0
1982,23,2025-05-31T00:00:00Z,86.07,93.51,54.22,30,94,0.01
1983,23,2025-06-01T00:00:00Z,100.0,94.19,63.29,30,100,0.0
1984,23,2025-06-02T00:00:00Z,84.46,100.0,54.52,30,100,0.01
1985,23,2025-06-03T00:00:00Z,99.32,100.0,61.74,36,100,0.01
1986,23,2025-06-04T00:00:00Z,74.71,100.0,53.29,30,100,0.01
1987,23,2025-06-05T00:00:00Z,94.61,100.0,68.44,30,100,0.0
1988,23,2025-06-06T00:00:00Z,94.6,100.0,56.49,30,100,0.0
1989,23,2025-06-07T00:00:00Z,100.0,99.19,73.69,32,96,0.01
1990,23,2025-06-08T00:00:00Z,100.0,95.91,72.67,30,95,0.01
1991,23,2025-06-09T00:00:00Z,100.0,100.0,54.13,30,100,0.0
1992,23,2025-06-10T00:00:00Z,100.0,100.0,76.63,33,100,0.0
1993,23,2025-06-11T00:00:00Z,95.67,100.0,68.19,33,96,0.01
1994,23,2025-06-12T00:00:00Z,99.7,96.47,58.88,33,98,0.01
1995,23,2025-06-13T00:00:00Z,96.02,98.31,59.39,30,100,0.0
1996,23,2025-06-14T00:00:00Z,100.0,100.0,64.03,30,100,0.0
1997,23,2025-06-15T00:00:00Z,99.89,88.2,64.78,30,95,0.01
1998,23,2025-06-16T00:00:00Z,80.04,82.62,65.89,30,100,0.02
1999,23,2025-06-17T00:00:00Z,92.76,78.7,74.22,30,100,0.01
2000,23,2025-06-18T00:00:00Z,94.55,93.56,65.65,30,96,0.01
2001,23,2025-06-19T00:00:00Z,95.55,100.0,56.38,30,98,0.01
2002,23,2025-06-20T00:00:00Z,97.81,81.21,66.83,30,98,0.01
2003,23,2025-06-21T00:00:00Z,100.0,98.58,63.51,30,100,0.0
2004,23,2025-06-22T00:00:00Z,100.0,100.0,76.68,30,100,0.0
2005,23,2025-06-23T00:00:00Z,99.53,100.0,70.45,33,98,0.01
2006,23,2025-06-24T00:00:00Z,91.57,65.98,53.38,30,98,0.02
2007,23,2025-06-25T00:00:00Z,100.0,100.0,68.2,30,98,0.0
2008,23,2025-06-26T00:00:00Z,100.0,100.0,74.93,30,100,0.0
2009,23,2025-06-27T00:00:00Z,78.02,84.64,68.05,30,98,0.02
2010,23,2025-06-28T00:00:00Z,100.0,99.04,56.34,30,100,0.0
2011,23,2025-06-29T00:00:00Z,85.57,97.26,74.56,30,100,0.01
2012,23,2025-06-30T00:00:00Z,94.14,92.32,55.76,30,100,0.01
2013,23,2025-07-01T00:00:00Z,100.0,100.0,74.34,30,100,0.0
2014,23,2025-07-02T00:00:00Z,87.71,100.0,55.84,30,100,0.01
2015,23,2025-07-03T00:00:00Z,89.84,100.0,54.9,30,98,0.01
2016,23,2025-07-04T00:00:00Z,100.0,91.84,57.0,30,100,0.01
2017,23,2025-07-05T00:00:00Z,91.54,88.28,74.0,30,100,0.01
2018,23,2025-07-06T00:00:00Z,91.06,93.48,54.42,30,100,0.01
2019,23,2025-07-07T00:00:00Z,100.0,74.99,57.77,30,100,0.01
2020,23,2025-07-08T00:00:00Z,99.26,100.0,59.02,30,100,0.0
2021,23,2025-07-09T00:00:00Z,85.71,94.63,55.31,30,100,0.01
2022,23,2025-07-10T00:00:00Z,100.0,99.05,73.28,30,100,0.0
2023,23,2025-07-11T00:00:00Z,100.0,96.09,72.59,30,100,0.0
2024,23,2025-07-12T00:00:00Z,90.95,94.97,53.69,30,100,0.01
2025,23,2025-07-13T00:00:00Z,100.0,100.0,73.62,35,100,0.01
2026,23,2025-07-14T00:00:00Z,95.37,95.63,65.31,30,100,0.01
2027,23,2025-07-15T00:00:00Z,85.76,88.24,54.31,30,100,0.01
2028,23,2025-07-16T00:00:00Z,95.77,99.92,59.73,30,100,0.0
2029,23,2025-07-17T00:00:00Z,93.38,100.0,61.13,30,100,0.01
2030,23,2025-07-18T00:00:00Z,100.0,90.47,55.42,32,100,0.01
2031,23,2025-07-19T00:00:00Z,100.0,100.0,53.07,30,100,0.0
2032,23,2025-07-20T00:00:00Z,100.0,100.0,72.61,30,98,0.0
2033,23,2025-07-21T00:00:00Z,96.45,100.0,54.03,30,100,0.0
2034,23,2025-07-22T00:00:00Z,95.78,100.0,54.8,30,100,0.0
2035,23,2025-07-23T00:00:00Z,96.99,82.87,55.12,33,100,0.01
2036,23,2025-07-24T00:00:00Z,93.99,100.0,57.58,30,100,0.01
2037,23,2025-07-25T00:00:00Z,88.88,94.2,65.79,30,100,0.01
2038,23,2025-07-26T00:00:00Z,98.34,86.97,57.85,30,100,0.01
2039,23,2025-07-27T00:00:00Z,100.0,90.7,56.2,30,98,0.01
2040,23,2025-07-28T00:00:00Z,87.94,100.0,54.86,30,100,0.01
2041,23,2025-07-29T00:00:00Z,86.7,28.13,30.95,52,33,12.02
2042,23,2025-07-30T00:00:00Z,78.46,0.0,25.28,71,0,91.19
2043,23,2025-07-31T00:00:00Z,77.6,0.0,25.9,76,29,77.39
2044,23,2025-08-01T00:00:00Z,80.58,0.0,26.16,65,15,75.41
2045,23,2025-08-02T00:00:00Z,74.5,95.97,63.11,30,100,0.02
2046,23,2025-08-03T00:00:00Z,100.0,94.55,70.47,33,100,0.01
2047,23,2025-08-04T00:00:00Z,88.66,50.35,31.3,50,41,2.94
2048,23,2025-08-05T00:00:00Z,79.62,39.73,25.35,87,36,46.25
2049,23,2025-08-06T00:00:00Z,77.44,48.27,25.14,66,20,30.1
2050,23,2025-08-07T00:00:00Z,76.52,0.0,26.11,71,33,68.66
2051,23,2025-08-08T00:00:00Z,79.04,57.3,25.49,69,47,7.91
2052,23,2025-08-09T00:00:00Z,90.29,64.78,14.95,41,62,0.32
2053,23,2025-08-10T00:00:00Z,86.94,28.42,28.17,62,45,11.77
2054,23,2025-08-11T00:00:00Z,79.24,22.05,25.69,82,22,72.63
2055,23,2025-08-12T00:00:00Z,76.01,45.52,25.28,69,5,56.67
2056,23,2025-08-13T00:00:00Z,79.43,0.0,25.62,66,36,54.7
2057,23,2025-08-14T00:00:00Z,78.78,21.51,25.0,83,22,74.66
2058,23,2025-08-15T00:00:00Z,76.79,39.98,25.49,76,1,74.48
2059,23,2025-08-16T00:00:00Z,78.01,0.0,21.6,57,3,79.73
2060,23,2025-08-17T00:00:00Z,77.74,13.26,21.94,76,27,68.84
2061,23,2025-08-18T00:00:00Z,90.5,63.05,13.53,41,68,0.25
2062,23,2025-08-19T00:00:00Z,90.09,100.0,64.1,30,100,0.01
2063,23,2025-08-20T00:00:00Z,80.4,22.59,26.74,58,68,5.5
2064,23,2025-08-21T00:00:00Z,77.43,9.49,27.01,65,52,27.87
2065,23,2025-08-22T00:00:00Z,100.0,82.3,13.33,30,91,0.01
2066,23,2025-08-23T00:00:00Z,95.7,85.92,76.34,30,100,0.01
2067,23,2025-08-24T00:00:00Z,84.38,3.98,25.52,64,56,20.78
2068,23,2025-08-25T00:00:00Z,76.59,25.55,25.07,54,41,15.96
2069,23,2025-08-26T00:00:00Z,93.55,78.15,12.05,38,76,0.07
2070,23,2025-08-27T00:00:00Z,79.98,0.0,24.84,80,16,88.09
2071,24,2025-05-30T00:00:00Z,100.0,100.0,61.43,30,98,0.0
2072,24,2025-05-31T00:00:00Z,87.68,100.0,59.56,30,100,0.01
2073,24,2025-06-01T00:00:00Z,100.0,100.0,56.83,30,100,0.0
2074,24,2025-06-02T00:00:00Z,93.6,100.0,66.88,30,100,0.01
2075,24,2025-06-03T00:00:00Z,98.0,63.43,72.24,32,100,0.02
2076,24,2025-06-04T00:00:00Z,100.0,100.0,61.48,30,96,0.0
2077,24,2025-06-05T00:00:00Z,100.0,100.0,75.33,30,96,0.0
2078,24,2025-06-06T00:00:00Z,85.23,72.89,61.54,30,95,0.03
2079,24,2025-06-07T00:00:00Z,91.28,100.0,59.39,30,100,0.01
2080,24,2025-06-08T00:00:00Z,100.0,90.71,76.77,33,100,0.01
2081,24,2025-06-09T00:00:00Z,89.75,100.0,61.09,30,100,0.01
2082,24,2025-06-10T00:00:00Z,91.65,100.0,53.63,30,100,0.01
2083,24,2025-06-11T00:00:00Z,91.19,100.0,52.91,30,100,0.01
2084,24,2025-06-12T00:00:00Z,100.0,99.78,56.29,30,100,0.0
2085,24,2025-06-13T00:00:00Z,85.52,55.0,60.98,30,100,0.05
2086,24,2025-06-14T00:00:00Z,89.6,81.73,58.28,30,100,0.01
2087,24,2025-06-15T00:00:00Z,100.0,100.0,56.88,30,93,0.01
2088,24,2025-06-16T00:00:00Z,100.0,100.0,65.73,30,98,0.0
2089,24,2025-06-17T00:00:00Z,86.13,100.0,53.1,30,100,0.01
2090,24,2025-06-18T00:00:00Z,96.19,100.0,55.55,33,100,0.01
2091,24,2025-06-19T00:00:00Z,91.88,91.48,72.03,33,100,0.01
2092,24,2025-06-20T00:00:00Z,100.0,95.02,75.62,30,100,0.0
2093,24,2025-06-21T00:00:00Z,100.0,95.43,68.96,30,98,0.0
2094,24,2025-06-22T00:00:00Z,100.0,100.0,55.18,30,100,0.0
2095,24,2025-06-23T00:00:00Z,100.0,100.0,59.6,30,100,0.0
2096,24,2025-06-24T00:00:00Z,86.33,93.06,71.72,33,100,0.01
2097,24,2025-06-25T00:00:00Z,86.29,93.86,62.64,30,98,0.01
2098,24,2025-06-26T00:00:00Z,100.0,100.0,54.27,30,100,0.0
2099,24,2025-06-27T00:00:00Z,86.37,84.1,70.5,30,100,0.01
2100,24,2025-06-28T00:00:00Z,100.0,95.67,60.7,35,100,0.01
2101,24,2025-06-29T00:00:00Z,92.35,100.0,67.56,30,100,0.01
2102,24,2025-06-30T00:00:00Z,95.37,82.97,57.89,32,96,0.01
2103,24,2025-07-01T00:00:00Z,83.32,92.37,58.62,33,100,0.01
2104,24,2025-07-02T00:00:00Z,91.35,86.83,68.82,33,100,0.01
2105,24,2025-07-03T00:00:00Z,98.35,51.16,56.57,30,98,0.03
2106,24,2025-07-04T00:00:00Z,90.83,78.9,55.28,32,100,0.02
2107,24,2025-07-05T00:00:00Z,92.92,64.84,54.4,30,100,0.02
2108,24,2025-07-06T00:00:00Z,100.0,100.0,56.96,30,100,0.0
2109,24,2025-07-07T00:00:00Z,86.87,91.77,65.21,33,100,0.01
2110,24,2025-07-08T00:00:00Z,100.0,80.97,70.69,30,100,0.01
2111,24,2025-07-09T00:00:00Z,81.67,89.39,67.48,30,98,0.02
2112,24,2025-07-10T00:00:00Z,80.81,75.04,62.4,30,98,0.03
2113,24,2025-07-11T00:00:00Z,95.99,100.0,69.38,30,96,0.01
2114,24,2025-07-12T00:00:00Z,92.95,85.74,55.8,30,100,0.01
2115,24,2025-07-13T00:00:00Z,100.0,72.21,55.39,30,98,0.01
2116,24,2025-07-14T00:00:00Z,100.0,100.0,72.15,30,100,0.0
2117,24,2025-07-15T00:00:00Z,98.01,100.0,54.72,30,98,0.0
2118,24,2025-07-16T00:00:00Z,100.0,74.06,63.29,33,96,0.02
2119,24,2025-07-17T00:00:00Z,73.88,79.42,57.15,30,100,0.03
2120,24,2025-07-18T00:00:00Z,87.3,89.21,54.2,30,100,0.01
2121,24,2025-07-19T00:00:00Z,92.55,100.0,69.21,36,100,0.01
2122,24,2025-07-20T00:00:00Z,90.3,59.59,53.08,30,100,0.03
2123,24,2025-07-21T00:00:00Z,100.0,85.19,69.19,33,100,0.01
2124,24,2025-07-22T00:00:00Z,92.15,89.25,65.44,30,100,0.01
2125,24,2025-07-23T00:00:00Z,82.51,92.76,65.09,30,100,0.01
2126,24,2025-07-24T00:00:00Z,92.99,75.99,61.57,30,100,0.01
2127,24,2025-07-25T00:00:00Z,89.39,92.5,68.79,32,95,0.01
2128,24,2025-07-26T00:00:00Z,89.86,83.1,74.64,30,100,0.01
2129,24,2025-07-27T00:00:00Z,99.32,91.99,70.72,32,100,0.01
2130,24,2025-07-28T00:00:00Z,86.4,93.48,64.76,30,94,0.01
2131,24,2025-07-29T00:00:00Z,84.81,4.38,30.0,61,55,18.16
2132,24,2025-07-30T00:00:00Z,92.1,76.38,12.14,44,84,0.07
2133,24,2025-07-31T00:00:00Z,87.4,24.95,28.85,52,24,19.03
2134,24,2025-08-01T00:00:00Z,79.64,0.0,25.35,88,0,96.44
2135,24,2025-08-02T00:00:00Z,76.45,0.0,21.67,91,0,97.44
2136,24,2025-08-03T00:00:00Z,78.89,0.0,22.01,89,40,80.15
2137,24,2025-08-04T00:00:00Z,89.8,44.92,19.51,56,63,1.67
2138,24,2025-08-05T00:00:00Z,90.86,95.9,67.32,30,100,0.01
2139,24,2025-08-06T00:00:00Z,84.0,30.58,31.07,50,59,3.31
2140,24,2025-08-07T00:00:00Z,79.03,0.0,26.6,85,23,88.06
2141,24,2025-08-08T00:00:00Z,78.18,0.0,25.62,81,52,58.69
2142,24,2025-08-09T00:00:00Z,76.92,22.95,22.15,100,33,83.0
2143,24,2025-08-10T00:00:00Z,78.31,22.55,20.69,93,31,77.08
2144,24,2025-08-11T00:00:00Z,77.1,15.6,25.35,92,24,86.31
2145,24,2025-08-12T00:00:00Z,79.45,0.0,25.62,79,25,82.02
2146,24,2025-08-13T00:00:00Z,91.08,68.32,17.12,42,85,0.09
2147,24,2025-08-14T00:00:00Z,78.29,13.19,25.53,75,0,88.68
2148,24,2025-08-15T00:00:00Z,78.57,35.93,25.0,94,0,90.67
2149,24,2025-08-16T00:00:00Z,77.7,12.6,21.81,100,22,92.49
2150,24,2025-08-17T00:00:00Z,77.55,0.0,21.46,89,7,95.74
2151,24,2025-08-18T00:00:00Z,79.73,9.71,25.83,96,29,87.38
2152,24,2025-08-19T00:00:00Z,79.56,0.0,25.62,75,11,87.78
2153,24,2025-08-20T00:00:00Z,87.73,88.17,13.33,35,100,0.01
2154,24,2025-08-21T00:00:00Z,86.97,65.16,29.31,46,60,0.55
2155,24,2025-08-22T00:00:00Z,78.19,0.0,25.49,66,25,69.0
2156,24,2025-08-23T00:00:00Z,77.75,0.0,21.74,65,21,72.36
2157,24,2025-08-24T00:00:00Z,76.89,47.52,22.29,83,30,43.41
2158,24,2025-08-25T00:00:00Z,78.47,33.93,25.56,100,48,57.92
2159,24,2025-08-26T00:00:00Z,89.21,79.71,18.77,51,68,0.25
2160,24,2025-08-27T00:00:00Z,92.34,62.75,21.82,57,67,0.63
2161,25,2025-05-30T00:00:00Z,90.37,100.0,67.29,33,100,0.01
2162,25,2025-05-31T00:00:00Z,88.99,85.02,64.45,36,100,0.02
2163,25,2025-06-01T00:00:00Z,100.0,100.0,57.47,32,100,0.0
2164,25,2025-06-02T00:00:00Z,100.0,100.0,69.75,30,100,0.0
2165,25,2025-06-03T00:00:00Z,100.0,92.01,60.74,32,100,0.01
2166,25,2025-06-04T00:00:00Z,96.39,95.28,69.68,30,100,0.01
2167,25,2025-06-05T00:00:00Z,97.81,99.78,69.38,30,98,0.0
2168,25,2025-06-06T00:00:00Z,97.35,100.0,66.44,30,100,0.0
2169,25,2025-06-07T00:00:00Z,91.75,100.0,76.72,30,96,0.01
2170,25,2025-06-08T00:00:00Z,100.0,96.36,56.6,30,100,0.0
2171,25,2025-06-09T00:00:00Z,94.96,55.07,56.99,30,100,0.03
2172,25,2025-06-10T00:00:00Z,97.45,57.76,64.41,33,98,0.03
2173,25,2025-06-11T00:00:00Z,100.0,99.63,69.6,30,98,0.0
2174,25,2025-06-12T00:00:00Z,88.97,95.71,59.4,30,100,0.01
2175,25,2025-06-13T00:00:00Z,92.93,90.73,71.17,30,100,0.01
2176,25,2025-06-14T00:00:00Z,100.0,100.0,62.71,30,100,0.0
2177,25,2025-06-15T00:00:00Z,97.5,100.0,56.43,30,100,0.0
2178,25,2025-06-16T00:00:00Z,87.46,100.0,74.96,30,100,0.01
2179,25,2025-06-17T00:00:00Z,82.92,94.79,63.43,30,100,0.01
2180,25,2025-06-18T00:00:00Z,98.91,91.29,65.36,30,100,0.01
2181,25,2025-06-19T00:00:00Z,100.0,99.53,64.26,30,98,0.0
2182,25,2025-06-20T00:00:00Z,82.19,78.55,53.13,30,94,0.03
2183,25,2025-06-21T00:00:00Z,85.7,77.42,54.68,30,100,0.02
2184,25,2025-06-22T00:00:00Z,100.0,84.18,66.58,30,94,0.01
2185,25,2025-06-23T00:00:00Z,95.5,72.96,68.05,30,98,0.02
2186,25,2025-06-24T00:00:00Z,100.0,100.0,67.18,30,95,0.0
2187,25,2025-06-25T00:00:00Z,92.97,73.42,66.33,30,100,0.02
2188,25,2025-06-26T00:00:00Z,100.0,100.0,67.04,30,100,0.0
2189,25,2025-06-27T00:00:00Z,98.68,91.58,54.97,33,95,0.01
2190,25,2025-06-28T00:00:00Z,100.0,85.67,75.9,30,98,0.01
2191,25,2025-06-29T00:00:00Z,100.0,100.0,59.99,30,100,0.0
2192,25,2025-06-30T00:00:00Z,90.88,76.87,55.56,30,100,0.01
2193,25,2025-07-01T00:00:00Z,100.0,80.71,66.09,30,95,0.01
2194,25,2025-07-02T00:00:00Z,93.55,96.79,75.55,32,100,0.01
2195,25,2025-07-03T00:00:00Z,100.0,93.26,64.9,30,100,0.0
2196,25,2025-07-04T00:00:00Z,92.43,100.0,63.69,32,100,0.01
2197,25,2025-07-05T00:00:00Z,75.72,79.95,63.6,36,100,0.04
2198,25,2025-07-06T00:00:00Z,96.85,99.35,76.13,30,100,0.0
2199,25,2025-07-07T00:00:00Z,100.0,100.0,68.6,30,100,0.0
2200,25,2025-07-08T00:00:00Z,85.04,100.0,53.18,33,100,0.01
2201,25,2025-07-09T00:00:00Z,100.0,100.0,74.86,30,100,0.0
2202,25,2025-07-10T00:00:00Z,88.77,100.0,69.69,30,100,0.01
2203,25,2025-07-11T00:00:00Z,72.88,100.0,55.9,30,96,0.02
2204,25,2025-07-12T00:00:00Z,87.44,100.0,76.24,33,100,0.01
2205,25,2025-07-13T00:00:00Z,89.97,100.0,53.43,30,100,0.01
2206,25,2025-07-14T00:00:00Z,97.1,100.0,60.29,36,100,0.01
2207,25,2025-07-15T00:00:00Z,100.0,76.91,57.57,33,100,0.01
2208,25,2025-07-16T00:00:00Z,88.34,100.0,74.15,30,100,0.01
2209,25,2025-07-17T00:00:00Z,87.66,93.49,55.64,30,100,0.01
2210,25,2025-07-18T00:00:00Z,91.43,96.49,71.18,30,95,0.01
2211,25,2025-07-19T00:00:00Z,93.59,84.63,59.02,33,100,0.01
2212,25,2025-07-20T00:00:00Z,88.7,88.49,66.57,30,100,0.01
2213,25,2025-07-21T00:00:00Z,81.86,96.34,70.2,30,100,0.01
2214,25,2025-07-22T00:00:00Z,89.85,100.0,57.0,30,100,0.01
2215,25,2025-07-23T00:00:00Z,93.91,97.15,56.87,30,95,0.01
2216,25,2025-07-24T00:00:00Z,98.74,100.0,63.38,30,98,0.0
2217,25,2025-07-25T00:00:00Z,95.39,100.0,70.74,30,95,0.01
2218,25,2025-07-26T00:00:00Z,100.0,78.89,61.15,36,100,0.01
2219,25,2025-07-27T00:00:00Z,100.0,100.0,66.49,30,98,0.0
2220,25,2025-07-28T00:00:00Z,77.01,100.0,53.93,30,100,0.01
2221,25,2025-07-29T00:00:00Z,83.74,36.85,31.52,72,28,32.28
2222,25,2025-07-30T00:00:00Z,83.78,0.0,28.35,96,13,94.89
2223,25,2025-07-31T00:00:00Z,91.94,71.16,35.21,58,78,0.28
2224,25,2025-08-01T00:00:00Z,81.7,21.28,35.69,86,20,77.27
2225,25,2025-08-02T00:00:00Z,83.15,0.0,36.25,68,20,71.55
2226,25,2025-08-03T00:00:00Z,89.28,21.45,33.45,65,33,25.5
2227,25,2025-08-04T00:00:00Z,85.26,31.18,36.57,61,43,11.92
2228,25,2025-08-05T00:00:00Z,80.59,0.0,33.75,97,12,96.05
2229,25,2025-08-06T00:00:00Z,81.21,0.47,34.93,100,8,97.13
2230,25,2025-08-07T00:00:00Z,82.0,38.95,34.17,71,19,41.39
2231,25,2025-08-08T00:00:00Z,80.97,0.0,34.86,83,16,89.39
2232,25,2025-08-09T00:00:00Z,94.37,70.66,30.77,57,60,0.59
2233,25,2025-08-10T00:00:00Z,85.52,6.87,35.45,71,14,73.29
2234,25,2025-08-11T00:00:00Z,80.89,12.08,34.51,68,18,65.74
2235,25,2025-08-12T00:00:00Z,82.23,0.0,34.93,61,27,54.95
2236,25,2025-08-13T00:00:00Z,96.44,84.27,27.62,30,96,0.01
2237,25,2025-08-14T00:00:00Z,85.01,0.0,35.53,76,37,61.28
2238,25,2025-08-15T00:00:00Z,99.63,70.36,26.67,41,79,0.07
2239,25,2025-08-16T00:00:00Z,87.91,32.3,34.64,58,53,5.43
2240,25,2025-08-17T00:00:00Z,80.62,0.0,34.93,63,43,40.11
2241,25,2025-08-18T00:00:00Z,81.3,0.0,34.37,68,45,44.15
2242,25,2025-08-19T00:00:00Z,79.73,0.0,34.03,88,39,79.31
2243,25,2025-08-20T00:00:00Z,81.43,15.83,35.49,75,51,31.98
2244,25,2025-08-21T00:00:00Z,92.26,73.63,33.71,53,87,0.12
2245,25,2025-08-22T00:00:00Z,94.96,63.47,37.06,53,91,0.13
2246,25,2025-08-23T00:00:00Z,80.78,22.81,34.86,100,3,94.78
2247,25,2025-08-24T00:00:00Z,83.08,0.0,34.65,94,43,79.19
2248,25,2025-08-25T00:00:00Z,81.5,35.11,34.17,100,8,89.29
2249,25,2025-08-26T00:00:00Z,87.2,40.01,32.9,64,48,7.44
2250,25,2025-08-27T00:00:00Z,96.72,93.06,61.3,30,100,0.01
2251,26,2025-05-30T00:00:00Z,71.87,100.0,57.53,30,98,0.02
2252,26,2025-05-31T00:00:00Z,100.0,93.29,59.1,30,98,0.01
2253,26,2025-06-01T00:00:00Z,79.03,97.41,53.41,30,100,0.01
2254,26,2025-06-02T00:00:00Z,81.95,66.86,57.5,30,100,0.03
2255,26,2025-06-03T00:00:00Z,98.86,91.98,55.08,33,100,0.01
2256,26,2025-06-04T00:00:00Z,81.96,74.97,73.97,30,98,0.03
2257,26,2025-06-05T00:00:00Z,100.0,99.69,70.18,30,96,0.0
2258,26,2025-06-06T00:00:00Z,97.82,88.45,57.0,30,100,0.01
2259,26,2025-06-07T00:00:00Z,80.12,68.92,55.82,30,100,0.03
2260,26,2025-06-08T00:00:00Z,92.04,72.17,73.89,33,100,0.02
2261,26,2025-06-09T00:00:00Z,91.17,96.3,59.68,33,98,0.01
2262,26,2025-06-10T00:00:00Z,83.63,100.0,60.0,32,100,0.01
2263,26,2025-06-11T00:00:00Z,100.0,100.0,62.04,33,100,0.0
2264,26,2025-06-12T00:00:00Z,84.81,83.79,70.15,30,100,0.02
2265,26,2025-06-13T00:00:00Z,86.34,87.51,63.51,30,98,0.01
2266,26,2025-06-14T00:00:00Z,90.59,100.0,54.85,30,98,0.01
2267,26,2025-06-15T00:00:00Z,100.0,99.96,71.91,33,100,0.0
2268,26,2025-06-16T00:00:00Z,92.25,90.49,61.98,30,98,0.01
2269,26,2025-06-17T00:00:00Z,89.81,88.78,62.47,30,100,0.01
2270,26,2025-06-18T00:00:00Z,82.04,90.52,57.43,30,100,0.01
2271,26,2025-06-19T00:00:00Z,82.93,74.52,56.2,30,100,0.02
2272,26,2025-06-20T00:00:00Z,86.81,80.62,67.38,30,100,0.02
2273,26,2025-06-21T00:00:00Z,100.0,87.98,65.75,30,100,0.01
2274,26,2025-06-22T00:00:00Z,95.52,100.0,53.75,30,98,0.01
2275,26,2025-06-23T00:00:00Z,100.0,100.0,53.91,36,96,0.01
2276,26,2025-06-24T00:00:00Z,82.96,100.0,53.29,33,100,0.01
2277,26,2025-06-25T00:00:00Z,100.0,100.0,64.82,33,100,0.0
2278,26,2025-06-26T00:00:00Z,88.61,100.0,53.71,30,100,0.01
2279,26,2025-06-27T00:00:00Z,90.24,84.58,57.27,30,100,0.01
2280,26,2025-06-28T00:00:00Z,90.58,86.51,54.99,36,95,0.02
2281,26,2025-06-29T00:00:00Z,98.64,93.64,64.3,30,100,0.01
2282,26,2025-06-30T00:00:00Z,100.0,100.0,56.17,30,95,0.0
2283,26,2025-07-01T00:00:00Z,100.0,99.44,67.67,30,100,0.0
2284,26,2025-07-02T00:00:00Z,100.0,94.91,75.96,30,98,0.01
2285,26,2025-07-03T00:00:00Z,83.03,83.85,54.73,33,98,0.02
2286,26,2025-07-04T00:00:00Z,90.02,82.32,74.12,30,100,0.01
2287,26,2025-07-05T00:00:00Z,98.45,95.01,73.62,32,100,0.01
2288,26,2025-07-06T00:00:00Z,100.0,77.93,73.29,30,100,0.01
2289,26,2025-07-07T00:00:00Z,78.69,96.71,73.99,33,100,0.01
2290,26,2025-07-08T00:00:00Z,100.0,85.82,67.92,33,98,0.01
2291,26,2025-07-09T00:00:00Z,100.0,84.76,62.37,30,100,0.01
2292,26,2025-07-10T00:00:00Z,91.73,100.0,61.94,30,96,0.01
2293,26,2025-07-11T00:00:00Z,88.91,89.07,62.36,30,100,0.01
2294,26,2025-07-12T00:00:00Z,91.12,100.0,69.75,30,100,0.01
2295,26,2025-07-13T00:00:00Z,83.7,72.96,64.9,30,100,0.02
2296,26,2025-07-14T00:00:00Z,85.2,100.0,75.39,32,95,0.01
2297,26,2025-07-15T00:00:00Z,91.92,82.76,71.86,32,100,0.01
2298,26,2025-07-16T00:00:00Z,100.0,86.47,56.94,32,100,0.01
2299,26,2025-07-17T00:00:00Z,98.95,71.52,55.81,30,96,0.01
2300,26,2025-07-18T00:00:00Z,100.0,99.09,60.22,33,96,0.01
2301,26,2025-07-19T00:00:00Z,94.17,100.0,70.25,32,100,0.01
2302,26,2025-07-20T00:00:00Z,99.5,79.32,58.34,33,100,0.01
2303,26,2025-07-21T00:00:00Z,100.0,100.0,57.97,30,96,0.0
2304,26,2025-07-22T00:00:00Z,87.95,55.0,63.49,33,100,0.05
2305,26,2025-07-23T00:00:00Z,91.52,90.7,60.02,36,100,0.01
2306,26,2025-07-24T00:00:00Z,100.0,77.95,57.31,35,100,0.01
2307,26,2025-07-25T00:00:00Z,100.0,98.51,71.42,30,100,0.0
2308,26,2025-07-26T00:00:00Z,99.35,100.0,75.41,33,100,0.0
2309,26,2025-07-27T00:00:00Z,98.62,74.93,61.46,30,100,0.01
2310,26,2025-07-28T00:00:00Z,100.0,95.94,60.06,30,92,0.01
2311,26,2025-07-29T00:00:00Z,87.0,5.93,37.14,92,56,53.31
2312,26,2025-07-30T00:00:00Z,82.16,0.0,35.14,100,29,92.0
2313,26,2025-07-31T00:00:00Z,89.75,77.02,30.51,47,64,0.26
2314,26,2025-08-01T00:00:00Z,100.0,79.77,25.71,30,91,0.01
2315,26,2025-08-02T00:00:00Z,80.74,0.0,34.79,100,0,98.14
2316,26,2025-08-03T00:00:00Z,83.59,0.0,34.1,92,18,91.99
2317,26,2025-08-04T00:00:00Z,83.7,0.0,35.88,100,0,97.84
2318,26,2025-08-05T00:00:00Z,97.75,29.94,36.85,53,46,3.9
2319,26,2025-08-06T00:00:00Z,82.72,0.0,35.56,100,0,97.95
2320,26,2025-08-07T00:00:00Z,82.05,0.0,34.51,100,0,98.01
2321,26,2025-08-08T00:00:00Z,79.88,0.0,34.86,100,40,88.14
2322,26,2025-08-09T00:00:00Z,81.19,0.0,33.89,100,0,98.09
2323,26,2025-08-10T00:00:00Z,86.34,26.48,32.22,82,24,58.51
2324,26,2025-08-11T00:00:00Z,90.31,46.47,37.37,53,60,1.49
2325,26,2025-08-12T00:00:00Z,81.69,0.0,35.07,100,28,92.52
2326,26,2025-08-13T00:00:00Z,83.73,0.0,35.14,100,21,94.07
2327,26,2025-08-14T00:00:00Z,81.73,0.0,34.93,100,0,98.04
2328,26,2025-08-15T00:00:00Z,81.38,0.0,34.31,97,34,88.61
2329,26,2025-08-16T00:00:00Z,82.24,0.0,35.21,100,29,91.97
2330,26,2025-08-17T00:00:00Z,80.38,0.0,34.17,100,11,96.87
2331,26,2025-08-18T00:00:00Z,83.88,0.0,32.49,85,44,66.95
2332,26,2025-08-19T00:00:00Z,92.51,41.38,17.62,55,56,2.23
2333,26,2025-08-20T00:00:00Z,79.81,0.0,25.14,100,13,96.64
2334,26,2025-08-21T00:00:00Z,79.74,0.0,26.39,100,21,95.09
2335,26,2025-08-22T00:00:00Z,79.18,0.0,25.76,100,4,97.9
2336,26,2025-08-23T00:00:00Z,83.51,0.0,24.02,91,9,94.45
2337,26,2025-08-24T00:00:00Z,91.33,90.78,76.13,30,100,0.01
2338,26,2025-08-25T00:00:00Z,79.41,0.0,33.12,100,3,97.98
2339,26,2025-08-26T00:00:00Z,81.95,0.0,33.96,100,3,97.71
2340,26,2025-08-27T00:00:00Z,80.79,0.0,34.93,100,0,98.13
2341,27,2025-05-30T00:00:00Z,90.98,100.0,53.47,30,100,0.01
2342,27,2025-05-31T00:00:00Z,100.0,100.0,70.23,30,100,0.0
2343,27,2025-06-01T00:00:00Z,85.25,94.39,56.99,30,100,0.01
2344,27,2025-06-02T00:00:00Z,82.81,78.76,53.09,30,98,0.02
2345,27,2025-06-03T00:00:00Z,92.39,74.46,53.96,30,98,0.02
2346,27,2025-06-04T00:00:00Z,91.99,100.0,71.73,30,100,0.01
2347,27,2025-06-05T00:00:00Z,100.0,68.82,60.82,30,100,0.01
2348,27,2025-06-06T00:00:00Z,96.37,82.54,61.22,30,100,0.01
2349,27,2025-06-07T00:00:00Z,100.0,91.0,61.86,30,100,0.01
2350,27,2025-06-08T00:00:00Z,93.56,100.0,61.5,30,96,0.01
2351,27,2025-06-09T00:00:00Z,95.03,100.0,56.29,30,98,0.01
2352,27,2025-06-10T00:00:00Z,95.26,100.0,75.06,30,100,0.0
2353,27,2025-06-11T00:00:00Z,90.72,100.0,66.16,30,100,0.01
2354,27,2025-06-12T00:00:00Z,82.55,81.53,62.74,36,98,0.03
2355,27,2025-06-13T00:00:00Z,79.83,89.08,55.28,30,98,0.02
2356,27,2025-06-14T00:00:00Z,85.95,76.23,56.23,30,100,0.02
2357,27,2025-06-15T00:00:00Z,98.43,68.61,71.67,33,100,0.02
2358,27,2025-06-16T00:00:00Z,93.46,84.99,59.98,30,96,0.01
2359,27,2025-06-17T00:00:00Z,98.19,100.0,69.31,30,100,0.0
2360,27,2025-06-18T00:00:00Z,71.62,73.39,69.2,30,100,0.04
2361,27,2025-06-19T00:00:00Z,93.12,100.0,62.1,32,100,0.01
2362,27,2025-06-20T00:00:00Z,100.0,100.0,73.1,30,98,0.0
2363,27,2025-06-21T00:00:00Z,100.0,100.0,62.32,30,100,0.0
2364,27,2025-06-22T00:00:00Z,90.08,93.22,60.27,30,100,0.01
2365,27,2025-06-23T00:00:00Z,100.0,95.45,67.01,30,100,0.0
2366,27,2025-06-24T00:00:00Z,87.23,91.71,69.84,30,98,0.01
2367,27,2025-06-25T00:00:00Z,95.67,99.39,58.0,30,100,0.0
2368,27,2025-06-26T00:00:00Z,90.72,84.8,69.93,33,100,0.01
2369,27,2025-06-27T00:00:00Z,99.38,95.76,59.51,30,100,0.0
2370,27,2025-06-28T00:00:00Z,100.0,97.42,73.29,32,100,0.0
2371,27,2025-06-29T00:00:00Z,100.0,85.64,61.37,30,100,0.01
2372,27,2025-06-30T00:00:00Z,92.69,100.0,70.21,33,100,0.01
2373,27,2025-07-01T00:00:00Z,80.48,86.03,56.98,30,100,0.02
2374,27,2025-07-02T00:00:00Z,87.26,100.0,56.06,30,100,0.01
2375,27,2025-07-03T00:00:00Z,91.15,60.49,68.27,30,100,0.03
2376,27,2025-07-04T00:00:00Z,100.0,87.51,74.08,30,100,0.01
2377,27,2025-07-05T00:00:00Z,100.0,93.63,68.91,33,100,0.01
2378,27,2025-07-06T00:00:00Z,100.0,95.17,58.5,33,100,0.01
2379,27,2025-07-07T00:00:00Z,100.0,100.0,59.52,36,95,0.01
2380,27,2025-07-08T00:00:00Z,91.6,98.85,67.04,30,100,0.01
2381,27,2025-07-09T00:00:00Z,79.05,80.88,63.08,33,98,0.03
2382,27,2025-07-10T00:00:00Z,93.71,94.37,69.03,30,100,0.01
2383,27,2025-07-11T00:00:00Z,71.53,82.47,53.37,30,98,0.03
2384,27,2025-07-12T00:00:00Z,100.0,79.75,66.54,30,100,0.01
2385,27,2025-07-13T00:00:00Z,100.0,70.51,58.35,30,100,0.01
2386,27,2025-07-14T00:00:00Z,83.44,88.57,53.99,30,100,0.01
2387,27,2025-07-15T00:00:00Z,94.98,87.79,59.81,30,100,0.01
2388,27,2025-07-16T00:00:00Z,86.46,85.98,55.12,30,98,0.01
2389,27,2025-07-17T00:00:00Z,91.09,77.16,76.65,33,100,0.02
2390,27,2025-07-18T00:00:00Z,89.56,91.75,54.66,33,100,0.01
2391,27,2025-07-19T00:00:00Z,95.58,100.0,55.9,30,100,0.0
2392,27,2025-07-20T00:00:00Z,100.0,60.13,69.21,30,98,0.02
2393,27,2025-07-21T00:00:00Z,94.87,80.83,70.6,30,100,0.01
2394,27,2025-07-22T00:00:00Z,79.54,73.84,54.43,30,100,0.03
2395,27,2025-07-23T00:00:00Z,85.61,89.22,57.31,30,98,0.01
2396,27,2025-07-24T00:00:00Z,100.0,68.74,72.67,30,100,0.01
2397,27,2025-07-25T00:00:00Z,92.96,97.76,55.05,30,100,0.01
2398,27,2025-07-26T00:00:00Z,96.58,100.0,71.96,30,100,0.0
2399,27,2025-07-27T00:00:00Z,100.0,82.49,68.76,33,98,0.01
2400,27,2025-07-28T00:00:00Z,89.5,71.66,53.79,33,96,0.03
2401,27,2025-07-29T00:00:00Z,100.0,100.0,67.86,30,93,0.01
2402,27,2025-07-30T00:00:00Z,94.4,100.0,53.51,30,100,0.0
2403,27,2025-07-31T00:00:00Z,90.53,1.27,33.9,55,46,17.12
2404,27,2025-08-01T00:00:00Z,82.05,0.0,34.65,100,0,98.01
2405,27,2025-08-02T00:00:00Z,81.0,0.0,34.44,86,0,95.73
2406,27,2025-08-03T00:00:00Z,81.05,0.0,34.79,100,17,95.68
2407,27,2025-08-04T00:00:00Z,80.84,0.0,34.51,80,5,92.47
2408,27,2025-08-05T00:00:00Z,81.67,0.0,35.14,84,46,65.85
2409,27,2025-08-06T00:00:00Z,80.95,52.3,34.93,100,24,65.93
2410,27,2025-08-07T00:00:00Z,81.55,21.34,34.51,99,33,79.56
2411,27,2025-08-08T00:00:00Z,79.95,0.0,33.75,100,34,90.91
2412,27,2025-08-09T00:00:00Z,90.51,18.59,33.74,63,66,5.79
2413,27,2025-08-10T00:00:00Z,95.36,73.64,38.25,39,79,0.07
2414,27,2025-08-11T00:00:00Z,79.88,0.0,33.4,100,0,98.21
2415,27,2025-08-12T00:00:00Z,81.39,0.0,33.68,95,22,92.62
2416,27,2025-08-13T00:00:00Z,81.06,0.0,34.65,100,0,98.11
2417,27,2025-08-14T00:00:00Z,82.33,0.0,35.07,100,0,97.98
2418,27,2025-08-15T00:00:00Z,81.57,0.0,33.82,90,5,95.57
2419,27,2025-08-16T00:00:00Z,80.22,0.0,34.03,94,2,97.15
2420,27,2025-08-17T00:00:00Z,83.81,0.0,33.25,78,32,70.88
2421,27,2025-08-18T00:00:00Z,78.86,100.0,65.97,33,100,0.01
2422,27,2025-08-19T00:00:00Z,89.77,55.11,34.29,66,42,5.56
2423,27,2025-08-20T00:00:00Z,81.47,0.0,34.65,100,0,98.07
2424,27,2025-08-21T00:00:00Z,80.83,0.0,34.72,100,23,94.31
2425,27,2025-08-22T00:00:00Z,81.25,0.0,35.28,100,19,95.2
2426,27,2025-08-23T00:00:00Z,79.8,0.0,34.79,95,0,97.61
2427,27,2025-08-24T00:00:00Z,80.78,0.0,34.37,65,0,86.54
2428,27,2025-08-25T00:00:00Z,81.95,0.0,34.65,100,0,98.02
2429,27,2025-08-26T00:00:00Z,90.15,0.0,35.04,58,30,37.11
2430,27,2025-08-27T00:00:00Z,87.46,37.57,35.79,83,43,26.01
2431,28,2025-05-30T00:00:00Z,100.0,74.15,65.98,30,100,0.01
2432,28,2025-05-31T00:00:00Z,98.58,100.0,68.88,30,100,0.0
2433,28,2025-06-01T00:00:00Z,97.5,100.0,55.39,30,100,0.0
2434,28,2025-06-02T00:00:00Z,100.0,88.35,73.34,35,100,0.01
2435,28,2025-06-03T00:00:00Z,97.65,78.99,65.17,30,100,0.01
2436,28,2025-06-04T00:00:00Z,100.0,100.0,54.8,35,100,0.01
2437,28,2025-06-05T00:00:00Z,100.0,95.88,58.62,33,93,0.01
2438,28,2025-06-06T00:00:00Z,100.0,88.04,68.76,32,96,0.01
2439,28,2025-06-07T00:00:00Z,92.04,100.0,56.27,30,96,0.01
2440,28,2025-06-08T00:00:00Z,90.48,86.03,59.95,30,100,0.01
2441,28,2025-06-09T00:00:00Z,100.0,100.0,64.18,30,100,0.0
2442,28,2025-06-10T00:00:00Z,100.0,100.0,59.28,33,100,0.0
2443,28,2025-06-11T00:00:00Z,100.0,100.0,65.74,30,96,0.0
2444,28,2025-06-12T00:00:00Z,100.0,100.0,53.36,30,96,0.0
2445,28,2025-06-13T00:00:00Z,100.0,88.54,76.66,33,100,0.01
2446,28,2025-06-14T00:00:00Z,96.75,74.86,75.73,30,100,0.01
2447,28,2025-06-15T00:00:00Z,90.31,76.93,63.79,30,100,0.02
2448,28,2025-06-16T00:00:00Z,96.9,96.0,53.19,33,100,0.01
2449,28,2025-06-17T00:00:00Z,70.79,78.53,69.24,30,100,0.04
2450,28,2025-06-18T00:00:00Z,100.0,92.47,70.46,30,98,0.01
2451,28,2025-06-19T00:00:00Z,100.0,93.59,76.53,33,100,0.01
2452,28,2025-06-20T00:00:00Z,100.0,92.02,56.23,30,98,0.01
2453,28,2025-06-21T00:00:00Z,86.56,83.14,52.71,33,100,0.02
2454,28,2025-06-22T00:00:00Z,100.0,83.97,70.71,30,100,0.01
2455,28,2025-06-23T00:00:00Z,92.52,84.33,67.35,30,100,0.01
2456,28,2025-06-24T00:00:00Z,94.03,71.52,55.92,30,100,0.02
2457,28,2025-06-25T00:00:00Z,100.0,100.0,61.75,33,98,0.0
2458,28,2025-06-26T00:00:00Z,99.83,100.0,57.84,30,100,0.0
2459,28,2025-06-27T00:00:00Z,90.58,87.82,60.32,30,100,0.01
2460,28,2025-06-28T00:00:00Z,97.41,62.79,71.97,30,100,0.02
2461,28,2025-06-29T00:00:00Z,77.42,62.66,67.81,30,100,0.05
2462,28,2025-06-30T00:00:00Z,100.0,100.0,59.02,39,100,0.01
2463,28,2025-07-01T00:00:00Z,82.37,100.0,57.64,30,100,0.01
2464,28,2025-07-02T00:00:00Z,98.11,88.65,57.2,33,100,0.01
2465,28,2025-07-03T00:00:00Z,100.0,100.0,68.39,33,96,0.01
2466,28,2025-07-04T00:00:00Z,100.0,76.9,66.25,33,98,0.01
2467,28,2025-07-05T00:00:00Z,90.94,100.0,66.16,30,100,0.01
2468,28,2025-07-06T00:00:00Z,91.51,97.56,66.17,30,96,0.01
2469,28,2025-07-07T00:00:00Z,90.07,98.16,71.3,33,100,0.01
2470,28,2025-07-08T00:00:00Z,100.0,68.04,68.75,30,98,0.01
2471,28,2025-07-09T00:00:00Z,98.02,100.0,58.95,30,100,0.0
2472,28,2025-07-10T00:00:00Z,100.0,100.0,76.83,33,100,0.0
2473,28,2025-07-11T00:00:00Z,90.94,100.0,58.39,35,100,0.01
2474,28,2025-07-12T00:00:00Z,90.7,78.52,53.7,30,100,0.01
2475,28,2025-07-13T00:00:00Z,83.19,100.0,56.6,33,96,0.01
2476,28,2025-07-14T00:00:00Z,85.94,89.7,54.34,30,100,0.01
2477,28,2025-07-15T00:00:00Z,78.81,100.0,59.22,30,100,0.01
2478,28,2025-07-16T00:00:00Z,70.23,100.0,55.02,30,98,0.02
2479,28,2025-07-17T00:00:00Z,100.0,100.0,62.05,30,88,0.01
2480,28,2025-07-18T00:00:00Z,94.42,100.0,59.17,30,95,0.01
2481,28,2025-07-19T00:00:00Z,92.42,91.52,58.86,30,100,0.01
2482,28,2025-07-20T00:00:00Z,97.13,71.05,52.74,30,100,0.01
2483,28,2025-07-21T00:00:00Z,79.69,94.65,57.49,30,100,0.01
2484,28,2025-07-22T00:00:00Z,100.0,72.17,72.13,35,100,0.02
2485,28,2025-07-23T00:00:00Z,98.55,84.98,59.18,33,98,0.01
2486,28,2025-07-24T00:00:00Z,78.74,86.34,69.41,30,100,0.02
2487,28,2025-07-25T00:00:00Z,89.45,100.0,74.23,30,96,0.01
2488,28,2025-07-26T00:00:00Z,83.28,97.56,75.34,30,100,0.01
2489,28,2025-07-27T00:00:00Z,100.0,93.17,54.68,30,90,0.01
2490,28,2025-07-28T00:00:00Z,94.52,68.5,59.24,30,100,0.02
2491,28,2025-07-29T00:00:00Z,86.13,12.61,30.57,93,47,60.33
2492,28,2025-07-30T00:00:00Z,89.6,3.4,11.67,58,67,7.69
2493,28,2025-07-31T00:00:00Z,78.51,0.0,26.25,100,0,98.33
2494,28,2025-08-01T00:00:00Z,77.96,0.0,25.62,100,0,98.37
2495,28,2025-08-02T00:00:00Z,77.89,0.0,21.81,100,0,98.38
2496,28,2025-08-03T00:00:00Z,78.47,0.0,22.22,100,0,98.33
2497,28,2025-08-04T00:00:00Z,78.62,0.0,25.83,100,0,98.32
2498,28,2025-08-05T00:00:00Z,79.14,0.0,26.39,100,3,98.0
2499,28,2025-08-06T00:00:00Z,78.67,0.0,25.72,100,14,96.66
2500,28,2025-08-07T00:00:00Z,99.27,73.89,61.35,30,100,0.01
2501,28,2025-08-08T00:00:00Z,92.79,8.24,11.21,50,80,1.85
2502,28,2025-08-09T00:00:00Z,78.19,0.0,22.29,100,0,98.35
2503,28,2025-08-10T00:00:00Z,77.28,0.0,22.08,81,0,95.24
2504,28,2025-08-11T00:00:00Z,79.22,0.0,25.69,100,0,98.27
2505,28,2025-08-12T00:00:00Z,78.64,0.0,26.04,100,0,98.32
2506,28,2025-08-13T00:00:00Z,78.57,0.0,25.42,100,0,98.32
2507,28,2025-08-14T00:00:00Z,79.23,0.0,25.69,100,0,98.27
2508,28,2025-08-15T00:00:00Z,78.93,0.0,25.62,100,14,96.62
2509,28,2025-08-16T00:00:00Z,83.14,0.0,25.14,91,41,77.78
2510,28,2025-08-17T00:00:00Z,100.0,89.89,61.77,30,96,0.01
2511,28,2025-08-18T00:00:00Z,95.95,53.12,11.93,52,86,0.22
2512,28,2025-08-19T00:00:00Z,78.84,0.0,26.39,100,6,97.72
2513,28,2025-08-20T00:00:00Z,78.6,0.0,25.62,100,0,98.32
2514,28,2025-08-21T00:00:00Z,78.78,0.0,25.76,87,11,93.88
2515,28,2025-08-22T00:00:00Z,83.68,3.28,30.04,88,28,82.7
2516,28,2025-08-23T00:00:00Z,98.46,89.24,70.86,30,100,0.01
2517,28,2025-08-24T00:00:00Z,80.51,0.0,21.94,100,16,95.99
2518,28,2025-08-25T00:00:00Z,98.07,77.51,11.33,45,88,0.05
2519,28,2025-08-26T00:00:00Z,84.51,90.14,56.55,30,96,0.01
2520,28,2025-08-27T00:00:00Z,90.72,10.37,24.39,56,31,24.22
2521,29,2025-05-30T00:00:00Z,92.86,100.0,64.78,30,98,0.01
2522,29,2025-05-31T00:00:00Z,99.21,73.24,73.96,30,100,0.01
2523,29,2025-06-01T00:00:00Z,91.29,90.41,55.35,30,100,0.01
2524,29,2025-06-02T00:00:00Z,97.73,88.37,62.75,33,100,0.01
2525,29,2025-06-03T00:00:00Z,100.0,100.0,55.49,36,96,0.01
2526,29,2025-06-04T00:00:00Z,86.71,97.28,61.03,36,100,0.01
2527,29,2025-06-05T00:00:00Z,88.29,74.54,67.39,32,100,0.02
2528,29,2025-06-06T00:00:00Z,78.11,79.52,63.39,30,100,0.03
2529,29,2025-06-07T00:00:00Z,75.09,65.11,55.56,34,100,0.07
2530,29,2025-06-08T00:00:00Z,85.92,77.39,56.03,33,95,0.03
2531,29,2025-06-09T00:00:00Z,85.05,79.99,75.64,30,100,0.02
2532,29,2025-06-10T00:00:00Z,100.0,66.97,60.33,30,100,0.01
2533,29,2025-06-11T00:00:00Z,87.73,100.0,69.56,33,100,0.01
2534,29,2025-06-12T00:00:00Z,90.64,83.94,72.93,30,98,0.01
2535,29,2025-06-13T00:00:00Z,99.94,100.0,76.56,30,100,0.0
2536,29,2025-06-14T00:00:00Z,98.45,77.37,68.48,30,100,0.01
2537,29,2025-06-15T00:00:00Z,88.77,69.71,68.32,33,100,0.03
2538,29,2025-06-16T00:00:00Z,96.86,100.0,59.55,30,98,0.0
2539,29,2025-06-17T00:00:00Z,100.0,100.0,67.3,33,98,0.0
2540,29,2025-06-18T00:00:00Z,100.0,89.66,60.2,33,100,0.01
2541,29,2025-06-19T00:00:00Z,90.58,99.26,59.8,30,100,0.01
2542,29,2025-06-20T00:00:00Z,100.0,91.28,57.74,30,100,0.01
2543,29,2025-06-21T00:00:00Z,84.16,88.13,63.7,30,98,0.01
2544,29,2025-06-22T00:00:00Z,82.31,100.0,58.75,30,100,0.01
2545,29,2025-06-23T00:00:00Z,100.0,100.0,75.04,33,100,0.0
2546,29,2025-06-24T00:00:00Z,92.44,100.0,58.0,30,100,0.01
2547,29,2025-06-25T00:00:00Z,92.4,83.67,55.55,30,100,0.01
2548,29,2025-06-26T00:00:00Z,94.06,92.33,57.28,30,100,0.01
2549,29,2025-06-27T00:00:00Z,92.13,100.0,64.96,33,100,0.01
2550,29,2025-06-28T00:00:00Z,99.76,100.0,71.83,30,100,0.0
2551,29,2025-06-29T00:00:00Z,100.0,100.0,75.02,30,100,0.0
2552,29,2025-06-30T00:00:00Z,99.6,98.46,74.78,30,100,0.0
2553,29,2025-07-01T00:00:00Z,89.97,89.69,72.69,30,100,0.01
2554,29,2025-07-02T00:00:00Z,100.0,70.71,71.16,33,100,0.01
2555,29,2025-07-03T00:00:00Z,99.87,100.0,57.33,30,96,0.0
2556,29,2025-07-04T00:00:00Z,100.0,100.0,58.3,30,100,0.0
2557,29,2025-07-05T00:00:00Z,99.96,71.13,57.83,30,100,0.01
2558,29,2025-07-06T00:00:00Z,97.79,88.15,68.59,30,90,0.01
2559,29,2025-07-07T00:00:00Z,100.0,100.0,52.72,30,96,0.0
2560,29,2025-07-08T00:00:00Z,100.0,100.0,58.9,30,100,0.0
2561,29,2025-07-09T00:00:00Z,89.6,100.0,54.52,30,100,0.01
2562,29,2025-07-10T00:00:00Z,89.42,76.13,56.85,30,100,0.02
2563,29,2025-07-11T00:00:00Z,90.75,100.0,76.89,33,98,0.01
2564,29,2025-07-12T00:00:00Z,80.71,92.98,65.69,30,94,0.02
2565,29,2025-07-13T00:00:00Z,100.0,63.93,64.47,30,100,0.02
2566,29,2025-07-14T00:00:00Z,84.03,88.3,73.27,30,100,0.01
2567,29,2025-07-15T00:00:00Z,87.62,100.0,61.41,33,98,0.01
2568,29,2025-07-16T00:00:00Z,100.0,100.0,59.93,35,100,0.01
2569,29,2025-07-17T00:00:00Z,100.0,67.79,68.91,33,100,0.02
2570,29,2025-07-18T00:00:00Z,86.36,76.28,55.06,33,96,0.03
2571,29,2025-07-19T00:00:00Z,94.63,75.78,66.96,33,100,0.02
2572,29,2025-07-20T00:00:00Z,100.0,71.9,55.27,30,100,0.01
2573,29,2025-07-21T00:00:00Z,79.16,84.46,61.9,30,95,0.03
2574,29,2025-07-22T00:00:00Z,81.08,82.24,58.99,32,100,0.02
2575,29,2025-07-23T00:00:00Z,94.93,75.18,59.51,39,100,0.02
2576,29,2025-07-24T00:00:00Z,100.0,100.0,65.19,30,98,0.0
2577,29,2025-07-25T00:00:00Z,100.0,75.6,66.29,30,100,0.01
2578,29,2025-07-26T00:00:00Z,71.95,95.31,56.2,33,98,0.02
2579,29,2025-07-27T00:00:00Z,90.01,66.23,60.38,30,100,0.02
2580,29,2025-07-28T00:00:00Z,78.65,84.35,53.78,30,100,0.02
2581,29,2025-07-29T00:00:00Z,94.1,35.31,41.11,59,81,0.97
2582,29,2025-07-30T00:00:00Z,85.88,0.0,32.78,100,49,77.84
2583,29,2025-07-31T00:00:00Z,93.59,79.94,60.04,33,98,0.02
2584,29,2025-08-01T00:00:00Z,82.79,0.0,34.96,90,0,96.3
2585,29,2025-08-02T00:00:00Z,81.94,0.0,35.28,89,0,96.24
2586,29,2025-08-03T00:00:00Z,79.27,0.0,33.61,100,7,97.56
2587,29,2025-08-04T00:00:00Z,81.5,0.0,34.37,100,0,98.06
2588,29,2025-08-05T00:00:00Z,77.88,0.0,34.03,100,8,97.6
2589,29,2025-08-06T00:00:00Z,80.73,0.0,35.07,100,3,97.84
2590,29,2025-08-07T00:00:00Z,80.35,0.0,34.24,100,0,98.17
2591,29,2025-08-08T00:00:00Z,81.61,0.0,35.0,100,0,98.05
2592,29,2025-08-09T00:00:00Z,80.26,0.0,34.37,100,0,98.18
2593,29,2025-08-10T00:00:00Z,79.62,0.0,35.0,100,12,96.83
2594,29,2025-08-11T00:00:00Z,100.0,87.03,26.67,30,95,0.01
2595,29,2025-08-12T00:00:00Z,100.0,72.08,67.01,35,98,0.02
2596,29,2025-08-13T00:00:00Z,89.08,16.14,35.56,63,57,10.25
2597,29,2025-08-14T00:00:00Z,78.97,0.0,34.58,100,20,95.49
2598,29,2025-08-15T00:00:00Z,80.41,44.24,34.44,100,7,86.53
2599,29,2025-08-16T00:00:00Z,80.34,0.0,34.93,100,15,96.21
2600,29,2025-08-17T00:00:00Z,79.83,0.0,34.31,100,0,98.22
2601,29,2025-08-18T00:00:00Z,82.59,0.0,33.12,100,0,97.96
2602,29,2025-08-19T00:00:00Z,81.71,0.0,34.24,100,0,98.04
2603,29,2025-08-20T00:00:00Z,81.67,0.0,35.35,91,2,96.36
2604,29,2025-08-21T00:00:00Z,80.27,0.0,34.44,92,11,95.06
2605,29,2025-08-22T00:00:00Z,81.7,3.03,34.93,100,13,95.87
2606,29,2025-08-23T00:00:00Z,81.77,0.0,34.86,100,19,95.08
2607,29,2025-08-24T00:00:00Z,92.58,47.13,34.86,70,68,2.38
2608,29,2025-08-25T00:00:00Z,86.39,0.0,35.59,98,35,85.94
2609,29,2025-08-26T00:00:00Z,82.39,0.0,35.0,100,4,97.54
2610,29,2025-08-27T00:00:00Z,79.75,0.0,34.51,99,24,94.01
2611,30,2025-05-30T00:00:00Z,100.0,96.91,56.29,33,100,0.01
2612,30,2025-05-31T00:00:00Z,96.03,100.0,70.55,30,100,0.0
2613,30,2025-06-01T00:00:00Z,97.36,97.29,53.21,30,98,0.01
2614,30,2025-06-02T00:00:00Z,89.67,100.0,58.41,30,100,0.01
2615,30,2025-06-03T00:00:00Z,89.21,96.72,65.67,30,100,0.01
2616,30,2025-06-04T00:00:00Z,86.06,89.67,67.06,30,100,0.01
2617,30,2025-06-05T00:00:00Z,98.08,100.0,56.66,30,96,0.0
2618,30,2025-06-06T00:00:00Z,100.0,100.0,74.45,30,96,0.0
2619,30,2025-06-07T00:00:00Z,94.43,100.0,59.31,33,100,0.01
2620,30,2025-06-08T00:00:00Z,98.47,95.04,75.13,32,100,0.01
2621,30,2025-06-09T00:00:00Z,80.52,100.0,55.65,30,100,0.01
2622,30,2025-06-10T00:00:00Z,100.0,100.0,69.85,30,100,0.0
2623,30,2025-06-11T00:00:00Z,88.61,95.24,53.96,30,100,0.01
2624,30,2025-06-12T00:00:00Z,100.0,69.3,66.7,33,100,0.02
2625,30,2025-06-13T00:00:00Z,94.19,100.0,58.21,30,100,0.0
2626,30,2025-06-14T00:00:00Z,100.0,100.0,54.22,30,100,0.0
2627,30,2025-06-15T00:00:00Z,95.48,90.62,61.09,33,100,0.01
2628,30,2025-06-16T00:00:00Z,88.75,100.0,61.13,30,100,0.01
2629,30,2025-06-17T00:00:00Z,81.11,100.0,76.08,30,96,0.01
2630,30,2025-06-18T00:00:00Z,84.03,100.0,68.82,30,98,0.01
2631,30,2025-06-19T00:00:00Z,88.97,100.0,63.57,30,100,0.01
2632,30,2025-06-20T00:00:00Z,93.48,96.42,54.78,30,100,0.01
2633,30,2025-06-21T00:00:00Z,99.88,99.06,72.86,36,100,0.01
2634,30,2025-06-22T00:00:00Z,93.76,100.0,69.45,30,100,0.01
2635,30,2025-06-23T00:00:00Z,95.95,100.0,53.88,30,100,0.0
2636,30,2025-06-24T00:00:00Z,100.0,75.57,59.39,30,100,0.01
2637,30,2025-06-25T00:00:00Z,88.46,97.51,55.67,33,100,0.01
2638,30,2025-06-26T00:00:00Z,97.19,100.0,71.25,33,100,0.01
2639,30,2025-06-27T00:00:00Z,100.0,100.0,67.07,30,100,0.0
2640,30,2025-06-28T00:00:00Z,94.96,100.0,65.99,30,100,0.0
2641,30,2025-06-29T00:00:00Z,89.84,93.17,75.89,30,100,0.01
2642,30,2025-06-30T00:00:00Z,100.0,100.0,54.44,30,96,0.0
2643,30,2025-07-01T00:00:00Z,72.21,100.0,53.0,30,100,0.01
2644,30,2025-07-02T00:00:00Z,100.0,95.15,60.86,33,100,0.01
2645,30,2025-07-03T00:00:00Z,87.81,100.0,56.85,30,100,0.01
2646,30,2025-07-04T00:00:00Z,87.76,81.94,66.7,30,100,0.01
2647,30,2025-07-05T00:00:00Z,100.0,100.0,68.24,33,100,0.0
2648,30,2025-07-06T00:00:00Z,100.0,87.98,73.4,30,100,0.01
2649,30,2025-07-07T00:00:00Z,92.74,100.0,69.28,30,100,0.01
2650,30,2025-07-08T00:00:00Z,88.61,100.0,69.63,33,100,0.01
2651,30,2025-07-09T00:00:00Z,85.39,100.0,67.09,30,100,0.01
2652,30,2025-07-10T00:00:00Z,74.96,100.0,60.36,30,100,0.01
2653,30,2025-07-11T00:00:00Z,100.0,74.9,57.53,30,100,0.01
2654,30,2025-07-12T00:00:00Z,100.0,100.0,54.13,30,100,0.0
2655,30,2025-07-13T00:00:00Z,93.33,100.0,53.83,30,100,0.01
2656,30,2025-07-14T00:00:00Z,93.88,97.58,66.3,30,100,0.01
2657,30,2025-07-15T00:00:00Z,73.51,80.36,60.03,33,100,0.04
2658,30,2025-07-16T00:00:00Z,93.52,100.0,61.5,30,100,0.01
2659,30,2025-07-17T00:00:00Z,100.0,88.97,69.52,30,98,0.01
2660,30,2025-07-18T00:00:00Z,100.0,90.01,73.79,30,100,0.01
2661,30,2025-07-19T00:00:00Z,98.86,89.35,58.08,33,100,0.01
2662,30,2025-07-20T00:00:00Z,100.0,83.66,70.63,30,100,0.01
2663,30,2025-07-21T00:00:00Z,88.01,100.0,71.33,30,100,0.01
2664,30,2025-07-22T00:00:00Z,100.0,59.79,52.8,32,100,0.02
2665,30,2025-07-23T00:00:00Z,100.0,92.63,59.78,30,100,0.0
2666,30,2025-07-24T00:00:00Z,100.0,68.43,75.07,30,100,0.01
2667,30,2025-07-25T00:00:00Z,93.84,87.41,57.9,32,96,0.01
2668,30,2025-07-26T00:00:00Z,83.91,47.0,63.39,30,96,0.08
2669,30,2025-07-27T00:00:00Z,92.66,94.55,56.43,33,100,0.01
2670,30,2025-07-28T00:00:00Z,94.52,85.08,53.41,32,100,0.01
2671,30,2025-07-29T00:00:00Z,92.09,97.59,37.09,54,90,0.04
2672,30,2025-07-30T00:00:00Z,79.53,43.64,34.44,61,52,6.52
2673,30,2025-07-31T00:00:00Z,80.94,26.28,33.19,52,51,7.39
2674,30,2025-08-01T00:00:00Z,87.67,33.42,33.22,47,68,1.34
2675,30,2025-08-02T00:00:00Z,94.71,100.0,72.8,30,100,0.0
2676,30,2025-08-03T00:00:00Z,94.99,87.55,66.9,30,100,0.01
2677,30,2025-08-04T00:00:00Z,83.89,86.48,34.3,58,72,0.31
2678,30,2025-08-05T00:00:00Z,80.97,25.54,35.35,60,37,21.08
2679,30,2025-08-06T00:00:00Z,81.46,56.94,34.37,86,15,51.49
2680,30,2025-08-07T00:00:00Z,80.46,0.0,34.1,66,6,83.71
2681,30,2025-08-08T00:00:00Z,80.59,29.02,34.79,79,24,58.66
2682,30,2025-08-09T00:00:00Z,79.91,6.2,35.35,59,16,62.16
2683,30,2025-08-10T00:00:00Z,81.74,24.42,35.07,71,64,11.88
2684,30,2025-08-11T00:00:00Z,98.38,100.0,26.67,30,98,0.0
2685,30,2025-08-12T00:00:00Z,87.19,0.0,34.31,68,51,30.38
2686,30,2025-08-13T00:00:00Z,80.25,0.0,35.07,78,54,49.18
2687,30,2025-08-14T00:00:00Z,81.82,70.68,34.1,70,15,18.72
2688,30,2025-08-15T00:00:00Z,81.82,1.31,35.14,72,23,73.63
2689,30,2025-08-16T00:00:00Z,82.71,0.0,35.14,59,8,73.19
2690,30,2025-08-17T00:00:00Z,80.97,48.98,33.96,83,45,21.79
2691,30,2025-08-18T00:00:00Z,80.58,9.87,33.61,83,37,66.96
2692,30,2025-08-19T00:00:00Z,81.27,28.85,35.56,97,56,45.09
2693,30,2025-08-20T00:00:00Z,80.21,46.47,34.65,65,43,10.72
2694,30,2025-08-21T00:00:00Z,82.49,0.0,35.28,60,26,54.38
2695,30,2025-08-22T00:00:00Z,97.97,89.25,32.14,38,85,0.02
2696,30,2025-08-23T00:00:00Z,91.75,100.0,76.71,30,100,0.01
2697,30,2025-08-24T00:00:00Z,88.18,31.17,36.46,50,58,2.78
2698,30,2025-08-25T00:00:00Z,81.0,55.94,34.24,62,69,1.77
2699,30,2025-08-26T00:00:00Z,82.53,26.25,34.37,86,28,64.19
2700,30,2025-08-27T00:00:00Z,94.37,96.96,34.79,30,81,0.01
2701,31,2025-05-30T00:00:00Z,93.67,90.07,55.82,30,100,0.01
2702,31,2025-05-31T00:00:00Z,93.36,87.51,53.71,33,98,0.01
2703,31,2025-06-01T00:00:00Z,83.56,99.07,62.07,30,100,0.01
2704,31,2025-06-02T00:00:00Z,89.83,100.0,62.71,32,100,0.01
2705,31,2025-06-03T00:00:00Z,80.82,95.29,58.73,30,100,0.01
2706,31,2025-06-04T00:00:00Z,85.8,100.0,60.63,30,100,0.01
2707,31,2025-06-05T00:00:00Z,76.33,100.0,61.31,30,100,0.01
2708,31,2025-06-06T00:00:00Z,74.31,99.25,57.69,30,100,0.01
2709,31,2025-06-07T00:00:00Z,88.75,100.0,76.65,30,100,0.01
2710,31,2025-06-08T00:00:00Z,93.14,91.9,63.85,30,100,0.01
2711,31,2025-06-09T00:00:00Z,100.0,63.67,68.95,33,100,0.02
2712,31,2025-06-10T00:00:00Z,93.93,69.7,53.62,33,100,0.02
2713,31,2025-06-11T00:00:00Z,93.91,95.47,75.16,30,98,0.01
2714,31,2025-06-12T00:00:00Z,100.0,66.21,74.33,33,100,0.02
2715,31,2025-06-13T00:00:00Z,81.27,97.35,61.72,30,100,0.01
2716,31,2025-06-14T00:00:00Z,86.14,81.46,60.09,30,100,0.02
2717,31,2025-06-15T00:00:00Z,100.0,70.71,71.78,30,95,0.02
2718,31,2025-06-16T00:00:00Z,98.38,100.0,56.33,33,100,0.0
2719,31,2025-06-17T00:00:00Z,100.0,100.0,64.96,36,100,0.01
2720,31,2025-06-18T00:00:00Z,97.75,100.0,63.34,33,96,0.01
2721,31,2025-06-19T00:00:00Z,86.51,100.0,71.22,33,100,0.01
2722,31,2025-06-20T00:00:00Z,72.34,88.47,60.13,30,100,0.02
2723,31,2025-06-21T00:00:00Z,100.0,100.0,56.28,30,100,0.0
2724,31,2025-06-22T00:00:00Z,97.81,100.0,63.96,30,98,0.0
2725,31,2025-06-23T00:00:00Z,94.33,100.0,60.73,30,100,0.0
2726,31,2025-06-24T00:00:00Z,100.0,88.8,60.51,32,98,0.01
2727,31,2025-06-25T00:00:00Z,81.55,100.0,54.87,30,98,0.01
2728,31,2025-06-26T00:00:00Z,85.84,82.61,76.65,30,100,0.02
2729,31,2025-06-27T00:00:00Z,88.23,91.3,62.54,30,100,0.01
2730,31,2025-06-28T00:00:00Z,87.57,100.0,56.15,33,100,0.01
2731,31,2025-06-29T00:00:00Z,99.22,91.85,54.01,33,100,0.01
2732,31,2025-06-30T00:00:00Z,92.4,94.63,54.85,30,100,0.01
2733,31,2025-07-01T00:00:00Z,77.33,59.97,54.43,33,100,0.07
2734,31,2025-07-02T00:00:00Z,100.0,100.0,72.55,30,100,0.0
2735,31,2025-07-03T00:00:00Z,98.1,78.03,54.28,30,100,0.01
2736,31,2025-07-04T00:00:00Z,92.34,100.0,64.49,35,100,0.01
2737,31,2025-07-05T00:00:00Z,100.0,100.0,69.81,30,100,0.0
2738,31,2025-07-06T00:00:00Z,95.64,83.34,55.34,30,95,0.01
2739,31,2025-07-07T00:00:00Z,100.0,70.39,60.54,30,100,0.01
2740,31,2025-07-08T00:00:00Z,96.32,92.11,63.92,33,100,0.01
2741,31,2025-07-09T00:00:00Z,79.4,95.85,55.56,30,100,0.01
2742,31,2025-07-10T00:00:00Z,100.0,99.85,58.67,33,100,0.0
2743,31,2025-07-11T00:00:00Z,100.0,90.71,59.47,30,98,0.01
2744,31,2025-07-12T00:00:00Z,96.88,83.05,70.59,36,95,0.02
2745,31,2025-07-13T00:00:00Z,98.71,100.0,53.86,30,100,0.0
2746,31,2025-07-14T00:00:00Z,95.33,100.0,62.31,32,100,0.01
2747,31,2025-07-15T00:00:00Z,95.76,100.0,66.1,30,100,0.0
2748,31,2025-07-16T00:00:00Z,75.28,100.0,65.64,33,100,0.02
2749,31,2025-07-17T00:00:00Z,90.17,100.0,59.21,30,100,0.01
2750,31,2025-07-18T00:00:00Z,90.24,98.65,65.04,30,100,0.01
2751,31,2025-07-19T00:00:00Z,81.47,100.0,54.66,30,100,0.01
2752,31,2025-07-20T00:00:00Z,84.45,82.02,54.77,30,98,0.02
2753,31,2025-07-21T00:00:00Z,89.22,80.35,60.85,33,100,0.02
2754,31,2025-07-22T00:00:00Z,100.0,90.89,55.75,30,96,0.01
2755,31,2025-07-23T00:00:00Z,90.91,90.34,54.25,30,100,0.01
2756,31,2025-07-24T00:00:00Z,95.01,87.08,59.69,36,100,0.01
2757,31,2025-07-25T00:00:00Z,100.0,81.68,63.48,30,100,0.01
2758,31,2025-07-26T00:00:00Z,100.0,97.63,57.62,30,100,0.0
2759,31,2025-07-27T00:00:00Z,87.17,90.97,63.02,33,98,0.01
2760,31,2025-07-28T00:00:00Z,100.0,95.09,65.76,30,100,0.0
2761,31,2025-07-29T00:00:00Z,95.18,83.5,60.54,30,100,0.01
2762,31,2025-07-30T00:00:00Z,100.0,83.27,37.92,38,93,0.02
2763,31,2025-07-31T00:00:00Z,82.41,29.86,35.35,87,32,57.57
2764,31,2025-08-01T00:00:00Z,80.32,0.0,34.79,61,0,83.81
2765,31,2025-08-02T00:00:00Z,81.27,10.8,34.51,97,7,95.14
2766,31,2025-08-03T00:00:00Z,80.36,43.15,34.58,97,18,76.42
2767,31,2025-08-04T00:00:00Z,81.39,0.0,35.83,79,0,93.53
2768,31,2025-08-05T00:00:00Z,76.4,0.0,33.12,81,15,90.8
2769,31,2025-08-06T00:00:00Z,80.19,0.0,34.31,91,25,90.03
2770,31,2025-08-07T00:00:00Z,79.86,0.0,32.85,100,23,94.57
2771,31,2025-08-08T00:00:00Z,79.89,0.0,35.21,71,22,76.23
2772,31,2025-08-09T00:00:00Z,81.43,11.97,34.65,92,17,89.28
2773,31,2025-08-10T00:00:00Z,79.58,12.49,35.0,93,4,94.79
2774,31,2025-08-11T00:00:00Z,85.18,3.17,34.0,62,39,35.07
2775,31,2025-08-12T00:00:00Z,92.89,40.37,34.49,57,71,1.23
2776,31,2025-08-13T00:00:00Z,79.08,0.0,35.35,77,49,55.38
2777,31,2025-08-14T00:00:00Z,83.28,0.0,34.31,91,32,84.5
2778,31,2025-08-15T00:00:00Z,80.58,38.33,35.0,82,48,26.08
2779,31,2025-08-16T00:00:00Z,80.25,25.48,34.1,100,37,75.37
2780,31,2025-08-17T00:00:00Z,88.75,85.29,34.27,44,63,0.17
2781,31,2025-08-18T00:00:00Z,100.0,76.72,60.14,30,100,0.01
2782,31,2025-08-19T00:00:00Z,87.41,0.0,35.45,83,41,63.63
2783,31,2025-08-20T00:00:00Z,82.77,0.0,34.72,87,11,92.63
2784,31,2025-08-21T00:00:00Z,83.11,11.83,35.28,62,26,44.81
2785,31,2025-08-22T00:00:00Z,91.28,75.9,32.22,48,77,0.14
2786,31,2025-08-23T00:00:00Z,96.13,100.0,52.8,30,98,0.0
2787,31,2025-08-24T00:00:00Z,86.15,0.0,36.43,78,30,70.53
2788,31,2025-08-25T00:00:00Z,81.03,6.31,35.28,64,7,76.6
2789,31,2025-08-26T00:00:00Z,81.6,0.0,34.31,78,15,86.41
2790,31,2025-08-27T00:00:00Z,80.28,0.0,35.07,100,33,91.18
2791,32,2025-05-30T00:00:00Z,97.1,88.85,62.74,32,100,0.01
2792,32,2025-05-31T00:00:00Z,95.4,100.0,70.92,34,98,0.01
2793,32,2025-06-01T00:00:00Z,99.64,90.96,61.57,32,100,0.01
2794,32,2025-06-02T00:00:00Z,86.17,100.0,55.05,35,98,0.01
2795,32,2025-06-03T00:00:00Z,100.0,69.23,65.81,32,100,0.01
2796,32,2025-06-04T00:00:00Z,82.15,62.49,59.14,32,100,0.05
2797,32,2025-06-05T00:00:00Z,93.63,82.14,74.7,35,100,0.01
2798,32,2025-06-06T00:00:00Z,95.24,53.98,64.3,32,100,0.03
2799,32,2025-06-07T00:00:00Z,90.95,74.18,64.03,35,100,0.02
2800,32,2025-06-08T00:00:00Z,96.6,82.61,52.92,32,100,0.01
2801,32,2025-06-09T00:00:00Z,100.0,95.72,64.12,32,100,0.0
2802,32,2025-06-10T00:00:00Z,96.78,72.89,63.38,32,100,0.01
2803,32,2025-06-11T00:00:00Z,100.0,76.35,53.28,32,98,0.01
2804,32,2025-06-12T00:00:00Z,86.38,100.0,75.4,32,98,0.01
2805,32,2025-06-13T00:00:00Z,85.47,83.66,55.15,32,100,0.02
2806,32,2025-06-14T00:00:00Z,100.0,100.0,72.67,32,100,0.0
2807,32,2025-06-15T00:00:00Z,100.0,100.0,54.26,35,100,0.01
2808,32,2025-06-16T00:00:00Z,95.42,100.0,75.63,32,96,0.01
2809,32,2025-06-17T00:00:00Z,93.86,100.0,60.07,32,100,0.01
2810,32,2025-06-18T00:00:00Z,100.0,88.37,64.42,35,100,0.01
2811,32,2025-06-19T00:00:00Z,100.0,55.64,53.27,35,98,0.03
2812,32,2025-06-20T00:00:00Z,100.0,62.16,76.62,35,100,0.02
2813,32,2025-06-21T00:00:00Z,100.0,81.1,73.36,35,98,0.01
2814,32,2025-06-22T00:00:00Z,83.68,100.0,57.61,37,93,0.02
2815,32,2025-06-23T00:00:00Z,83.56,70.12,57.41,32,98,0.03
2816,32,2025-06-24T00:00:00Z,87.79,79.94,54.81,35,100,0.02
2817,32,2025-06-25T00:00:00Z,98.99,99.86,57.3,32,98,0.0
2818,32,2025-06-26T00:00:00Z,94.62,89.78,59.19,32,96,0.01
2819,32,2025-06-27T00:00:00Z,90.08,99.91,59.7,32,100,0.01
2820,32,2025-06-28T00:00:00Z,90.6,96.02,59.57,32,96,0.01
2821,32,2025-06-29T00:00:00Z,81.15,100.0,60.84,41,100,0.02
2822,32,2025-06-30T00:00:00Z,100.0,96.43,68.79,32,100,0.0
2823,32,2025-07-01T00:00:00Z,99.11,100.0,58.48,38,100,0.01
2824,32,2025-07-02T00:00:00Z,71.5,88.67,53.15,32,100,0.03
2825,32,2025-07-03T00:00:00Z,82.33,91.0,64.79,35,100,0.02
2826,32,2025-07-04T00:00:00Z,90.0,86.61,68.7,32,100,0.01
2827,32,2025-07-05T00:00:00Z,94.66,84.56,71.42,35,98,0.01
2828,32,2025-07-06T00:00:00Z,100.0,68.28,58.24,32,100,0.01
2829,32,2025-07-07T00:00:00Z,97.06,100.0,71.33,38,100,0.01
2830,32,2025-07-08T00:00:00Z,97.37,92.74,60.33,32,100,0.01
2831,32,2025-07-09T00:00:00Z,94.38,88.98,60.24,35,98,0.01
2832,32,2025-07-10T00:00:00Z,100.0,56.74,74.38,38,100,0.03
2833,32,2025-07-11T00:00:00Z,65.62,88.91,64.65,35,98,0.05
2834,32,2025-07-12T00:00:00Z,96.49,100.0,68.31,35,98,0.01
2835,32,2025-07-13T00:00:00Z,86.55,100.0,72.47,32,100,0.01
2836,32,2025-07-14T00:00:00Z,79.31,90.8,66.95,32,98,0.02
2837,32,2025-07-15T00:00:00Z,100.0,100.0,54.51,32,100,0.0
2838,32,2025-07-16T00:00:00Z,94.63,98.17,60.94,32,98,0.01
2839,32,2025-07-17T00:00:00Z,94.38,100.0,53.15,35,100,0.01
2840,32,2025-07-18T00:00:00Z,84.52,80.88,54.47,32,100,0.02
2841,32,2025-07-19T00:00:00Z,82.37,100.0,58.79,32,100,0.01
2842,32,2025-07-20T00:00:00Z,82.14,100.0,74.44,35,98,0.01
2843,32,2025-07-21T00:00:00Z,61.79,79.08,53.37,32,98,0.07
2844,32,2025-07-22T00:00:00Z,100.0,66.86,66.59,32,100,0.02
2845,32,2025-07-23T00:00:00Z,100.0,100.0,69.96,32,100,0.0
2846,32,2025-07-24T00:00:00Z,93.77,55.0,62.02,35,98,0.05
2847,32,2025-07-25T00:00:00Z,100.0,99.95,63.83,35,100,0.01
2848,32,2025-07-26T00:00:00Z,84.9,95.29,52.9,35,100,0.01
2849,32,2025-07-27T00:00:00Z,100.0,81.19,66.82,35,98,0.01
2850,32,2025-07-28T00:00:00Z,97.83,87.7,70.39,35,95,0.01
2851,32,2025-07-29T00:00:00Z,100.0,82.1,49.33,38,96,0.02
2852,32,2025-07-30T00:00:00Z,91.7,100.0,60.35,35,100,0.01
2853,32,2025-07-31T00:00:00Z,86.33,0.0,36.71,100,39,84.99
2854,32,2025-08-01T00:00:00Z,81.18,0.0,33.96,100,0,98.09
2855,32,2025-08-02T00:00:00Z,82.16,0.0,34.79,100,0,98.0
2856,32,2025-08-03T00:00:00Z,81.75,0.0,34.72,100,0,98.04
2857,32,2025-08-04T00:00:00Z,81.42,15.16,35.76,100,7,95.13
2858,32,2025-08-05T00:00:00Z,80.12,0.0,35.14,100,0,98.19
2859,32,2025-08-06T00:00:00Z,80.75,0.0,34.31,100,1,98.04
2860,32,2025-08-07T00:00:00Z,82.06,0.0,35.35,100,0,98.01
2861,32,2025-08-08T00:00:00Z,79.75,0.0,34.72,100,0,98.22
2862,32,2025-08-09T00:00:00Z,95.02,23.31,28.89,44,69,1.11
2863,32,2025-08-10T00:00:00Z,86.08,84.68,76.72,35,100,0.02
2864,32,2025-08-11T00:00:00Z,95.97,43.94,37.14,76,52,6.94
2865,32,2025-08-12T00:00:00Z,80.9,0.0,34.31,100,0,98.12
2866,32,2025-08-13T00:00:00Z,80.63,0.0,34.93,100,13,96.51
2867,32,2025-08-14T00:00:00Z,82.04,0.0,35.21,100,0,98.01
2868,32,2025-08-15T00:00:00Z,80.72,0.0,34.65,100,0,98.14
2869,32,2025-08-16T00:00:00Z,80.56,0.0,34.72,100,0,98.15
2870,32,2025-08-17T00:00:00Z,80.38,0.0,35.0,100,3,97.88
2871,32,2025-08-18T00:00:00Z,87.05,0.0,34.21,100,31,89.07
2872,32,2025-08-19T00:00:00Z,87.8,0.0,35.79,79,40,58.66
2873,32,2025-08-20T00:00:00Z,79.84,0.0,34.44,100,0,98.22
2874,32,2025-08-21T00:00:00Z,81.76,0.0,34.1,100,14,96.13
2875,32,2025-08-22T00:00:00Z,81.29,0.0,35.07,100,0,98.08
2876,32,2025-08-23T00:00:00Z,81.89,0.0,34.17,100,0,98.03
2877,32,2025-08-24T00:00:00Z,81.24,0.0,33.68,100,0,98.09
2878,32,2025-08-25T00:00:00Z,79.7,0.0,35.0,100,0,98.23
2879,32,2025-08-26T00:00:00Z,81.95,0.0,34.72,100,0,98.02
2880,32,2025-08-27T00:00:00Z,80.42,0.0,35.69,100,0,98.16
2881,33,2025-05-30T00:00:00Z,92.83,80.1,64.45,30,96,0.01
2882,33,2025-05-31T00:00:00Z,100.0,73.98,64.18,33,100,0.01
2883,33,2025-06-01T00:00:00Z,86.06,85.54,64.12,30,96,0.02
2884,33,2025-06-02T00:00:00Z,78.27,100.0,57.59,30,100,0.01
2885,33,2025-06-03T00:00:00Z,100.0,100.0,53.03,30,100,0.0
2886,33,2025-06-04T00:00:00Z,83.93,91.62,55.55,30,100,0.01
2887,33,2025-06-05T00:00:00Z,100.0,100.0,76.4,30,96,0.0
2888,33,2025-06-06T00:00:00Z,94.17,100.0,59.18,33,100,0.01
2889,33,2025-06-07T00:00:00Z,87.24,70.49,76.43,30,96,0.03
2890,33,2025-06-08T00:00:00Z,100.0,90.64,55.6,30,96,0.01
2891,33,2025-06-09T00:00:00Z,100.0,100.0,59.96,36,100,0.01
2892,33,2025-06-10T00:00:00Z,100.0,100.0,58.26,30,93,0.01
2893,33,2025-06-11T00:00:00Z,75.19,97.38,67.59,30,96,0.02
2894,33,2025-06-12T00:00:00Z,94.74,100.0,64.81,30,100,0.0
2895,33,2025-06-13T00:00:00Z,77.79,95.68,56.81,30,100,0.01
2896,33,2025-06-14T00:00:00Z,80.97,93.5,57.45,33,100,0.01
2897,33,2025-06-15T00:00:00Z,100.0,59.77,65.05,30,100,0.02
2898,33,2025-06-16T00:00:00Z,92.28,87.19,64.16,30,94,0.01
2899,33,2025-06-17T00:00:00Z,94.92,99.26,59.29,33,100,0.01
2900,33,2025-06-18T00:00:00Z,95.35,72.5,73.22,30,100,0.01
2901,33,2025-06-19T00:00:00Z,86.33,100.0,65.52,30,98,0.01
2902,33,2025-06-20T00:00:00Z,93.44,95.17,55.83,30,100,0.01
2903,33,2025-06-21T00:00:00Z,96.09,94.21,72.7,30,100,0.01
2904,33,2025-06-22T00:00:00Z,100.0,63.58,58.32,30,98,0.02
2905,33,2025-06-23T00:00:00Z,98.89,100.0,61.44,30,100,0.0
2906,33,2025-06-24T00:00:00Z,81.98,100.0,55.72,36,100,0.01
2907,33,2025-06-25T00:00:00Z,88.34,92.52,61.47,30,98,0.01
2908,33,2025-06-26T00:00:00Z,100.0,100.0,70.79,30,98,0.0
2909,33,2025-06-27T00:00:00Z,86.96,100.0,58.81,30,100,0.01
2910,33,2025-06-28T00:00:00Z,79.58,100.0,67.36,30,100,0.01
2911,33,2025-06-29T00:00:00Z,80.02,96.5,53.63,33,95,0.02
2912,33,2025-06-30T00:00:00Z,86.34,73.92,58.65,32,100,0.02
2913,33,2025-07-01T00:00:00Z,87.48,97.31,58.35,33,100,0.01
2914,33,2025-07-02T00:00:00Z,100.0,94.23,62.63,30,100,0.0
2915,33,2025-07-03T00:00:00Z,89.44,74.85,67.02,32,100,0.02
2916,33,2025-07-04T00:00:00Z,97.56,74.71,73.62,30,100,0.01
2917,33,2025-07-05T00:00:00Z,100.0,76.71,54.34,37,95,0.02
2918,33,2025-07-06T00:00:00Z,99.63,68.17,64.59,30,100,0.01
2919,33,2025-07-07T00:00:00Z,91.68,90.45,55.84,30,100,0.01
2920,33,2025-07-08T00:00:00Z,94.68,100.0,58.68,30,100,0.0
2921,33,2025-07-09T00:00:00Z,91.74,92.39,57.62,33,98,0.01
2922,33,2025-07-10T00:00:00Z,95.86,87.08,57.0,33,100,0.01
2923,33,2025-07-11T00:00:00Z,82.14,80.91,73.07,30,100,0.02
2924,33,2025-07-12T00:00:00Z,85.85,92.53,64.06,30,100,0.01
2925,33,2025-07-13T00:00:00Z,100.0,91.15,65.23,30,100,0.01
2926,33,2025-07-14T00:00:00Z,100.0,74.21,74.45,30,100,0.01
2927,33,2025-07-15T00:00:00Z,97.81,93.19,71.24,30,100,0.01
2928,33,2025-07-16T00:00:00Z,100.0,100.0,71.33,30,100,0.0
2929,33,2025-07-17T00:00:00Z,97.55,95.18,58.77,30,100,0.01
2930,33,2025-07-18T00:00:00Z,84.35,100.0,68.67,30,100,0.01
2931,33,2025-07-19T00:00:00Z,100.0,96.47,71.61,33,100,0.01
2932,33,2025-07-20T00:00:00Z,83.48,100.0,56.85,30,100,0.01
2933,33,2025-07-21T00:00:00Z,88.76,100.0,60.99,30,100,0.01
2934,33,2025-07-22T00:00:00Z,100.0,81.04,72.14,33,100,0.01
2935,33,2025-07-23T00:00:00Z,74.72,100.0,72.12,32,100,0.01
2936,33,2025-07-24T00:00:00Z,100.0,97.55,66.06,33,100,0.0
2937,33,2025-07-25T00:00:00Z,83.53,96.48,62.87,30,100,0.01
2938,33,2025-07-26T00:00:00Z,100.0,81.81,72.25,33,100,0.01
2939,33,2025-07-27T00:00:00Z,96.38,100.0,66.47,30,98,0.0
2940,33,2025-07-28T00:00:00Z,89.39,100.0,60.08,30,100,0.01
2941,33,2025-07-29T00:00:00Z,86.08,0.0,30.86,71,41,47.65
2942,33,2025-07-30T00:00:00Z,77.96,0.0,25.62,98,56,76.54
2943,33,2025-07-31T00:00:00Z,97.94,54.78,12.0,56,75,0.42
2944,33,2025-08-01T00:00:00Z,87.95,20.95,30.96,87,58,28.58
2945,33,2025-08-02T00:00:00Z,77.41,0.0,21.74,100,0,98.42
2946,33,2025-08-03T00:00:00Z,79.01,0.0,22.43,85,22,88.59
2947,33,2025-08-04T00:00:00Z,78.22,5.48,25.56,96,29,89.84
2948,33,2025-08-05T00:00:00Z,79.15,0.0,25.07,100,36,90.4
2949,33,2025-08-06T00:00:00Z,79.61,0.0,24.51,100,24,94.37
2950,33,2025-08-07T00:00:00Z,78.22,0.0,26.11,100,21,95.43
2951,33,2025-08-08T00:00:00Z,77.76,0.0,25.76,81,0,95.13
2952,33,2025-08-09T00:00:00Z,77.36,0.0,21.32,96,32,90.82
2953,33,2025-08-10T00:00:00Z,94.06,43.41,14.41,53,76,0.63
2954,33,2025-08-11T00:00:00Z,93.49,99.74,69.51,30,98,0.01
2955,33,2025-08-12T00:00:00Z,87.99,46.32,30.24,81,65,6.65
2956,33,2025-08-13T00:00:00Z,80.46,0.0,25.83,100,30,92.25
2957,33,2025-08-14T00:00:00Z,78.77,0.0,25.69,88,37,81.63
2958,33,2025-08-15T00:00:00Z,77.47,0.0,25.0,88,0,96.79
2959,33,2025-08-16T00:00:00Z,89.41,82.47,16.67,55,64,0.34
2960,33,2025-08-17T00:00:00Z,81.92,28.96,23.01,89,33,60.72
2961,33,2025-08-18T00:00:00Z,76.3,0.0,25.14,94,0,97.86
2962,33,2025-08-19T00:00:00Z,78.67,3.8,25.83,100,24,93.79
2963,33,2025-08-20T00:00:00Z,93.75,35.05,12.38,43,86,0.3
2964,33,2025-08-21T00:00:00Z,96.83,69.0,11.67,41,90,0.05
2965,33,2025-08-22T00:00:00Z,79.13,0.0,25.97,99,0,98.17
2966,33,2025-08-23T00:00:00Z,77.64,0.0,22.08,100,8,97.63
2967,33,2025-08-24T00:00:00Z,77.53,0.0,22.08,100,2,98.24
2968,33,2025-08-25T00:00:00Z,79.64,0.0,25.56,84,27,84.66
2969,33,2025-08-26T00:00:00Z,79.85,0.0,25.21,100,40,88.16
2970,33,2025-08-27T00:00:00Z,79.35,18.99,25.07,100,0,96.35
2971,34,2025-05-30T00:00:00Z,98.61,87.25,58.91,33,100,0.01
2972,34,2025-05-31T00:00:00Z,94.21,100.0,66.44,30,98,0.01
2973,34,2025-06-01T00:00:00Z,100.0,91.91,72.87,30,100,0.01
2974,34,2025-06-02T00:00:00Z,100.0,96.6,57.61,30,100,0.0
2975,34,2025-06-03T00:00:00Z,82.47,74.54,55.17,30,100,0.02
2976,34,2025-06-04T00:00:00Z,79.32,89.1,54.82,30,100,0.02
2977,34,2025-06-05T00:00:00Z,86.21,99.4,56.96,30,100,0.01
2978,34,2025-06-06T00:00:00Z,91.36,100.0,52.92,30,100,0.01
2979,34,2025-06-07T00:00:00Z,99.92,80.69,73.33,30,100,0.01
2980,34,2025-06-08T00:00:00Z,100.0,92.75,73.94,30,100,0.0
2981,34,2025-06-09T00:00:00Z,91.6,99.86,76.07,30,100,0.01
2982,34,2025-06-10T00:00:00Z,96.95,98.09,70.76,30,100,0.0
2983,34,2025-06-11T00:00:00Z,87.87,94.09,75.19,33,100,0.01
2984,34,2025-06-12T00:00:00Z,100.0,100.0,55.52,30,96,0.0
2985,34,2025-06-13T00:00:00Z,92.93,100.0,76.85,30,100,0.01
2986,34,2025-06-14T00:00:00Z,100.0,100.0,57.39,30,96,0.0
2987,34,2025-06-15T00:00:00Z,100.0,100.0,74.1,30,91,0.01
2988,34,2025-06-16T00:00:00Z,82.98,91.49,54.06,33,98,0.02
2989,34,2025-06-17T00:00:00Z,100.0,94.53,70.78,30,100,0.0
2990,34,2025-06-18T00:00:00Z,80.46,80.57,76.44,32,95,0.03
2991,34,2025-06-19T00:00:00Z,86.35,100.0,56.03,30,96,0.01
2992,34,2025-06-20T00:00:00Z,100.0,94.68,63.52,33,100,0.01
2993,34,2025-06-21T00:00:00Z,100.0,95.18,75.94,30,100,0.0
2994,34,2025-06-22T00:00:00Z,94.55,57.66,63.92,30,100,0.03
2995,34,2025-06-23T00:00:00Z,95.23,90.22,60.45,33,100,0.01
2996,34,2025-06-24T00:00:00Z,88.84,60.22,62.45,30,100,0.03
2997,34,2025-06-25T00:00:00Z,100.0,100.0,63.85,33,100,0.0
2998,34,2025-06-26T00:00:00Z,100.0,100.0,74.7,30,100,0.0
2999,34,2025-06-27T00:00:00Z,100.0,100.0,59.73,30,100,0.0
3000,34,2025-06-28T00:00:00Z,100.0,100.0,69.41,33,94,0.01
3001,34,2025-06-29T00:00:00Z,100.0,88.32,58.47,30,100,0.01
3002,34,2025-06-30T00:00:00Z,99.5,90.47,56.86,33,100,0.01
3003,34,2025-07-01T00:00:00Z,94.51,91.55,61.47,30,100,0.01
3004,34,2025-07-02T00:00:00Z,100.0,70.25,60.53,30,100,0.01
3005,34,2025-07-03T00:00:00Z,91.05,100.0,76.24,35,100,0.01
3006,34,2025-07-04T00:00:00Z,100.0,95.38,72.71,30,100,0.0
3007,34,2025-07-05T00:00:00Z,95.16,100.0,55.79,30,100,0.0
3008,34,2025-07-06T00:00:00Z,99.72,100.0,75.54,30,98,0.0
3009,34,2025-07-07T00:00:00Z,89.65,99.91,76.52,30,92,0.01
3010,34,2025-07-08T00:00:00Z,91.55,100.0,66.11,30,100,0.01
3011,34,2025-07-09T00:00:00Z,89.39,100.0,65.78,33,100,0.01
3012,34,2025-07-10T00:00:00Z,94.28,83.28,73.23,30,100,0.01
3013,34,2025-07-11T00:00:00Z,98.32,100.0,54.23,33,96,0.01
3014,34,2025-07-12T00:00:00Z,89.66,87.27,56.8,30,100,0.01
3015,34,2025-07-13T00:00:00Z,92.68,71.56,60.75,30,98,0.02
3016,34,2025-07-14T00:00:00Z,97.08,100.0,58.48,33,98,0.01
3017,34,2025-07-15T00:00:00Z,89.11,96.04,63.04,30,100,0.01
3018,34,2025-07-16T00:00:00Z,86.97,100.0,70.08,30,96,0.01
3019,34,2025-07-17T00:00:00Z,91.54,100.0,72.32,30,100,0.01
3020,34,2025-07-18T00:00:00Z,100.0,95.58,61.32,33,100,0.01
3021,34,2025-07-19T00:00:00Z,82.83,93.83,59.92,33,98,0.01
3022,34,2025-07-20T00:00:00Z,86.05,73.91,55.19,30,100,0.02
3023,34,2025-07-21T00:00:00Z,100.0,89.95,75.39,30,98,0.01
3024,34,2025-07-22T00:00:00Z,95.89,100.0,65.79,30,96,0.01
3025,34,2025-07-23T00:00:00Z,96.77,100.0,58.21,30,98,0.0
3026,34,2025-07-24T00:00:00Z,90.29,100.0,71.69,30,100,0.01
3027,34,2025-07-25T00:00:00Z,74.95,100.0,60.03,35,98,0.02
3028,34,2025-07-26T00:00:00Z,100.0,100.0,61.34,30,95,0.0
3029,34,2025-07-27T00:00:00Z,99.28,67.43,53.46,30,100,0.01
3030,34,2025-07-28T00:00:00Z,100.0,96.57,53.81,30,100,0.0
3031,34,2025-07-29T00:00:00Z,98.27,70.82,12.5,39,80,0.06
3032,34,2025-07-30T00:00:00Z,78.38,0.0,25.76,100,0,98.34
3033,34,2025-07-31T00:00:00Z,78.37,3.01,25.76,87,0,96.01
3034,34,2025-08-01T00:00:00Z,77.58,0.0,25.76,83,31,82.51
3035,34,2025-08-02T00:00:00Z,76.67,0.0,21.39,57,0,83.01
3036,34,2025-08-03T00:00:00Z,77.67,0.0,23.12,93,0,97.58
3037,34,2025-08-04T00:00:00Z,78.83,0.0,26.18,71,15,82.75
3038,34,2025-08-05T00:00:00Z,82.74,12.81,28.0,100,28,87.55
3039,34,2025-08-06T00:00:00Z,86.46,90.11,68.24,30,100,0.01
3040,34,2025-08-07T00:00:00Z,87.91,56.46,30.06,80,78,2.29
3041,34,2025-08-08T00:00:00Z,78.72,34.96,25.76,85,47,35.79
3042,34,2025-08-09T00:00:00Z,77.34,21.69,21.53,97,43,71.82
3043,34,2025-08-10T00:00:00Z,77.4,8.54,20.9,70,45,43.5
3044,34,2025-08-11T00:00:00Z,78.06,0.0,25.07,75,66,33.11
3045,34,2025-08-12T00:00:00Z,91.08,54.81,20.49,54,74,0.55
3046,34,2025-08-13T00:00:00Z,85.12,9.76,31.69,71,56,23.39
3047,34,2025-08-14T00:00:00Z,78.95,0.0,25.35,90,22,91.31
3048,34,2025-08-15T00:00:00Z,78.43,0.0,26.04,57,34,44.98
3049,34,2025-08-16T00:00:00Z,77.47,6.38,22.01,77,52,47.29
3050,34,2025-08-17T00:00:00Z,77.15,0.0,21.74,80,22,86.32
3051,34,2025-08-18T00:00:00Z,92.61,81.41,12.47,49,82,0.09
3052,34,2025-08-19T00:00:00Z,80.31,33.16,26.82,66,30,29.28
3053,34,2025-08-20T00:00:00Z,78.36,0.0,25.83,91,22,92.0
3054,34,2025-08-21T00:00:00Z,78.29,0.0,25.76,99,39,88.85
3055,34,2025-08-22T00:00:00Z,78.73,17.76,25.56,86,51,49.07
3056,34,2025-08-23T00:00:00Z,77.48,0.0,21.11,92,51,74.95
3057,34,2025-08-24T00:00:00Z,94.61,64.51,11.11,39,94,0.05
3058,34,2025-08-25T00:00:00Z,84.28,52.27,30.14,74,37,15.25
3059,34,2025-08-26T00:00:00Z,78.14,37.64,25.14,89,27,64.05
3060,34,2025-08-27T00:00:00Z,78.54,0.0,25.07,92,20,93.04
3061,35,2025-05-30T00:00:00Z,100.0,96.91,54.67,38,100,0.01
3062,35,2025-05-31T00:00:00Z,86.92,89.32,66.92,35,100,0.01
3063,35,2025-06-01T00:00:00Z,86.87,66.3,76.02,38,100,0.04
3064,35,2025-06-02T00:00:00Z,72.04,67.21,55.19,35,96,0.09
3065,35,2025-06-03T00:00:00Z,83.95,77.27,53.92,32,100,0.02
3066,35,2025-06-04T00:00:00Z,89.26,69.29,62.21,35,100,0.03
3067,35,2025-06-05T00:00:00Z,97.83,100.0,66.78,32,98,0.01
3068,35,2025-06-06T00:00:00Z,100.0,77.06,67.2,32,100,0.01
3069,35,2025-06-07T00:00:00Z,86.1,87.44,55.0,32,100,0.01
3070,35,2025-06-08T00:00:00Z,100.0,99.71,68.52,38,100,0.01
3071,35,2025-06-09T00:00:00Z,100.0,79.07,66.22,32,95,0.01
3072,35,2025-06-10T00:00:00Z,87.76,72.19,54.95,34,100,0.03
3073,35,2025-06-11T00:00:00Z,87.43,84.67,64.57,32,100,0.01
3074,35,2025-06-12T00:00:00Z,100.0,100.0,60.29,32,95,0.01
3075,35,2025-06-13T00:00:00Z,97.52,55.98,61.71,35,100,0.03
3076,35,2025-06-14T00:00:00Z,100.0,76.13,72.44,32,100,0.01
3077,35,2025-06-15T00:00:00Z,100.0,78.2,60.8,32,100,0.01
3078,35,2025-06-16T00:00:00Z,100.0,100.0,55.62,44,98,0.01
3079,35,2025-06-17T00:00:00Z,96.39,100.0,53.08,32,98,0.01
3080,35,2025-06-18T00:00:00Z,89.76,80.41,66.14,32,98,0.02
3081,35,2025-06-19T00:00:00Z,84.64,93.62,69.02,32,100,0.01
3082,35,2025-06-20T00:00:00Z,93.7,98.11,67.82,38,100,0.01
3083,35,2025-06-21T00:00:00Z,88.72,100.0,71.09,32,100,0.01
3084,35,2025-06-22T00:00:00Z,97.21,82.3,71.48,32,100,0.01
3085,35,2025-06-23T00:00:00Z,93.36,81.1,67.1,32,98,0.01
3086,35,2025-06-24T00:00:00Z,97.39,82.3,55.83,41,100,0.02
3087,35,2025-06-25T00:00:00Z,85.9,83.16,62.61,35,100,0.02
3088,35,2025-06-26T00:00:00Z,100.0,87.29,57.95,32,98,0.01
3089,35,2025-06-27T00:00:00Z,98.84,99.14,72.25,32,100,0.0
3090,35,2025-06-28T00:00:00Z,96.6,100.0,60.21,32,100,0.0
3091,35,2025-06-29T00:00:00Z,100.0,100.0,73.56,35,100,0.01
3092,35,2025-06-30T00:00:00Z,89.47,81.7,56.58,32,95,0.02
3093,35,2025-07-01T00:00:00Z,100.0,82.51,55.93,32,98,0.01
3094,35,2025-07-02T00:00:00Z,96.13,53.72,58.84,32,100,0.03
3095,35,2025-07-03T00:00:00Z,92.22,83.54,72.07,32,100,0.01
3096,35,2025-07-04T00:00:00Z,80.98,83.21,69.92,32,100,0.02
3097,35,2025-07-05T00:00:00Z,100.0,67.86,67.29,32,93,0.02
3098,35,2025-07-06T00:00:00Z,90.19,100.0,67.38,32,98,0.01
3099,35,2025-07-07T00:00:00Z,96.66,90.57,75.63,34,100,0.01
3100,35,2025-07-08T00:00:00Z,100.0,88.19,75.59,35,100,0.01
3101,35,2025-07-09T00:00:00Z,87.27,100.0,69.53,35,100,0.01
3102,35,2025-07-10T00:00:00Z,89.71,96.42,62.38,35,100,0.01
3103,35,2025-07-11T00:00:00Z,100.0,85.71,60.5,38,98,0.01
3104,35,2025-07-12T00:00:00Z,83.07,99.8,59.71,32,100,0.01
3105,35,2025-07-13T00:00:00Z,100.0,89.72,63.89,32,100,0.01
3106,35,2025-07-14T00:00:00Z,85.47,100.0,54.05,35,100,0.01
3107,35,2025-07-15T00:00:00Z,100.0,78.64,73.23,35,100,0.01
3108,35,2025-07-16T00:00:00Z,100.0,96.48,72.08,35,100,0.01
3109,35,2025-07-17T00:00:00Z,81.42,68.74,73.85,32,100,0.04
3110,35,2025-07-18T00:00:00Z,96.8,98.15,76.5,32,100,0.01
3111,35,2025-07-19T00:00:00Z,89.4,66.33,64.28,32,98,0.03
3112,35,2025-07-20T00:00:00Z,100.0,63.83,57.17,32,100,0.02
3113,35,2025-07-21T00:00:00Z,77.86,59.29,56.64,35,100,0.08
3114,35,2025-07-22T00:00:00Z,89.27,65.49,61.07,35,98,0.04
3115,35,2025-07-23T00:00:00Z,100.0,91.61,70.39,32,95,0.01
3116,35,2025-07-24T00:00:00Z,91.98,82.32,69.81,32,100,0.01
3117,35,2025-07-25T00:00:00Z,99.46,77.54,62.75,35,94,0.02
3118,35,2025-07-26T00:00:00Z,96.26,100.0,64.63,32,100,0.01
3119,35,2025-07-27T00:00:00Z,89.69,82.94,67.93,35,98,0.02
3120,35,2025-07-28T00:00:00Z,95.42,96.31,74.42,32,100,0.01
3121,35,2025-07-29T00:00:00Z,87.25,0.0,35.9,100,28,90.36
3122,35,2025-07-30T00:00:00Z,81.43,0.0,35.35,100,0,98.07
3123,35,2025-07-31T00:00:00Z,81.5,0.0,34.72,92,0,96.91
3124,35,2025-08-01T00:00:00Z,81.17,0.0,36.04,100,0,98.1
3125,35,2025-08-02T00:00:00Z,81.14,0.0,34.86,100,7,97.32
3126,35,2025-08-03T00:00:00Z,80.47,0.0,35.0,100,3,97.87
3127,35,2025-08-04T00:00:00Z,89.78,60.72,33.33,76,44,7.19
3128,35,2025-08-05T00:00:00Z,83.16,0.0,35.14,100,22,93.95
3129,35,2025-08-06T00:00:00Z,82.69,0.0,34.65,100,26,92.86
3130,35,2025-08-07T00:00:00Z,81.47,0.0,33.54,100,34,90.26
3131,35,2025-08-08T00:00:00Z,80.64,0.0,34.31,100,0,98.14
3132,35,2025-08-09T00:00:00Z,84.64,0.0,33.92,100,11,96.15
3133,35,2025-08-10T00:00:00Z,93.01,86.48,68.61,40,100,0.02
3134,35,2025-08-11T00:00:00Z,85.71,0.0,37.19,100,0,97.62
3135,35,2025-08-12T00:00:00Z,81.65,0.0,35.21,100,0,98.05
3136,35,2025-08-13T00:00:00Z,80.64,0.0,35.07,100,0,98.14
3137,35,2025-08-14T00:00:00Z,96.94,38.25,27.67,65,83,0.97
3138,35,2025-08-15T00:00:00Z,100.0,93.42,63.31,35,98,0.01
3139,35,2025-08-16T00:00:00Z,85.9,0.0,36.18,100,21,93.43
3140,35,2025-08-17T00:00:00Z,82.11,0.0,34.31,100,0,98.01
3141,35,2025-08-18T00:00:00Z,81.45,0.0,34.72,100,0,98.07
3142,35,2025-08-19T00:00:00Z,81.68,0.0,35.49,100,9,96.97
3143,35,2025-08-20T00:00:00Z,83.11,0.0,35.49,100,2,97.69
3144,35,2025-08-21T00:00:00Z,80.9,0.0,34.17,100,0,98.12
3145,35,2025-08-22T00:00:00Z,79.51,0.0,34.58,100,0,98.24
3146,35,2025-08-23T00:00:00Z,96.87,38.63,28.89,55,80,0.61
3147,35,2025-08-24T00:00:00Z,84.2,0.0,34.26,100,0,97.79
3148,35,2025-08-25T00:00:00Z,94.79,63.73,29.33,38,92,0.05
3149,35,2025-08-26T00:00:00Z,92.17,100.0,62.78,35,98,0.01
3150,35,2025-08-27T00:00:00Z,80.25,0.0,26.97,100,0,98.18
3151,36,2025-05-30T00:00:00Z,100.0,100.0,63.7,30,100,0.0
3152,36,2025-05-31T00:00:00Z,92.52,93.93,59.77,30,100,0.01
3153,36,2025-06-01T00:00:00Z,100.0,85.57,67.5,30,95,0.01
3154,36,2025-06-02T00:00:00Z,81.24,94.75,60.39,33,100,0.01
3155,36,2025-06-03T00:00:00Z,100.0,96.07,65.68,30,100,0.0
3156,36,2025-06-04T00:00:00Z,100.0,79.96,70.2,30,100,0.01
3157,36,2025-06-05T00:00:00Z,93.21,71.11,55.7,30,100,0.02
3158,36,2025-06-06T00:00:00Z,100.0,100.0,76.11,34,100,0.0
3159,36,2025-06-07T00:00:00Z,80.47,91.72,75.98,30,100,0.01
3160,36,2025-06-08T00:00:00Z,99.12,100.0,53.56,30,100,0.0
3161,36,2025-06-09T00:00:00Z,92.35,100.0,54.28,30,100,0.01
3162,36,2025-06-10T00:00:00Z,100.0,97.01,57.13,30,100,0.0
3163,36,2025-06-11T00:00:00Z,90.63,88.05,58.61,30,100,0.01
3164,36,2025-06-12T00:00:00Z,94.7,90.85,65.79,33,100,0.01
3165,36,2025-06-13T00:00:00Z,82.97,100.0,62.5,30,100,0.01
3166,36,2025-06-14T00:00:00Z,94.29,100.0,73.54,30,100,0.0
3167,36,2025-06-15T00:00:00Z,84.46,94.0,76.61,30,98,0.01
3168,36,2025-06-16T00:00:00Z,100.0,100.0,58.54,30,100,0.0
3169,36,2025-06-17T00:00:00Z,99.8,100.0,61.59,30,100,0.0
3170,36,2025-06-18T00:00:00Z,94.6,98.4,58.32,30,96,0.01
3171,36,2025-06-19T00:00:00Z,99.84,100.0,60.83,30,100,0.0
3172,36,2025-06-20T00:00:00Z,100.0,99.33,59.18,30,100,0.0
3173,36,2025-06-21T00:00:00Z,100.0,86.19,65.39,33,100,0.01
3174,36,2025-06-22T00:00:00Z,73.11,100.0,53.19,32,98,0.02
3175,36,2025-06-23T00:00:00Z,96.67,98.31,61.29,30,100,0.0
3176,36,2025-06-24T00:00:00Z,93.76,100.0,71.98,35,100,0.01
3177,36,2025-06-25T00:00:00Z,95.76,100.0,72.42,30,96,0.01
3178,36,2025-06-26T00:00:00Z,100.0,79.22,59.31,30,100,0.01
3179,36,2025-06-27T00:00:00Z,100.0,88.68,66.8,30,100,0.01
3180,36,2025-06-28T00:00:00Z,100.0,100.0,75.21,30,100,0.0
3181,36,2025-06-29T00:00:00Z,99.04,69.78,62.5,30,100,0.01
3182,36,2025-06-30T00:00:00Z,90.38,100.0,58.46,33,100,0.01
3183,36,2025-07-01T00:00:00Z,96.4,91.3,57.68,33,100,0.01
3184,36,2025-07-02T00:00:00Z,84.89,77.6,53.78,30,98,0.02
3185,36,2025-07-03T00:00:00Z,87.54,100.0,73.73,36,100,0.01
3186,36,2025-07-04T00:00:00Z,91.85,85.64,57.78,30,100,0.01
3187,36,2025-07-05T00:00:00Z,95.08,98.38,57.79,30,100,0.01
3188,36,2025-07-06T00:00:00Z,100.0,97.32,60.67,30,100,0.0
3189,36,2025-07-07T00:00:00Z,100.0,74.18,55.21,30,95,0.01
3190,36,2025-07-08T00:00:00Z,92.1,100.0,53.09,33,100,0.01
3191,36,2025-07-09T00:00:00Z,98.62,100.0,71.09,30,100,0.0
3192,36,2025-07-10T00:00:00Z,100.0,89.75,73.64,33,100,0.01
3193,36,2025-07-11T00:00:00Z,97.63,85.27,52.84,30,100,0.01
3194,36,2025-07-12T00:00:00Z,100.0,86.54,66.85,30,98,0.01
3195,36,2025-07-13T00:00:00Z,92.1,69.63,60.93,30,100,0.02
3196,36,2025-07-14T00:00:00Z,94.28,100.0,52.71,39,100,0.01
3197,36,2025-07-15T00:00:00Z,92.32,91.82,59.51,30,100,0.01
3198,36,2025-07-16T00:00:00Z,100.0,80.42,72.62,30,98,0.01
3199,36,2025-07-17T00:00:00Z,83.2,98.84,55.64,30,100,0.01
3200,36,2025-07-18T00:00:00Z,100.0,78.34,58.55,30,100,0.01
3201,36,2025-07-19T00:00:00Z,86.39,94.0,62.41,30,98,0.01
3202,36,2025-07-20T00:00:00Z,93.26,99.62,64.37,30,100,0.01
3203,36,2025-07-21T00:00:00Z,90.99,100.0,63.64,32,100,0.01
3204,36,2025-07-22T00:00:00Z,99.27,80.18,59.88,30,100,0.01
3205,36,2025-07-23T00:00:00Z,95.54,100.0,64.25,30,94,0.01
3206,36,2025-07-24T00:00:00Z,100.0,100.0,66.46,30,96,0.0
3207,36,2025-07-25T00:00:00Z,93.56,82.95,60.97,30,100,0.01
3208,36,2025-07-26T00:00:00Z,97.08,94.68,70.25,33,96,0.01
3209,36,2025-07-27T00:00:00Z,99.62,94.47,62.97,30,100,0.0
3210,36,2025-07-28T00:00:00Z,94.88,82.83,64.05,30,100,0.01
3211,36,2025-07-29T00:00:00Z,85.63,41.99,31.81,56,34,9.1
3212,36,2025-07-30T00:00:00Z,78.7,31.33,25.21,59,32,22.31
3213,36,2025-07-31T00:00:00Z,92.06,87.72,12.41,43,86,0.04
3214,36,2025-08-01T00:00:00Z,100.0,82.52,62.21,30,100,0.01
3215,36,2025-08-02T00:00:00Z,90.19,76.78,20.19,49,67,0.25
3216,36,2025-08-03T00:00:00Z,86.76,37.66,21.67,64,42,10.87
3217,36,2025-08-04T00:00:00Z,91.57,93.51,58.24,30,100,0.01
3218,36,2025-08-05T00:00:00Z,100.0,85.49,10.0,32,96,0.01
3219,36,2025-08-06T00:00:00Z,79.22,0.0,25.35,68,0,89.27
3220,36,2025-08-07T00:00:00Z,77.78,12.46,25.56,61,3,75.44
3221,36,2025-08-08T00:00:00Z,80.22,0.0,25.97,67,4,85.93
3222,36,2025-08-09T00:00:00Z,77.22,0.0,20.9,75,37,68.76
3223,36,2025-08-10T00:00:00Z,77.72,4.29,21.67,70,14,80.88
3224,36,2025-08-11T00:00:00Z,79.31,46.28,25.62,59,10,31.5
3225,36,2025-08-12T00:00:00Z,77.48,0.0,25.56,58,14,71.21
3226,36,2025-08-13T00:00:00Z,78.69,37.91,25.29,82,44,32.51
3227,36,2025-08-14T00:00:00Z,89.49,45.06,26.38,43,81,0.32
3228,36,2025-08-15T00:00:00Z,78.94,40.38,25.21,64,63,5.35
3229,36,2025-08-16T00:00:00Z,77.79,56.69,22.43,86,23,46.33
3230,36,2025-08-17T00:00:00Z,77.24,34.89,21.25,55,62,4.49
3231,36,2025-08-18T00:00:00Z,78.17,47.09,25.76,68,64,5.15
3232,36,2025-08-19T00:00:00Z,89.2,71.33,24.35,57,81,0.26
3233,36,2025-08-20T00:00:00Z,96.61,76.35,12.59,39,94,0.03
3234,36,2025-08-21T00:00:00Z,77.76,0.0,25.97,65,34,57.74
3235,36,2025-08-22T00:00:00Z,78.96,0.0,25.9,77,9,90.22
3236,36,2025-08-23T00:00:00Z,77.46,37.7,21.81,75,14,60.32
3237,36,2025-08-24T00:00:00Z,77.76,0.0,21.53,69,29,69.04
3238,36,2025-08-25T00:00:00Z,79.29,0.0,26.11,68,28,67.16
3239,36,2025-08-26T00:00:00Z,78.33,5.9,24.79,77,39,62.65
3240,36,2025-08-27T00:00:00Z,77.69,5.04,25.49,78,20,83.12
3241,37,2025-05-30T00:00:00Z,90.32,75.7,53.19,30,100,0.02
3242,37,2025-05-31T00:00:00Z,100.0,95.82,52.71,30,98,0.0
3243,37,2025-06-01T00:00:00Z,100.0,76.75,63.95,33,100,0.01
3244,37,2025-06-02T00:00:00Z,100.0,88.27,54.82,30,100,0.01
3245,37,2025-06-03T00:00:00Z,100.0,100.0,55.33,30,98,0.0
3246,37,2025-06-04T00:00:00Z,83.0,92.87,52.94,30,100,0.01
3247,37,2025-06-05T00:00:00Z,100.0,100.0,59.29,30,98,0.0
3248,37,2025-06-06T00:00:00Z,96.04,82.36,57.27,33,93,0.02
3249,37,2025-06-07T00:00:00Z,100.0,85.47,55.3,30,96,0.01
3250,37,2025-06-08T00:00:00Z,94.23,58.91,53.87,30,100,0.03
3251,37,2025-06-09T00:00:00Z,100.0,78.56,70.85,30,98,0.01
3252,37,2025-06-10T00:00:00Z,96.22,100.0,63.55,30,100,0.0
3253,37,2025-06-11T00:00:00Z,100.0,74.84,62.38,32,95,0.01
3254,37,2025-06-12T00:00:00Z,83.62,100.0,73.17,30,100,0.01
3255,37,2025-06-13T00:00:00Z,88.94,100.0,64.69,30,98,0.01
3256,37,2025-06-14T00:00:00Z,100.0,80.65,70.26,30,94,0.01
3257,37,2025-06-15T00:00:00Z,95.73,100.0,74.43,33,95,0.01
3258,37,2025-06-16T00:00:00Z,98.84,100.0,71.95,30,100,0.0
3259,37,2025-06-17T00:00:00Z,76.71,82.45,64.84,30,100,0.02
3260,37,2025-06-18T00:00:00Z,98.8,85.07,55.31,32,100,0.01
3261,37,2025-06-19T00:00:00Z,100.0,89.99,60.75,32,100,0.01
3262,37,2025-06-20T00:00:00Z,100.0,94.12,73.91,30,100,0.0
3263,37,2025-06-21T00:00:00Z,97.88,100.0,62.59,33,100,0.0
3264,37,2025-06-22T00:00:00Z,86.91,90.75,64.49,30,100,0.01
3265,37,2025-06-23T00:00:00Z,94.75,93.03,56.21,32,100,0.01
3266,37,2025-06-24T00:00:00Z,100.0,76.64,60.49,30,100,0.01
3267,37,2025-06-25T00:00:00Z,79.42,100.0,66.03,30,98,0.01
3268,37,2025-06-26T00:00:00Z,93.31,56.63,72.13,33,100,0.04
3269,37,2025-06-27T00:00:00Z,100.0,89.31,63.42,32,91,0.01
3270,37,2025-06-28T00:00:00Z,90.26,100.0,67.16,30,100,0.01
3271,37,2025-06-29T00:00:00Z,95.62,90.63,58.39,30,98,0.01
3272,37,2025-06-30T00:00:00Z,100.0,98.33,57.82,30,100,0.0
3273,37,2025-07-01T00:00:00Z,100.0,100.0,61.39,33,100,0.0
3274,37,2025-07-02T00:00:00Z,100.0,68.25,59.21,30,95,0.02
3275,37,2025-07-03T00:00:00Z,87.33,91.51,58.56,33,100,0.01
3276,37,2025-07-04T00:00:00Z,100.0,100.0,57.56,30,98,0.0
3277,37,2025-07-05T00:00:00Z,97.64,81.34,70.05,30,100,0.01
3278,37,2025-07-06T00:00:00Z,97.39,99.68,57.19,30,100,0.0
3279,37,2025-07-07T00:00:00Z,100.0,86.32,58.44,30,100,0.01
3280,37,2025-07-08T00:00:00Z,96.7,100.0,76.47,33,100,0.01
3281,37,2025-07-09T00:00:00Z,99.86,83.31,68.8,30,100,0.01
3282,37,2025-07-10T00:00:00Z,100.0,56.53,68.55,36,100,0.03
3283,37,2025-07-11T00:00:00Z,87.25,67.34,58.79,32,100,0.03
3284,37,2025-07-12T00:00:00Z,100.0,68.79,62.41,30,98,0.01
3285,37,2025-07-13T00:00:00Z,97.17,80.57,55.26,30,100,0.01
3286,37,2025-07-14T00:00:00Z,95.61,100.0,57.55,30,100,0.0
3287,37,2025-07-15T00:00:00Z,100.0,100.0,61.33,33,95,0.01
3288,37,2025-07-16T00:00:00Z,92.04,92.56,75.64,33,100,0.01
3289,37,2025-07-17T00:00:00Z,99.63,81.75,53.27,30,100,0.01
3290,37,2025-07-18T00:00:00Z,77.93,100.0,62.02,30,100,0.01
3291,37,2025-07-19T00:00:00Z,100.0,72.31,68.52,33,98,0.01
3292,37,2025-07-20T00:00:00Z,86.61,97.38,53.59,30,96,0.01
3293,37,2025-07-21T00:00:00Z,100.0,95.09,65.72,30,100,0.0
3294,37,2025-07-22T00:00:00Z,92.47,95.51,71.69,34,100,0.01
3295,37,2025-07-23T00:00:00Z,96.25,83.61,75.83,30,100,0.01
3296,37,2025-07-24T00:00:00Z,81.96,91.92,52.68,30,100,0.01
3297,37,2025-07-25T00:00:00Z,88.58,100.0,72.34,30,100,0.01
3298,37,2025-07-26T00:00:00Z,83.25,100.0,73.41,30,100,0.01
3299,37,2025-07-27T00:00:00Z,100.0,93.14,67.01,30,100,0.0
3300,37,2025-07-28T00:00:00Z,98.1,100.0,66.05,30,96,0.0
3301,37,2025-07-29T00:00:00Z,85.74,39.7,30.86,90,20,62.83
3302,37,2025-07-30T00:00:00Z,77.42,0.0,25.07,100,0,98.42
3303,37,2025-07-31T00:00:00Z,80.94,0.0,27.82,92,2,96.69
3304,37,2025-08-01T00:00:00Z,83.75,77.33,66.38,30,100,0.02
3305,37,2025-08-02T00:00:00Z,82.45,0.0,23.92,100,0,97.97
3306,37,2025-08-03T00:00:00Z,76.4,0.0,22.01,100,0,98.49
3307,37,2025-08-04T00:00:00Z,79.06,0.0,25.35,96,0,97.83
3308,37,2025-08-05T00:00:00Z,80.18,0.0,26.53,100,0,98.19
3309,37,2025-08-06T00:00:00Z,77.44,0.0,25.76,83,0,95.72
3310,37,2025-08-07T00:00:00Z,93.7,40.32,12.42,47,76,0.51
3311,37,2025-08-08T00:00:00Z,78.1,0.0,25.62,96,34,89.61
3312,37,2025-08-09T00:00:00Z,77.49,0.0,21.74,81,37,75.69
3313,37,2025-08-10T00:00:00Z,76.97,0.0,21.67,91,25,91.38
3314,37,2025-08-11T00:00:00Z,78.77,0.0,25.9,100,26,94.06
3315,37,2025-08-12T00:00:00Z,77.83,0.0,25.0,97,33,90.71
3316,37,2025-08-13T00:00:00Z,77.56,19.01,25.07,89,0,93.71
3317,37,2025-08-14T00:00:00Z,80.03,0.0,25.63,86,0,95.93
3318,37,2025-08-15T00:00:00Z,100.0,91.51,68.61,30,100,0.01
3319,37,2025-08-16T00:00:00Z,92.62,21.02,14.52,44,63,1.83
3320,37,2025-08-17T00:00:00Z,77.14,10.99,21.25,94,20,91.24
3321,37,2025-08-18T00:00:00Z,78.05,0.0,25.28,87,4,95.76
3322,37,2025-08-19T00:00:00Z,78.84,0.0,26.04,100,7,97.61
3323,37,2025-08-20T00:00:00Z,78.55,0.0,25.28,92,22,92.36
3324,37,2025-08-21T00:00:00Z,85.17,0.0,28.14,89,42,72.74
3325,37,2025-08-22T00:00:00Z,96.97,93.12,53.46,30,100,0.01
3326,37,2025-08-23T00:00:00Z,100.0,81.75,63.67,30,95,0.01
3327,37,2025-08-24T00:00:00Z,82.92,0.0,35.84,83,0,94.45
3328,37,2025-08-25T00:00:00Z,81.83,0.0,34.72,100,0,98.03
3329,37,2025-08-26T00:00:00Z,80.21,0.0,35.0,97,0,97.83
3330,37,2025-08-27T00:00:00Z,81.84,0.0,33.47,97,0,97.65
3331,38,2025-05-30T00:00:00Z,100.0,84.96,69.67,44,100,0.02
3332,38,2025-05-31T00:00:00Z,100.0,100.0,68.24,36,100,0.01
3333,38,2025-06-01T00:00:00Z,96.28,62.81,68.01,39,98,0.04
3334,38,2025-06-02T00:00:00Z,96.18,79.27,53.59,39,98,0.02
3335,38,2025-06-03T00:00:00Z,91.56,87.42,58.7,36,100,0.01
3336,38,2025-06-04T00:00:00Z,100.0,55.0,73.91,36,100,0.03
3337,38,2025-06-05T00:00:00Z,99.86,72.98,54.82,41,100,0.02
3338,38,2025-06-06T00:00:00Z,94.03,89.05,67.3,39,100,0.01
3339,38,2025-06-07T00:00:00Z,99.2,100.0,59.41,36,96,0.01
3340,38,2025-06-08T00:00:00Z,92.94,96.76,69.92,39,100,0.01
3341,38,2025-06-09T00:00:00Z,100.0,70.48,67.29,36,96,0.02
3342,38,2025-06-10T00:00:00Z,91.01,100.0,61.35,36,100,0.01
3343,38,2025-06-11T00:00:00Z,87.81,86.53,57.52,36,98,0.02
3344,38,2025-06-12T00:00:00Z,86.31,73.32,71.85,36,100,0.03
3345,38,2025-06-13T00:00:00Z,97.1,86.89,60.46,41,100,0.01
3346,38,2025-06-14T00:00:00Z,100.0,71.74,55.96,39,98,0.02
3347,38,2025-06-15T00:00:00Z,100.0,85.44,54.13,39,98,0.01
3348,38,2025-06-16T00:00:00Z,87.59,98.51,69.51,39,96,0.02
3349,38,2025-06-17T00:00:00Z,100.0,100.0,60.29,41,98,0.01
3350,38,2025-06-18T00:00:00Z,95.59,60.96,69.19,39,100,0.04
3351,38,2025-06-19T00:00:00Z,100.0,96.91,59.69,36,98,0.01
3352,38,2025-06-20T00:00:00Z,93.94,75.11,67.1,41,96,0.03
3353,38,2025-06-21T00:00:00Z,91.3,95.65,61.66,36,95,0.01
3354,38,2025-06-22T00:00:00Z,100.0,95.76,69.41,39,100,0.01
3355,38,2025-06-23T00:00:00Z,95.39,93.34,64.5,36,100,0.01
3356,38,2025-06-24T00:00:00Z,77.66,47.0,64.05,42,94,0.26
3357,38,2025-06-25T00:00:00Z,94.98,96.88,68.37,42,100,0.01
3358,38,2025-06-26T00:00:00Z,99.71,100.0,55.2,36,100,0.01
3359,38,2025-06-27T00:00:00Z,85.01,87.03,53.18,39,96,0.03
3360,38,2025-06-28T00:00:00Z,100.0,85.2,58.95,36,95,0.01
3361,38,2025-06-29T00:00:00Z,100.0,57.97,75.84,42,98,0.05
3362,38,2025-06-30T00:00:00Z,100.0,100.0,56.75,39,100,0.01
3363,38,2025-07-01T00:00:00Z,89.9,100.0,68.37,36,100,0.01
3364,38,2025-07-02T00:00:00Z,98.58,86.23,71.64,36,100,0.01
3365,38,2025-07-03T00:00:00Z,100.0,99.21,57.36,36,96,0.01
3366,38,2025-07-04T00:00:00Z,88.1,99.67,70.27,39,100,0.01
3367,38,2025-07-05T00:00:00Z,100.0,56.8,73.11,36,100,0.03
3368,38,2025-07-06T00:00:00Z,100.0,77.37,74.21,42,98,0.02
3369,38,2025-07-07T00:00:00Z,100.0,82.13,63.68,39,96,0.02
3370,38,2025-07-08T00:00:00Z,100.0,73.39,55.37,36,100,0.02
3371,38,2025-07-09T00:00:00Z,100.0,62.12,61.26,36,100,0.02
3372,38,2025-07-10T00:00:00Z,92.96,100.0,63.68,38,94,0.01
3373,38,2025-07-11T00:00:00Z,100.0,100.0,66.66,39,100,0.01
3374,38,2025-07-12T00:00:00Z,90.93,64.76,54.72,39,100,0.04
3375,38,2025-07-13T00:00:00Z,100.0,85.24,60.83,36,100,0.01
3376,38,2025-07-14T00:00:00Z,95.43,100.0,52.77,42,100,0.01
3377,38,2025-07-15T00:00:00Z,96.33,92.25,58.18,42,96,0.02
3378,38,2025-07-16T00:00:00Z,95.16,84.53,72.14,36,98,0.01
3379,38,2025-07-17T00:00:00Z,100.0,77.73,68.85,38,100,0.01
3380,38,2025-07-18T00:00:00Z,100.0,100.0,55.08,36,96,0.01
3381,38,2025-07-19T00:00:00Z,93.2,68.29,60.85,36,94,0.04
3382,38,2025-07-20T00:00:00Z,91.32,95.59,52.73,36,100,0.01
3383,38,2025-07-21T00:00:00Z,93.48,100.0,58.55,42,100,0.01
3384,38,2025-07-22T00:00:00Z,94.52,68.51,71.64,36,100,0.02
3385,38,2025-07-23T00:00:00Z,100.0,100.0,65.27,36,100,0.01
3386,38,2025-07-24T00:00:00Z,93.4,65.6,57.78,39,100,0.04
3387,38,2025-07-25T00:00:00Z,97.87,94.52,58.88,36,100,0.01
3388,38,2025-07-26T00:00:00Z,86.5,100.0,53.95,39,98,0.01
3389,38,2025-07-27T00:00:00Z,96.99,82.66,66.64,39,100,0.01
3390,38,2025-07-28T00:00:00Z,93.56,64.2,61.18,42,96,0.05
3391,38,2025-07-29T00:00:00Z,85.69,0.0,31.81,100,15,95.1
3392,38,2025-07-30T00:00:00Z,79.41,0.0,25.07,100,0,98.25
3393,38,2025-07-31T00:00:00Z,78.12,0.0,25.97,100,0,98.36
3394,38,2025-08-01T00:00:00Z,94.03,32.23,12.22,68,71,3.05
3395,38,2025-08-02T00:00:00Z,78.63,0.0,21.19,100,0,98.32
3396,38,2025-08-03T00:00:00Z,77.1,0.0,22.29,100,0,98.44
3397,38,2025-08-04T00:00:00Z,77.71,0.0,25.35,100,0,98.39
3398,38,2025-08-05T00:00:00Z,79.58,0.0,25.56,100,0,98.24
3399,38,2025-08-06T00:00:00Z,78.14,0.0,25.21,100,0,98.36
3400,38,2025-08-07T00:00:00Z,79.1,0.0,25.9,100,0,98.28
3401,38,2025-08-08T00:00:00Z,79.9,0.0,25.28,100,0,98.21
3402,38,2025-08-09T00:00:00Z,77.51,0.0,21.32,100,0,98.41
3403,38,2025-08-10T00:00:00Z,96.95,55.0,13.33,42,93,0.08
3404,38,2025-08-11T00:00:00Z,88.4,0.0,30.06,100,41,82.2
3405,38,2025-08-12T00:00:00Z,77.32,0.0,24.86,100,0,98.42
3406,38,2025-08-13T00:00:00Z,78.56,0.0,25.07,100,0,98.32
3407,38,2025-08-14T00:00:00Z,77.45,0.0,25.83,100,0,98.41
3408,38,2025-08-15T00:00:00Z,78.36,0.0,25.9,100,8,97.54
3409,38,2025-08-16T00:00:00Z,78.03,0.0,21.94,100,0,98.37
3410,38,2025-08-17T00:00:00Z,77.52,0.0,22.01,100,1,98.33
3411,38,2025-08-18T00:00:00Z,77.43,0.0,25.56,100,0,98.41
3412,38,2025-08-19T00:00:00Z,77.8,0.0,25.35,100,0,98.39
3413,38,2025-08-20T00:00:00Z,89.55,0.0,17.3,76,43,48.31
3414,38,2025-08-21T00:00:00Z,93.42,66.28,11.56,57,73,0.39
3415,38,2025-08-22T00:00:00Z,77.98,0.0,24.93,100,0,98.37
3416,38,2025-08-23T00:00:00Z,78.28,0.0,22.5,100,0,98.35
3417,38,2025-08-24T00:00:00Z,78.93,0.0,21.25,100,11,97.08
3418,38,2025-08-25T00:00:00Z,78.81,0.0,25.83,100,0,98.3
3419,38,2025-08-26T00:00:00Z,78.62,0.0,25.9,100,0,98.32
3420,38,2025-08-27T00:00:00Z,78.09,0.0,25.35,100,0,98.36
3421,39,2025-05-30T00:00:00Z,100.0,90.13,64.94,30,100,0.01
3422,39,2025-05-31T00:00:00Z,82.54,84.13,62.61,33,96,0.02
3423,39,2025-06-01T00:00:00Z,93.23,82.51,60.3,30,98,0.01
3424,39,2025-06-02T00:00:00Z,100.0,80.21,54.15,33,100,0.01
3425,39,2025-06-03T00:00:00Z,93.69,100.0,68.78,33,100,0.01
3426,39,2025-06-04T00:00:00Z,64.12,90.98,58.16,30,100,0.03
3427,39,2025-06-05T00:00:00Z,92.86,85.59,59.71,30,100,0.01
3428,39,2025-06-06T00:00:00Z,91.99,100.0,59.77,30,100,0.01
3429,39,2025-06-07T00:00:00Z,87.81,78.78,67.88,30,100,0.02
3430,39,2025-06-08T00:00:00Z,70.95,100.0,64.32,33,100,0.02
3431,39,2025-06-09T00:00:00Z,90.35,94.0,66.61,30,100,0.01
3432,39,2025-06-10T00:00:00Z,84.66,90.63,57.83,30,95,0.01
3433,39,2025-06-11T00:00:00Z,100.0,84.76,63.63,30,100,0.01
3434,39,2025-06-12T00:00:00Z,85.35,91.88,65.17,32,100,0.01
3435,39,2025-06-13T00:00:00Z,87.14,100.0,69.39,30,100,0.01
3436,39,2025-06-14T00:00:00Z,100.0,100.0,53.28,33,96,0.01
3437,39,2025-06-15T00:00:00Z,88.72,100.0,56.82,30,98,0.01
3438,39,2025-06-16T00:00:00Z,95.75,100.0,67.26,30,98,0.01
3439,39,2025-06-17T00:00:00Z,93.69,100.0,53.99,30,100,0.01
3440,39,2025-06-18T00:00:00Z,100.0,100.0,70.65,30,100,0.0
3441,39,2025-06-19T00:00:00Z,77.07,91.87,56.53,33,100,0.02
3442,39,2025-06-20T00:00:00Z,100.0,87.74,76.2,30,100,0.01
3443,39,2025-06-21T00:00:00Z,93.32,69.09,73.18,30,96,0.02
3444,39,2025-06-22T00:00:00Z,83.99,74.84,59.03,30,100,0.02
3445,39,2025-06-23T00:00:00Z,83.23,90.52,64.45,33,100,0.02
3446,39,2025-06-24T00:00:00Z,89.0,93.19,56.86,30,100,0.01
3447,39,2025-06-25T00:00:00Z,100.0,83.6,75.55,35,98,0.01
3448,39,2025-06-26T00:00:00Z,100.0,99.35,70.84,30,100,0.0
3449,39,2025-06-27T00:00:00Z,83.93,97.86,57.07,30,100,0.01
3450,39,2025-06-28T00:00:00Z,100.0,96.15,60.07,30,100,0.0
3451,39,2025-06-29T00:00:00Z,100.0,91.75,57.73,30,100,0.01
3452,39,2025-06-30T00:00:00Z,90.19,88.33,58.47,30,98,0.01
3453,39,2025-07-01T00:00:00Z,91.7,100.0,71.3,33,100,0.01
3454,39,2025-07-02T00:00:00Z,97.07,100.0,70.38,30,100,0.0
3455,39,2025-07-03T00:00:00Z,98.15,95.86,66.31,30,95,0.01
3456,39,2025-07-04T00:00:00Z,93.85,100.0,66.46,30,100,0.01
3457,39,2025-07-05T00:00:00Z,77.7,68.34,57.23,30,100,0.04
3458,39,2025-07-06T00:00:00Z,100.0,96.39,62.52,30,98,0.0
3459,39,2025-07-07T00:00:00Z,89.61,95.43,60.89,30,100,0.01
3460,39,2025-07-08T00:00:00Z,93.52,68.92,63.85,33,100,0.02
3461,39,2025-07-09T00:00:00Z,100.0,74.46,70.8,30,95,0.01
3462,39,2025-07-10T00:00:00Z,91.08,89.59,75.44,32,100,0.01
3463,39,2025-07-11T00:00:00Z,87.5,97.25,73.2,30,100,0.01
3464,39,2025-07-12T00:00:00Z,100.0,74.05,76.54,30,95,0.01
3465,39,2025-07-13T00:00:00Z,90.79,99.14,56.1,30,100,0.01
3466,39,2025-07-14T00:00:00Z,100.0,100.0,53.95,30,100,0.0
3467,39,2025-07-15T00:00:00Z,100.0,99.15,54.85,30,100,0.0
3468,39,2025-07-16T00:00:00Z,100.0,100.0,76.45,30,100,0.0
3469,39,2025-07-17T00:00:00Z,90.77,85.49,52.71,30,100,0.01
3470,39,2025-07-18T00:00:00Z,100.0,93.98,76.38,30,98,0.01
3471,39,2025-07-19T00:00:00Z,98.24,95.46,65.79,30,100,0.0
3472,39,2025-07-20T00:00:00Z,77.68,85.78,54.13,30,100,0.02
3473,39,2025-07-21T00:00:00Z,97.99,97.57,69.32,30,100,0.0
3474,39,2025-07-22T00:00:00Z,95.87,100.0,66.44,32,100,0.01
3475,39,2025-07-23T00:00:00Z,96.16,97.81,56.19,30,96,0.01
3476,39,2025-07-24T00:00:00Z,97.61,99.81,53.41,30,98,0.0
3477,39,2025-07-25T00:00:00Z,100.0,77.04,68.48,32,100,0.01
3478,39,2025-07-26T00:00:00Z,73.59,67.08,59.47,30,100,0.05
3479,39,2025-07-27T00:00:00Z,89.77,62.23,63.48,30,100,0.03
3480,39,2025-07-28T00:00:00Z,100.0,99.48,57.97,30,98,0.0
3481,39,2025-07-29T00:00:00Z,84.93,48.14,30.29,58,30,10.04
3482,39,2025-07-30T00:00:00Z,78.07,0.0,25.62,82,20,88.25
3483,39,2025-07-31T00:00:00Z,79.91,5.75,24.93,72,43,48.61
3484,39,2025-08-01T00:00:00Z,77.64,32.53,25.9,92,28,71.84
3485,39,2025-08-02T00:00:00Z,79.73,0.0,22.78,99,36,89.6
3486,39,2025-08-03T00:00:00Z,76.98,0.0,21.74,63,47,39.67
3487,39,2025-08-04T00:00:00Z,78.44,0.0,25.6,78,4,92.81
3488,39,2025-08-05T00:00:00Z,93.79,23.17,27.35,43,67,1.23
3489,39,2025-08-06T00:00:00Z,80.3,0.0,25.21,64,23,66.26
3490,39,2025-08-07T00:00:00Z,79.83,0.0,25.76,75,37,65.89
3491,39,2025-08-08T00:00:00Z,77.53,14.66,24.65,78,39,56.64
3492,39,2025-08-09T00:00:00Z,76.62,0.0,21.6,84,18,90.96
3493,39,2025-08-10T00:00:00Z,77.66,7.16,21.39,58,51,22.46
3494,39,2025-08-11T00:00:00Z,78.69,0.0,25.62,93,31,89.05
3495,39,2025-08-12T00:00:00Z,76.8,39.79,25.35,86,37,46.96
3496,39,2025-08-13T00:00:00Z,87.53,13.05,25.38,56,89,1.82
3497,39,2025-08-14T00:00:00Z,90.33,100.0,54.45,30,100,0.01
3498,39,2025-08-15T00:00:00Z,91.02,37.89,19.78,56,71,1.4
3499,39,2025-08-16T00:00:00Z,78.36,0.0,21.53,98,11,96.81
3500,39,2025-08-17T00:00:00Z,76.51,10.72,21.32,63,34,45.65
3501,39,2025-08-18T00:00:00Z,78.54,47.96,24.65,77,46,17.86
3502,39,2025-08-19T00:00:00Z,78.26,0.0,25.21,100,26,94.2
3503,39,2025-08-20T00:00:00Z,79.3,0.0,25.07,82,10,92.09
3504,39,2025-08-21T00:00:00Z,78.83,0.0,26.11,65,24,68.1
3505,39,2025-08-22T00:00:00Z,86.4,49.87,28.31,69,46,7.76
3506,39,2025-08-23T00:00:00Z,81.44,89.05,56.89,30,100,0.01
3507,39,2025-08-24T00:00:00Z,86.18,81.91,24.05,65,58,1.01
3508,39,2025-08-25T00:00:00Z,88.84,57.84,22.52,75,54,4.95
3509,39,2025-08-26T00:00:00Z,92.39,86.76,71.36,30,100,0.01
3510,39,2025-08-27T00:00:00Z,88.75,3.73,28.85,55,47,16.3
3511,40,2025-05-30T00:00:00Z,82.38,84.01,61.87,30,100,0.02
3512,40,2025-05-31T00:00:00Z,100.0,100.0,67.29,30,100,0.0
3513,40,2025-06-01T00:00:00Z,100.0,100.0,65.93,33,100,0.0
3514,40,2025-06-02T00:00:00Z,100.0,55.87,73.8,30,100,0.02
3515,40,2025-06-03T00:00:00Z,92.32,100.0,64.99,30,100,0.01
3516,40,2025-06-04T00:00:00Z,100.0,97.84,71.99,30,100,0.0
3517,40,2025-06-05T00:00:00Z,87.7,100.0,54.61,33,100,0.01
3518,40,2025-06-06T00:00:00Z,100.0,55.0,63.9,30,100,0.02
3519,40,2025-06-07T00:00:00Z,92.47,100.0,62.88,30,100,0.01
3520,40,2025-06-08T00:00:00Z,93.49,90.47,70.64,33,95,0.01
3521,40,2025-06-09T00:00:00Z,100.0,100.0,65.3,30,100,0.0
3522,40,2025-06-10T00:00:00Z,78.55,84.46,73.43,30,98,0.02
3523,40,2025-06-11T00:00:00Z,100.0,100.0,54.92,30,98,0.0
3524,40,2025-06-12T00:00:00Z,100.0,100.0,56.5,33,100,0.0
3525,40,2025-06-13T00:00:00Z,88.8,100.0,56.36,30,100,0.01
3526,40,2025-06-14T00:00:00Z,100.0,98.34,57.55,30,100,0.0
3527,40,2025-06-15T00:00:00Z,90.6,98.36,65.5,30,100,0.01
3528,40,2025-06-16T00:00:00Z,100.0,100.0,59.07,30,100,0.0
3529,40,2025-06-17T00:00:00Z,100.0,85.49,68.11,30,96,0.01
3530,40,2025-06-18T00:00:00Z,81.15,100.0,56.41,30,100,0.01
3531,40,2025-06-19T00:00:00Z,100.0,95.09,59.25,30,100,0.0
3532,40,2025-06-20T00:00:00Z,99.21,100.0,62.15,30,98,0.0
3533,40,2025-06-21T00:00:00Z,97.14,90.51,67.59,30,100,0.01
3534,40,2025-06-22T00:00:00Z,95.95,79.28,66.17,30,100,0.01
3535,40,2025-06-23T00:00:00Z,92.33,100.0,63.71,30,100,0.01
3536,40,2025-06-24T00:00:00Z,85.98,78.35,57.34,30,100,0.02
3537,40,2025-06-25T00:00:00Z,94.95,95.32,68.27,35,100,0.01
3538,40,2025-06-26T00:00:00Z,77.64,76.01,60.43,30,100,0.03
3539,40,2025-06-27T00:00:00Z,96.82,84.59,72.14,30,100,0.01
3540,40,2025-06-28T00:00:00Z,100.0,95.03,71.17,30,100,0.0
3541,40,2025-06-29T00:00:00Z,89.57,80.1,63.81,30,100,0.01
3542,40,2025-06-30T00:00:00Z,97.21,100.0,67.02,30,100,0.0
3543,40,2025-07-01T00:00:00Z,100.0,100.0,59.85,32,100,0.0
3544,40,2025-07-02T00:00:00Z,91.03,84.81,56.28,36,100,0.02
3545,40,2025-07-03T00:00:00Z,93.41,100.0,62.31,30,100,0.01
3546,40,2025-07-04T00:00:00Z,100.0,77.67,55.23,30,100,0.01
3547,40,2025-07-05T00:00:00Z,97.14,100.0,65.71,30,96,0.01
3548,40,2025-07-06T00:00:00Z,100.0,76.62,67.01,30,100,0.01
3549,40,2025-07-07T00:00:00Z,100.0,100.0,69.62,30,96,0.0
3550,40,2025-07-08T00:00:00Z,100.0,90.33,71.31,30,100,0.01
3551,40,2025-07-09T00:00:00Z,94.58,66.44,65.7,30,100,0.02
3552,40,2025-07-10T00:00:00Z,81.64,87.22,69.33,33,100,0.02
3553,40,2025-07-11T00:00:00Z,100.0,98.37,76.66,30,100,0.0
3554,40,2025-07-12T00:00:00Z,86.12,89.64,54.34,30,98,0.01
3555,40,2025-07-13T00:00:00Z,90.84,100.0,71.55,30,95,0.01
3556,40,2025-07-14T00:00:00Z,95.3,93.03,54.67,30,98,0.01
3557,40,2025-07-15T00:00:00Z,85.22,100.0,54.35,30,100,0.01
3558,40,2025-07-16T00:00:00Z,93.17,86.8,60.01,30,100,0.01
3559,40,2025-07-17T00:00:00Z,89.63,66.13,53.5,33,98,0.03
3560,40,2025-07-18T00:00:00Z,100.0,98.36,72.84,30,96,0.0
3561,40,2025-07-19T00:00:00Z,89.66,86.06,76.08,30,100,0.01
3562,40,2025-07-20T00:00:00Z,96.18,100.0,65.53,30,98,0.0
3563,40,2025-07-21T00:00:00Z,82.28,100.0,52.69,32,94,0.01
3564,40,2025-07-22T00:00:00Z,88.79,100.0,55.56,33,100,0.01
3565,40,2025-07-23T00:00:00Z,83.16,72.52,73.66,33,100,0.03
3566,40,2025-07-24T00:00:00Z,89.16,100.0,59.73,35,95,0.01
3567,40,2025-07-25T00:00:00Z,100.0,100.0,53.38,33,98,0.0
3568,40,2025-07-26T00:00:00Z,93.28,77.8,66.0,33,98,0.02
3569,40,2025-07-27T00:00:00Z,100.0,100.0,76.07,30,100,0.0
3570,40,2025-07-28T00:00:00Z,100.0,100.0,62.75,30,100,0.0
3571,40,2025-07-29T00:00:00Z,86.24,4.59,31.43,67,37,41.93
3572,40,2025-07-30T00:00:00Z,86.19,0.0,27.68,65,43,36.37
3573,40,2025-07-31T00:00:00Z,99.84,65.53,54.46,30,100,0.01
3574,40,2025-08-01T00:00:00Z,91.17,87.42,54.14,30,100,0.01
3575,40,2025-08-02T00:00:00Z,77.63,0.0,21.63,87,0,96.57
3576,40,2025-08-03T00:00:00Z,77.59,26.27,22.22,76,0,83.61
3577,40,2025-08-04T00:00:00Z,78.67,0.0,25.56,100,0,98.32
3578,40,2025-08-05T00:00:00Z,78.38,0.0,25.28,100,0,98.34
3579,40,2025-08-06T00:00:00Z,78.22,0.0,25.14,100,0,98.35
3580,40,2025-08-07T00:00:00Z,78.7,0.0,25.9,94,12,95.71
3581,40,2025-08-08T00:00:00Z,90.48,26.78,25.91,62,65,4.21
3582,40,2025-08-09T00:00:00Z,76.69,0.0,21.46,79,30,80.3
3583,40,2025-08-10T00:00:00Z,76.99,0.0,20.76,97,37,89.29
3584,40,2025-08-11T00:00:00Z,78.74,0.0,25.62,100,26,94.06
3585,40,2025-08-12T00:00:00Z,78.3,0.0,25.21,83,30,82.71
3586,40,2025-08-13T00:00:00Z,78.99,0.0,26.04,100,11,97.07
3587,40,2025-08-14T00:00:00Z,87.93,0.0,24.69,59,44,25.79
3588,40,2025-08-15T00:00:00Z,89.07,10.01,27.36,56,46,14.26
3589,40,2025-08-16T00:00:00Z,77.13,0.0,20.83,100,1,98.36
3590,40,2025-08-17T00:00:00Z,77.03,0.0,20.9,95,23,93.69
3591,40,2025-08-18T00:00:00Z,78.72,0.0,26.11,100,4,97.94
3592,40,2025-08-19T00:00:00Z,78.55,0.0,27.08,100,0,98.33
3593,40,2025-08-20T00:00:00Z,78.88,0.0,26.25,94,0,97.58
3594,40,2025-08-21T00:00:00Z,88.93,33.58,25.0,60,42,9.2
3595,40,2025-08-22T00:00:00Z,86.25,99.63,67.29,30,100,0.01
3596,40,2025-08-23T00:00:00Z,92.23,49.94,17.98,54,75,0.59
3597,40,2025-08-24T00:00:00Z,77.56,0.0,22.01,79,11,90.99
3598,40,2025-08-25T00:00:00Z,79.03,0.0,25.62,83,0,95.38
3599,40,2025-08-26T00:00:00Z,79.26,0.0,25.69,100,23,94.72
3600,40,2025-08-27T00:00:00Z,86.18,0.0,27.41,73,47,43.07
3601,41,2025-05-30T00:00:00Z,100.0,100.0,55.29,33,100,0.0
3602,41,2025-05-31T00:00:00Z,68.16,72.5,53.59,37,100,0.08
3603,41,2025-06-01T00:00:00Z,82.93,90.61,54.91,30,95,0.02
3604,41,2025-06-02T00:00:00Z,87.39,100.0,69.62,30,100,0.01
3605,41,2025-06-03T00:00:00Z,95.48,91.43,58.83,30,100,0.01
3606,41,2025-06-04T00:00:00Z,94.17,69.65,75.55,30,100,0.02
3607,41,2025-06-05T00:00:00Z,100.0,84.06,64.16,30,100,0.01
3608,41,2025-06-06T00:00:00Z,90.56,76.79,53.25,30,100,0.02
3609,41,2025-06-07T00:00:00Z,82.45,100.0,54.63,30,98,0.01
3610,41,2025-06-08T00:00:00Z,92.24,100.0,52.98,33,100,0.01
3611,41,2025-06-09T00:00:00Z,73.35,89.54,55.51,30,100,0.02
3612,41,2025-06-10T00:00:00Z,92.28,86.77,55.95,30,100,0.01
3613,41,2025-06-11T00:00:00Z,95.52,100.0,59.87,30,100,0.0
3614,41,2025-06-12T00:00:00Z,100.0,94.87,74.25,33,98,0.01
3615,41,2025-06-13T00:00:00Z,80.99,90.39,52.96,30,100,0.01
3616,41,2025-06-14T00:00:00Z,91.98,100.0,53.94,30,100,0.01
3617,41,2025-06-15T00:00:00Z,100.0,90.72,75.67,32,100,0.01
3618,41,2025-06-16T00:00:00Z,92.35,100.0,75.39,30,100,0.01
3619,41,2025-06-17T00:00:00Z,100.0,100.0,69.51,30,100,0.0
3620,41,2025-06-18T00:00:00Z,100.0,100.0,73.4,30,100,0.0
3621,41,2025-06-19T00:00:00Z,82.36,95.42,55.85,36,100,0.02
3622,41,2025-06-20T00:00:00Z,81.64,100.0,55.08,30,100,0.01
3623,41,2025-06-21T00:00:00Z,82.68,84.01,58.22,30,100,0.02
3624,41,2025-06-22T00:00:00Z,100.0,91.96,59.71,30,100,0.01
3625,41,2025-06-23T00:00:00Z,87.18,100.0,72.02,30,100,0.01
3626,41,2025-06-24T00:00:00Z,93.79,91.59,59.93,30,100,0.01
3627,41,2025-06-25T00:00:00Z,100.0,90.66,70.94,30,100,0.01
3628,41,2025-06-26T00:00:00Z,100.0,100.0,53.69,30,100,0.0
3629,41,2025-06-27T00:00:00Z,99.98,100.0,68.47,30,100,0.0
3630,41,2025-06-28T00:00:00Z,82.81,66.61,53.87,30,100,0.03
3631,41,2025-06-29T00:00:00Z,98.2,99.74,56.51,30,100,0.0
3632,41,2025-06-30T00:00:00Z,79.35,100.0,55.74,30,100,0.01
3633,41,2025-07-01T00:00:00Z,87.89,93.4,60.14,30,100,0.01
3634,41,2025-07-02T00:00:00Z,100.0,96.39,67.86,30,100,0.0
3635,41,2025-07-03T00:00:00Z,80.01,100.0,54.12,33,95,0.02
3636,41,2025-07-04T00:00:00Z,87.95,100.0,58.02,30,98,0.01
3637,41,2025-07-05T00:00:00Z,85.34,94.3,56.53,30,100,0.01
3638,41,2025-07-06T00:00:00Z,96.2,100.0,53.94,30,88,0.01
3639,41,2025-07-07T00:00:00Z,100.0,92.68,54.22,30,100,0.0
3640,41,2025-07-08T00:00:00Z,88.88,98.32,56.23,30,98,0.01
3641,41,2025-07-09T00:00:00Z,81.04,70.12,60.43,30,100,0.03
3642,41,2025-07-10T00:00:00Z,93.59,100.0,73.85,30,100,0.01
3643,41,2025-07-11T00:00:00Z,98.35,100.0,65.16,32,100,0.0
3644,41,2025-07-12T00:00:00Z,99.12,88.58,75.25,30,96,0.01
3645,41,2025-07-13T00:00:00Z,100.0,91.07,72.32,30,100,0.01
3646,41,2025-07-14T00:00:00Z,86.98,93.14,68.86,30,100,0.01
3647,41,2025-07-15T00:00:00Z,81.12,100.0,56.08,30,96,0.01
3648,41,2025-07-16T00:00:00Z,93.89,85.09,63.13,30,100,0.01
3649,41,2025-07-17T00:00:00Z,92.88,100.0,76.02,30,100,0.01
3650,41,2025-07-18T00:00:00Z,90.69,100.0,74.43,32,100,0.01
3651,41,2025-07-19T00:00:00Z,82.84,91.32,53.52,34,100,0.02
3652,41,2025-07-20T00:00:00Z,87.25,95.78,62.4,30,100,0.01
3653,41,2025-07-21T00:00:00Z,79.7,100.0,53.77,33,100,0.01
3654,41,2025-07-22T00:00:00Z,89.09,100.0,74.55,30,100,0.01
3655,41,2025-07-23T00:00:00Z,76.45,100.0,55.42,30,100,0.01
3656,41,2025-07-24T00:00:00Z,100.0,99.31,57.1,33,95,0.01
3657,41,2025-07-25T00:00:00Z,86.68,88.5,72.79,30,93,0.02
3658,41,2025-07-26T00:00:00Z,85.92,100.0,56.43,32,100,0.01
3659,41,2025-07-27T00:00:00Z,86.22,88.4,71.96,30,100,0.01
3660,41,2025-07-28T00:00:00Z,91.1,91.69,70.98,30,95,0.01
3661,41,2025-07-29T00:00:00Z,85.61,15.17,37.05,79,51,33.24
3662,41,2025-07-30T00:00:00Z,87.9,36.28,33.58,36,35,3.12
3663,41,2025-07-31T00:00:00Z,85.86,36.3,36.5,55,38,8.74
3664,41,2025-08-01T00:00:00Z,82.42,25.98,35.42,56,16,35.43
3665,41,2025-08-02T00:00:00Z,82.11,13.26,35.62,82,25,73.77
3666,41,2025-08-03T00:00:00Z,80.53,19.92,34.58,44,20,23.45
3667,41,2025-08-04T00:00:00Z,80.85,0.0,34.44,60,18,65.87
3668,41,2025-08-05T00:00:00Z,98.62,79.79,28.57,33,98,0.01
3669,41,2025-08-06T00:00:00Z,89.33,73.39,58.28,30,100,0.02
3670,41,2025-08-07T00:00:00Z,84.49,2.5,36.24,57,37,31.98
3671,41,2025-08-08T00:00:00Z,79.56,23.8,34.51,59,52,12.02
3672,41,2025-08-09T00:00:00Z,81.63,24.98,34.24,61,15,45.75
3673,41,2025-08-10T00:00:00Z,81.65,47.82,33.96,68,16,32.85
3674,41,2025-08-11T00:00:00Z,80.97,0.0,35.0,71,7,86.55
3675,41,2025-08-12T00:00:00Z,81.74,16.01,35.0,64,35,34.58
3676,41,2025-08-13T00:00:00Z,81.07,62.06,35.28,62,19,14.61
3677,41,2025-08-14T00:00:00Z,79.85,23.31,34.44,67,47,22.18
3678,41,2025-08-15T00:00:00Z,81.47,72.72,34.1,61,38,3.83
3679,41,2025-08-16T00:00:00Z,94.85,94.35,27.78,37,90,0.02
3680,41,2025-08-17T00:00:00Z,95.08,73.42,36.47,44,96,0.04
3681,41,2025-08-18T00:00:00Z,81.13,36.11,34.72,60,22,26.88
3682,41,2025-08-19T00:00:00Z,81.41,0.0,34.58,78,51,51.49
3683,41,2025-08-20T00:00:00Z,80.25,41.21,34.65,89,29,55.7
3684,41,2025-08-21T00:00:00Z,82.21,47.41,35.76,61,70,2.09
3685,41,2025-08-22T00:00:00Z,81.35,48.83,35.14,68,62,4.56
3686,41,2025-08-23T00:00:00Z,80.44,57.39,35.07,50,43,3.02
3687,41,2025-08-24T00:00:00Z,87.26,50.59,33.44,53,50,2.4
3688,41,2025-08-25T00:00:00Z,100.0,77.13,28.33,33,93,0.02
3689,41,2025-08-26T00:00:00Z,79.68,0.0,33.89,67,32,60.73
3690,41,2025-08-27T00:00:00Z,79.59,20.69,33.82,65,19,53.56
3691,42,2025-05-30T00:00:00Z,96.73,64.46,65.92,30,95,0.02
3692,42,2025-05-31T00:00:00Z,88.05,100.0,53.69,30,100,0.01
3693,42,2025-06-01T00:00:00Z,71.61,91.99,71.71,30,98,0.02
3694,42,2025-06-02T00:00:00Z,100.0,100.0,65.16,30,100,0.0
3695,42,2025-06-03T00:00:00Z,83.23,70.48,62.3,30,100,0.03
3696,42,2025-06-04T00:00:00Z,100.0,100.0,70.77,30,100,0.0
3697,42,2025-06-05T00:00:00Z,98.77,100.0,63.03,30,100,0.0
3698,42,2025-06-06T00:00:00Z,85.29,80.48,53.34,30,100,0.02
3699,42,2025-06-07T00:00:00Z,97.51,89.58,69.9,30,96,0.01
3700,42,2025-06-08T00:00:00Z,100.0,86.41,62.19,36,98,0.01
3701,42,2025-06-09T00:00:00Z,90.49,100.0,71.02,30,100,0.01
3702,42,2025-06-10T00:00:00Z,96.47,90.01,55.09,30,100,0.01
3703,42,2025-06-11T00:00:00Z,98.58,96.49,57.09,30,98,0.01
3704,42,2025-06-12T00:00:00Z,100.0,72.55,58.56,30,100,0.01
3705,42,2025-06-13T00:00:00Z,86.8,74.04,60.34,30,100,0.02
3706,42,2025-06-14T00:00:00Z,100.0,100.0,71.15,33,98,0.0
3707,42,2025-06-15T00:00:00Z,88.03,88.27,68.61,33,98,0.01
3708,42,2025-06-16T00:00:00Z,88.32,92.48,72.83,35,100,0.01
3709,42,2025-06-17T00:00:00Z,98.35,83.42,57.34,30,100,0.01
3710,42,2025-06-18T00:00:00Z,90.3,68.03,62.55,30,100,0.02
3711,42,2025-06-19T00:00:00Z,99.49,93.77,55.38,30,100,0.0
3712,42,2025-06-20T00:00:00Z,100.0,100.0,62.87,30,98,0.0
3713,42,2025-06-21T00:00:00Z,93.59,66.4,53.36,30,98,0.02
3714,42,2025-06-22T00:00:00Z,95.89,100.0,71.05,30,100,0.0
3715,42,2025-06-23T00:00:00Z,89.42,100.0,55.48,30,98,0.01
3716,42,2025-06-24T00:00:00Z,74.05,100.0,54.89,30,100,0.01
3717,42,2025-06-25T00:00:00Z,82.97,100.0,74.78,30,96,0.01
3718,42,2025-06-26T00:00:00Z,100.0,97.17,71.07,33,98,0.01
3719,42,2025-06-27T00:00:00Z,96.26,77.26,69.88,33,100,0.01
3720,42,2025-06-28T00:00:00Z,84.43,84.44,74.8,30,100,0.02
3721,42,2025-06-29T00:00:00Z,100.0,100.0,68.5,33,100,0.0
3722,42,2025-06-30T00:00:00Z,91.11,65.47,72.05,33,100,0.03
3723,42,2025-07-01T00:00:00Z,92.02,100.0,63.07,30,100,0.01
3724,42,2025-07-02T00:00:00Z,89.43,89.91,59.74,30,98,0.01
3725,42,2025-07-03T00:00:00Z,80.85,92.48,64.49,32,98,0.02
3726,42,2025-07-04T00:00:00Z,85.14,72.45,75.05,36,100,0.03
3727,42,2025-07-05T00:00:00Z,99.31,84.11,64.41,32,100,0.01
3728,42,2025-07-06T00:00:00Z,97.79,100.0,53.98,33,100,0.0
3729,42,2025-07-07T00:00:00Z,100.0,97.34,72.45,33,100,0.0
3730,42,2025-07-08T00:00:00Z,82.99,93.51,53.17,33,98,0.01
3731,42,2025-07-09T00:00:00Z,80.01,100.0,59.19,32,100,0.01
3732,42,2025-07-10T00:00:00Z,100.0,100.0,56.25,30,100,0.0
3733,42,2025-07-11T00:00:00Z,99.12,93.92,71.16,30,100,0.0
3734,42,2025-07-12T00:00:00Z,79.64,100.0,59.42,30,100,0.01
3735,42,2025-07-13T00:00:00Z,95.27,74.5,68.49,30,100,0.01
3736,42,2025-07-14T00:00:00Z,98.9,100.0,62.72,32,100,0.0
3737,42,2025-07-15T00:00:00Z,91.73,75.31,61.9,30,100,0.02
3738,42,2025-07-16T00:00:00Z,100.0,78.67,68.2,30,100,0.01
3739,42,2025-07-17T00:00:00Z,96.04,100.0,55.28,30,100,0.0
3740,42,2025-07-18T00:00:00Z,100.0,100.0,61.85,30,100,0.0
3741,42,2025-07-19T00:00:00Z,100.0,93.01,57.03,33,96,0.01
3742,42,2025-07-20T00:00:00Z,97.1,100.0,75.67,35,100,0.01
3743,42,2025-07-21T00:00:00Z,100.0,100.0,71.04,33,100,0.0
3744,42,2025-07-22T00:00:00Z,91.27,87.3,71.53,36,100,0.01
3745,42,2025-07-23T00:00:00Z,93.32,100.0,60.26,32,96,0.01
3746,42,2025-07-24T00:00:00Z,83.56,100.0,60.42,30,93,0.01
3747,42,2025-07-25T00:00:00Z,88.11,99.4,74.42,33,93,0.01
3748,42,2025-07-26T00:00:00Z,100.0,94.74,64.65,36,95,0.01
3749,42,2025-07-27T00:00:00Z,100.0,74.88,56.83,30,98,0.01
3750,42,2025-07-28T00:00:00Z,73.17,79.47,53.25,36,100,0.05
3751,42,2025-07-29T00:00:00Z,98.87,50.71,12.63,45,86,0.14
3752,42,2025-07-30T00:00:00Z,79.22,0.0,25.83,100,24,94.47
3753,42,2025-07-31T00:00:00Z,79.46,0.0,25.83,100,12,96.85
3754,42,2025-08-01T00:00:00Z,83.76,0.0,29.44,91,55,62.76
3755,42,2025-08-02T00:00:00Z,100.0,95.56,58.0,33,100,0.01
3756,42,2025-08-03T00:00:00Z,90.19,6.27,33.89,82,45,47.75
3757,42,2025-08-04T00:00:00Z,82.1,0.0,33.96,93,0,97.0
3758,42,2025-08-05T00:00:00Z,79.48,0.0,34.58,100,40,88.35
3759,42,2025-08-06T00:00:00Z,80.6,0.0,34.44,100,19,95.35
3760,42,2025-08-07T00:00:00Z,78.27,0.0,34.17,100,0,98.35
3761,42,2025-08-08T00:00:00Z,82.57,0.0,34.79,100,37,88.31
3762,42,2025-08-09T00:00:00Z,89.58,52.68,34.86,75,40,11.05
3763,42,2025-08-10T00:00:00Z,84.36,0.0,36.06,100,0,97.77
3764,42,2025-08-11T00:00:00Z,79.68,13.03,34.86,100,34,85.75
3765,42,2025-08-12T00:00:00Z,80.74,0.0,34.37,100,31,91.78
3766,42,2025-08-13T00:00:00Z,79.82,0.0,34.17,95,16,94.83
3767,42,2025-08-14T00:00:00Z,80.35,0.0,34.1,100,2,97.98
3768,42,2025-08-15T00:00:00Z,83.93,0.0,33.96,100,20,94.29
3769,42,2025-08-16T00:00:00Z,79.47,0.0,34.86,81,0,94.72
3770,42,2025-08-17T00:00:00Z,100.0,71.76,26.67,41,93,0.03
3771,42,2025-08-18T00:00:00Z,99.09,95.64,69.16,30,98,0.01
3772,42,2025-08-19T00:00:00Z,80.63,0.0,34.65,94,54,71.27
3773,42,2025-08-20T00:00:00Z,78.2,0.0,34.31,100,31,92.69
3774,42,2025-08-21T00:00:00Z,81.64,0.0,35.42,100,41,86.62
3775,42,2025-08-22T00:00:00Z,100.0,62.15,30.37,39,90,0.05
3776,42,2025-08-23T00:00:00Z,81.24,0.0,35.28,100,0,98.09
3777,42,2025-08-24T00:00:00Z,85.0,0.0,34.86,93,20,91.13
3778,42,2025-08-25T00:00:00Z,81.49,0.0,35.42,100,45,84.23
3779,42,2025-08-26T00:00:00Z,81.37,0.0,34.1,83,0,94.84
3780,42,2025-08-27T00:00:00Z,84.68,0.0,35.62,100,44,82.72
3781,43,2025-05-30T00:00:00Z,97.8,80.5,61.09,30,100,0.01
3782,43,2025-05-31T00:00:00Z,98.33,100.0,56.33,33,100,0.0
3783,43,2025-06-01T00:00:00Z,86.49,77.9,60.67,33,100,0.02
3784,43,2025-06-02T00:00:00Z,100.0,99.52,64.65,33,100,0.0
3785,43,2025-06-03T00:00:00Z,99.16,86.34,72.84,32,98,0.01
3786,43,2025-06-04T00:00:00Z,100.0,89.24,72.36,36,100,0.01
3787,43,2025-06-05T00:00:00Z,90.31,100.0,57.83,30,100,0.01
3788,43,2025-06-06T00:00:00Z,92.8,100.0,58.75,33,100,0.01
3789,43,2025-06-07T00:00:00Z,96.58,100.0,53.45,30,100,0.0
3790,43,2025-06-08T00:00:00Z,83.04,100.0,57.28,33,100,0.01
3791,43,2025-06-09T00:00:00Z,93.1,100.0,58.87,30,100,0.01
3792,43,2025-06-10T00:00:00Z,100.0,78.91,53.67,33,100,0.01
3793,43,2025-06-11T00:00:00Z,93.22,79.61,58.29,36,98,0.02
3794,43,2025-06-12T00:00:00Z,82.55,100.0,72.22,33,98,0.01
3795,43,2025-06-13T00:00:00Z,83.89,79.13,55.51,30,100,0.02
3796,43,2025-06-14T00:00:00Z,100.0,95.82,74.23,30,100,0.0
3797,43,2025-06-15T00:00:00Z,93.19,98.94,73.99,30,100,0.01
3798,43,2025-06-16T00:00:00Z,82.29,92.62,63.74,33,100,0.01
3799,43,2025-06-17T00:00:00Z,93.65,100.0,60.26,30,98,0.01
3800,43,2025-06-18T00:00:00Z,90.33,92.39,53.04,35,98,0.01
3801,43,2025-06-19T00:00:00Z,100.0,86.08,58.06,30,100,0.01
3802,43,2025-06-20T00:00:00Z,83.1,86.11,62.16,30,100,0.02
3803,43,2025-06-21T00:00:00Z,89.19,70.89,62.18,32,100,0.02
3804,43,2025-06-22T00:00:00Z,100.0,82.86,59.53,30,100,0.01
3805,43,2025-06-23T00:00:00Z,86.68,86.6,61.92,33,100,0.01
3806,43,2025-06-24T00:00:00Z,98.88,100.0,73.22,30,96,0.0
3807,43,2025-06-25T00:00:00Z,100.0,100.0,63.44,30,100,0.0
3808,43,2025-06-26T00:00:00Z,100.0,75.68,61.09,30,100,0.01
3809,43,2025-06-27T00:00:00Z,93.43,86.2,65.34,30,100,0.01
3810,43,2025-06-28T00:00:00Z,100.0,93.76,62.46,30,98,0.01
3811,43,2025-06-29T00:00:00Z,88.25,94.14,60.7,30,98,0.01
3812,43,2025-06-30T00:00:00Z,100.0,82.73,73.51,30,95,0.01
3813,43,2025-07-01T00:00:00Z,100.0,100.0,61.92,36,100,0.01
3814,43,2025-07-02T00:00:00Z,100.0,78.42,70.99,30,100,0.01
3815,43,2025-07-03T00:00:00Z,79.93,100.0,66.61,30,98,0.01
3816,43,2025-07-04T00:00:00Z,96.87,70.32,53.63,30,100,0.01
3817,43,2025-07-05T00:00:00Z,90.84,100.0,73.75,30,100,0.01
3818,43,2025-07-06T00:00:00Z,78.83,99.58,65.15,30,100,0.01
3819,43,2025-07-07T00:00:00Z,93.54,82.97,54.82,30,100,0.01
3820,43,2025-07-08T00:00:00Z,98.14,100.0,64.44,30,100,0.0
3821,43,2025-07-09T00:00:00Z,84.91,63.53,55.33,30,98,0.04
3822,43,2025-07-10T00:00:00Z,71.24,98.37,53.96,33,95,0.03
3823,43,2025-07-11T00:00:00Z,93.36,100.0,59.47,36,100,0.01
3824,43,2025-07-12T00:00:00Z,92.53,81.76,76.61,30,98,0.01
3825,43,2025-07-13T00:00:00Z,96.26,89.47,75.87,33,100,0.01
3826,43,2025-07-14T00:00:00Z,100.0,78.23,76.76,30,98,0.01
3827,43,2025-07-15T00:00:00Z,100.0,91.61,60.27,30,98,0.01
3828,43,2025-07-16T00:00:00Z,93.88,100.0,70.89,36,100,0.01
3829,43,2025-07-17T00:00:00Z,100.0,78.36,69.71,30,100,0.01
3830,43,2025-07-18T00:00:00Z,92.82,89.48,61.11,30,91,0.01
3831,43,2025-07-19T00:00:00Z,88.07,71.1,54.4,30,100,0.02
3832,43,2025-07-20T00:00:00Z,65.05,71.84,61.28,33,100,0.08
3833,43,2025-07-21T00:00:00Z,92.82,98.59,67.49,33,98,0.01
3834,43,2025-07-22T00:00:00Z,100.0,92.68,58.56,33,94,0.01
3835,43,2025-07-23T00:00:00Z,90.0,100.0,59.32,36,98,0.01
3836,43,2025-07-24T00:00:00Z,100.0,90.28,70.31,33,95,0.01
3837,43,2025-07-25T00:00:00Z,100.0,85.59,72.46,30,96,0.01
3838,43,2025-07-26T00:00:00Z,90.61,67.02,64.07,33,100,0.03
3839,43,2025-07-27T00:00:00Z,100.0,95.82,67.14,33,100,0.01
3840,43,2025-07-28T00:00:00Z,84.92,95.78,58.61,30,95,0.01
3841,43,2025-07-29T00:00:00Z,92.61,24.36,18.85,64,72,3.34
3842,43,2025-07-30T00:00:00Z,79.47,0.0,25.07,100,23,94.67
3843,43,2025-07-31T00:00:00Z,79.0,0.0,25.49,100,36,90.46
3844,43,2025-08-01T00:00:00Z,78.9,0.0,25.35,100,11,97.08
3845,43,2025-08-02T00:00:00Z,77.53,0.0,21.46,100,35,91.48
3846,43,2025-08-03T00:00:00Z,85.32,44.21,23.48,76,29,28.4
3847,43,2025-08-04T00:00:00Z,87.02,98.07,54.03,30,98,0.01
3848,43,2025-08-05T00:00:00Z,91.33,32.33,27.33,67,53,7.66
3849,43,2025-08-06T00:00:00Z,77.78,0.0,25.28,100,0,98.39
3850,43,2025-08-07T00:00:00Z,77.82,0.0,25.42,100,19,95.93
3851,43,2025-08-08T00:00:00Z,79.25,0.0,27.15,100,0,98.27
3852,43,2025-08-09T00:00:00Z,86.31,19.69,21.07,69,39,28.64
3853,43,2025-08-10T00:00:00Z,94.4,18.07,10.14,78,79,6.22
3854,43,2025-08-11T00:00:00Z,77.63,0.0,25.9,100,15,96.67
3855,43,2025-08-12T00:00:00Z,77.84,0.0,25.9,99,0,98.28
3856,43,2025-08-13T00:00:00Z,85.49,0.0,29.86,95,41,79.83
3857,43,2025-08-14T00:00:00Z,86.68,0.0,30.67,100,52,74.38
3858,43,2025-08-15T00:00:00Z,79.02,0.0,25.21,100,0,98.29
3859,43,2025-08-16T00:00:00Z,77.79,0.0,22.08,100,0,98.39
3860,43,2025-08-17T00:00:00Z,77.23,0.0,21.94,100,19,96.04
3861,43,2025-08-18T00:00:00Z,78.72,0.0,25.28,100,17,96.14
3862,43,2025-08-19T00:00:00Z,92.75,24.37,12.26,57,51,6.05
3863,43,2025-08-20T00:00:00Z,84.72,0.0,29.86,89,19,89.6
3864,43,2025-08-21T00:00:00Z,78.09,0.0,25.42,100,0,98.36
3865,43,2025-08-22T00:00:00Z,79.14,0.0,25.56,100,0,98.28
3866,43,2025-08-23T00:00:00Z,76.87,0.0,21.46,100,0,98.46
3867,43,2025-08-24T00:00:00Z,77.42,0.0,22.15,100,2,98.25
3868,43,2025-08-25T00:00:00Z,77.98,0.0,26.39,100,0,98.37
3869,43,2025-08-26T00:00:00Z,79.39,0.0,25.56,100,0,98.25
3870,43,2025-08-27T00:00:00Z,77.76,0.0,25.76,100,0,98.39
3871,44,2025-05-30T00:00:00Z,100.0,77.14,68.8,42,96,0.02
3872,44,2025-05-31T00:00:00Z,100.0,77.8,55.75,39,100,0.02
3873,44,2025-06-01T00:00:00Z,91.51,84.96,75.65,36,98,0.02
3874,44,2025-06-02T00:00:00Z,100.0,100.0,62.79,36,100,0.01
3875,44,2025-06-03T00:00:00Z,100.0,55.0,75.43,39,98,0.04
3876,44,2025-06-04T00:00:00Z,94.12,77.2,68.37,39,100,0.02
3877,44,2025-06-05T00:00:00Z,87.96,98.03,75.54,42,96,0.02
3878,44,2025-06-06T00:00:00Z,83.14,78.85,70.64,42,100,0.04
3879,44,2025-06-07T00:00:00Z,75.89,91.22,55.24,39,100,0.03
3880,44,2025-06-08T00:00:00Z,100.0,87.5,68.28,36,100,0.01
3881,44,2025-06-09T00:00:00Z,92.05,87.47,65.5,45,100,0.02
3882,44,2025-06-10T00:00:00Z,80.71,98.28,72.37,36,100,0.01
3883,44,2025-06-11T00:00:00Z,95.77,100.0,68.97,36,92,0.01
3884,44,2025-06-12T00:00:00Z,89.11,92.34,61.16,42,100,0.02
3885,44,2025-06-13T00:00:00Z,90.44,88.72,56.26,44,98,0.02
3886,44,2025-06-14T00:00:00Z,96.69,84.4,56.34,36,100,0.01
3887,44,2025-06-15T00:00:00Z,100.0,100.0,68.41,42,100,0.01
3888,44,2025-06-16T00:00:00Z,100.0,100.0,71.19,42,100,0.01
3889,44,2025-06-17T00:00:00Z,100.0,100.0,61.56,36,100,0.01
3890,44,2025-06-18T00:00:00Z,94.42,73.15,52.69,39,100,0.02
3891,44,2025-06-19T00:00:00Z,96.4,59.13,71.67,39,98,0.04
3892,44,2025-06-20T00:00:00Z,100.0,88.99,53.42,42,100,0.01
3893,44,2025-06-21T00:00:00Z,89.27,90.41,59.28,45,100,0.02
3894,44,2025-06-22T00:00:00Z,100.0,100.0,63.1,39,98,0.01
3895,44,2025-06-23T00:00:00Z,91.26,87.07,75.91,36,100,0.01
3896,44,2025-06-24T00:00:00Z,100.0,100.0,62.1,39,100,0.01
3897,44,2025-06-25T00:00:00Z,91.42,100.0,74.04,42,100,0.01
3898,44,2025-06-26T00:00:00Z,83.74,100.0,53.14,39,95,0.02
3899,44,2025-06-27T00:00:00Z,100.0,94.37,67.66,39,100,0.01
3900,44,2025-06-28T00:00:00Z,100.0,61.21,65.43,45,94,0.06
3901,44,2025-06-29T00:00:00Z,100.0,100.0,58.03,42,98,0.01
3902,44,2025-06-30T00:00:00Z,100.0,74.85,58.13,36,90,0.02
3903,44,2025-07-01T00:00:00Z,100.0,97.93,70.51,42,100,0.01
3904,44,2025-07-02T00:00:00Z,97.41,99.4,67.39,42,98,0.01
3905,44,2025-07-03T00:00:00Z,96.76,100.0,74.37,39,100,0.01
3906,44,2025-07-04T00:00:00Z,92.43,85.36,66.87,42,98,0.02
3907,44,2025-07-05T00:00:00Z,84.07,70.9,67.83,39,100,0.05
3908,44,2025-07-06T00:00:00Z,91.89,97.15,72.51,36,100,0.01
3909,44,2025-07-07T00:00:00Z,94.47,90.51,59.68,36,100,0.01
3910,44,2025-07-08T00:00:00Z,84.01,90.99,59.43,39,96,0.02
3911,44,2025-07-09T00:00:00Z,87.05,79.0,59.46,39,100,0.03
3912,44,2025-07-10T00:00:00Z,91.66,87.54,53.19,39,100,0.02
3913,44,2025-07-11T00:00:00Z,100.0,93.09,56.9,39,100,0.01
3914,44,2025-07-12T00:00:00Z,94.77,78.36,72.33,45,100,0.03
3915,44,2025-07-13T00:00:00Z,96.52,100.0,59.01,36,98,0.01
3916,44,2025-07-14T00:00:00Z,94.53,96.52,63.93,39,100,0.01
3917,44,2025-07-15T00:00:00Z,93.34,82.09,57.19,41,100,0.02
3918,44,2025-07-16T00:00:00Z,88.59,86.31,61.82,36,95,0.02
3919,44,2025-07-17T00:00:00Z,93.17,82.99,53.05,42,100,0.02
3920,44,2025-07-18T00:00:00Z,96.84,87.12,70.76,36,98,0.01
3921,44,2025-07-19T00:00:00Z,95.3,82.14,65.47,39,100,0.02
3922,44,2025-07-20T00:00:00Z,92.35,92.49,55.34,42,100,0.02
3923,44,2025-07-21T00:00:00Z,100.0,85.82,59.33,39,96,0.01
3924,44,2025-07-22T00:00:00Z,95.7,100.0,73.03,42,100,0.01
3925,44,2025-07-23T00:00:00Z,86.16,76.84,58.72,39,100,0.03
3926,44,2025-07-24T00:00:00Z,84.53,95.59,60.01,36,100,0.01
3927,44,2025-07-25T00:00:00Z,100.0,92.53,66.5,39,100,0.01
3928,44,2025-07-26T00:00:00Z,89.05,100.0,59.89,39,100,0.01
3929,44,2025-07-27T00:00:00Z,93.18,94.73,54.69,36,100,0.01
3930,44,2025-07-28T00:00:00Z,100.0,70.42,64.89,39,100,0.02
3931,44,2025-07-29T00:00:00Z,86.31,0.0,30.38,100,22,92.98
3932,44,2025-07-30T00:00:00Z,79.98,0.0,25.49,100,0,98.2
3933,44,2025-07-31T00:00:00Z,86.47,0.0,27.92,100,5,96.85
3934,44,2025-08-01T00:00:00Z,100.0,88.03,59.61,36,98,0.01
3935,44,2025-08-02T00:00:00Z,100.0,72.37,56.34,36,100,0.02
3936,44,2025-08-03T00:00:00Z,81.25,0.0,24.21,100,0,98.09
3937,44,2025-08-04T00:00:00Z,78.58,0.0,26.32,100,0,98.32
3938,44,2025-08-05T00:00:00Z,77.68,0.0,25.56,100,0,98.39
3939,44,2025-08-06T00:00:00Z,78.18,0.0,26.18,100,0,98.36
3940,44,2025-08-07T00:00:00Z,77.62,0.0,24.58,100,0,98.4
3941,44,2025-08-08T00:00:00Z,78.45,0.0,26.11,100,0,98.33
3942,44,2025-08-09T00:00:00Z,76.91,0.0,21.94,100,1,98.38
3943,44,2025-08-10T00:00:00Z,77.4,0.0,21.32,100,0,98.42
3944,44,2025-08-11T00:00:00Z,78.52,0.0,25.69,100,0,98.33
3945,44,2025-08-12T00:00:00Z,94.52,33.78,11.88,72,64,4.94
3946,44,2025-08-13T00:00:00Z,78.8,0.0,25.62,100,0,98.3
3947,44,2025-08-14T00:00:00Z,78.53,0.0,25.9,100,0,98.33
3948,44,2025-08-15T00:00:00Z,79.12,0.0,25.83,100,0,98.28
3949,44,2025-08-16T00:00:00Z,78.08,0.0,21.81,100,0,98.36
3950,44,2025-08-17T00:00:00Z,76.94,0.0,21.6,100,0,98.45
3951,44,2025-08-18T00:00:00Z,82.01,0.0,26.98,100,0,98.02
3952,44,2025-08-19T00:00:00Z,100.0,55.0,72.4,36,100,0.03
3953,44,2025-08-20T00:00:00Z,88.54,0.0,30.73,100,26,90.66
3954,44,2025-08-21T00:00:00Z,93.8,0.0,17.12,88,35,69.84
3955,44,2025-08-22T00:00:00Z,81.06,0.0,26.9,100,0,98.11
3956,44,2025-08-23T00:00:00Z,77.06,0.0,21.53,100,0,98.44
3957,44,2025-08-24T00:00:00Z,75.6,0.0,22.08,100,4,98.24
3958,44,2025-08-25T00:00:00Z,79.32,0.0,25.62,100,0,98.26
3959,44,2025-08-26T00:00:00Z,97.32,62.86,11.11,47,77,0.16
3960,44,2025-08-27T00:00:00Z,78.81,0.0,26.52,100,0,98.3
3961,45,2025-05-30T00:00:00Z,79.41,100.0,65.71,33,96,0.02
3962,45,2025-05-31T00:00:00Z,95.7,55.0,62.3,30,96,0.03
3963,45,2025-06-01T00:00:00Z,93.78,100.0,58.51,30,100,0.01
3964,45,2025-06-02T00:00:00Z,92.43,100.0,58.28,33,100,0.01
3965,45,2025-06-03T00:00:00Z,73.24,95.65,58.69,30,100,0.02
3966,45,2025-06-04T00:00:00Z,97.39,73.5,58.13,33,100,0.01
3967,45,2025-06-05T00:00:00Z,100.0,100.0,63.11,33,98,0.0
3968,45,2025-06-06T00:00:00Z,98.43,100.0,59.08,30,100,0.0
3969,45,2025-06-07T00:00:00Z,100.0,76.62,58.85,30,100,0.01
3970,45,2025-06-08T00:00:00Z,86.22,67.9,58.84,30,92,0.04
3971,45,2025-06-09T00:00:00Z,98.12,78.67,55.87,33,100,0.01
3972,45,2025-06-10T00:00:00Z,97.74,100.0,75.3,30,100,0.0
3973,45,2025-06-11T00:00:00Z,100.0,94.01,62.32,30,100,0.0
3974,45,2025-06-12T00:00:00Z,100.0,100.0,67.19,30,100,0.0
3975,45,2025-06-13T00:00:00Z,85.49,100.0,72.81,30,100,0.01
3976,45,2025-06-14T00:00:00Z,80.58,90.52,71.05,30,100,0.01
3977,45,2025-06-15T00:00:00Z,100.0,85.95,72.42,30,100,0.01
3978,45,2025-06-16T00:00:00Z,100.0,100.0,68.98,30,100,0.0
3979,45,2025-06-17T00:00:00Z,89.48,72.57,66.17,30,95,0.02
3980,45,2025-06-18T00:00:00Z,96.38,100.0,60.19,30,96,0.01
3981,45,2025-06-19T00:00:00Z,100.0,95.87,74.33,30,100,0.0
3982,45,2025-06-20T00:00:00Z,100.0,98.75,70.71,32,100,0.0
3983,45,2025-06-21T00:00:00Z,100.0,92.39,69.78,30,100,0.01
3984,45,2025-06-22T00:00:00Z,93.65,100.0,59.86,33,100,0.01
3985,45,2025-06-23T00:00:00Z,100.0,76.07,71.23,30,100,0.01
3986,45,2025-06-24T00:00:00Z,98.29,75.51,62.74,30,100,0.01
3987,45,2025-06-25T00:00:00Z,100.0,100.0,62.83,30,100,0.0
3988,45,2025-06-26T00:00:00Z,82.35,86.19,54.95,30,95,0.02
3989,45,2025-06-27T00:00:00Z,85.93,92.57,65.46,30,98,0.01
3990,45,2025-06-28T00:00:00Z,100.0,100.0,61.11,30,100,0.0
3991,45,2025-06-29T00:00:00Z,67.22,94.6,52.89,33,96,0.03
3992,45,2025-06-30T00:00:00Z,100.0,100.0,65.35,30,100,0.0
3993,45,2025-07-01T00:00:00Z,93.13,86.3,60.27,30,100,0.01
3994,45,2025-07-02T00:00:00Z,100.0,92.27,54.27,30,98,0.01
3995,45,2025-07-03T00:00:00Z,98.4,100.0,57.08,32,98,0.01
3996,45,2025-07-04T00:00:00Z,91.57,87.65,73.22,30,100,0.01
3997,45,2025-07-05T00:00:00Z,100.0,100.0,63.59,30,95,0.0
3998,45,2025-07-06T00:00:00Z,100.0,95.61,60.08,30,96,0.01
3999,45,2025-07-07T00:00:00Z,100.0,100.0,58.72,30,100,0.0
4000,45,2025-07-08T00:00:00Z,95.75,96.67,62.86,32,100,0.01
4001,45,2025-07-09T00:00:00Z,100.0,90.23,53.44,33,92,0.01
4002,45,2025-07-10T00:00:00Z,79.39,96.05,54.44,30,96,0.01
4003,45,2025-07-11T00:00:00Z,83.7,92.99,66.69,33,100,0.01
4004,45,2025-07-12T00:00:00Z,95.2,94.06,59.18,30,100,0.01
4005,45,2025-07-13T00:00:00Z,80.17,97.88,56.76,33,100,0.01
4006,45,2025-07-14T00:00:00Z,92.21,100.0,64.15,30,100,0.01
4007,45,2025-07-15T00:00:00Z,94.67,100.0,67.43,30,100,0.0
4008,45,2025-07-16T00:00:00Z,92.87,91.67,75.5,33,98,0.01
4009,45,2025-07-17T00:00:00Z,100.0,100.0,72.24,30,100,0.0
4010,45,2025-07-18T00:00:00Z,92.07,100.0,70.06,36,100,0.01
4011,45,2025-07-19T00:00:00Z,100.0,100.0,62.72,32,95,0.01
4012,45,2025-07-20T00:00:00Z,100.0,86.96,64.96,30,100,0.01
4013,45,2025-07-21T00:00:00Z,90.69,95.74,70.16,32,100,0.01
4014,45,2025-07-22T00:00:00Z,69.68,100.0,58.17,30,100,0.02
4015,45,2025-07-23T00:00:00Z,100.0,100.0,76.33,36,96,0.01
4016,45,2025-07-24T00:00:00Z,83.29,61.3,69.26,33,96,0.06
4017,45,2025-07-25T00:00:00Z,80.58,96.81,53.4,30,100,0.01
4018,45,2025-07-26T00:00:00Z,82.75,98.11,55.98,33,100,0.01
4019,45,2025-07-27T00:00:00Z,100.0,90.49,53.64,30,100,0.01
4020,45,2025-07-28T00:00:00Z,98.59,100.0,64.13,30,96,0.0
4021,45,2025-07-29T00:00:00Z,85.86,2.85,31.43,64,43,32.8
4022,45,2025-07-30T00:00:00Z,79.04,50.94,25.83,74,34,22.28
4023,45,2025-07-31T00:00:00Z,78.28,4.11,26.11,71,13,82.23
4024,45,2025-08-01T00:00:00Z,93.16,83.94,11.28,36,78,0.04
4025,45,2025-08-02T00:00:00Z,97.83,100.0,10.0,35,89,0.01
4026,45,2025-08-03T00:00:00Z,77.21,55.01,21.94,66,17,27.87
4027,45,2025-08-04T00:00:00Z,77.55,6.41,25.14,48,0,67.84
4028,45,2025-08-05T00:00:00Z,78.11,40.58,26.18,65,0,59.18
4029,45,2025-08-06T00:00:00Z,78.59,30.93,25.28,72,23,50.08
4030,45,2025-08-07T00:00:00Z,79.91,20.77,25.56,67,33,38.79
4031,45,2025-08-08T00:00:00Z,79.11,15.72,25.35,60,59,12.63
4032,45,2025-08-09T00:00:00Z,83.06,30.25,23.42,51,31,13.55
4033,45,2025-08-10T00:00:00Z,78.94,66.05,67.63,33,100,0.05
4034,45,2025-08-11T00:00:00Z,86.06,35.35,32.12,45,62,1.6
4035,45,2025-08-12T00:00:00Z,78.94,38.58,25.14,70,9,56.46
4036,45,2025-08-13T00:00:00Z,78.86,5.06,25.69,67,22,68.45
4037,45,2025-08-14T00:00:00Z,78.36,26.5,25.56,75,23,59.2
4038,45,2025-08-15T00:00:00Z,78.46,0.0,25.69,60,3,82.16
4039,45,2025-08-16T00:00:00Z,78.0,13.1,22.08,85,33,73.62
4040,45,2025-08-17T00:00:00Z,77.57,22.01,20.35,58,0,67.29
4041,45,2025-08-18T00:00:00Z,79.2,20.79,25.83,62,0,71.68
4042,45,2025-08-19T00:00:00Z,92.95,85.75,12.44,43,72,0.08
4043,45,2025-08-20T00:00:00Z,100.0,100.0,69.74,30,100,0.0
4044,45,2025-08-21T00:00:00Z,81.25,0.0,35.43,59,9,73.64
4045,45,2025-08-22T00:00:00Z,82.39,29.84,35.07,57,32,18.35
4046,45,2025-08-23T00:00:00Z,81.95,0.0,34.72,91,36,82.67
4047,45,2025-08-24T00:00:00Z,81.25,21.11,34.65,75,6,78.47
4048,45,2025-08-25T00:00:00Z,81.39,10.73,34.72,82,5,89.76
4049,45,2025-08-26T00:00:00Z,79.89,0.0,34.24,76,6,90.6
4050,45,2025-08-27T00:00:00Z,97.63,79.16,28.57,32,88,0.02
4051,46,2025-05-30T00:00:00Z,100.0,100.0,71.4,35,96,0.01
4052,46,2025-05-31T00:00:00Z,86.36,80.7,54.38,32,96,0.02
4053,46,2025-06-01T00:00:00Z,100.0,81.75,68.5,32,96,0.01
4054,46,2025-06-02T00:00:00Z,100.0,95.39,53.18,32,95,0.01
4055,46,2025-06-03T00:00:00Z,92.64,88.89,64.38,32,100,0.01
4056,46,2025-06-04T00:00:00Z,100.0,100.0,63.03,38,100,0.01
4057,46,2025-06-05T00:00:00Z,100.0,99.9,63.92,32,100,0.0
4058,46,2025-06-06T00:00:00Z,95.86,84.47,60.4,32,98,0.01
4059,46,2025-06-07T00:00:00Z,91.82,71.66,59.34,32,100,0.02
4060,46,2025-06-08T00:00:00Z,100.0,100.0,61.28,35,100,0.01
4061,46,2025-06-09T00:00:00Z,95.27,96.12,55.98,35,100,0.01
4062,46,2025-06-10T00:00:00Z,97.06,92.26,75.41,35,100,0.01
4063,46,2025-06-11T00:00:00Z,100.0,82.8,54.22,32,100,0.01
4064,46,2025-06-12T00:00:00Z,80.0,72.68,70.14,41,100,0.06
4065,46,2025-06-13T00:00:00Z,82.44,100.0,61.66,32,100,0.01
4066,46,2025-06-14T00:00:00Z,83.03,92.58,69.77,38,98,0.02
4067,46,2025-06-15T00:00:00Z,100.0,78.63,73.04,35,100,0.01
4068,46,2025-06-16T00:00:00Z,91.05,55.0,61.52,32,100,0.04
4069,46,2025-06-17T00:00:00Z,76.9,100.0,73.87,32,100,0.01
4070,46,2025-06-18T00:00:00Z,76.99,100.0,52.86,35,98,0.02
4071,46,2025-06-19T00:00:00Z,100.0,75.55,66.69,32,94,0.02
4072,46,2025-06-20T00:00:00Z,98.47,86.26,68.45,35,96,0.01
4073,46,2025-06-21T00:00:00Z,100.0,92.98,76.34,32,98,0.01
4074,46,2025-06-22T00:00:00Z,100.0,100.0,52.83,35,100,0.01
4075,46,2025-06-23T00:00:00Z,98.19,91.14,66.62,38,100,0.01
4076,46,2025-06-24T00:00:00Z,100.0,91.42,72.96,32,100,0.01
4077,46,2025-06-25T00:00:00Z,91.16,100.0,58.77,32,98,0.01
4078,46,2025-06-26T00:00:00Z,100.0,94.76,53.96,35,100,0.01
4079,46,2025-06-27T00:00:00Z,80.0,92.54,53.29,38,100,0.02
4080,46,2025-06-28T00:00:00Z,87.86,70.22,54.37,35,98,0.03
4081,46,2025-06-29T00:00:00Z,100.0,89.87,56.83,35,100,0.01
4082,46,2025-06-30T00:00:00Z,92.04,68.62,69.17,35,98,0.03
4083,46,2025-07-01T00:00:00Z,96.72,87.16,65.26,35,98,0.01
4084,46,2025-07-02T00:00:00Z,85.82,79.91,74.01,38,98,0.03
4085,46,2025-07-03T00:00:00Z,100.0,100.0,72.63,32,100,0.0
4086,46,2025-07-04T00:00:00Z,89.82,85.8,54.75,35,100,0.01
4087,46,2025-07-05T00:00:00Z,100.0,67.25,63.37,32,100,0.02
4088,46,2025-07-06T00:00:00Z,100.0,100.0,59.77,32,100,0.0
4089,46,2025-07-07T00:00:00Z,100.0,100.0,69.65,35,100,0.01
4090,46,2025-07-08T00:00:00Z,91.57,92.37,75.53,32,98,0.01
4091,46,2025-07-09T00:00:00Z,90.94,100.0,60.48,35,100,0.01
4092,46,2025-07-10T00:00:00Z,93.09,85.49,60.2,35,98,0.01
4093,46,2025-07-11T00:00:00Z,95.43,60.96,74.22,32,98,0.03
4094,46,2025-07-12T00:00:00Z,87.23,83.65,52.68,32,100,0.02
4095,46,2025-07-13T00:00:00Z,82.69,95.82,75.53,35,100,0.01
4096,46,2025-07-14T00:00:00Z,98.06,86.78,54.64,32,98,0.01
4097,46,2025-07-15T00:00:00Z,95.63,84.11,75.04,32,100,0.01
4098,46,2025-07-16T00:00:00Z,99.52,88.88,60.17,35,100,0.01
4099,46,2025-07-17T00:00:00Z,95.9,60.88,57.04,35,100,0.03
4100,46,2025-07-18T00:00:00Z,93.14,91.53,66.79,38,92,0.02
4101,46,2025-07-19T00:00:00Z,84.84,80.53,60.79,32,100,0.02
4102,46,2025-07-20T00:00:00Z,100.0,100.0,54.17,34,100,0.0
4103,46,2025-07-21T00:00:00Z,100.0,100.0,53.57,32,100,0.0
4104,46,2025-07-22T00:00:00Z,100.0,100.0,54.65,35,98,0.01
4105,46,2025-07-23T00:00:00Z,96.27,79.61,55.0,41,98,0.02
4106,46,2025-07-24T00:00:00Z,87.14,80.14,75.5,35,100,0.02
4107,46,2025-07-25T00:00:00Z,100.0,81.45,61.31,32,100,0.01
4108,46,2025-07-26T00:00:00Z,88.55,99.07,58.51,35,100,0.01
4109,46,2025-07-27T00:00:00Z,86.09,77.01,52.91,32,95,0.03
4110,46,2025-07-28T00:00:00Z,100.0,99.65,71.81,32,94,0.01
4111,46,2025-07-29T00:00:00Z,84.96,0.0,30.76,100,1,97.59
4112,46,2025-07-30T00:00:00Z,88.43,0.05,12.06,70,49,33.77
4113,46,2025-07-31T00:00:00Z,78.62,0.0,25.76,100,0,98.32
4114,46,2025-08-01T00:00:00Z,77.8,0.0,25.49,100,28,93.76
4115,46,2025-08-02T00:00:00Z,78.04,0.0,22.36,100,30,93.07
4116,46,2025-08-03T00:00:00Z,77.03,0.0,22.43,100,0,98.45
4117,46,2025-08-04T00:00:00Z,78.19,0.0,25.69,100,0,98.35
4118,46,2025-08-05T00:00:00Z,84.43,0.0,29.5,100,7,96.86
4119,46,2025-08-06T00:00:00Z,83.44,61.12,55.29,32,100,0.05
4120,46,2025-08-07T00:00:00Z,89.5,100.0,60.88,32,100,0.01
4121,46,2025-08-08T00:00:00Z,78.19,0.0,25.28,100,29,93.34
4122,46,2025-08-09T00:00:00Z,77.3,0.0,20.62,100,5,97.99
4123,46,2025-08-10T00:00:00Z,78.28,0.0,21.25,100,13,96.88
4124,46,2025-08-11T00:00:00Z,78.66,0.0,25.35,100,0,98.32
4125,46,2025-08-12T00:00:00Z,77.14,0.0,25.49,100,0,98.44
4126,46,2025-08-13T00:00:00Z,79.31,0.0,26.04,100,12,96.88
4127,46,2025-08-14T00:00:00Z,78.06,0.0,25.28,100,0,98.37
4128,46,2025-08-15T00:00:00Z,78.25,0.0,25.9,100,6,97.79
4129,46,2025-08-16T00:00:00Z,77.25,0.0,22.29,100,36,91.19
4130,46,2025-08-17T00:00:00Z,78.8,0.0,22.29,100,0,98.3
4131,46,2025-08-18T00:00:00Z,86.3,86.37,76.06,32,100,0.01
4132,46,2025-08-19T00:00:00Z,97.06,66.37,12.0,41,94,0.04
4133,46,2025-08-20T00:00:00Z,78.15,0.0,25.76,100,0,98.36
4134,46,2025-08-21T00:00:00Z,81.9,0.0,27.36,98,0,97.78
4135,46,2025-08-22T00:00:00Z,84.89,91.87,60.13,32,100,0.01
4136,46,2025-08-23T00:00:00Z,100.0,95.33,59.92,38,100,0.01
4137,46,2025-08-24T00:00:00Z,81.38,0.0,22.85,100,3,97.77
4138,46,2025-08-25T00:00:00Z,77.46,0.0,25.56,100,13,97.0
4139,46,2025-08-26T00:00:00Z,78.65,0.0,25.07,100,0,98.32
4140,46,2025-08-27T00:00:00Z,78.5,0.0,25.56,100,0,98.33
4141,47,2025-05-30T00:00:00Z,100.0,99.23,75.48,39,100,0.01
4142,47,2025-05-31T00:00:00Z,100.0,88.78,59.61,51,98,0.02
4143,47,2025-06-01T00:00:00Z,93.42,85.04,64.21,36,96,0.02
4144,47,2025-06-02T00:00:00Z,100.0,97.93,64.05,39,100,0.01
4145,47,2025-06-03T00:00:00Z,88.1,80.5,72.21,36,100,0.02
4146,47,2025-06-04T00:00:00Z,100.0,83.15,71.89,39,100,0.01
4147,47,2025-06-05T00:00:00Z,88.01,100.0,70.51,39,98,0.01
4148,47,2025-06-06T00:00:00Z,93.44,100.0,67.84,36,100,0.01
4149,47,2025-06-07T00:00:00Z,96.07,98.42,71.33,36,100,0.01
4150,47,2025-06-08T00:00:00Z,100.0,70.61,55.21,36,95,0.02
4151,47,2025-06-09T00:00:00Z,100.0,62.31,62.98,39,98,0.03
4152,47,2025-06-10T00:00:00Z,100.0,79.14,63.09,42,100,0.02
4153,47,2025-06-11T00:00:00Z,98.44,89.74,53.58,36,98,0.01
4154,47,2025-06-12T00:00:00Z,100.0,79.29,61.57,39,100,0.01
4155,47,2025-06-13T00:00:00Z,96.46,78.26,60.65,51,100,0.04
4156,47,2025-06-14T00:00:00Z,72.52,72.24,55.49,39,98,0.08
4157,47,2025-06-15T00:00:00Z,95.53,79.28,54.08,36,100,0.02
4158,47,2025-06-16T00:00:00Z,93.83,85.05,69.99,39,100,0.02
4159,47,2025-06-17T00:00:00Z,97.8,99.22,69.14,36,100,0.01
4160,47,2025-06-18T00:00:00Z,87.43,100.0,54.29,36,98,0.01
4161,47,2025-06-19T00:00:00Z,78.25,61.89,55.39,36,98,0.08
4162,47,2025-06-20T00:00:00Z,97.35,100.0,54.68,36,100,0.01
4163,47,2025-06-21T00:00:00Z,89.17,84.88,59.39,39,100,0.02
4164,47,2025-06-22T00:00:00Z,100.0,100.0,73.21,36,98,0.01
4165,47,2025-06-23T00:00:00Z,100.0,95.87,61.24,36,98,0.01
4166,47,2025-06-24T00:00:00Z,91.71,100.0,56.13,39,100,0.01
4167,47,2025-06-25T00:00:00Z,96.22,89.92,62.93,36,98,0.01
4168,47,2025-06-26T00:00:00Z,100.0,87.74,53.59,36,100,0.01
4169,47,2025-06-27T00:00:00Z,95.77,98.86,58.57,36,98,0.01
4170,47,2025-06-28T00:00:00Z,97.97,88.42,52.87,38,98,0.01
4171,47,2025-06-29T00:00:00Z,99.5,100.0,70.01,45,98,0.01
4172,47,2025-06-30T00:00:00Z,96.42,75.7,62.63,39,100,0.02
4173,47,2025-07-01T00:00:00Z,100.0,94.28,75.24,39,98,0.01
4174,47,2025-07-02T00:00:00Z,98.2,80.43,66.4,36,100,0.01
4175,47,2025-07-03T00:00:00Z,100.0,94.36,61.87,39,98,0.01
4176,47,2025-07-04T00:00:00Z,81.99,87.35,53.91,36,100,0.02
4177,47,2025-07-05T00:00:00Z,92.87,84.81,56.97,36,100,0.01
4178,47,2025-07-06T00:00:00Z,100.0,87.42,52.86,36,98,0.01
4179,47,2025-07-07T00:00:00Z,72.76,81.62,57.03,39,96,0.06
4180,47,2025-07-08T00:00:00Z,95.67,63.92,62.33,39,93,0.05
4181,47,2025-07-09T00:00:00Z,92.88,78.47,65.57,36,100,0.02
4182,47,2025-07-10T00:00:00Z,87.12,100.0,75.1,36,100,0.01
4183,47,2025-07-11T00:00:00Z,87.63,70.59,72.16,36,100,0.03
4184,47,2025-07-12T00:00:00Z,90.26,78.61,57.15,39,100,0.02
4185,47,2025-07-13T00:00:00Z,92.65,78.29,67.73,36,100,0.02
4186,47,2025-07-14T00:00:00Z,90.36,76.92,63.7,36,100,0.02
4187,47,2025-07-15T00:00:00Z,100.0,69.16,73.85,42,98,0.03
4188,47,2025-07-16T00:00:00Z,78.7,78.37,55.92,39,96,0.05
4189,47,2025-07-17T00:00:00Z,81.75,73.87,54.19,42,98,0.06
4190,47,2025-07-18T00:00:00Z,100.0,74.35,74.42,39,100,0.02
4191,47,2025-07-19T00:00:00Z,86.27,100.0,70.77,38,100,0.01
4192,47,2025-07-20T00:00:00Z,79.66,70.9,71.16,39,100,0.06
4193,47,2025-07-21T00:00:00Z,97.76,100.0,68.16,36,98,0.01
4194,47,2025-07-22T00:00:00Z,89.93,94.98,58.02,36,100,0.01
4195,47,2025-07-23T00:00:00Z,84.07,86.59,64.19,39,96,0.03
4196,47,2025-07-24T00:00:00Z,96.98,92.8,53.11,42,100,0.01
4197,47,2025-07-25T00:00:00Z,100.0,99.33,70.81,36,98,0.01
4198,47,2025-07-26T00:00:00Z,100.0,77.55,68.39,36,92,0.02
4199,47,2025-07-27T00:00:00Z,97.21,86.6,53.49,36,94,0.01
4200,47,2025-07-28T00:00:00Z,100.0,89.14,55.46,36,100,0.01
4201,47,2025-07-29T00:00:00Z,96.35,50.88,41.4,56,77,0.48
4202,47,2025-07-30T00:00:00Z,82.17,0.0,34.72,100,0,98.0
4203,47,2025-07-31T00:00:00Z,81.21,0.0,35.42,100,0,98.09
4204,47,2025-08-01T00:00:00Z,79.02,0.0,34.51,100,0,98.29
4205,47,2025-08-02T00:00:00Z,80.25,0.0,34.58,100,0,98.18
4206,47,2025-08-03T00:00:00Z,80.5,0.0,34.51,100,0,98.16
4207,47,2025-08-04T00:00:00Z,84.92,0.0,32.73,100,0,97.71
4208,47,2025-08-05T00:00:00Z,97.14,38.59,33.33,56,88,0.43
4209,47,2025-08-06T00:00:00Z,81.94,0.0,33.82,100,0,98.02
4210,47,2025-08-07T00:00:00Z,80.43,0.0,33.96,100,0,98.16
4211,47,2025-08-08T00:00:00Z,82.11,0.0,35.21,100,0,98.0
4212,47,2025-08-09T00:00:00Z,80.93,0.0,34.86,100,25,93.72
4213,47,2025-08-10T00:00:00Z,82.54,0.0,36.04,100,0,97.96
4214,47,2025-08-11T00:00:00Z,80.33,0.0,34.65,100,19,95.41
4215,47,2025-08-12T00:00:00Z,80.46,0.0,34.86,100,0,98.16
4216,47,2025-08-13T00:00:00Z,82.21,0.0,34.93,100,0,98.0
4217,47,2025-08-14T00:00:00Z,78.72,0.0,33.82,100,2,98.14
4218,47,2025-08-15T00:00:00Z,80.8,0.0,33.89,100,0,98.13
4219,47,2025-08-16T00:00:00Z,83.69,0.0,33.97,100,6,97.11
4220,47,2025-08-17T00:00:00Z,100.0,67.58,67.51,42,100,0.03
4221,47,2025-08-18T00:00:00Z,87.38,0.0,34.54,100,32,88.4
4222,47,2025-08-19T00:00:00Z,82.4,0.0,35.0,100,0,97.98
4223,47,2025-08-20T00:00:00Z,93.39,3.34,33.52,84,46,48.43
4224,47,2025-08-21T00:00:00Z,85.76,0.0,35.5,100,5,96.96
4225,47,2025-08-22T00:00:00Z,81.84,0.0,34.58,100,0,98.03
4226,47,2025-08-23T00:00:00Z,80.63,0.0,34.51,100,0,98.15
4227,47,2025-08-24T00:00:00Z,81.62,0.0,34.58,100,0,98.05
4228,47,2025-08-25T00:00:00Z,81.23,0.0,34.24,100,0,98.09
4229,47,2025-08-26T00:00:00Z,81.72,0.0,34.93,100,0,98.04
4230,47,2025-08-27T00:00:00Z,82.56,0.0,34.31,100,3,97.64
4231,48,2025-05-30T00:00:00Z,73.4,69.98,57.44,30,100,0.05
4232,48,2025-05-31T00:00:00Z,88.36,100.0,67.14,30,100,0.01
4233,48,2025-06-01T00:00:00Z,100.0,96.7,61.35,30,98,0.0
4234,48,2025-06-02T00:00:00Z,80.08,85.96,58.68,33,100,0.02
4235,48,2025-06-03T00:00:00Z,89.82,100.0,62.26,30,100,0.01
4236,48,2025-06-04T00:00:00Z,100.0,100.0,69.17,30,96,0.0
4237,48,2025-06-05T00:00:00Z,82.93,100.0,53.58,30,100,0.01
4238,48,2025-06-06T00:00:00Z,95.81,100.0,53.73,30,100,0.0
4239,48,2025-06-07T00:00:00Z,100.0,98.26,64.95,30,100,0.0
4240,48,2025-06-08T00:00:00Z,86.64,100.0,71.85,30,100,0.01
4241,48,2025-06-09T00:00:00Z,97.38,100.0,53.6,30,100,0.0
4242,48,2025-06-10T00:00:00Z,94.66,100.0,72.83,32,98,0.01
4243,48,2025-06-11T00:00:00Z,97.18,100.0,52.95,30,98,0.0
4244,48,2025-06-12T00:00:00Z,94.72,95.29,53.51,30,100,0.01
4245,48,2025-06-13T00:00:00Z,100.0,100.0,62.47,32,98,0.0
4246,48,2025-06-14T00:00:00Z,100.0,59.39,73.92,36,100,0.03
4247,48,2025-06-15T00:00:00Z,86.17,94.99,58.33,30,100,0.01
4248,48,2025-06-16T00:00:00Z,100.0,73.95,61.18,30,100,0.01
4249,48,2025-06-17T00:00:00Z,91.21,100.0,67.64,35,100,0.01
4250,48,2025-06-18T00:00:00Z,81.71,100.0,60.51,30,100,0.01
4251,48,2025-06-19T00:00:00Z,93.36,78.87,71.51,30,100,0.01
4252,48,2025-06-20T00:00:00Z,81.65,77.93,71.55,30,100,0.02
4253,48,2025-06-21T00:00:00Z,93.86,93.57,61.49,30,100,0.01
4254,48,2025-06-22T00:00:00Z,99.97,100.0,56.93,33,100,0.0
4255,48,2025-06-23T00:00:00Z,97.42,81.34,61.87,30,95,0.01
4256,48,2025-06-24T00:00:00Z,99.89,94.58,53.9,30,100,0.0
4257,48,2025-06-25T00:00:00Z,99.22,90.68,60.93,30,100,0.01
4258,48,2025-06-26T00:00:00Z,85.11,88.63,60.85,33,100,0.01
4259,48,2025-06-27T00:00:00Z,90.53,84.86,70.19,30,100,0.01
4260,48,2025-06-28T00:00:00Z,95.72,95.24,61.51,30,100,0.01
4261,48,2025-06-29T00:00:00Z,88.6,100.0,63.48,30,100,0.01
4262,48,2025-06-30T00:00:00Z,88.4,67.19,55.29,36,95,0.05
4263,48,2025-07-01T00:00:00Z,94.93,99.3,53.29,30,100,0.0
4264,48,2025-07-02T00:00:00Z,82.08,98.57,54.08,30,100,0.01
4265,48,2025-07-03T00:00:00Z,96.82,100.0,70.92,30,100,0.0
4266,48,2025-07-04T00:00:00Z,79.55,95.37,53.29,30,100,0.01
4267,48,2025-07-05T00:00:00Z,88.54,84.74,66.27,32,96,0.02
4268,48,2025-07-06T00:00:00Z,100.0,89.52,59.12,33,95,0.01
4269,48,2025-07-07T00:00:00Z,88.61,79.95,59.88,30,100,0.01
4270,48,2025-07-08T00:00:00Z,87.0,66.98,62.13,30,95,0.03
4271,48,2025-07-09T00:00:00Z,92.85,100.0,63.2,30,100,0.01
4272,48,2025-07-10T00:00:00Z,100.0,100.0,58.62,30,100,0.0
4273,48,2025-07-11T00:00:00Z,84.77,100.0,57.46,30,100,0.01
4274,48,2025-07-12T00:00:00Z,100.0,96.74,55.03,30,100,0.0
4275,48,2025-07-13T00:00:00Z,98.99,100.0,59.74,33,98,0.01
4276,48,2025-07-14T00:00:00Z,100.0,91.84,54.46,30,100,0.01
4277,48,2025-07-15T00:00:00Z,95.02,83.97,73.85,30,100,0.01
4278,48,2025-07-16T00:00:00Z,100.0,100.0,55.08,33,100,0.0
4279,48,2025-07-17T00:00:00Z,100.0,78.54,66.64,30,100,0.01
4280,48,2025-07-18T00:00:00Z,92.5,100.0,56.52,30,100,0.01
4281,48,2025-07-19T00:00:00Z,99.37,97.12,61.08,30,100,0.0
4282,48,2025-07-20T00:00:00Z,90.48,75.56,55.65,30,100,0.02
4283,48,2025-07-21T00:00:00Z,90.06,100.0,67.49,30,100,0.01
4284,48,2025-07-22T00:00:00Z,100.0,76.62,60.55,33,100,0.01
4285,48,2025-07-23T00:00:00Z,87.9,90.64,59.7,30,100,0.01
4286,48,2025-07-24T00:00:00Z,96.37,100.0,66.41,33,100,0.01
4287,48,2025-07-25T00:00:00Z,100.0,100.0,53.48,30,100,0.0
4288,48,2025-07-26T00:00:00Z,96.9,88.39,69.77,30,100,0.01
4289,48,2025-07-27T00:00:00Z,100.0,100.0,60.92,32,100,0.0
4290,48,2025-07-28T00:00:00Z,89.71,91.21,56.51,30,100,0.01
4291,48,2025-07-29T00:00:00Z,85.57,20.14,37.33,53,44,10.87
4292,48,2025-07-30T00:00:00Z,80.21,0.0,35.21,78,58,44.26
4293,48,2025-07-31T00:00:00Z,81.93,0.0,35.56,60,3,79.47
4294,48,2025-08-01T00:00:00Z,81.44,0.0,34.65,93,33,86.5
4295,48,2025-08-02T00:00:00Z,91.38,68.9,35.15,54,57,0.71
4296,48,2025-08-03T00:00:00Z,100.0,96.17,70.99,30,100,0.0
4297,48,2025-08-04T00:00:00Z,96.99,71.6,39.49,35,76,0.06
4298,48,2025-08-05T00:00:00Z,82.3,14.14,35.14,53,30,26.89
4299,48,2025-08-06T00:00:00Z,81.22,7.04,35.07,62,28,49.44
4300,48,2025-08-07T00:00:00Z,80.59,31.51,35.35,47,30,12.24
4301,48,2025-08-08T00:00:00Z,82.06,50.09,35.14,92,40,35.74
4302,48,2025-08-09T00:00:00Z,82.39,29.62,35.56,82,31,51.64
4303,48,2025-08-10T00:00:00Z,86.35,68.44,32.0,67,60,1.74
4304,48,2025-08-11T00:00:00Z,88.36,87.35,66.65,30,100,0.01
4305,48,2025-08-12T00:00:00Z,83.68,14.28,34.87,64,38,30.68
4306,48,2025-08-13T00:00:00Z,79.61,14.4,35.07,71,33,51.34
4307,48,2025-08-14T00:00:00Z,81.09,0.0,34.1,74,36,64.24
4308,48,2025-08-15T00:00:00Z,80.82,0.0,35.0,67,29,62.92
4309,48,2025-08-16T00:00:00Z,80.29,19.85,33.61,82,1,88.71
4310,48,2025-08-17T00:00:00Z,80.16,14.74,34.03,75,27,63.46
4311,48,2025-08-18T00:00:00Z,82.72,0.0,34.31,64,30,55.08
4312,48,2025-08-19T00:00:00Z,80.83,0.0,34.1,70,0,89.65
4313,48,2025-08-20T00:00:00Z,98.67,80.54,27.41,35,96,0.01
4314,48,2025-08-21T00:00:00Z,83.04,6.23,35.53,78,30,68.54
4315,48,2025-08-22T00:00:00Z,80.91,0.0,34.51,53,9,66.48
4316,48,2025-08-23T00:00:00Z,81.99,13.24,35.07,90,69,33.65
4317,48,2025-08-24T00:00:00Z,80.7,22.58,33.96,77,35,48.3
4318,48,2025-08-25T00:00:00Z,80.57,0.0,35.07,62,21,65.51
4319,48,2025-08-26T00:00:00Z,81.18,27.65,35.0,60,44,14.61
4320,48,2025-08-27T00:00:00Z,80.58,0.0,35.21,70,12,82.79
4321,49,2025-05-30T00:00:00Z,100.0,100.0,58.65,30,100,0.0
4322,49,2025-05-31T00:00:00Z,98.72,100.0,61.87,30,100,0.0
4323,49,2025-06-01T00:00:00Z,98.67,100.0,65.41,30,100,0.0
4324,49,2025-06-02T00:00:00Z,95.17,97.68,57.65,32,100,0.01
4325,49,2025-06-03T00:00:00Z,87.84,93.08,55.18,30,100,0.01
4326,49,2025-06-04T00:00:00Z,100.0,79.36,73.65,30,100,0.01
4327,49,2025-06-05T00:00:00Z,85.31,89.95,52.69,30,100,0.01
4328,49,2025-06-06T00:00:00Z,100.0,89.99,61.64,30,100,0.01
4329,49,2025-06-07T00:00:00Z,100.0,100.0,65.61,30,100,0.0
4330,49,2025-06-08T00:00:00Z,93.23,80.33,66.95,33,100,0.01
4331,49,2025-06-09T00:00:00Z,85.86,77.56,55.15,30,100,0.02
4332,49,2025-06-10T00:00:00Z,94.77,85.74,64.76,33,96,0.01
4333,49,2025-06-11T00:00:00Z,88.99,100.0,72.47,30,100,0.01
4334,49,2025-06-12T00:00:00Z,87.08,100.0,60.99,30,100,0.01
4335,49,2025-06-13T00:00:00Z,92.89,94.7,53.83,30,100,0.01
4336,49,2025-06-14T00:00:00Z,79.9,80.48,62.31,30,100,0.02
4337,49,2025-06-15T00:00:00Z,100.0,95.6,53.83,30,100,0.0
4338,49,2025-06-16T00:00:00Z,93.16,100.0,74.75,30,100,0.01
4339,49,2025-06-17T00:00:00Z,100.0,100.0,62.15,30,100,0.0
4340,49,2025-06-18T00:00:00Z,85.38,76.63,69.93,30,100,0.02
4341,49,2025-06-19T00:00:00Z,96.8,98.17,55.92,30,98,0.01
4342,49,2025-06-20T00:00:00Z,98.69,100.0,75.97,30,100,0.0
4343,49,2025-06-21T00:00:00Z,85.24,90.42,55.72,30,100,0.01
4344,49,2025-06-22T00:00:00Z,88.63,64.12,55.52,30,100,0.03
4345,49,2025-06-23T00:00:00Z,97.38,100.0,70.95,30,95,0.01
4346,49,2025-06-24T00:00:00Z,90.9,100.0,61.29,30,100,0.01
4347,49,2025-06-25T00:00:00Z,92.21,100.0,63.75,30,100,0.01
4348,49,2025-06-26T00:00:00Z,94.65,100.0,56.93,30,100,0.0
4349,49,2025-06-27T00:00:00Z,100.0,81.11,65.57,30,100,0.01
4350,49,2025-06-28T00:00:00Z,90.44,100.0,59.79,30,98,0.01
4351,49,2025-06-29T00:00:00Z,88.94,100.0,59.86,30,95,0.01
4352,49,2025-06-30T00:00:00Z,93.84,100.0,64.57,33,94,0.01
4353,49,2025-07-01T00:00:00Z,93.42,100.0,65.61,30,100,0.01
4354,49,2025-07-02T00:00:00Z,93.18,85.9,63.35,30,100,0.01
4355,49,2025-07-03T00:00:00Z,86.73,70.94,74.16,30,100,0.02
4356,49,2025-07-04T00:00:00Z,96.91,100.0,60.41,30,100,0.0
4357,49,2025-07-05T00:00:00Z,90.08,100.0,63.93,30,100,0.01
4358,49,2025-07-06T00:00:00Z,100.0,100.0,55.9,30,100,0.0
4359,49,2025-07-07T00:00:00Z,88.36,100.0,58.73,30,98,0.01
4360,49,2025-07-08T00:00:00Z,91.09,100.0,56.37,30,100,0.01
4361,49,2025-07-09T00:00:00Z,83.24,79.44,54.94,30,100,0.02
4362,49,2025-07-10T00:00:00Z,78.27,100.0,63.47,30,100,0.01
4363,49,2025-07-11T00:00:00Z,96.53,92.99,76.62,33,100,0.01
4364,49,2025-07-12T00:00:00Z,62.03,100.0,55.97,30,91,0.04
4365,49,2025-07-13T00:00:00Z,99.18,93.6,66.9,30,98,0.01
4366,49,2025-07-14T00:00:00Z,92.96,91.26,73.72,32,100,0.01
4367,49,2025-07-15T00:00:00Z,99.36,100.0,75.72,30,100,0.0
4368,49,2025-07-16T00:00:00Z,100.0,72.92,64.27,30,100,0.01
4369,49,2025-07-17T00:00:00Z,90.23,99.62,74.91,30,98,0.01
4370,49,2025-07-18T00:00:00Z,89.18,100.0,64.45,30,95,0.01
4371,49,2025-07-19T00:00:00Z,100.0,100.0,61.52,30,100,0.0
4372,49,2025-07-20T00:00:00Z,94.35,95.83,64.72,30,100,0.01
4373,49,2025-07-21T00:00:00Z,84.1,86.45,56.82,30,98,0.02
4374,49,2025-07-22T00:00:00Z,100.0,100.0,62.57,33,100,0.0
4375,49,2025-07-23T00:00:00Z,84.66,100.0,54.83,30,100,0.01
4376,49,2025-07-24T00:00:00Z,86.06,76.06,63.05,30,100,0.02
4377,49,2025-07-25T00:00:00Z,98.81,87.72,68.93,30,100,0.01
4378,49,2025-07-26T00:00:00Z,95.12,100.0,65.9,30,100,0.0
4379,49,2025-07-27T00:00:00Z,91.04,99.19,53.91,33,100,0.01
4380,49,2025-07-28T00:00:00Z,100.0,76.22,68.49,30,100,0.01
4381,49,2025-07-29T00:00:00Z,85.95,25.6,36.67,58,51,8.38
4382,49,2025-07-30T00:00:00Z,87.82,66.15,33.53,60,59,1.23
4383,49,2025-07-31T00:00:00Z,100.0,100.0,27.5,30,83,0.01
4384,49,2025-08-01T00:00:00Z,81.64,16.56,34.44,65,18,56.35
4385,49,2025-08-02T00:00:00Z,83.71,40.75,36.29,68,32,20.83
4386,49,2025-08-03T00:00:00Z,84.97,85.26,53.15,30,100,0.01
4387,49,2025-08-04T00:00:00Z,91.74,21.39,36.11,54,49,6.58
4388,49,2025-08-05T00:00:00Z,80.5,0.0,34.24,77,18,84.49
4389,49,2025-08-06T00:00:00Z,81.03,0.0,34.93,62,8,78.05
4390,49,2025-08-07T00:00:00Z,81.0,0.0,35.0,79,16,86.87
4391,49,2025-08-08T00:00:00Z,82.49,13.2,34.37,76,20,71.25
4392,49,2025-08-09T00:00:00Z,83.3,18.3,35.49,63,22,44.6
4393,49,2025-08-10T00:00:00Z,79.4,0.0,34.51,63,15,74.27
4394,49,2025-08-11T00:00:00Z,89.17,28.0,34.03,57,73,2.17
4395,49,2025-08-12T00:00:00Z,86.21,71.5,36.22,59,80,0.36
4396,49,2025-08-13T00:00:00Z,80.94,0.0,33.96,63,33,52.07
4397,49,2025-08-14T00:00:00Z,80.82,58.19,34.65,81,37,20.44
4398,49,2025-08-15T00:00:00Z,94.4,41.04,32.64,47,82,0.35
4399,49,2025-08-16T00:00:00Z,96.08,95.22,10.48,34,89,0.01
4400,49,2025-08-17T00:00:00Z,79.22,0.0,22.36,68,33,61.51
4401,49,2025-08-18T00:00:00Z,79.39,0.0,25.62,73,37,63.65
4402,49,2025-08-19T00:00:00Z,77.22,0.0,25.62,72,15,84.67
4403,49,2025-08-20T00:00:00Z,80.74,25.7,28.7,60,27,30.68
4404,49,2025-08-21T00:00:00Z,92.27,59.11,26.35,43,57,0.52
4405,49,2025-08-22T00:00:00Z,78.44,0.0,25.07,77,0,93.69
4406,49,2025-08-23T00:00:00Z,77.29,0.0,21.74,67,19,76.95
4407,49,2025-08-24T00:00:00Z,77.84,0.0,21.39,77,10,90.27
4408,49,2025-08-25T00:00:00Z,78.34,0.0,25.97,77,15,87.58
4409,49,2025-08-26T00:00:00Z,87.14,21.75,25.19,54,31,17.7
4410,49,2025-08-27T00:00:00Z,83.27,84.06,57.37,33,98,0.02
4411,50,2025-05-30T00:00:00Z,97.64,100.0,56.04,43,100,0.01
4412,50,2025-05-31T00:00:00Z,94.06,82.78,60.63,42,100,0.02
4413,50,2025-06-01T00:00:00Z,100.0,78.25,65.93,43,100,0.02
4414,50,2025-06-02T00:00:00Z,98.79,100.0,61.94,40,98,0.01
4415,50,2025-06-03T00:00:00Z,100.0,64.44,76.21,40,96,0.03
4416,50,2025-06-04T00:00:00Z,96.3,100.0,74.68,46,92,0.02
4417,50,2025-06-05T00:00:00Z,77.81,86.67,55.78,43,100,0.04
4418,50,2025-06-06T00:00:00Z,100.0,55.0,76.15,43,98,0.05
4419,50,2025-06-07T00:00:00Z,80.06,91.11,54.31,43,98,0.03
4420,50,2025-06-08T00:00:00Z,84.9,84.6,56.55,49,98,0.05
4421,50,2025-06-09T00:00:00Z,100.0,73.98,55.63,40,100,0.02
4422,50,2025-06-10T00:00:00Z,90.88,76.13,59.93,40,100,0.03
4423,50,2025-06-11T00:00:00Z,100.0,100.0,58.98,40,94,0.01
4424,50,2025-06-12T00:00:00Z,99.06,71.65,73.23,49,100,0.04
4425,50,2025-06-13T00:00:00Z,100.0,69.46,61.69,43,100,0.03
4426,50,2025-06-14T00:00:00Z,77.77,92.66,65.26,43,98,0.04
4427,50,2025-06-15T00:00:00Z,100.0,100.0,62.04,43,98,0.01
4428,50,2025-06-16T00:00:00Z,100.0,80.07,53.76,43,100,0.02
4429,50,2025-06-17T00:00:00Z,97.02,83.03,67.26,40,100,0.02
4430,50,2025-06-18T00:00:00Z,93.77,100.0,68.47,40,100,0.01
4431,50,2025-06-19T00:00:00Z,100.0,90.6,71.15,46,100,0.01
4432,50,2025-06-20T00:00:00Z,95.8,82.23,59.9,45,96,0.03
4433,50,2025-06-21T00:00:00Z,89.49,65.89,56.61,40,100,0.04
4434,50,2025-06-22T00:00:00Z,98.17,100.0,66.38,43,100,0.01
4435,50,2025-06-23T00:00:00Z,100.0,77.09,59.46,43,94,0.03
4436,50,2025-06-24T00:00:00Z,96.89,100.0,64.62,46,96,0.01
4437,50,2025-06-25T00:00:00Z,92.37,95.73,73.86,43,100,0.01
4438,50,2025-06-26T00:00:00Z,100.0,77.54,56.87,40,100,0.02
4439,50,2025-06-27T00:00:00Z,100.0,100.0,62.89,40,100,0.01
4440,50,2025-06-28T00:00:00Z,85.12,70.62,54.37,40,98,0.05
4441,50,2025-06-29T00:00:00Z,77.71,100.0,53.3,40,100,0.02
4442,50,2025-06-30T00:00:00Z,95.32,68.69,70.49,49,100,0.05
4443,50,2025-07-01T00:00:00Z,73.5,67.39,69.45,43,100,0.11
4444,50,2025-07-02T00:00:00Z,75.56,80.93,56.37,48,100,0.08
4445,50,2025-07-03T00:00:00Z,100.0,88.27,75.28,43,100,0.01
4446,50,2025-07-04T00:00:00Z,100.0,90.24,57.35,40,98,0.01
4447,50,2025-07-05T00:00:00Z,100.0,100.0,67.74,43,98,0.01
4448,50,2025-07-06T00:00:00Z,88.08,94.21,75.48,49,100,0.03
4449,50,2025-07-07T00:00:00Z,100.0,89.86,55.98,43,98,0.01
4450,50,2025-07-08T00:00:00Z,100.0,84.58,55.24,49,98,0.02
4451,50,2025-07-09T00:00:00Z,83.11,73.63,60.8,43,100,0.05
4452,50,2025-07-10T00:00:00Z,97.73,86.38,72.91,40,94,0.02
4453,50,2025-07-11T00:00:00Z,86.91,86.09,55.59,43,98,0.03
4454,50,2025-07-12T00:00:00Z,89.1,100.0,57.22,49,100,0.02
4455,50,2025-07-13T00:00:00Z,76.25,69.49,57.39,40,100,0.08
4456,50,2025-07-14T00:00:00Z,98.41,90.16,60.62,43,100,0.01
4457,50,2025-07-15T00:00:00Z,100.0,76.85,76.08,40,98,0.02
4458,50,2025-07-16T00:00:00Z,86.25,100.0,63.52,46,98,0.02
4459,50,2025-07-17T00:00:00Z,100.0,91.35,62.14,40,98,0.01
4460,50,2025-07-18T00:00:00Z,77.92,91.77,63.73,46,93,0.06
4461,50,2025-07-19T00:00:00Z,83.34,100.0,62.18,40,100,0.02
4462,50,2025-07-20T00:00:00Z,100.0,92.74,56.94,43,100,0.01
4463,50,2025-07-21T00:00:00Z,90.31,100.0,71.82,40,100,0.01
4464,50,2025-07-22T00:00:00Z,86.5,50.52,53.52,40,100,0.1
4465,50,2025-07-23T00:00:00Z,88.18,82.68,61.17,40,100,0.02
4466,50,2025-07-24T00:00:00Z,100.0,91.54,74.88,43,98,0.01
4467,50,2025-07-25T00:00:00Z,98.33,71.63,58.65,43,98,0.03
4468,50,2025-07-26T00:00:00Z,100.0,66.72,55.13,46,100,0.04
4469,50,2025-07-27T00:00:00Z,98.6,67.75,68.43,49,96,0.06
4470,50,2025-07-28T00:00:00Z,93.45,71.33,58.98,46,96,0.05
4471,50,2025-07-29T00:00:00Z,93.2,30.53,17.04,85,68,10.15
4472,50,2025-07-30T00:00:00Z,77.86,0.0,25.83,100,0,98.38
4473,50,2025-07-31T00:00:00Z,78.92,0.0,25.56,100,0,98.29
4474,50,2025-08-01T00:00:00Z,78.61,0.0,26.39,100,0,98.32
4475,50,2025-08-02T00:00:00Z,79.38,0.0,21.39,100,0,98.26
4476,50,2025-08-03T00:00:00Z,77.68,0.0,20.9,100,0,98.4
4477,50,2025-08-04T00:00:00Z,78.23,0.0,25.97,100,0,98.35
4478,50,2025-08-05T00:00:00Z,78.27,0.0,24.65,100,0,98.35
4479,50,2025-08-06T00:00:00Z,78.63,0.0,25.21,100,0,98.32
4480,50,2025-08-07T00:00:00Z,77.16,0.0,24.72,100,0,98.44
4481,50,2025-08-08T00:00:00Z,79.47,0.0,25.42,100,0,98.25
4482,50,2025-08-09T00:00:00Z,83.37,0.0,24.83,100,25,92.96
4483,50,2025-08-10T00:00:00Z,94.88,48.74,8.89,40,96,0.08
4484,50,2025-08-11T00:00:00Z,79.29,0.0,25.28,100,0,98.26
4485,50,2025-08-12T00:00:00Z,78.6,0.0,25.56,100,0,98.32
4486,50,2025-08-13T00:00:00Z,80.35,0.0,25.69,100,0,98.17
4487,50,2025-08-14T00:00:00Z,78.48,0.0,25.56,100,0,98.33
4488,50,2025-08-15T00:00:00Z,78.25,0.0,24.51,100,0,98.35
4489,50,2025-08-16T00:00:00Z,77.49,0.0,22.57,100,0,98.41
4490,50,2025-08-17T00:00:00Z,79.32,0.0,22.07,100,0,98.26
4491,50,2025-08-18T00:00:00Z,100.0,100.0,61.17,46,100,0.01
4492,50,2025-08-19T00:00:00Z,100.0,79.55,67.56,52,100,0.03
4493,50,2025-08-20T00:00:00Z,79.48,0.0,26.24,100,0,98.25
4494,50,2025-08-21T00:00:00Z,78.83,0.0,26.32,100,0,98.3
4495,50,2025-08-22T00:00:00Z,78.12,0.0,25.42,100,0,98.36
4496,50,2025-08-23T00:00:00Z,77.29,0.0,21.67,100,0,98.43
4497,50,2025-08-24T00:00:00Z,94.78,92.26,10.0,43,100,0.01
4498,50,2025-08-25T00:00:00Z,88.34,72.16,58.86,46,95,0.07
4499,50,2025-08-26T00:00:00Z,93.62,0.0,26.67,100,10,94.37
4500,50,2025-08-27T00:00:00Z,78.72,0.0,25.07,100,0,98.31
4501,51,2025-05-30T00:00:00Z,96.8,72.79,55.69,39,100,0.02
4502,51,2025-05-31T00:00:00Z,96.62,85.58,69.54,36,100,0.01
4503,51,2025-06-01T00:00:00Z,98.19,85.72,57.21,42,100,0.01
4504,51,2025-06-02T00:00:00Z,100.0,100.0,63.56,36,100,0.01
4505,51,2025-06-03T00:00:00Z,100.0,100.0,67.61,39,100,0.01
4506,51,2025-06-04T00:00:00Z,93.19,92.91,56.73,36,100,0.01
4507,51,2025-06-05T00:00:00Z,73.38,71.83,54.3,45,100,0.11
4508,51,2025-06-06T00:00:00Z,86.9,100.0,60.22,36,100,0.01
4509,51,2025-06-07T00:00:00Z,94.81,100.0,63.37,42,96,0.01
4510,51,2025-06-08T00:00:00Z,85.84,80.85,70.44,39,100,0.03
4511,51,2025-06-09T00:00:00Z,67.03,92.78,54.86,36,100,0.04
4512,51,2025-06-10T00:00:00Z,100.0,68.69,68.59,39,100,0.02
4513,51,2025-06-11T00:00:00Z,99.13,79.75,67.46,36,100,0.01
4514,51,2025-06-12T00:00:00Z,92.91,91.15,73.89,36,100,0.01
4515,51,2025-06-13T00:00:00Z,93.23,81.45,68.43,45,100,0.03
4516,51,2025-06-14T00:00:00Z,82.89,88.77,59.93,42,98,0.03
4517,51,2025-06-15T00:00:00Z,100.0,93.53,70.26,36,96,0.01
4518,51,2025-06-16T00:00:00Z,90.37,71.55,68.19,36,100,0.03
4519,51,2025-06-17T00:00:00Z,88.18,91.98,54.01,36,98,0.01
4520,51,2025-06-18T00:00:00Z,93.96,72.11,60.29,42,98,0.03
4521,51,2025-06-19T00:00:00Z,95.1,77.75,67.78,42,98,0.03
4522,51,2025-06-20T00:00:00Z,98.79,79.93,73.1,36,98,0.01
4523,51,2025-06-21T00:00:00Z,100.0,84.99,58.07,36,94,0.01
4524,51,2025-06-22T00:00:00Z,91.96,96.67,54.37,36,98,0.01
4525,51,2025-06-23T00:00:00Z,87.11,100.0,68.62,39,100,0.01
4526,51,2025-06-24T00:00:00Z,70.73,100.0,62.83,36,100,0.02
4527,51,2025-06-25T00:00:00Z,91.53,74.42,66.56,39,100,0.03
4528,51,2025-06-26T00:00:00Z,92.64,100.0,57.11,42,100,0.01
4529,51,2025-06-27T00:00:00Z,86.13,68.02,67.91,36,100,0.04
4530,51,2025-06-28T00:00:00Z,89.55,100.0,60.16,36,100,0.01
4531,51,2025-06-29T00:00:00Z,80.62,79.03,64.9,36,100,0.03
4532,51,2025-06-30T00:00:00Z,97.71,72.5,60.58,36,98,0.02
4533,51,2025-07-01T00:00:00Z,92.14,86.37,60.61,42,100,0.02
4534,51,2025-07-02T00:00:00Z,88.88,98.72,56.68,39,100,0.01
4535,51,2025-07-03T00:00:00Z,90.83,87.0,64.68,39,100,0.02
4536,51,2025-07-04T00:00:00Z,95.4,97.22,55.99,36,94,0.01
4537,51,2025-07-05T00:00:00Z,100.0,91.68,54.06,44,98,0.01
4538,51,2025-07-06T00:00:00Z,93.57,61.91,59.34,41,98,0.05
4539,51,2025-07-07T00:00:00Z,93.96,77.32,68.22,42,96,0.03
4540,51,2025-07-08T00:00:00Z,84.19,74.18,68.18,39,100,0.04
4541,51,2025-07-09T00:00:00Z,96.49,62.78,55.42,36,94,0.04
4542,51,2025-07-10T00:00:00Z,90.3,93.44,62.56,36,100,0.01
4543,51,2025-07-11T00:00:00Z,100.0,66.59,57.16,39,96,0.03
4544,51,2025-07-12T00:00:00Z,100.0,82.04,57.83,39,98,0.01
4545,51,2025-07-13T00:00:00Z,98.77,89.08,65.67,39,100,0.01
4546,51,2025-07-14T00:00:00Z,97.5,75.64,64.49,36,100,0.02
4547,51,2025-07-15T00:00:00Z,98.45,55.55,73.08,36,92,0.05
4548,51,2025-07-16T00:00:00Z,94.71,90.95,63.98,39,98,0.01
4549,51,2025-07-17T00:00:00Z,99.48,93.9,52.9,36,93,0.01
4550,51,2025-07-18T00:00:00Z,85.1,61.68,66.78,39,98,0.07
4551,51,2025-07-19T00:00:00Z,85.58,80.24,63.37,39,100,0.03
4552,51,2025-07-20T00:00:00Z,97.85,98.22,54.38,36,98,0.01
4553,51,2025-07-21T00:00:00Z,100.0,79.86,62.53,39,100,0.01
4554,51,2025-07-22T00:00:00Z,91.01,97.16,61.58,45,100,0.02
4555,51,2025-07-23T00:00:00Z,97.32,82.81,65.67,36,100,0.01
4556,51,2025-07-24T00:00:00Z,84.37,79.2,64.54,36,100,0.03
4557,51,2025-07-25T00:00:00Z,85.02,74.3,73.0,39,100,0.04
4558,51,2025-07-26T00:00:00Z,100.0,84.1,55.35,36,94,0.01
4559,51,2025-07-27T00:00:00Z,90.15,57.03,56.34,36,100,0.05
4560,51,2025-07-28T00:00:00Z,100.0,78.99,71.88,42,95,0.02
4561,51,2025-07-29T00:00:00Z,84.55,0.0,30.38,100,13,95.78
4562,51,2025-07-30T00:00:00Z,93.58,66.68,11.82,62,52,1.44
4563,51,2025-07-31T00:00:00Z,82.36,0.0,28.07,100,0,97.98
4564,51,2025-08-01T00:00:00Z,100.0,78.95,12.22,51,96,0.04
4565,51,2025-08-02T00:00:00Z,78.24,0.0,21.74,100,0,98.35
4566,51,2025-08-03T00:00:00Z,77.69,0.0,21.74,100,0,98.39
4567,51,2025-08-04T00:00:00Z,81.31,0.0,26.52,100,0,98.08
4568,51,2025-08-05T00:00:00Z,100.0,94.37,72.03,36,98,0.01
4569,51,2025-08-06T00:00:00Z,94.52,58.5,12.12,70,72,1.14
4570,51,2025-08-07T00:00:00Z,79.03,0.0,25.42,100,0,98.29
4571,51,2025-08-08T00:00:00Z,80.73,0.0,25.62,100,0,98.14
4572,51,2025-08-09T00:00:00Z,76.96,0.0,21.04,100,0,98.45
4573,51,2025-08-10T00:00:00Z,76.96,0.0,21.74,100,0,98.45
4574,51,2025-08-11T00:00:00Z,80.02,0.0,25.83,100,0,98.2
4575,51,2025-08-12T00:00:00Z,77.42,0.0,25.14,100,0,98.42
4576,51,2025-08-13T00:00:00Z,77.73,0.0,24.86,100,0,98.39
4577,51,2025-08-14T00:00:00Z,77.39,0.0,25.62,100,0,98.42
4578,51,2025-08-15T00:00:00Z,80.51,0.0,27.22,100,15,96.17
4579,51,2025-08-16T00:00:00Z,81.01,86.79,57.84,36,98,0.03
4580,51,2025-08-17T00:00:00Z,98.11,43.53,10.0,53,68,0.76
4581,51,2025-08-18T00:00:00Z,83.97,0.0,28.77,100,0,97.82
4582,51,2025-08-19T00:00:00Z,69.43,67.62,59.79,36,98,0.1
4583,51,2025-08-20T00:00:00Z,95.09,56.42,11.67,74,64,2.25
4584,51,2025-08-21T00:00:00Z,77.58,0.0,25.56,100,0,98.4
4585,51,2025-08-22T00:00:00Z,79.88,0.0,26.11,100,1,98.12
4586,51,2025-08-23T00:00:00Z,77.98,0.0,22.01,100,21,95.48
4587,51,2025-08-24T00:00:00Z,83.53,0.0,26.48,100,16,95.36
4588,51,2025-08-25T00:00:00Z,100.0,28.38,10.48,45,87,0.31
4589,51,2025-08-26T00:00:00Z,77.2,0.0,25.76,100,0,98.43
4590,51,2025-08-27T00:00:00Z,77.88,0.0,25.69,100,0,98.38
4591,52,2025-05-30T00:00:00Z,100.0,82.23,66.22,33,100,0.01
4592,52,2025-05-31T00:00:00Z,93.0,80.43,59.26,30,100,0.01
4593,52,2025-06-01T00:00:00Z,75.99,76.93,62.42,33,100,0.04
4594,52,2025-06-02T00:00:00Z,93.65,100.0,59.49,36,100,0.01
4595,52,2025-06-03T00:00:00Z,85.99,100.0,59.17,30,100,0.01
4596,52,2025-06-04T00:00:00Z,97.68,100.0,61.21,33,100,0.0
4597,52,2025-06-05T00:00:00Z,100.0,78.05,60.52,30,96,0.01
4598,52,2025-06-06T00:00:00Z,100.0,86.85,74.31,30,100,0.01
4599,52,2025-06-07T00:00:00Z,100.0,99.65,58.46,30,100,0.0
4600,52,2025-06-08T00:00:00Z,100.0,100.0,70.27,30,100,0.0
4601,52,2025-06-09T00:00:00Z,94.55,86.24,73.25,33,100,0.01
4602,52,2025-06-10T00:00:00Z,100.0,87.97,61.19,30,96,0.01
4603,52,2025-06-11T00:00:00Z,79.64,73.38,54.56,36,95,0.05
4604,52,2025-06-12T00:00:00Z,100.0,100.0,69.61,30,98,0.0
4605,52,2025-06-13T00:00:00Z,98.89,97.02,72.5,30,98,0.0
4606,52,2025-06-14T00:00:00Z,100.0,100.0,66.04,30,100,0.0
4607,52,2025-06-15T00:00:00Z,93.01,91.45,56.42,30,100,0.01
4608,52,2025-06-16T00:00:00Z,85.19,55.0,74.96,32,100,0.05
4609,52,2025-06-17T00:00:00Z,91.28,71.27,63.07,30,100,0.02
4610,52,2025-06-18T00:00:00Z,100.0,98.66,76.08,30,100,0.0
4611,52,2025-06-19T00:00:00Z,100.0,95.87,58.43,33,100,0.01
4612,52,2025-06-20T00:00:00Z,94.35,88.81,67.53,30,100,0.01
4613,52,2025-06-21T00:00:00Z,99.5,100.0,54.8,30,100,0.0
4614,52,2025-06-22T00:00:00Z,100.0,100.0,76.11,33,100,0.0
4615,52,2025-06-23T00:00:00Z,100.0,100.0,60.53,30,100,0.0
4616,52,2025-06-24T00:00:00Z,100.0,80.01,52.91,36,98,0.01
4617,52,2025-06-25T00:00:00Z,100.0,100.0,68.69,30,96,0.0
4618,52,2025-06-26T00:00:00Z,92.79,81.77,75.53,33,100,0.01
4619,52,2025-06-27T00:00:00Z,90.41,94.42,67.08,30,96,0.01
4620,52,2025-06-28T00:00:00Z,100.0,100.0,53.38,30,98,0.0
4621,52,2025-06-29T00:00:00Z,93.31,83.08,66.44,30,100,0.01
4622,52,2025-06-30T00:00:00Z,88.8,70.78,58.42,30,100,0.02
4623,52,2025-07-01T00:00:00Z,95.39,99.24,52.95,30,100,0.0
4624,52,2025-07-02T00:00:00Z,94.53,100.0,61.55,33,100,0.01
4625,52,2025-07-03T00:00:00Z,86.08,80.06,55.7,36,98,0.03
4626,52,2025-07-04T00:00:00Z,99.74,100.0,56.0,30,91,0.01
4627,52,2025-07-05T00:00:00Z,92.08,100.0,71.08,30,100,0.01
4628,52,2025-07-06T00:00:00Z,100.0,100.0,68.81,30,98,0.0
4629,52,2025-07-07T00:00:00Z,91.99,100.0,67.93,33,100,0.01
4630,52,2025-07-08T00:00:00Z,100.0,86.74,60.93,33,100,0.01
4631,52,2025-07-09T00:00:00Z,100.0,82.19,63.05,30,100,0.01
4632,52,2025-07-10T00:00:00Z,100.0,71.2,67.15,30,98,0.01
4633,52,2025-07-11T00:00:00Z,81.7,55.0,59.18,30,100,0.06
4634,52,2025-07-12T00:00:00Z,77.91,94.85,68.07,30,100,0.01
4635,52,2025-07-13T00:00:00Z,100.0,82.44,53.0,36,93,0.02
4636,52,2025-07-14T00:00:00Z,86.55,61.78,61.45,30,100,0.03
4637,52,2025-07-15T00:00:00Z,100.0,66.14,67.89,30,100,0.01
4638,52,2025-07-16T00:00:00Z,96.94,99.56,71.83,30,100,0.0
4639,52,2025-07-17T00:00:00Z,91.47,97.62,70.4,30,100,0.01
4640,52,2025-07-18T00:00:00Z,78.18,86.97,60.14,30,94,0.03
4641,52,2025-07-19T00:00:00Z,100.0,67.01,65.57,36,100,0.02
4642,52,2025-07-20T00:00:00Z,100.0,61.76,53.5,32,90,0.03
4643,52,2025-07-21T00:00:00Z,74.8,100.0,68.25,30,100,0.01
4644,52,2025-07-22T00:00:00Z,100.0,77.66,65.29,30,100,0.01
4645,52,2025-07-23T00:00:00Z,100.0,94.89,59.74,36,98,0.01
4646,52,2025-07-24T00:00:00Z,89.43,82.51,76.83,30,100,0.01
4647,52,2025-07-25T00:00:00Z,100.0,100.0,65.17,30,98,0.0
4648,52,2025-07-26T00:00:00Z,95.75,69.92,66.55,33,98,0.02
4649,52,2025-07-27T00:00:00Z,100.0,100.0,61.68,33,98,0.0
4650,52,2025-07-28T00:00:00Z,100.0,90.31,63.17,30,100,0.01
4651,52,2025-07-29T00:00:00Z,87.18,0.0,29.52,81,4,90.9
4652,52,2025-07-30T00:00:00Z,77.11,0.0,24.86,100,0,98.44
4653,52,2025-07-31T00:00:00Z,80.72,0.0,26.53,100,0,98.14
4654,52,2025-08-01T00:00:00Z,78.75,0.0,25.62,100,0,98.31
4655,52,2025-08-02T00:00:00Z,76.9,0.0,22.22,100,0,98.46
4656,52,2025-08-03T00:00:00Z,77.98,0.0,20.97,100,0,98.37
4657,52,2025-08-04T00:00:00Z,79.06,0.0,25.97,100,0,98.28
4658,52,2025-08-05T00:00:00Z,79.03,0.0,25.28,100,0,98.28
4659,52,2025-08-06T00:00:00Z,78.63,0.0,25.0,100,0,98.32
4660,52,2025-08-07T00:00:00Z,95.34,68.58,12.31,67,83,0.35
4661,52,2025-08-08T00:00:00Z,89.11,0.0,29.1,56,22,45.13
4662,52,2025-08-09T00:00:00Z,90.23,20.52,19.85,92,64,26.66
4663,52,2025-08-10T00:00:00Z,84.64,0.0,26.27,96,40,82.17
4664,52,2025-08-11T00:00:00Z,90.88,67.29,12.0,69,52,2.42
4665,52,2025-08-12T00:00:00Z,78.73,0.0,25.0,100,2,98.14
4666,52,2025-08-13T00:00:00Z,80.09,0.0,25.62,100,0,98.19
4667,52,2025-08-14T00:00:00Z,78.57,0.0,26.39,100,25,94.38
4668,52,2025-08-15T00:00:00Z,78.82,0.0,25.28,100,0,98.3
4669,52,2025-08-16T00:00:00Z,76.84,0.0,20.9,100,0,98.46
4670,52,2025-08-17T00:00:00Z,83.07,0.0,23.29,91,0,96.46
4671,52,2025-08-18T00:00:00Z,79.69,68.92,54.26,33,100,0.04
4672,52,2025-08-19T00:00:00Z,95.8,46.16,12.89,42,84,0.18
4673,52,2025-08-20T00:00:00Z,77.38,0.0,26.25,100,0,98.42
4674,52,2025-08-21T00:00:00Z,77.2,0.0,24.93,100,0,98.43
4675,52,2025-08-22T00:00:00Z,78.32,0.0,25.21,100,0,98.34
4676,52,2025-08-23T00:00:00Z,77.64,0.0,21.87,100,0,98.4
4677,52,2025-08-24T00:00:00Z,79.06,0.0,21.32,100,0,98.28
4678,52,2025-08-25T00:00:00Z,83.55,0.0,29.38,100,15,95.57
4679,52,2025-08-26T00:00:00Z,100.0,82.12,59.42,30,100,0.01
4680,52,2025-08-27T00:00:00Z,85.88,100.0,55.05,30,100,0.01
4681,53,2025-05-30T00:00:00Z,100.0,88.82,61.38,30,98,0.01
4682,53,2025-05-31T00:00:00Z,84.89,90.5,59.56,30,100,0.01
4683,53,2025-06-01T00:00:00Z,100.0,100.0,53.66,36,100,0.01
4684,53,2025-06-02T00:00:00Z,80.62,75.3,59.23,30,100,0.03
4685,53,2025-06-03T00:00:00Z,100.0,55.0,76.43,35,100,0.03
4686,53,2025-06-04T00:00:00Z,96.7,72.38,56.36,30,98,0.01
4687,53,2025-06-05T00:00:00Z,89.3,100.0,69.65,30,100,0.01
4688,53,2025-06-06T00:00:00Z,95.06,96.72,53.52,33,100,0.01
4689,53,2025-06-07T00:00:00Z,95.28,97.76,57.88,33,98,0.01
4690,53,2025-06-08T00:00:00Z,78.89,86.86,74.25,30,100,0.02
4691,53,2025-06-09T00:00:00Z,100.0,88.71,55.35,30,100,0.01
4692,53,2025-06-10T00:00:00Z,99.82,100.0,60.6,30,98,0.0
4693,53,2025-06-11T00:00:00Z,99.9,100.0,66.27,33,100,0.0
4694,53,2025-06-12T00:00:00Z,79.68,83.35,56.32,30,100,0.02
4695,53,2025-06-13T00:00:00Z,76.24,100.0,61.26,30,100,0.01
4696,53,2025-06-14T00:00:00Z,100.0,88.78,75.82,36,100,0.01
4697,53,2025-06-15T00:00:00Z,92.67,97.22,71.88,30,100,0.01
4698,53,2025-06-16T00:00:00Z,88.27,92.8,55.28,30,100,0.01
4699,53,2025-06-17T00:00:00Z,88.15,60.92,63.35,33,100,0.04
4700,53,2025-06-18T00:00:00Z,100.0,85.12,68.49,32,100,0.01
4701,53,2025-06-19T00:00:00Z,92.47,72.75,65.28,30,100,0.02
4702,53,2025-06-20T00:00:00Z,92.21,74.62,61.03,33,98,0.02
4703,53,2025-06-21T00:00:00Z,100.0,100.0,69.72,33,100,0.0
4704,53,2025-06-22T00:00:00Z,55.42,100.0,56.77,30,100,0.03
4705,53,2025-06-23T00:00:00Z,97.98,96.22,71.76,30,100,0.0
4706,53,2025-06-24T00:00:00Z,79.9,49.03,55.95,33,100,0.09
4707,53,2025-06-25T00:00:00Z,85.44,100.0,55.31,30,100,0.01
4708,53,2025-06-26T00:00:00Z,99.43,91.96,54.36,33,98,0.01
4709,53,2025-06-27T00:00:00Z,92.83,74.67,72.66,30,100,0.01
4710,53,2025-06-28T00:00:00Z,93.92,89.34,65.48,30,98,0.01
4711,53,2025-06-29T00:00:00Z,96.12,87.82,66.56,36,100,0.01
4712,53,2025-06-30T00:00:00Z,88.51,89.76,67.24,32,100,0.01
4713,53,2025-07-01T00:00:00Z,77.88,100.0,62.34,33,98,0.01
4714,53,2025-07-02T00:00:00Z,97.3,84.28,61.75,33,100,0.01
4715,53,2025-07-03T00:00:00Z,98.08,93.53,68.33,30,100,0.01
4716,53,2025-07-04T00:00:00Z,82.75,100.0,67.05,33,100,0.01
4717,53,2025-07-05T00:00:00Z,94.53,100.0,56.78,30,100,0.0
4718,53,2025-07-06T00:00:00Z,100.0,97.19,56.04,36,100,0.01
4719,53,2025-07-07T00:00:00Z,82.65,83.51,64.86,33,100,0.02
4720,53,2025-07-08T00:00:00Z,78.99,100.0,74.13,33,96,0.02
4721,53,2025-07-09T00:00:00Z,89.39,100.0,59.03,36,100,0.01
4722,53,2025-07-10T00:00:00Z,92.66,87.26,66.36,32,100,0.01
4723,53,2025-07-11T00:00:00Z,100.0,80.2,56.78,30,93,0.01
4724,53,2025-07-12T00:00:00Z,96.42,100.0,70.06,30,96,0.01
4725,53,2025-07-13T00:00:00Z,94.56,99.16,72.8,30,100,0.01
4726,53,2025-07-14T00:00:00Z,72.64,100.0,56.41,30,100,0.01
4727,53,2025-07-15T00:00:00Z,100.0,100.0,64.57,30,100,0.0
4728,53,2025-07-16T00:00:00Z,89.18,94.21,63.82,30,100,0.01
4729,53,2025-07-17T00:00:00Z,100.0,99.16,72.53,30,100,0.0
4730,53,2025-07-18T00:00:00Z,95.16,64.65,71.06,30,95,0.02
4731,53,2025-07-19T00:00:00Z,98.09,94.84,60.3,36,100,0.01
4732,53,2025-07-20T00:00:00Z,87.17,83.04,62.83,30,100,0.01
4733,53,2025-07-21T00:00:00Z,85.22,80.58,70.86,30,100,0.02
4734,53,2025-07-22T00:00:00Z,100.0,100.0,75.19,33,100,0.0
4735,53,2025-07-23T00:00:00Z,99.08,100.0,62.61,30,100,0.0
4736,53,2025-07-24T00:00:00Z,100.0,85.25,75.07,32,100,0.01
4737,53,2025-07-25T00:00:00Z,94.57,81.65,53.14,36,98,0.02
4738,53,2025-07-26T00:00:00Z,91.66,86.57,64.93,33,98,0.01
4739,53,2025-07-27T00:00:00Z,100.0,98.87,70.35,30,100,0.0
4740,53,2025-07-28T00:00:00Z,100.0,94.45,57.72,30,100,0.0
4741,53,2025-07-29T00:00:00Z,86.54,11.06,37.9,78,54,31.22
4742,53,2025-07-30T00:00:00Z,81.89,0.0,34.86,89,22,89.53
4743,53,2025-07-31T00:00:00Z,92.95,37.61,28.54,65,72,2.08
4744,53,2025-08-01T00:00:00Z,80.38,0.0,35.07,86,41,74.86
4745,53,2025-08-02T00:00:00Z,81.42,27.27,35.43,100,35,74.8
4746,53,2025-08-03T00:00:00Z,88.38,48.92,23.19,71,41,10.29
4747,53,2025-08-04T00:00:00Z,78.0,0.0,25.9,100,0,98.37
4748,53,2025-08-05T00:00:00Z,79.01,0.0,26.11,76,41,63.63
4749,53,2025-08-06T00:00:00Z,77.1,0.0,25.14,100,0,98.44
4750,53,2025-08-07T00:00:00Z,77.41,0.0,26.53,100,0,98.42
4751,53,2025-08-08T00:00:00Z,79.49,0.0,24.65,89,7,95.33
4752,53,2025-08-09T00:00:00Z,86.9,0.0,20.14,73,48,40.97
4753,53,2025-08-10T00:00:00Z,85.99,0.0,26.87,67,44,38.23
4754,53,2025-08-11T00:00:00Z,78.87,0.0,24.37,95,0,97.72
4755,53,2025-08-12T00:00:00Z,78.58,0.0,25.56,100,21,95.35
4756,53,2025-08-13T00:00:00Z,78.5,0.0,25.76,78,36,72.21
4757,53,2025-08-14T00:00:00Z,79.65,0.0,25.56,100,2,98.05
4758,53,2025-08-15T00:00:00Z,79.38,10.39,25.28,88,31,79.34
4759,53,2025-08-16T00:00:00Z,78.39,0.0,21.94,87,34,83.21
4760,53,2025-08-17T00:00:00Z,76.84,0.0,21.74,89,0,97.06
4761,53,2025-08-18T00:00:00Z,95.44,63.14,12.44,41,83,0.09
4762,53,2025-08-19T00:00:00Z,91.01,91.04,52.67,30,100,0.01
4763,53,2025-08-20T00:00:00Z,94.3,63.34,12.96,33,89,0.04
4764,53,2025-08-21T00:00:00Z,79.63,0.0,25.83,90,1,96.67
4765,53,2025-08-22T00:00:00Z,77.62,0.0,25.0,74,28,76.12
4766,53,2025-08-23T00:00:00Z,78.02,31.54,22.36,100,14,89.45
4767,53,2025-08-24T00:00:00Z,79.32,0.0,21.87,94,26,91.48
4768,53,2025-08-25T00:00:00Z,78.31,0.0,24.93,86,41,76.75
4769,53,2025-08-26T00:00:00Z,77.27,0.0,26.04,100,34,91.96
4770,53,2025-08-27T00:00:00Z,79.16,21.16,26.11,69,49,24.7
4771,54,2025-05-30T00:00:00Z,87.09,100.0,75.53,38,100,0.01
4772,54,2025-05-31T00:00:00Z,96.07,65.37,52.95,38,100,0.03
4773,54,2025-06-01T00:00:00Z,83.48,96.76,69.02,35,100,0.01
4774,54,2025-06-02T00:00:00Z,99.57,100.0,60.35,32,100,0.0
4775,54,2025-06-03T00:00:00Z,99.28,86.58,62.93,34,95,0.01
4776,54,2025-06-04T00:00:00Z,100.0,85.56,75.07,35,100,0.01
4777,54,2025-06-05T00:00:00Z,91.64,82.91,56.91,32,98,0.01
4778,54,2025-06-06T00:00:00Z,95.61,92.11,54.03,34,100,0.01
4779,54,2025-06-07T00:00:00Z,98.89,96.2,56.91,38,100,0.01
4780,54,2025-06-08T00:00:00Z,77.64,78.76,59.26,35,100,0.04
4781,54,2025-06-09T00:00:00Z,82.75,87.41,53.0,35,100,0.02
4782,54,2025-06-10T00:00:00Z,94.82,76.28,65.01,35,95,0.02
4783,54,2025-06-11T00:00:00Z,88.78,100.0,53.07,32,98,0.01
4784,54,2025-06-12T00:00:00Z,99.85,72.5,60.82,35,100,0.02
4785,54,2025-06-13T00:00:00Z,100.0,95.6,60.41,35,100,0.01
4786,54,2025-06-14T00:00:00Z,94.81,72.6,63.34,32,98,0.02
4787,54,2025-06-15T00:00:00Z,94.65,100.0,57.19,32,98,0.01
4788,54,2025-06-16T00:00:00Z,93.8,79.41,56.85,32,100,0.01
4789,54,2025-06-17T00:00:00Z,93.64,79.75,55.55,35,98,0.02
4790,54,2025-06-18T00:00:00Z,100.0,94.99,61.91,32,100,0.01
4791,54,2025-06-19T00:00:00Z,100.0,100.0,63.0,35,100,0.01
4792,54,2025-06-20T00:00:00Z,89.55,72.71,54.83,32,94,0.03
4793,54,2025-06-21T00:00:00Z,92.95,92.04,53.66,32,100,0.01
4794,54,2025-06-22T00:00:00Z,92.61,70.62,76.48,35,100,0.02
4795,54,2025-06-23T00:00:00Z,100.0,100.0,56.3,32,100,0.0
4796,54,2025-06-24T00:00:00Z,92.63,55.0,68.88,32,100,0.04
4797,54,2025-06-25T00:00:00Z,91.09,87.0,71.8,35,100,0.01
4798,54,2025-06-26T00:00:00Z,93.03,100.0,66.47,35,100,0.01
4799,54,2025-06-27T00:00:00Z,100.0,94.36,75.9,35,98,0.01
4800,54,2025-06-28T00:00:00Z,100.0,100.0,64.66,35,94,0.01
4801,54,2025-06-29T00:00:00Z,100.0,97.98,65.78,32,100,0.0
4802,54,2025-06-30T00:00:00Z,89.51,90.39,59.79,34,100,0.01
4803,54,2025-07-01T00:00:00Z,100.0,64.79,55.29,32,100,0.02
4804,54,2025-07-02T00:00:00Z,89.82,84.21,72.41,32,100,0.01
4805,54,2025-07-03T00:00:00Z,85.11,87.56,72.02,32,100,0.01
4806,54,2025-07-04T00:00:00Z,98.99,55.0,61.26,32,100,0.03
4807,54,2025-07-05T00:00:00Z,87.69,100.0,62.26,32,98,0.01
4808,54,2025-07-06T00:00:00Z,72.63,94.56,63.21,35,100,0.02
4809,54,2025-07-07T00:00:00Z,81.88,59.97,68.89,35,100,0.06
4810,54,2025-07-08T00:00:00Z,91.93,73.57,76.75,35,96,0.03
4811,54,2025-07-09T00:00:00Z,100.0,100.0,67.24,35,100,0.01
4812,54,2025-07-10T00:00:00Z,100.0,55.0,70.17,32,95,0.03
4813,54,2025-07-11T00:00:00Z,94.23,81.8,59.46,35,98,0.02
4814,54,2025-07-12T00:00:00Z,98.32,99.36,63.85,32,100,0.0
4815,54,2025-07-13T00:00:00Z,89.54,100.0,59.69,32,100,0.01
4816,54,2025-07-14T00:00:00Z,81.52,85.09,52.9,32,100,0.02
4817,54,2025-07-15T00:00:00Z,93.21,100.0,69.03,32,96,0.01
4818,54,2025-07-16T00:00:00Z,97.85,81.02,59.66,38,100,0.01
4819,54,2025-07-17T00:00:00Z,82.25,90.52,60.78,32,98,0.02
4820,54,2025-07-18T00:00:00Z,85.23,100.0,54.69,32,95,0.01
4821,54,2025-07-19T00:00:00Z,85.23,98.19,53.06,32,100,0.01
4822,54,2025-07-20T00:00:00Z,92.31,76.54,64.57,32,100,0.02
4823,54,2025-07-21T00:00:00Z,100.0,90.08,67.88,32,93,0.01
4824,54,2025-07-22T00:00:00Z,100.0,56.32,63.35,32,98,0.03
4825,54,2025-07-23T00:00:00Z,95.68,91.18,64.03,32,100,0.01
4826,54,2025-07-24T00:00:00Z,100.0,91.53,59.99,34,100,0.01
4827,54,2025-07-25T00:00:00Z,85.68,100.0,58.19,35,100,0.01
4828,54,2025-07-26T00:00:00Z,100.0,100.0,68.25,32,100,0.0
4829,54,2025-07-27T00:00:00Z,89.02,89.68,75.23,32,96,0.01
4830,54,2025-07-28T00:00:00Z,96.87,100.0,60.79,38,95,0.01
4831,54,2025-07-29T00:00:00Z,86.69,0.0,31.43,100,41,83.41
4832,54,2025-07-30T00:00:00Z,78.31,0.0,25.07,100,0,98.34
4833,54,2025-07-31T00:00:00Z,97.47,53.28,25.93,43,88,0.11
4834,54,2025-08-01T00:00:00Z,80.17,0.0,35.21,100,0,98.19
4835,54,2025-08-02T00:00:00Z,81.73,0.0,34.86,100,4,97.62
4836,54,2025-08-03T00:00:00Z,79.83,0.0,35.49,100,26,93.75
4837,54,2025-08-04T00:00:00Z,80.62,0.0,35.35,100,0,98.15
4838,54,2025-08-05T00:00:00Z,80.49,0.0,34.44,100,6,97.53
4839,54,2025-08-06T00:00:00Z,80.85,0.0,34.79,100,19,95.29
4840,54,2025-08-07T00:00:00Z,81.57,0.0,36.04,100,9,96.99
4841,54,2025-08-08T00:00:00Z,84.03,0.0,34.9,100,30,90.87
4842,54,2025-08-09T00:00:00Z,100.0,86.13,71.84,32,100,0.01
4843,54,2025-08-10T00:00:00Z,79.18,0.0,34.18,100,6,97.68
4844,54,2025-08-11T00:00:00Z,81.08,0.0,35.14,100,0,98.1
4845,54,2025-08-12T00:00:00Z,79.72,0.0,35.35,100,0,98.23
4846,54,2025-08-13T00:00:00Z,81.61,0.0,34.65,100,0,98.05
4847,54,2025-08-14T00:00:00Z,82.95,0.0,35.49,100,0,97.92
4848,54,2025-08-15T00:00:00Z,82.28,0.0,35.83,100,0,97.99
4849,54,2025-08-16T00:00:00Z,100.0,66.63,26.67,35,98,0.02
4850,54,2025-08-17T00:00:00Z,85.26,0.0,34.39,100,15,95.2
4851,54,2025-08-18T00:00:00Z,81.52,0.0,34.17,100,0,98.06
4852,54,2025-08-19T00:00:00Z,81.48,0.0,35.14,100,0,98.07
4853,54,2025-08-20T00:00:00Z,80.89,0.0,34.72,100,0,98.12
4854,54,2025-08-21T00:00:00Z,79.95,0.0,35.14,100,0,98.21
4855,54,2025-08-22T00:00:00Z,83.85,0.0,34.17,100,17,95.06
4856,54,2025-08-23T00:00:00Z,83.41,0.0,35.21,100,0,97.87
4857,54,2025-08-24T00:00:00Z,82.41,0.0,34.24,100,0,97.98
4858,54,2025-08-25T00:00:00Z,80.08,0.0,35.83,100,0,98.19
4859,54,2025-08-26T00:00:00Z,95.44,0.0,34.55,76,67,17.34
4860,54,2025-08-27T00:00:00Z,99.99,100.0,53.09,35,96,0.01
4861,55,2025-05-30T00:00:00Z,92.85,59.21,58.57,37,98,0.05
4862,55,2025-05-31T00:00:00Z,100.0,92.07,62.33,37,98,0.01
4863,55,2025-06-01T00:00:00Z,100.0,93.93,72.02,40,94,0.01
4864,55,2025-06-02T00:00:00Z,89.02,91.82,58.06,37,98,0.02
4865,55,2025-06-03T00:00:00Z,81.03,79.4,58.01,34,100,0.03
4866,55,2025-06-04T00:00:00Z,100.0,100.0,70.54,34,98,0.01
4867,55,2025-06-05T00:00:00Z,92.37,95.35,62.71,37,96,0.01
4868,55,2025-06-06T00:00:00Z,100.0,100.0,53.6,34,100,0.0
4869,55,2025-06-07T00:00:00Z,100.0,95.94,64.23,34,98,0.01
4870,55,2025-06-08T00:00:00Z,100.0,90.21,60.43,37,100,0.01
4871,55,2025-06-09T00:00:00Z,100.0,88.4,73.75,37,100,0.01
4872,55,2025-06-10T00:00:00Z,90.21,92.35,75.51,34,100,0.01
4873,55,2025-06-11T00:00:00Z,100.0,94.69,67.72,37,98,0.01
4874,55,2025-06-12T00:00:00Z,84.13,82.47,55.36,37,100,0.03
4875,55,2025-06-13T00:00:00Z,100.0,48.09,70.15,34,96,0.05
4876,55,2025-06-14T00:00:00Z,75.43,93.97,60.72,37,100,0.02
4877,55,2025-06-15T00:00:00Z,98.6,90.91,55.66,34,98,0.01
4878,55,2025-06-16T00:00:00Z,92.02,100.0,54.22,43,100,0.01
4879,55,2025-06-17T00:00:00Z,100.0,82.87,73.26,34,98,0.01
4880,55,2025-06-18T00:00:00Z,100.0,100.0,66.25,43,100,0.01
4881,55,2025-06-19T00:00:00Z,100.0,89.68,61.32,36,100,0.01
4882,55,2025-06-20T00:00:00Z,97.14,80.69,66.67,34,96,0.01
4883,55,2025-06-21T00:00:00Z,82.47,79.83,53.97,34,100,0.03
4884,55,2025-06-22T00:00:00Z,74.19,86.2,56.68,34,96,0.04
4885,55,2025-06-23T00:00:00Z,93.38,96.2,64.92,34,100,0.01
4886,55,2025-06-24T00:00:00Z,92.53,74.08,57.34,34,98,0.02
4887,55,2025-06-25T00:00:00Z,92.27,93.29,61.32,37,94,0.01
4888,55,2025-06-26T00:00:00Z,83.19,91.2,72.55,37,98,0.02
4889,55,2025-06-27T00:00:00Z,100.0,89.12,64.37,37,98,0.01
4890,55,2025-06-28T00:00:00Z,100.0,56.54,66.36,34,92,0.04
4891,55,2025-06-29T00:00:00Z,98.5,56.81,55.95,37,96,0.04
4892,55,2025-06-30T00:00:00Z,94.78,97.68,67.48,37,98,0.01
4893,55,2025-07-01T00:00:00Z,100.0,82.76,59.99,37,100,0.01
4894,55,2025-07-02T00:00:00Z,100.0,71.11,57.96,34,100,0.02
4895,55,2025-07-03T00:00:00Z,88.11,87.43,71.78,39,100,0.02
4896,55,2025-07-04T00:00:00Z,95.79,100.0,55.2,34,94,0.01
4897,55,2025-07-05T00:00:00Z,100.0,82.39,63.34,36,100,0.01
4898,55,2025-07-06T00:00:00Z,100.0,76.7,63.06,34,100,0.01
4899,55,2025-07-07T00:00:00Z,87.3,93.39,53.42,34,100,0.01
4900,55,2025-07-08T00:00:00Z,93.38,100.0,62.99,41,98,0.01
4901,55,2025-07-09T00:00:00Z,100.0,100.0,57.22,43,98,0.01
4902,55,2025-07-10T00:00:00Z,87.45,76.45,56.2,34,100,0.02
4903,55,2025-07-11T00:00:00Z,100.0,87.62,55.67,34,96,0.01
4904,55,2025-07-12T00:00:00Z,95.54,94.19,59.23,37,100,0.01
4905,55,2025-07-13T00:00:00Z,100.0,75.01,61.89,36,95,0.02
4906,55,2025-07-14T00:00:00Z,83.07,89.46,73.96,34,100,0.02
4907,55,2025-07-15T00:00:00Z,79.76,100.0,60.05,37,100,0.02
4908,55,2025-07-16T00:00:00Z,90.42,84.91,59.97,34,100,0.01
4909,55,2025-07-17T00:00:00Z,100.0,95.89,69.83,37,100,0.01
4910,55,2025-07-18T00:00:00Z,84.0,84.46,70.87,34,100,0.02
4911,55,2025-07-19T00:00:00Z,100.0,55.56,53.75,37,100,0.03
4912,55,2025-07-20T00:00:00Z,98.6,81.85,70.1,37,98,0.01
4913,55,2025-07-21T00:00:00Z,100.0,95.97,56.7,34,98,0.01
4914,55,2025-07-22T00:00:00Z,97.84,85.72,59.95,40,100,0.01
4915,55,2025-07-23T00:00:00Z,94.0,100.0,67.38,34,98,0.01
4916,55,2025-07-24T00:00:00Z,88.6,85.96,57.65,34,100,0.01
4917,55,2025-07-25T00:00:00Z,93.64,76.73,70.49,34,100,0.02
4918,55,2025-07-26T00:00:00Z,100.0,100.0,57.18,34,100,0.0
4919,55,2025-07-27T00:00:00Z,95.46,100.0,55.95,37,98,0.01
4920,55,2025-07-28T00:00:00Z,100.0,91.91,72.17,37,100,0.01
4921,55,2025-07-29T00:00:00Z,95.07,14.58,38.06,63,48,12.38
4922,55,2025-07-30T00:00:00Z,100.0,96.73,67.69,34,100,0.01
4923,55,2025-07-31T00:00:00Z,90.83,20.82,20.4,100,60,40.75
4924,55,2025-08-01T00:00:00Z,77.96,0.0,25.69,100,0,98.37
4925,55,2025-08-02T00:00:00Z,77.89,0.0,21.25,100,0,98.38
4926,55,2025-08-03T00:00:00Z,77.12,0.0,21.6,100,0,98.44
4927,55,2025-08-04T00:00:00Z,77.4,0.0,25.35,100,0,98.42
4928,55,2025-08-05T00:00:00Z,77.33,0.0,25.0,100,0,98.42
4929,55,2025-08-06T00:00:00Z,78.13,0.0,25.42,100,2,98.19
4930,55,2025-08-07T00:00:00Z,85.09,0.0,27.83,100,10,96.25
4931,55,2025-08-08T00:00:00Z,100.0,85.73,67.12,37,100,0.01
4932,55,2025-08-09T00:00:00Z,86.25,0.0,27.72,100,34,87.95
4933,55,2025-08-10T00:00:00Z,77.85,0.0,21.81,100,0,98.38
4934,55,2025-08-11T00:00:00Z,78.27,0.0,25.0,100,0,98.35
4935,55,2025-08-12T00:00:00Z,78.83,0.0,25.35,100,0,98.3
4936,55,2025-08-13T00:00:00Z,91.3,0.9,13.33,70,59,20.57
4937,55,2025-08-14T00:00:00Z,93.36,63.12,11.39,68,62,1.46
4938,55,2025-08-15T00:00:00Z,78.41,0.0,25.42,100,0,98.34
4939,55,2025-08-16T00:00:00Z,76.59,0.0,21.53,100,0,98.48
4940,55,2025-08-17T00:00:00Z,77.3,0.0,21.67,100,0,98.43
4941,55,2025-08-18T00:00:00Z,77.67,0.0,25.28,100,0,98.4
4942,55,2025-08-19T00:00:00Z,79.18,0.0,25.69,100,0,98.27
4943,55,2025-08-20T00:00:00Z,78.55,0.0,25.28,100,0,98.33
4944,55,2025-08-21T00:00:00Z,78.52,0.0,25.69,100,0,98.33
4945,55,2025-08-22T00:00:00Z,77.99,0.0,26.04,100,0,98.37
4946,55,2025-08-23T00:00:00Z,77.16,0.0,21.6,100,0,98.44
4947,55,2025-08-24T00:00:00Z,77.09,0.0,21.18,100,0,98.44
4948,55,2025-08-25T00:00:00Z,77.99,0.0,25.35,100,0,98.37
4949,55,2025-08-26T00:00:00Z,79.01,0.0,24.58,100,0,98.29
4950,55,2025-08-27T00:00:00Z,80.44,0.0,25.83,100,0,98.16
4951,56,2025-05-30T00:00:00Z,93.76,100.0,54.0,30,96,0.01
4952,56,2025-05-31T00:00:00Z,96.35,82.83,55.03,33,100,0.01
4953,56,2025-06-01T00:00:00Z,96.6,100.0,64.01,30,100,0.0
4954,56,2025-06-02T00:00:00Z,100.0,100.0,76.65,30,100,0.0
4955,56,2025-06-03T00:00:00Z,95.03,74.43,57.76,30,94,0.02
4956,56,2025-06-04T00:00:00Z,93.77,83.95,53.03,30,100,0.01
4957,56,2025-06-05T00:00:00Z,79.99,100.0,68.9,34,100,0.01
4958,56,2025-06-06T00:00:00Z,94.22,68.46,59.6,30,100,0.02
4959,56,2025-06-07T00:00:00Z,95.09,62.99,70.73,30,100,0.02
4960,56,2025-06-08T00:00:00Z,100.0,97.02,69.37,33,100,0.01
4961,56,2025-06-09T00:00:00Z,100.0,82.99,66.9,33,100,0.01
4962,56,2025-06-10T00:00:00Z,100.0,100.0,76.13,30,96,0.0
4963,56,2025-06-11T00:00:00Z,87.86,100.0,67.43,32,100,0.01
4964,56,2025-06-12T00:00:00Z,92.01,100.0,55.41,30,100,0.01
4965,56,2025-06-13T00:00:00Z,95.13,76.78,62.31,30,100,0.01
4966,56,2025-06-14T00:00:00Z,94.92,100.0,74.22,32,100,0.01
4967,56,2025-06-15T00:00:00Z,93.34,100.0,60.02,30,100,0.01
4968,56,2025-06-16T00:00:00Z,98.97,100.0,56.62,30,100,0.0
4969,56,2025-06-17T00:00:00Z,100.0,100.0,68.24,30,100,0.0
4970,56,2025-06-18T00:00:00Z,94.62,97.62,54.94,30,100,0.01
4971,56,2025-06-19T00:00:00Z,96.36,70.19,62.85,30,100,0.01
4972,56,2025-06-20T00:00:00Z,100.0,68.62,72.04,30,100,0.01
4973,56,2025-06-21T00:00:00Z,100.0,100.0,61.56,32,100,0.0
4974,56,2025-06-22T00:00:00Z,100.0,81.32,58.38,30,100,0.01
4975,56,2025-06-23T00:00:00Z,94.57,100.0,60.21,30,96,0.01
4976,56,2025-06-24T00:00:00Z,100.0,100.0,60.71,30,98,0.0
4977,56,2025-06-25T00:00:00Z,79.32,100.0,67.44,30,100,0.01
4978,56,2025-06-26T00:00:00Z,84.74,100.0,57.06,32,100,0.01
4979,56,2025-06-27T00:00:00Z,84.84,98.19,76.81,30,100,0.01
4980,56,2025-06-28T00:00:00Z,94.58,100.0,69.09,30,100,0.0
4981,56,2025-06-29T00:00:00Z,87.2,100.0,68.32,30,96,0.01
4982,56,2025-06-30T00:00:00Z,83.46,100.0,54.1,32,100,0.01
4983,56,2025-07-01T00:00:00Z,100.0,100.0,66.74,30,100,0.0
4984,56,2025-07-02T00:00:00Z,81.62,89.42,58.99,30,100,0.01
4985,56,2025-07-03T00:00:00Z,100.0,99.56,67.46,36,100,0.01
4986,56,2025-07-04T00:00:00Z,100.0,100.0,73.28,33,100,0.0
4987,56,2025-07-05T00:00:00Z,95.55,100.0,73.43,30,96,0.01
4988,56,2025-07-06T00:00:00Z,80.55,79.66,76.61,30,100,0.02
4989,56,2025-07-07T00:00:00Z,81.88,100.0,61.18,30,100,0.01
4990,56,2025-07-08T00:00:00Z,100.0,100.0,73.21,30,92,0.01
4991,56,2025-07-09T00:00:00Z,86.89,100.0,60.78,30,100,0.01
4992,56,2025-07-10T00:00:00Z,88.51,70.53,52.99,30,100,0.02
4993,56,2025-07-11T00:00:00Z,85.68,70.76,56.86,30,100,0.02
4994,56,2025-07-12T00:00:00Z,89.58,100.0,63.12,30,100,0.01
4995,56,2025-07-13T00:00:00Z,100.0,63.61,73.56,30,100,0.02
4996,56,2025-07-14T00:00:00Z,100.0,94.3,59.67,33,100,0.01
4997,56,2025-07-15T00:00:00Z,92.51,100.0,53.21,30,100,0.01
4998,56,2025-07-16T00:00:00Z,88.66,92.23,55.31,38,100,0.01
4999,56,2025-07-17T00:00:00Z,81.78,57.54,56.95,35,100,0.07
5000,56,2025-07-18T00:00:00Z,100.0,100.0,61.55,34,100,0.0
5001,56,2025-07-19T00:00:00Z,100.0,66.69,62.8,30,100,0.01
5002,56,2025-07-20T00:00:00Z,100.0,92.98,63.77,30,100,0.0
5003,56,2025-07-21T00:00:00Z,100.0,100.0,73.56,35,100,0.01
5004,56,2025-07-22T00:00:00Z,100.0,90.34,61.7,30,100,0.01
5005,56,2025-07-23T00:00:00Z,96.46,100.0,55.63,30,100,0.0
5006,56,2025-07-24T00:00:00Z,98.56,68.89,75.05,30,95,0.02
5007,56,2025-07-25T00:00:00Z,100.0,84.08,66.09,30,100,0.01
5008,56,2025-07-26T00:00:00Z,95.26,56.01,73.46,30,100,0.03
5009,56,2025-07-27T00:00:00Z,85.03,84.15,55.07,35,100,0.02
5010,56,2025-07-28T00:00:00Z,100.0,92.62,59.09,30,98,0.01
5011,56,2025-07-29T00:00:00Z,98.39,85.96,30.48,38,89,0.02
5012,56,2025-07-30T00:00:00Z,85.66,100.0,75.01,30,98,0.01
5013,56,2025-07-31T00:00:00Z,87.66,50.94,32.1,60,68,1.45
5014,56,2025-08-01T00:00:00Z,77.99,34.98,25.28,74,59,14.08
5015,56,2025-08-02T00:00:00Z,76.76,0.0,21.11,69,39,58.71
5016,56,2025-08-03T00:00:00Z,77.12,21.17,21.81,67,28,47.94
5017,56,2025-08-04T00:00:00Z,77.94,81.61,25.97,71,59,2.08
5018,56,2025-08-05T00:00:00Z,77.91,8.49,25.21,91,55,61.65
5019,56,2025-08-06T00:00:00Z,79.36,48.9,25.69,58,36,9.59
5020,56,2025-08-07T00:00:00Z,91.23,87.6,12.04,41,81,0.05
5021,56,2025-08-08T00:00:00Z,91.55,67.09,14.87,42,95,0.06
5022,56,2025-08-09T00:00:00Z,76.64,41.99,21.39,72,21,43.99
5023,56,2025-08-10T00:00:00Z,76.85,0.0,21.25,67,0,89.82
5024,56,2025-08-11T00:00:00Z,87.27,20.14,28.95,58,41,14.94
5025,56,2025-08-12T00:00:00Z,81.81,91.98,53.0,30,96,0.02
5026,56,2025-08-13T00:00:00Z,78.37,100.0,75.2,32,100,0.01
5027,56,2025-08-14T00:00:00Z,83.21,14.76,28.69,61,14,55.21
5028,56,2025-08-15T00:00:00Z,78.84,33.88,25.49,73,14,59.46
5029,56,2025-08-16T00:00:00Z,76.67,12.31,21.39,83,36,70.14
5030,56,2025-08-17T00:00:00Z,78.07,69.13,22.08,63,38,5.79
5031,56,2025-08-18T00:00:00Z,79.76,38.87,25.62,68,32,25.68
5032,56,2025-08-19T00:00:00Z,78.62,37.78,25.42,91,20,73.46
5033,56,2025-08-20T00:00:00Z,78.68,0.0,26.18,78,19,85.77
5034,56,2025-08-21T00:00:00Z,78.73,14.07,25.9,62,22,53.02
5035,56,2025-08-22T00:00:00Z,95.18,75.83,12.55,35,74,0.06
5036,56,2025-08-23T00:00:00Z,94.52,100.0,57.06,30,100,0.0
5037,56,2025-08-24T00:00:00Z,83.33,24.96,24.47,69,53,15.78
5038,56,2025-08-25T00:00:00Z,79.79,0.0,26.18,62,32,53.26
5039,56,2025-08-26T00:00:00Z,79.31,17.35,25.42,71,33,48.76
5040,56,2025-08-27T00:00:00Z,77.01,0.0,26.11,58,37,44.51
5041,57,2025-05-30T00:00:00Z,100.0,95.25,57.12,38,100,0.01
5042,57,2025-05-31T00:00:00Z,100.0,95.52,57.2,32,100,0.01
5043,57,2025-06-01T00:00:00Z,95.65,80.55,55.76,35,100,0.01
5044,57,2025-06-02T00:00:00Z,74.3,100.0,59.54,35,100,0.02
5045,57,2025-06-03T00:00:00Z,76.97,74.32,67.51,32,98,0.04
5046,57,2025-06-04T00:00:00Z,84.18,82.41,67.95,32,96,0.02
5047,57,2025-06-05T00:00:00Z,82.08,71.76,57.54,32,100,0.03
5048,57,2025-06-06T00:00:00Z,96.93,78.1,76.72,35,98,0.02
5049,57,2025-06-07T00:00:00Z,100.0,100.0,74.72,35,100,0.01
5050,57,2025-06-08T00:00:00Z,100.0,92.36,67.31,32,100,0.01
5051,57,2025-06-09T00:00:00Z,88.94,100.0,70.74,32,100,0.01
5052,57,2025-06-10T00:00:00Z,100.0,100.0,75.68,32,100,0.0
5053,57,2025-06-11T00:00:00Z,96.3,89.47,66.22,34,100,0.01
5054,57,2025-06-12T00:00:00Z,91.95,95.7,59.87,38,100,0.01
5055,57,2025-06-13T00:00:00Z,100.0,100.0,55.5,32,100,0.0
5056,57,2025-06-14T00:00:00Z,100.0,93.63,58.06,32,100,0.01
5057,57,2025-06-15T00:00:00Z,100.0,83.55,62.12,35,100,0.01
5058,57,2025-06-16T00:00:00Z,87.95,91.43,61.74,32,100,0.01
5059,57,2025-06-17T00:00:00Z,100.0,94.94,71.98,32,100,0.01
5060,57,2025-06-18T00:00:00Z,100.0,100.0,58.7,32,100,0.0
5061,57,2025-06-19T00:00:00Z,88.86,99.17,76.86,40,100,0.01
5062,57,2025-06-20T00:00:00Z,92.98,92.44,53.48,32,100,0.01
5063,57,2025-06-21T00:00:00Z,74.46,100.0,56.07,35,96,0.02
5064,57,2025-06-22T00:00:00Z,97.02,69.79,66.42,32,98,0.02
5065,57,2025-06-23T00:00:00Z,84.91,100.0,57.46,35,100,0.01
5066,57,2025-06-24T00:00:00Z,94.94,94.69,53.2,32,100,0.01
5067,57,2025-06-25T00:00:00Z,99.8,100.0,54.0,34,100,0.0
5068,57,2025-06-26T00:00:00Z,83.12,68.74,61.68,35,100,0.04
5069,57,2025-06-27T00:00:00Z,84.93,76.85,75.56,35,100,0.03
5070,57,2025-06-28T00:00:00Z,100.0,96.32,62.8,35,98,0.01
5071,57,2025-06-29T00:00:00Z,85.98,82.4,57.55,32,95,0.02
5072,57,2025-06-30T00:00:00Z,77.25,100.0,58.82,32,96,0.02
5073,57,2025-07-01T00:00:00Z,94.72,97.84,61.07,35,100,0.01
5074,57,2025-07-02T00:00:00Z,100.0,78.86,59.49,35,100,0.01
5075,57,2025-07-03T00:00:00Z,88.8,100.0,56.63,35,100,0.01
5076,57,2025-07-04T00:00:00Z,93.96,93.76,53.11,35,100,0.01
5077,57,2025-07-05T00:00:00Z,92.78,79.45,76.44,32,100,0.01
5078,57,2025-07-06T00:00:00Z,93.77,100.0,59.17,35,98,0.01
5079,57,2025-07-07T00:00:00Z,87.32,86.95,68.85,32,98,0.01
5080,57,2025-07-08T00:00:00Z,100.0,96.38,60.4,35,95,0.01
5081,57,2025-07-09T00:00:00Z,97.44,71.45,71.14,32,100,0.01
5082,57,2025-07-10T00:00:00Z,84.41,86.08,65.11,38,100,0.02
5083,57,2025-07-11T00:00:00Z,92.69,78.14,57.73,32,98,0.02
5084,57,2025-07-12T00:00:00Z,88.39,96.38,59.14,32,98,0.01
5085,57,2025-07-13T00:00:00Z,92.96,93.68,56.29,38,100,0.01
5086,57,2025-07-14T00:00:00Z,70.46,100.0,66.99,32,96,0.02
5087,57,2025-07-15T00:00:00Z,91.44,99.56,53.24,32,100,0.01
5088,57,2025-07-16T00:00:00Z,100.0,91.07,75.81,38,100,0.01
5089,57,2025-07-17T00:00:00Z,87.18,69.0,65.01,32,95,0.04
5090,57,2025-07-18T00:00:00Z,100.0,100.0,63.69,32,96,0.01
5091,57,2025-07-19T00:00:00Z,100.0,82.95,63.36,32,100,0.01
5092,57,2025-07-20T00:00:00Z,90.33,94.67,74.44,38,98,0.01
5093,57,2025-07-21T00:00:00Z,86.69,100.0,65.56,32,100,0.01
5094,57,2025-07-22T00:00:00Z,84.95,99.06,53.68,34,96,0.01
5095,57,2025-07-23T00:00:00Z,99.55,92.28,70.37,35,98,0.01
5096,57,2025-07-24T00:00:00Z,100.0,88.49,74.58,32,100,0.01
5097,57,2025-07-25T00:00:00Z,95.93,71.43,53.89,34,98,0.02
5098,57,2025-07-26T00:00:00Z,93.71,80.26,58.5,32,100,0.01
5099,57,2025-07-27T00:00:00Z,100.0,95.54,57.88,37,98,0.01
5100,57,2025-07-28T00:00:00Z,99.56,94.07,71.56,32,98,0.01
5101,57,2025-07-29T00:00:00Z,84.81,0.0,29.24,100,37,87.1
5102,57,2025-07-30T00:00:00Z,78.85,0.0,26.39,100,0,98.3
5103,57,2025-07-31T00:00:00Z,78.61,0.0,25.56,100,0,98.32
5104,57,2025-08-01T00:00:00Z,90.63,24.13,16.67,87,66,17.12
5105,57,2025-08-02T00:00:00Z,83.92,0.0,24.27,100,19,94.55
5106,57,2025-08-03T00:00:00Z,76.88,0.0,21.04,100,0,98.46
5107,57,2025-08-04T00:00:00Z,77.68,0.0,25.21,100,0,98.4
5108,57,2025-08-05T00:00:00Z,77.84,0.0,25.21,100,0,98.38
5109,57,2025-08-06T00:00:00Z,78.43,0.0,25.9,100,0,98.33
5110,57,2025-08-07T00:00:00Z,93.09,47.51,12.38,54,86,0.36
5111,57,2025-08-08T00:00:00Z,100.0,91.7,61.94,32,100,0.01
5112,57,2025-08-09T00:00:00Z,84.21,0.0,25.37,100,20,94.21
5113,57,2025-08-10T00:00:00Z,77.3,0.0,21.74,100,0,98.42
5114,57,2025-08-11T00:00:00Z,95.1,81.64,11.67,47,61,0.19
5115,57,2025-08-12T00:00:00Z,100.0,96.97,71.63,35,100,0.01
5116,57,2025-08-13T00:00:00Z,89.43,0.0,33.09,97,0,96.61
5117,57,2025-08-14T00:00:00Z,82.17,0.0,35.07,100,0,98.0
5118,57,2025-08-15T00:00:00Z,81.39,0.0,34.93,100,0,98.07
5119,57,2025-08-16T00:00:00Z,81.48,0.0,33.75,100,0,98.07
5120,57,2025-08-17T00:00:00Z,80.33,0.0,33.96,100,7,97.43
5121,57,2025-08-18T00:00:00Z,81.28,0.0,35.28,100,0,98.08
5122,57,2025-08-19T00:00:00Z,92.45,38.22,35.87,83,54,13.34
5123,57,2025-08-20T00:00:00Z,89.57,26.81,27.48,72,40,22.6
5124,57,2025-08-21T00:00:00Z,78.04,0.0,24.44,100,0,98.37
5125,57,2025-08-22T00:00:00Z,77.63,0.0,24.93,100,3,98.15
5126,57,2025-08-23T00:00:00Z,77.54,0.0,21.46,100,0,98.41
5127,57,2025-08-24T00:00:00Z,77.57,0.0,21.46,100,0,98.4
5128,57,2025-08-25T00:00:00Z,78.12,0.0,25.35,100,0,98.36
5129,57,2025-08-26T00:00:00Z,79.06,0.0,25.76,100,0,98.28
5130,57,2025-08-27T00:00:00Z,88.78,29.72,23.97,100,26,74.5
5131,58,2025-05-30T00:00:00Z,100.0,83.46,69.41,30,98,0.01
5132,58,2025-05-31T00:00:00Z,86.98,79.39,66.21,30,100,0.02
5133,58,2025-06-01T00:00:00Z,100.0,100.0,68.44,30,100,0.0
5134,58,2025-06-02T00:00:00Z,97.35,100.0,73.22,30,100,0.0
5135,58,2025-06-03T00:00:00Z,100.0,100.0,53.69,30,100,0.0
5136,58,2025-06-04T00:00:00Z,83.47,95.35,58.91,30,100,0.01
5137,58,2025-06-05T00:00:00Z,96.91,74.99,54.11,30,100,0.01
5138,58,2025-06-06T00:00:00Z,100.0,93.9,66.3,30,100,0.0
5139,58,2025-06-07T00:00:00Z,100.0,100.0,74.7,30,96,0.0
5140,58,2025-06-08T00:00:00Z,100.0,89.11,62.24,30,100,0.01
5141,58,2025-06-09T00:00:00Z,92.22,100.0,58.47,33,100,0.01
5142,58,2025-06-10T00:00:00Z,93.53,71.78,54.31,30,100,0.02
5143,58,2025-06-11T00:00:00Z,82.65,82.96,56.6,30,100,0.02
5144,58,2025-06-12T00:00:00Z,93.1,100.0,59.94,33,98,0.01
5145,58,2025-06-13T00:00:00Z,100.0,96.6,72.93,30,100,0.0
5146,58,2025-06-14T00:00:00Z,88.68,97.48,65.9,30,100,0.01
5147,58,2025-06-15T00:00:00Z,98.86,84.07,60.96,32,100,0.01
5148,58,2025-06-16T00:00:00Z,81.42,75.43,56.32,30,100,0.03
5149,58,2025-06-17T00:00:00Z,87.88,100.0,53.9,30,100,0.01
5150,58,2025-06-18T00:00:00Z,99.0,100.0,66.37,30,100,0.0
5151,58,2025-06-19T00:00:00Z,100.0,100.0,62.85,30,98,0.0
5152,58,2025-06-20T00:00:00Z,94.68,93.78,68.82,30,100,0.01
5153,58,2025-06-21T00:00:00Z,86.07,89.89,72.79,30,100,0.01
5154,58,2025-06-22T00:00:00Z,100.0,100.0,63.5,33,100,0.0
5155,58,2025-06-23T00:00:00Z,89.61,98.13,54.94,30,100,0.01
5156,58,2025-06-24T00:00:00Z,100.0,93.83,75.89,33,98,0.01
5157,58,2025-06-25T00:00:00Z,98.15,100.0,55.66,33,98,0.01
5158,58,2025-06-26T00:00:00Z,100.0,84.22,54.54,30,100,0.01
5159,58,2025-06-27T00:00:00Z,89.44,100.0,53.07,30,100,0.01
5160,58,2025-06-28T00:00:00Z,100.0,98.52,60.77,35,100,0.01
5161,58,2025-06-29T00:00:00Z,93.35,80.72,57.34,30,100,0.01
5162,58,2025-06-30T00:00:00Z,91.64,93.98,64.51,30,100,0.01
5163,58,2025-07-01T00:00:00Z,92.7,69.27,54.44,30,100,0.02
5164,58,2025-07-02T00:00:00Z,91.57,100.0,66.13,30,100,0.01
5165,58,2025-07-03T00:00:00Z,85.42,60.42,69.63,30,100,0.04
5166,58,2025-07-04T00:00:00Z,100.0,87.44,70.19,33,100,0.01
5167,58,2025-07-05T00:00:00Z,100.0,100.0,73.66,30,100,0.0
5168,58,2025-07-06T00:00:00Z,100.0,94.6,65.87,30,94,0.01
5169,58,2025-07-07T00:00:00Z,98.12,100.0,70.04,32,100,0.0
5170,58,2025-07-08T00:00:00Z,86.32,100.0,54.84,30,98,0.01
5171,58,2025-07-09T00:00:00Z,93.2,90.91,57.01,30,100,0.01
5172,58,2025-07-10T00:00:00Z,100.0,100.0,62.97,30,98,0.0
5173,58,2025-07-11T00:00:00Z,98.65,100.0,54.13,30,100,0.0
5174,58,2025-07-12T00:00:00Z,100.0,83.73,74.49,30,95,0.01
5175,58,2025-07-13T00:00:00Z,99.11,98.18,56.94,30,98,0.0
5176,58,2025-07-14T00:00:00Z,93.19,88.61,65.78,30,100,0.01
5177,58,2025-07-15T00:00:00Z,94.48,99.06,68.69,30,100,0.01
5178,58,2025-07-16T00:00:00Z,100.0,98.03,58.79,30,100,0.0
5179,58,2025-07-17T00:00:00Z,100.0,91.58,58.9,30,100,0.01
5180,58,2025-07-18T00:00:00Z,88.07,77.48,59.36,36,100,0.02
5181,58,2025-07-19T00:00:00Z,78.16,91.51,72.9,30,100,0.02
5182,58,2025-07-20T00:00:00Z,77.87,95.32,54.61,30,98,0.01
5183,58,2025-07-21T00:00:00Z,95.03,100.0,71.8,33,100,0.01
5184,58,2025-07-22T00:00:00Z,93.77,100.0,66.64,33,100,0.01
5185,58,2025-07-23T00:00:00Z,94.71,83.52,66.0,30,95,0.01
5186,58,2025-07-24T00:00:00Z,100.0,100.0,65.82,30,100,0.0
5187,58,2025-07-25T00:00:00Z,93.67,94.14,70.51,30,100,0.01
5188,58,2025-07-26T00:00:00Z,100.0,100.0,61.91,39,100,0.01
5189,58,2025-07-27T00:00:00Z,96.76,88.29,66.28,30,100,0.01
5190,58,2025-07-28T00:00:00Z,90.25,89.39,72.0,30,100,0.01
5191,58,2025-07-29T00:00:00Z,100.0,88.58,13.33,30,93,0.01
5192,58,2025-07-30T00:00:00Z,100.0,70.71,72.17,30,100,0.01
5193,58,2025-07-31T00:00:00Z,83.46,17.19,28.44,64,17,53.23
5194,58,2025-08-01T00:00:00Z,77.94,26.98,26.11,72,37,37.61
5195,58,2025-08-02T00:00:00Z,96.87,68.36,9.02,33,95,0.02
5196,58,2025-08-03T00:00:00Z,99.18,100.0,69.15,30,100,0.0
5197,58,2025-08-04T00:00:00Z,88.42,21.85,34.81,75,55,17.58
5198,58,2025-08-05T00:00:00Z,81.31,35.65,35.0,93,9,83.74
5199,58,2025-08-06T00:00:00Z,79.31,0.0,34.44,91,8,95.67
5200,58,2025-08-07T00:00:00Z,81.77,29.16,34.65,83,26,60.47
5201,58,2025-08-08T00:00:00Z,80.65,34.88,34.24,92,8,84.46
5202,58,2025-08-09T00:00:00Z,81.11,0.0,34.72,86,29,83.95
5203,58,2025-08-10T00:00:00Z,80.36,0.0,34.86,77,28,76.89
5204,58,2025-08-11T00:00:00Z,92.0,71.11,33.54,45,71,0.18
5205,58,2025-08-12T00:00:00Z,94.06,57.85,11.67,47,89,0.13
5206,58,2025-08-13T00:00:00Z,77.98,0.0,25.56,80,28,81.77
5207,58,2025-08-14T00:00:00Z,79.05,2.85,26.18,71,3,88.53
5208,58,2025-08-15T00:00:00Z,78.44,34.34,25.62,74,13,62.11
5209,58,2025-08-16T00:00:00Z,76.67,0.0,21.6,95,6,97.25
5210,58,2025-08-17T00:00:00Z,76.51,0.0,22.57,78,35,75.11
5211,58,2025-08-18T00:00:00Z,84.03,28.15,28.86,99,21,82.67
5212,58,2025-08-19T00:00:00Z,100.0,78.36,64.13,30,100,0.01
5213,58,2025-08-20T00:00:00Z,91.69,96.72,52.8,30,100,0.01
5214,58,2025-08-21T00:00:00Z,78.41,29.07,27.05,85,0,88.25
5215,58,2025-08-22T00:00:00Z,78.34,0.97,26.6,100,18,95.87
5216,58,2025-08-23T00:00:00Z,78.03,22.99,22.5,72,23,58.64
5217,58,2025-08-24T00:00:00Z,77.6,0.0,22.15,65,31,61.54
5218,58,2025-08-25T00:00:00Z,78.51,0.0,25.69,76,67,32.84
5219,58,2025-08-26T00:00:00Z,79.02,0.0,25.56,82,7,93.21
5220,58,2025-08-27T00:00:00Z,77.37,13.23,25.69,90,28,83.24
5221,59,2025-05-30T00:00:00Z,88.92,88.52,63.42,30,100,0.01
5222,59,2025-05-31T00:00:00Z,89.64,100.0,68.3,30,100,0.01
5223,59,2025-06-01T00:00:00Z,85.52,99.37,68.45,33,100,0.01
5224,59,2025-06-02T00:00:00Z,100.0,100.0,73.21,32,100,0.0
5225,59,2025-06-03T00:00:00Z,94.49,100.0,58.42,30,100,0.0
5226,59,2025-06-04T00:00:00Z,95.5,98.39,59.02,33,100,0.01
5227,59,2025-06-05T00:00:00Z,87.58,85.17,52.82,30,100,0.01
5228,59,2025-06-06T00:00:00Z,89.3,93.15,59.77,30,98,0.01
5229,59,2025-06-07T00:00:00Z,91.15,91.36,61.54,33,100,0.01
5230,59,2025-06-08T00:00:00Z,100.0,100.0,72.61,30,100,0.0
5231,59,2025-06-09T00:00:00Z,86.12,100.0,53.7,30,100,0.01
5232,59,2025-06-10T00:00:00Z,100.0,55.98,55.6,30,100,0.02
5233,59,2025-06-11T00:00:00Z,100.0,61.38,56.61,30,100,0.02
5234,59,2025-06-12T00:00:00Z,100.0,100.0,57.18,33,96,0.01
5235,59,2025-06-13T00:00:00Z,94.15,100.0,69.67,36,95,0.01
5236,59,2025-06-14T00:00:00Z,89.99,100.0,58.86,33,100,0.01
5237,59,2025-06-15T00:00:00Z,100.0,89.32,61.79,33,98,0.01
5238,59,2025-06-16T00:00:00Z,87.29,84.33,57.38,33,100,0.02
5239,59,2025-06-17T00:00:00Z,91.39,83.42,53.48,35,100,0.01
5240,59,2025-06-18T00:00:00Z,98.29,82.43,61.1,30,100,0.01
5241,59,2025-06-19T00:00:00Z,100.0,82.37,65.38,30,100,0.01
5242,59,2025-06-20T00:00:00Z,96.78,85.45,66.27,30,100,0.01
5243,59,2025-06-21T00:00:00Z,100.0,100.0,63.67,30,100,0.0
5244,59,2025-06-22T00:00:00Z,97.42,88.38,62.4,30,100,0.01
5245,59,2025-06-23T00:00:00Z,100.0,100.0,64.71,39,100,0.01
5246,59,2025-06-24T00:00:00Z,99.54,68.21,73.88,30,100,0.01
5247,59,2025-06-25T00:00:00Z,94.41,91.75,72.6,33,93,0.01
5248,59,2025-06-26T00:00:00Z,90.69,92.84,72.39,30,100,0.01
5249,59,2025-06-27T00:00:00Z,100.0,96.45,62.31,30,100,0.0
5250,59,2025-06-28T00:00:00Z,100.0,100.0,66.52,33,98,0.0
5251,59,2025-06-29T00:00:00Z,100.0,100.0,55.23,30,100,0.0
5252,59,2025-06-30T00:00:00Z,100.0,100.0,63.32,33,100,0.0
5253,59,2025-07-01T00:00:00Z,100.0,84.35,60.99,33,100,0.01
5254,59,2025-07-02T00:00:00Z,87.08,73.65,61.85,30,100,0.02
5255,59,2025-07-03T00:00:00Z,92.07,90.92,64.44,33,100,0.01
5256,59,2025-07-04T00:00:00Z,100.0,94.2,57.74,36,98,0.01
5257,59,2025-07-05T00:00:00Z,88.6,100.0,54.27,30,100,0.01
5258,59,2025-07-06T00:00:00Z,95.16,87.64,67.86,30,98,0.01
5259,59,2025-07-07T00:00:00Z,96.89,73.04,57.4,30,100,0.01
5260,59,2025-07-08T00:00:00Z,100.0,100.0,65.45,30,100,0.0
5261,59,2025-07-09T00:00:00Z,100.0,87.27,65.2,30,100,0.01
5262,59,2025-07-10T00:00:00Z,81.8,100.0,66.67,33,98,0.01
5263,59,2025-07-11T00:00:00Z,86.22,88.46,55.07,33,100,0.01
5264,59,2025-07-12T00:00:00Z,100.0,100.0,63.26,30,100,0.0
5265,59,2025-07-13T00:00:00Z,98.91,100.0,54.07,30,100,0.0
5266,59,2025-07-14T00:00:00Z,100.0,87.84,54.36,30,100,0.01
5267,59,2025-07-15T00:00:00Z,98.4,100.0,74.92,35,100,0.01
5268,59,2025-07-16T00:00:00Z,88.73,66.43,63.5,30,95,0.03
5269,59,2025-07-17T00:00:00Z,88.05,100.0,66.18,30,98,0.01
5270,59,2025-07-18T00:00:00Z,95.95,77.05,66.37,33,98,0.02
5271,59,2025-07-19T00:00:00Z,100.0,77.92,76.81,30,100,0.01
5272,59,2025-07-20T00:00:00Z,100.0,95.23,60.72,33,100,0.01
5273,59,2025-07-21T00:00:00Z,86.12,94.95,68.3,30,95,0.01
5274,59,2025-07-22T00:00:00Z,100.0,77.63,60.02,30,100,0.01
5275,59,2025-07-23T00:00:00Z,93.89,78.45,72.26,30,98,0.01
5276,59,2025-07-24T00:00:00Z,88.12,100.0,53.62,33,100,0.01
5277,59,2025-07-25T00:00:00Z,93.08,100.0,65.18,33,100,0.01
5278,59,2025-07-26T00:00:00Z,91.6,66.23,53.62,36,100,0.03
5279,59,2025-07-27T00:00:00Z,99.93,100.0,69.26,30,100,0.0
5280,59,2025-07-28T00:00:00Z,87.74,100.0,52.97,30,100,0.01
5281,59,2025-07-29T00:00:00Z,87.05,0.0,30.76,95,48,72.06
5282,59,2025-07-30T00:00:00Z,78.46,13.13,25.69,91,8,93.16
5283,59,2025-07-31T00:00:00Z,87.94,0.0,27.6,86,49,57.76
5284,59,2025-08-01T00:00:00Z,100.0,56.55,28.89,37,91,0.05
5285,59,2025-08-02T00:00:00Z,82.13,0.0,34.72,100,16,95.66
5286,59,2025-08-03T00:00:00Z,82.83,0.0,35.02,72,40,54.45
5287,59,2025-08-04T00:00:00Z,88.04,1.22,28.33,66,60,18.38
5288,59,2025-08-05T00:00:00Z,89.63,43.01,22.58,61,60,2.81
5289,59,2025-08-06T00:00:00Z,87.35,71.51,13.33,41,90,0.07
5290,59,2025-08-07T00:00:00Z,79.68,0.0,25.97,96,35,88.35
5291,59,2025-08-08T00:00:00Z,78.48,13.36,25.56,100,19,93.03
5292,59,2025-08-09T00:00:00Z,77.95,0.0,22.17,95,50,78.62
5293,59,2025-08-10T00:00:00Z,71.34,100.0,56.41,33,98,0.02
5294,59,2025-08-11T00:00:00Z,100.0,100.0,64.14,30,100,0.0
5295,59,2025-08-12T00:00:00Z,83.48,0.0,28.58,78,47,53.89
5296,59,2025-08-13T00:00:00Z,78.5,0.0,25.83,100,39,89.33
5297,59,2025-08-14T00:00:00Z,76.06,0.0,25.83,81,32,81.11
5298,59,2025-08-15T00:00:00Z,78.38,0.0,25.56,78,54,51.53
5299,59,2025-08-16T00:00:00Z,76.25,0.0,21.81,90,21,92.67
5300,59,2025-08-17T00:00:00Z,77.73,0.0,21.74,100,33,92.15
5301,59,2025-08-18T00:00:00Z,77.91,0.0,25.07,100,41,88.64
5302,59,2025-08-19T00:00:00Z,79.31,0.0,25.76,100,4,97.88
5303,59,2025-08-20T00:00:00Z,78.55,23.01,25.62,99,34,80.09
5304,59,2025-08-21T00:00:00Z,96.07,57.38,12.5,36,89,0.06
5305,59,2025-08-22T00:00:00Z,78.39,58.42,64.76,32,100,0.07
5306,59,2025-08-23T00:00:00Z,79.59,10.6,23.45,88,20,86.72
5307,59,2025-08-24T00:00:00Z,78.58,0.0,21.25,100,15,96.51
5308,59,2025-08-25T00:00:00Z,98.92,73.97,12.12,35,94,0.02
5309,59,2025-08-26T00:00:00Z,84.39,28.06,29.86,94,69,24.01
5310,59,2025-08-27T00:00:00Z,76.97,8.08,25.56,80,2,92.61
5311,60,2025-05-30T00:00:00Z,78.56,77.23,65.76,32,100,0.03
5312,60,2025-05-31T00:00:00Z,91.4,99.73,66.11,30,98,0.01
5313,60,2025-06-01T00:00:00Z,100.0,98.39,72.79,36,98,0.01
5314,60,2025-06-02T00:00:00Z,96.53,80.29,60.88,30,100,0.01
5315,60,2025-06-03T00:00:00Z,98.33,82.98,75.72,30,100,0.01
5316,60,2025-06-04T00:00:00Z,88.17,91.98,56.06,30,100,0.01
5317,60,2025-06-05T00:00:00Z,92.69,77.86,56.92,33,98,0.02
5318,60,2025-06-06T00:00:00Z,98.63,59.58,60.67,33,98,0.03
5319,60,2025-06-07T00:00:00Z,100.0,76.99,74.63,36,100,0.01
5320,60,2025-06-08T00:00:00Z,100.0,75.49,74.22,30,100,0.01
5321,60,2025-06-09T00:00:00Z,100.0,100.0,64.31,30,98,0.0
5322,60,2025-06-10T00:00:00Z,97.89,100.0,63.2,30,100,0.0
5323,60,2025-06-11T00:00:00Z,100.0,100.0,61.99,30,100,0.0
5324,60,2025-06-12T00:00:00Z,99.6,100.0,60.26,33,100,0.0
5325,60,2025-06-13T00:00:00Z,100.0,87.63,70.29,36,100,0.01
5326,60,2025-06-14T00:00:00Z,87.62,95.56,62.62,33,100,0.01
5327,60,2025-06-15T00:00:00Z,92.56,100.0,70.66,30,95,0.01
5328,60,2025-06-16T00:00:00Z,92.15,79.81,70.11,30,100,0.01
5329,60,2025-06-17T00:00:00Z,88.42,69.31,74.94,30,90,0.04
5330,60,2025-06-18T00:00:00Z,98.13,94.94,75.56,30,95,0.01
5331,60,2025-06-19T00:00:00Z,90.68,100.0,53.33,30,100,0.01
5332,60,2025-06-20T00:00:00Z,100.0,100.0,58.37,30,100,0.0
5333,60,2025-06-21T00:00:00Z,93.51,88.88,53.78,30,100,0.01
5334,60,2025-06-22T00:00:00Z,93.71,91.05,52.96,30,100,0.01
5335,60,2025-06-23T00:00:00Z,94.22,84.91,72.59,33,98,0.01
5336,60,2025-06-24T00:00:00Z,98.71,55.0,75.05,30,95,0.03
5337,60,2025-06-25T00:00:00Z,87.18,89.87,63.76,30,100,0.01
5338,60,2025-06-26T00:00:00Z,89.93,100.0,61.56,30,98,0.01
5339,60,2025-06-27T00:00:00Z,98.43,100.0,58.36,30,100,0.0
5340,60,2025-06-28T00:00:00Z,89.99,72.53,64.22,30,100,0.02
5341,60,2025-06-29T00:00:00Z,100.0,93.98,64.52,33,100,0.01
5342,60,2025-06-30T00:00:00Z,100.0,77.82,59.83,30,91,0.01
5343,60,2025-07-01T00:00:00Z,91.94,100.0,61.14,30,100,0.01
5344,60,2025-07-02T00:00:00Z,100.0,94.58,59.96,33,100,0.01
5345,60,2025-07-03T00:00:00Z,80.79,93.81,63.22,30,100,0.01
5346,60,2025-07-04T00:00:00Z,92.73,89.75,59.45,30,100,0.01
5347,60,2025-07-05T00:00:00Z,95.36,89.82,59.37,30,100,0.01
5348,60,2025-07-06T00:00:00Z,99.36,77.07,56.14,33,100,0.01
5349,60,2025-07-07T00:00:00Z,88.48,91.87,75.95,30,100,0.01
5350,60,2025-07-08T00:00:00Z,86.55,89.09,67.45,33,100,0.01
5351,60,2025-07-09T00:00:00Z,100.0,62.14,63.79,30,98,0.02
5352,60,2025-07-10T00:00:00Z,95.17,64.21,71.44,33,100,0.02
5353,60,2025-07-11T00:00:00Z,100.0,89.46,70.2,33,100,0.01
5354,60,2025-07-12T00:00:00Z,99.64,100.0,67.13,30,100,0.0
5355,60,2025-07-13T00:00:00Z,100.0,91.91,57.0,30,100,0.01
5356,60,2025-07-14T00:00:00Z,85.41,65.07,53.3,30,100,0.03
5357,60,2025-07-15T00:00:00Z,86.2,81.4,67.64,30,100,0.02
5358,60,2025-07-16T00:00:00Z,100.0,80.63,53.04,30,98,0.01
5359,60,2025-07-17T00:00:00Z,91.2,91.27,57.34,33,100,0.01
5360,60,2025-07-18T00:00:00Z,98.55,100.0,59.32,30,100,0.0
5361,60,2025-07-19T00:00:00Z,94.45,100.0,60.36,33,100,0.01
5362,60,2025-07-20T00:00:00Z,89.43,100.0,65.05,30,100,0.01
5363,60,2025-07-21T00:00:00Z,90.19,90.58,62.51,30,100,0.01
5364,60,2025-07-22T00:00:00Z,89.27,64.2,72.47,30,95,0.03
5365,60,2025-07-23T00:00:00Z,84.78,90.81,64.5,33,100,0.01
5366,60,2025-07-24T00:00:00Z,92.98,72.8,57.96,30,96,0.02
5367,60,2025-07-25T00:00:00Z,100.0,94.64,76.79,33,100,0.01
5368,60,2025-07-26T00:00:00Z,94.78,91.46,61.81,30,98,0.01
5369,60,2025-07-27T00:00:00Z,95.58,83.67,73.55,30,96,0.01
5370,60,2025-07-28T00:00:00Z,100.0,92.65,61.7,30,100,0.0
5371,60,2025-07-29T00:00:00Z,88.4,0.0,37.52,100,14,94.69
5372,60,2025-07-30T00:00:00Z,80.37,0.0,34.37,100,22,94.69
5373,60,2025-07-31T00:00:00Z,80.08,0.0,34.44,100,0,98.19
5374,60,2025-08-01T00:00:00Z,81.06,0.0,35.9,100,0,98.11
5375,60,2025-08-02T00:00:00Z,95.34,57.3,29.33,55,74,0.42
5376,60,2025-08-03T00:00:00Z,93.9,100.0,69.74,30,100,0.01
5377,60,2025-08-04T00:00:00Z,88.61,31.08,34.01,66,36,18.04
5378,60,2025-08-05T00:00:00Z,80.42,0.0,35.42,100,0,98.16
5379,60,2025-08-06T00:00:00Z,81.56,0.0,33.82,100,0,98.06
5380,60,2025-08-07T00:00:00Z,81.24,0.0,35.42,100,0,98.09
5381,60,2025-08-08T00:00:00Z,82.26,0.0,35.42,100,0,97.99
5382,60,2025-08-09T00:00:00Z,79.18,0.0,34.37,100,0,98.27
5383,60,2025-08-10T00:00:00Z,79.02,0.0,33.47,95,7,96.77
5384,60,2025-08-11T00:00:00Z,93.14,35.69,35.5,54,86,0.58
5385,60,2025-08-12T00:00:00Z,100.0,92.83,74.68,33,100,0.01
5386,60,2025-08-13T00:00:00Z,96.72,59.35,42.31,54,79,0.27
5387,60,2025-08-14T00:00:00Z,81.09,0.0,34.03,100,2,97.91
5388,60,2025-08-15T00:00:00Z,81.86,0.0,34.79,99,21,94.25
5389,60,2025-08-16T00:00:00Z,81.89,0.0,35.28,100,26,93.12
5390,60,2025-08-17T00:00:00Z,79.78,0.0,34.17,100,0,98.22
5391,60,2025-08-18T00:00:00Z,85.79,0.0,32.86,97,0,97.15
5392,60,2025-08-19T00:00:00Z,90.33,100.0,56.16,30,95,0.01
5393,60,2025-08-20T00:00:00Z,92.71,95.49,62.81,30,100,0.01
5394,60,2025-08-21T00:00:00Z,81.5,0.0,35.51,100,13,96.36
5395,60,2025-08-22T00:00:00Z,79.6,0.0,34.31,99,15,96.12
5396,60,2025-08-23T00:00:00Z,79.49,0.0,34.17,100,31,92.24
5397,60,2025-08-24T00:00:00Z,80.78,0.0,34.17,100,0,98.13
5398,60,2025-08-25T00:00:00Z,81.63,0.0,34.65,100,38,88.27
5399,60,2025-08-26T00:00:00Z,80.29,0.0,35.07,94,2,97.14
5400,60,2025-08-27T00:00:00Z,80.36,0.0,34.24,100,23,94.44
5401,61,2025-05-30T00:00:00Z,76.09,100.0,58.82,30,100,0.01
5402,61,2025-05-31T00:00:00Z,95.22,79.77,61.07,30,100,0.01
5403,61,2025-06-01T00:00:00Z,90.27,70.09,55.74,30,100,0.02
5404,61,2025-06-02T00:00:00Z,98.62,95.66,56.48,30,100,0.0
5405,61,2025-06-03T00:00:00Z,100.0,74.89,60.44,36,100,0.01
5406,61,2025-06-04T00:00:00Z,100.0,79.3,61.94,33,98,0.01
5407,61,2025-06-05T00:00:00Z,85.39,71.4,68.47,33,98,0.03
5408,61,2025-06-06T00:00:00Z,100.0,100.0,53.59,30,96,0.0
5409,61,2025-06-07T00:00:00Z,90.53,94.53,54.98,30,100,0.01
5410,61,2025-06-08T00:00:00Z,91.0,98.86,62.22,33,100,0.01
5411,61,2025-06-09T00:00:00Z,99.99,86.23,72.49,30,100,0.01
5412,61,2025-06-10T00:00:00Z,88.72,100.0,62.66,33,100,0.01
5413,61,2025-06-11T00:00:00Z,100.0,93.87,59.85,33,100,0.01
5414,61,2025-06-12T00:00:00Z,85.21,100.0,65.49,30,100,0.01
5415,61,2025-06-13T00:00:00Z,99.61,84.09,57.41,30,100,0.01
5416,61,2025-06-14T00:00:00Z,100.0,89.16,71.03,30,100,0.01
5417,61,2025-06-15T00:00:00Z,98.96,100.0,69.37,33,100,0.0
5418,61,2025-06-16T00:00:00Z,82.54,74.95,57.1,30,100,0.02
5419,61,2025-06-17T00:00:00Z,100.0,73.12,66.58,30,100,0.01
5420,61,2025-06-18T00:00:00Z,100.0,99.94,55.95,33,100,0.0
5421,61,2025-06-19T00:00:00Z,90.57,93.5,55.58,30,100,0.01
5422,61,2025-06-20T00:00:00Z,88.09,94.04,62.56,30,98,0.01
5423,61,2025-06-21T00:00:00Z,94.98,72.21,56.7,30,98,0.02
5424,61,2025-06-22T00:00:00Z,92.9,76.36,73.68,36,100,0.02
5425,61,2025-06-23T00:00:00Z,79.27,97.1,63.2,30,100,0.01
5426,61,2025-06-24T00:00:00Z,96.53,100.0,62.47,33,100,0.01
5427,61,2025-06-25T00:00:00Z,100.0,100.0,60.29,30,98,0.0
5428,61,2025-06-26T00:00:00Z,85.76,96.31,72.65,30,98,0.01
5429,61,2025-06-27T00:00:00Z,85.47,100.0,56.76,30,100,0.01
5430,61,2025-06-28T00:00:00Z,93.39,84.51,72.79,33,100,0.01
5431,61,2025-06-29T00:00:00Z,89.13,100.0,64.61,30,100,0.01
5432,61,2025-06-30T00:00:00Z,100.0,99.93,55.39,35,100,0.01
5433,61,2025-07-01T00:00:00Z,92.39,100.0,57.06,30,100,0.01
5434,61,2025-07-02T00:00:00Z,92.59,100.0,69.9,30,100,0.01
5435,61,2025-07-03T00:00:00Z,93.39,73.05,70.83,30,100,0.02
5436,61,2025-07-04T00:00:00Z,100.0,100.0,65.14,33,100,0.0
5437,61,2025-07-05T00:00:00Z,100.0,91.46,73.63,30,100,0.01
5438,61,2025-07-06T00:00:00Z,96.27,85.07,70.62,30,100,0.01
5439,61,2025-07-07T00:00:00Z,97.59,97.27,75.72,32,100,0.01
5440,61,2025-07-08T00:00:00Z,100.0,100.0,69.64,30,100,0.0
5441,61,2025-07-09T00:00:00Z,78.36,89.82,55.5,30,100,0.02
5442,61,2025-07-10T00:00:00Z,100.0,71.83,57.84,33,100,0.01
5443,61,2025-07-11T00:00:00Z,87.24,100.0,62.2,30,98,0.01
5444,61,2025-07-12T00:00:00Z,87.61,79.55,60.27,33,100,0.02
5445,61,2025-07-13T00:00:00Z,97.31,100.0,71.92,32,98,0.01
5446,61,2025-07-14T00:00:00Z,100.0,90.52,68.81,33,100,0.01
5447,61,2025-07-15T00:00:00Z,81.26,100.0,60.61,30,100,0.01
5448,61,2025-07-16T00:00:00Z,76.57,97.27,68.62,30,100,0.01
5449,61,2025-07-17T00:00:00Z,92.74,92.25,61.96,30,100,0.01
5450,61,2025-07-18T00:00:00Z,85.4,77.26,68.77,32,100,0.02
5451,61,2025-07-19T00:00:00Z,75.49,83.86,53.29,30,100,0.02
5452,61,2025-07-20T00:00:00Z,91.2,87.58,63.86,30,100,0.01
5453,61,2025-07-21T00:00:00Z,96.57,100.0,70.47,30,100,0.0
5454,61,2025-07-22T00:00:00Z,100.0,100.0,71.48,30,100,0.0
5455,61,2025-07-23T00:00:00Z,86.34,79.96,63.71,30,100,0.02
5456,61,2025-07-24T00:00:00Z,100.0,66.67,62.15,30,91,0.02
5457,61,2025-07-25T00:00:00Z,99.0,100.0,61.59,30,100,0.0
5458,61,2025-07-26T00:00:00Z,91.28,76.44,61.76,30,100,0.01
5459,61,2025-07-27T00:00:00Z,90.34,88.44,56.14,30,98,0.01
5460,61,2025-07-28T00:00:00Z,100.0,88.67,76.87,30,100,0.01
5461,61,2025-07-29T00:00:00Z,86.7,40.95,37.33,71,70,3.87
5462,61,2025-07-30T00:00:00Z,94.63,41.97,33.53,59,80,0.76
5463,61,2025-07-31T00:00:00Z,76.37,90.1,54.82,30,100,0.02
5464,61,2025-08-01T00:00:00Z,87.93,38.43,36.58,63,29,16.75
5465,61,2025-08-02T00:00:00Z,81.08,24.67,35.0,99,33,77.71
5466,61,2025-08-03T00:00:00Z,97.1,89.05,28.79,38,74,0.04
5467,61,2025-08-04T00:00:00Z,97.19,79.37,34.44,44,89,0.04
5468,61,2025-08-05T00:00:00Z,81.39,24.75,34.24,84,41,48.27
5469,61,2025-08-06T00:00:00Z,81.66,0.67,34.72,81,23,83.21
5470,61,2025-08-07T00:00:00Z,81.62,23.76,35.35,80,54,28.27
5471,61,2025-08-08T00:00:00Z,80.91,9.01,34.65,90,13,91.25
5472,61,2025-08-09T00:00:00Z,80.85,0.0,35.21,96,32,89.26
5473,61,2025-08-10T00:00:00Z,83.06,29.9,33.97,83,53,26.52
5474,61,2025-08-11T00:00:00Z,89.75,66.56,34.8,58,87,0.24
5475,61,2025-08-12T00:00:00Z,79.87,0.0,35.07,65,39,48.91
5476,61,2025-08-13T00:00:00Z,81.99,11.43,34.51,86,36,69.07
5477,61,2025-08-14T00:00:00Z,88.27,45.26,34.3,48,65,1.0
5478,61,2025-08-15T00:00:00Z,85.43,76.87,35.0,63,76,0.46
5479,61,2025-08-16T00:00:00Z,79.75,0.0,33.68,76,32,72.56
5480,61,2025-08-17T00:00:00Z,80.48,10.12,34.31,96,31,85.59
5481,61,2025-08-18T00:00:00Z,82.68,32.94,35.0,57,51,7.03
5482,61,2025-08-19T00:00:00Z,81.84,42.62,35.28,94,49,35.28
5483,61,2025-08-20T00:00:00Z,80.36,0.0,34.51,100,39,88.41
5484,61,2025-08-21T00:00:00Z,80.3,32.06,34.17,69,33,30.84
5485,61,2025-08-22T00:00:00Z,81.51,33.2,35.28,79,33,42.23
5486,61,2025-08-23T00:00:00Z,80.79,0.0,34.93,70,61,29.12
5487,61,2025-08-24T00:00:00Z,79.52,40.81,33.68,100,29,71.94
5488,61,2025-08-25T00:00:00Z,80.89,0.0,34.72,63,52,29.65
5489,61,2025-08-26T00:00:00Z,90.07,44.02,30.74,50,79,0.54
5490,61,2025-08-27T00:00:00Z,80.03,7.35,33.96,89,8,93.37
5491,62,2025-05-30T00:00:00Z,96.57,100.0,69.59,30,100,0.0
5492,62,2025-05-31T00:00:00Z,94.85,89.84,74.72,33,98,0.01
5493,62,2025-06-01T00:00:00Z,100.0,100.0,66.83,30,100,0.0
5494,62,2025-06-02T00:00:00Z,87.58,100.0,53.86,30,100,0.01
5495,62,2025-06-03T00:00:00Z,93.13,77.83,71.75,30,100,0.01
5496,62,2025-06-04T00:00:00Z,84.73,93.29,60.09,30,100,0.01
5497,62,2025-06-05T00:00:00Z,94.91,76.7,69.64,30,100,0.01
5498,62,2025-06-06T00:00:00Z,92.36,100.0,59.27,30,100,0.01
5499,62,2025-06-07T00:00:00Z,92.52,98.39,58.06,30,100,0.01
5500,62,2025-06-08T00:00:00Z,85.11,100.0,53.51,30,100,0.01
5501,62,2025-06-09T00:00:00Z,96.98,77.32,66.73,30,100,0.01
5502,62,2025-06-10T00:00:00Z,100.0,100.0,57.17,30,100,0.0
5503,62,2025-06-11T00:00:00Z,81.09,100.0,54.47,30,100,0.01
5504,62,2025-06-12T00:00:00Z,84.67,100.0,60.54,30,100,0.01
5505,62,2025-06-13T00:00:00Z,95.62,100.0,64.75,30,100,0.0
5506,62,2025-06-14T00:00:00Z,100.0,100.0,59.98,30,100,0.0
5507,62,2025-06-15T00:00:00Z,81.04,70.52,55.65,30,98,0.03
5508,62,2025-06-16T00:00:00Z,80.47,89.63,61.27,30,100,0.01
5509,62,2025-06-17T00:00:00Z,100.0,100.0,61.9,30,96,0.0
5510,62,2025-06-18T00:00:00Z,100.0,100.0,60.39,30,95,0.0
5511,62,2025-06-19T00:00:00Z,100.0,100.0,76.06,30,100,0.0
5512,62,2025-06-20T00:00:00Z,94.73,100.0,64.23,33,98,0.01
5513,62,2025-06-21T00:00:00Z,95.27,100.0,74.49,30,100,0.0
5514,62,2025-06-22T00:00:00Z,95.25,83.04,63.23,32,100,0.01
5515,62,2025-06-23T00:00:00Z,91.46,99.31,69.63,30,100,0.01
5516,62,2025-06-24T00:00:00Z,78.07,100.0,60.17,30,100,0.01
5517,62,2025-06-25T00:00:00Z,100.0,82.04,62.28,30,100,0.01
5518,62,2025-06-26T00:00:00Z,83.6,93.88,75.18,30,100,0.01
5519,62,2025-06-27T00:00:00Z,100.0,100.0,66.17,30,100,0.0
5520,62,2025-06-28T00:00:00Z,100.0,71.69,68.86,30,100,0.01
5521,62,2025-06-29T00:00:00Z,100.0,100.0,76.76,30,94,0.01
5522,62,2025-06-30T00:00:00Z,100.0,90.32,58.51,30,100,0.01
5523,62,2025-07-01T00:00:00Z,96.16,100.0,55.65,30,100,0.0
5524,62,2025-07-02T00:00:00Z,89.6,100.0,52.68,30,95,0.01
5525,62,2025-07-03T00:00:00Z,100.0,98.33,76.25,32,100,0.0
5526,62,2025-07-04T00:00:00Z,91.17,100.0,57.94,30,95,0.01
5527,62,2025-07-05T00:00:00Z,100.0,80.19,67.57,30,91,0.01
5528,62,2025-07-06T00:00:00Z,98.36,100.0,59.78,30,98,0.0
5529,62,2025-07-07T00:00:00Z,100.0,97.36,69.56,30,98,0.0
5530,62,2025-07-08T00:00:00Z,100.0,93.55,65.03,30,96,0.01
5531,62,2025-07-09T00:00:00Z,100.0,90.37,73.63,30,98,0.01
5532,62,2025-07-10T00:00:00Z,100.0,100.0,71.18,30,100,0.0
5533,62,2025-07-11T00:00:00Z,99.91,100.0,69.54,32,100,0.0
5534,62,2025-07-12T00:00:00Z,74.71,80.38,57.19,30,98,0.03
5535,62,2025-07-13T00:00:00Z,80.39,100.0,53.59,30,100,0.01
5536,62,2025-07-14T00:00:00Z,96.38,93.21,64.95,30,100,0.01
5537,62,2025-07-15T00:00:00Z,100.0,75.91,55.31,33,100,0.01
5538,62,2025-07-16T00:00:00Z,100.0,82.03,58.94,33,100,0.01
5539,62,2025-07-17T00:00:00Z,90.15,97.88,59.37,30,100,0.01
5540,62,2025-07-18T00:00:00Z,99.78,100.0,60.75,30,98,0.0
5541,62,2025-07-19T00:00:00Z,100.0,83.03,66.22,30,100,0.01
5542,62,2025-07-20T00:00:00Z,97.11,100.0,54.25,30,100,0.0
5543,62,2025-07-21T00:00:00Z,90.07,98.24,61.6,30,100,0.01
5544,62,2025-07-22T00:00:00Z,94.96,99.98,64.1,30,100,0.0
5545,62,2025-07-23T00:00:00Z,89.79,89.53,69.19,32,100,0.01
5546,62,2025-07-24T00:00:00Z,85.26,100.0,62.13,30,100,0.01
5547,62,2025-07-25T00:00:00Z,92.44,73.56,59.47,30,100,0.02
5548,62,2025-07-26T00:00:00Z,90.53,99.55,55.75,33,100,0.01
5549,62,2025-07-27T00:00:00Z,86.3,100.0,58.66,30,100,0.01
5550,62,2025-07-28T00:00:00Z,100.0,100.0,53.8,30,100,0.0
5551,62,2025-07-29T00:00:00Z,88.64,100.0,64.2,30,96,0.01
5552,62,2025-07-30T00:00:00Z,81.28,57.34,34.25,71,49,7.26
5553,62,2025-07-31T00:00:00Z,81.46,7.86,35.97,64,38,38.99
5554,62,2025-08-01T00:00:00Z,81.15,2.18,34.37,64,41,41.23
5555,62,2025-08-02T00:00:00Z,98.3,100.0,26.67,30,100,0.0
5556,62,2025-08-03T00:00:00Z,83.69,6.06,36.13,82,12,86.91
5557,62,2025-08-04T00:00:00Z,82.55,0.0,35.56,79,15,86.56
5558,62,2025-08-05T00:00:00Z,82.89,0.0,34.65,59,0,80.15
5559,62,2025-08-06T00:00:00Z,81.7,0.0,34.86,76,0,92.24
5560,62,2025-08-07T00:00:00Z,82.76,30.32,34.58,73,16,55.71
5561,62,2025-08-08T00:00:00Z,80.92,0.0,33.54,79,2,93.05
5562,62,2025-08-09T00:00:00Z,97.55,59.12,25.76,34,80,0.07
5563,62,2025-08-10T00:00:00Z,80.21,6.92,34.1,68,35,51.06
5564,62,2025-08-11T00:00:00Z,80.01,22.27,35.0,74,35,44.99
5565,62,2025-08-12T00:00:00Z,81.85,0.0,35.35,73,0,90.78
5566,62,2025-08-13T00:00:00Z,80.4,31.54,34.31,85,28,60.31
5567,62,2025-08-14T00:00:00Z,82.14,45.33,36.11,68,31,19.94
5568,62,2025-08-15T00:00:00Z,79.43,5.27,33.75,71,18,76.46
5569,62,2025-08-16T00:00:00Z,82.64,46.78,34.37,59,18,20.37
5570,62,2025-08-17T00:00:00Z,85.69,84.43,56.84,32,100,0.02
5571,62,2025-08-18T00:00:00Z,97.28,68.52,37.41,39,89,0.04
5572,62,2025-08-19T00:00:00Z,81.58,40.45,35.14,64,3,49.83
5573,62,2025-08-20T00:00:00Z,80.96,0.0,34.86,65,16,74.11
5574,62,2025-08-21T00:00:00Z,82.5,0.0,34.24,68,0,87.6
5575,62,2025-08-22T00:00:00Z,81.85,0.0,34.93,79,15,86.96
5576,62,2025-08-23T00:00:00Z,85.24,8.17,33.59,50,33,22.47
5577,62,2025-08-24T00:00:00Z,92.22,100.0,54.33,38,100,0.01
5578,62,2025-08-25T00:00:00Z,83.53,22.57,35.93,62,47,15.33
5579,62,2025-08-26T00:00:00Z,97.18,100.0,28.57,37,94,0.01
5580,62,2025-08-27T00:00:00Z,90.59,66.97,35.66,46,77,0.18
5581,63,2025-05-30T00:00:00Z,89.86,99.22,71.73,38,100,0.01
5582,63,2025-05-31T00:00:00Z,91.24,54.17,63.72,41,100,0.07
5583,63,2025-06-01T00:00:00Z,100.0,58.18,73.78,38,100,0.03
5584,63,2025-06-02T00:00:00Z,96.71,95.78,52.79,38,96,0.01
5585,63,2025-06-03T00:00:00Z,100.0,94.96,56.04,38,96,0.01
5586,63,2025-06-04T00:00:00Z,97.25,100.0,65.48,44,100,0.01
5587,63,2025-06-05T00:00:00Z,83.13,91.76,64.57,44,100,0.03
5588,63,2025-06-06T00:00:00Z,100.0,76.7,67.92,38,98,0.02
5589,63,2025-06-07T00:00:00Z,98.48,60.73,54.06,38,100,0.03
5590,63,2025-06-08T00:00:00Z,100.0,84.97,74.41,46,100,0.02
5591,63,2025-06-09T00:00:00Z,100.0,74.84,54.25,41,95,0.03
5592,63,2025-06-10T00:00:00Z,83.82,94.55,53.45,41,100,0.02
5593,63,2025-06-11T00:00:00Z,100.0,80.12,66.02,38,98,0.01
5594,63,2025-06-12T00:00:00Z,100.0,55.56,68.32,41,98,0.05
5595,63,2025-06-13T00:00:00Z,100.0,85.0,63.36,38,98,0.01
5596,63,2025-06-14T00:00:00Z,99.88,74.91,57.46,40,100,0.02
5597,63,2025-06-15T00:00:00Z,94.69,75.79,56.87,44,100,0.03
5598,63,2025-06-16T00:00:00Z,93.23,55.0,59.6,38,98,0.06
5599,63,2025-06-17T00:00:00Z,99.63,100.0,53.65,44,100,0.01
5600,63,2025-06-18T00:00:00Z,99.96,99.0,65.03,38,100,0.01
5601,63,2025-06-19T00:00:00Z,100.0,100.0,54.99,38,100,0.01
5602,63,2025-06-20T00:00:00Z,92.74,97.85,61.28,38,100,0.01
5603,63,2025-06-21T00:00:00Z,100.0,100.0,67.88,50,96,0.02
5604,63,2025-06-22T00:00:00Z,79.15,84.43,55.9,44,100,0.05
5605,63,2025-06-23T00:00:00Z,91.04,88.74,56.43,38,100,0.01
5606,63,2025-06-24T00:00:00Z,90.83,93.03,58.32,47,100,0.02
5607,63,2025-06-25T00:00:00Z,100.0,70.9,53.76,38,98,0.02
5608,63,2025-06-26T00:00:00Z,80.18,64.25,57.78,38,100,0.07
5609,63,2025-06-27T00:00:00Z,100.0,60.81,53.69,38,98,0.03
5610,63,2025-06-28T00:00:00Z,100.0,90.24,70.89,38,96,0.01
5611,63,2025-06-29T00:00:00Z,82.15,79.38,67.52,38,100,0.03
5612,63,2025-06-30T00:00:00Z,95.59,100.0,70.68,41,100,0.01
5613,63,2025-07-01T00:00:00Z,86.72,75.77,57.43,41,95,0.05
5614,63,2025-07-02T00:00:00Z,91.39,91.21,57.68,38,100,0.01
5615,63,2025-07-03T00:00:00Z,100.0,83.37,66.85,41,96,0.02
5616,63,2025-07-04T00:00:00Z,74.43,71.04,56.35,38,100,0.07
5617,63,2025-07-05T00:00:00Z,98.4,55.0,66.31,44,98,0.06
5618,63,2025-07-06T00:00:00Z,91.91,83.45,59.01,41,100,0.02
5619,63,2025-07-07T00:00:00Z,90.04,78.5,58.69,41,98,0.03
5620,63,2025-07-08T00:00:00Z,85.46,83.23,56.04,38,98,0.03
5621,63,2025-07-09T00:00:00Z,89.36,95.13,71.14,38,100,0.01
5622,63,2025-07-10T00:00:00Z,100.0,78.88,67.64,38,98,0.02
5623,63,2025-07-11T00:00:00Z,100.0,55.0,53.59,47,98,0.07
5624,63,2025-07-12T00:00:00Z,100.0,84.18,55.23,47,96,0.02
5625,63,2025-07-13T00:00:00Z,100.0,100.0,74.16,41,100,0.01
5626,63,2025-07-14T00:00:00Z,100.0,46.84,68.65,44,96,0.09
5627,63,2025-07-15T00:00:00Z,90.18,72.55,52.93,38,100,0.03
5628,63,2025-07-16T00:00:00Z,81.29,83.94,57.97,44,100,0.04
5629,63,2025-07-17T00:00:00Z,100.0,100.0,53.18,38,98,0.01
5630,63,2025-07-18T00:00:00Z,100.0,81.27,62.32,41,100,0.02
5631,63,2025-07-19T00:00:00Z,98.66,94.96,65.89,38,98,0.01
5632,63,2025-07-20T00:00:00Z,100.0,72.64,53.6,43,98,0.03
5633,63,2025-07-21T00:00:00Z,100.0,74.78,68.4,38,100,0.02
5634,63,2025-07-22T00:00:00Z,98.46,86.22,59.92,38,100,0.01
5635,63,2025-07-23T00:00:00Z,91.41,63.42,76.16,41,100,0.05
5636,63,2025-07-24T00:00:00Z,79.39,76.66,70.91,38,96,0.05
5637,63,2025-07-25T00:00:00Z,80.49,80.86,54.8,38,100,0.03
5638,63,2025-07-26T00:00:00Z,100.0,59.6,72.07,38,100,0.03
5639,63,2025-07-27T00:00:00Z,91.21,100.0,52.65,44,93,0.02
5640,63,2025-07-28T00:00:00Z,100.0,97.75,74.66,44,100,0.01
5641,63,2025-07-29T00:00:00Z,83.92,0.0,30.19,100,0,97.82
5642,63,2025-07-30T00:00:00Z,100.0,75.94,11.11,49,92,0.05
5643,63,2025-07-31T00:00:00Z,95.64,69.61,66.45,41,100,0.03
5644,63,2025-08-01T00:00:00Z,81.91,0.0,34.55,100,0,98.02
5645,63,2025-08-02T00:00:00Z,81.87,0.0,34.51,100,0,98.03
5646,63,2025-08-03T00:00:00Z,80.53,0.0,33.82,100,0,98.15
5647,63,2025-08-04T00:00:00Z,80.39,0.0,34.79,100,0,98.17
5648,63,2025-08-05T00:00:00Z,81.81,0.0,34.51,100,0,98.03
5649,63,2025-08-06T00:00:00Z,80.75,0.0,34.1,100,0,98.13
5650,63,2025-08-07T00:00:00Z,80.96,0.0,33.89,100,0,98.11
5651,63,2025-08-08T00:00:00Z,81.2,0.0,34.17,100,0,98.09
5652,63,2025-08-09T00:00:00Z,81.16,0.0,35.07,100,0,98.1
5653,63,2025-08-10T00:00:00Z,81.29,0.0,35.07,100,0,98.08
5654,63,2025-08-11T00:00:00Z,81.51,0.0,34.79,100,0,98.06
5655,63,2025-08-12T00:00:00Z,98.57,87.68,31.11,38,100,0.01
5656,63,2025-08-13T00:00:00Z,100.0,80.18,53.44,41,100,0.02
5657,63,2025-08-14T00:00:00Z,84.19,0.0,30.0,100,10,96.41
5658,63,2025-08-15T00:00:00Z,78.44,0.0,25.42,100,0,98.33
5659,63,2025-08-16T00:00:00Z,78.24,0.0,21.87,100,0,98.35
5660,63,2025-08-17T00:00:00Z,76.76,0.0,22.29,100,0,98.47
5661,63,2025-08-18T00:00:00Z,77.66,0.0,25.69,100,0,98.4
5662,63,2025-08-19T00:00:00Z,78.68,0.0,25.14,100,0,98.31
5663,63,2025-08-20T00:00:00Z,78.38,0.0,24.93,100,0,98.34
5664,63,2025-08-21T00:00:00Z,77.43,0.0,25.62,100,7,97.77
5665,63,2025-08-22T00:00:00Z,92.92,22.85,11.82,88,55,26.31
5666,63,2025-08-23T00:00:00Z,83.82,0.0,25.93,100,0,97.83
5667,63,2025-08-24T00:00:00Z,76.83,0.0,22.01,100,0,98.46
5668,63,2025-08-25T00:00:00Z,77.79,0.0,25.21,100,0,98.39
5669,63,2025-08-26T00:00:00Z,79.14,0.0,25.28,100,0,98.28
5670,63,2025-08-27T00:00:00Z,79.36,0.0,25.62,100,0,98.26
5671,64,2025-05-30T00:00:00Z,90.64,93.93,60.04,30,100,0.01
5672,64,2025-05-31T00:00:00Z,94.96,100.0,68.4,32,96,0.01
5673,64,2025-06-01T00:00:00Z,94.54,79.0,67.65,30,100,0.01
5674,64,2025-06-02T00:00:00Z,92.17,98.76,61.63,33,100,0.01
5675,64,2025-06-03T00:00:00Z,98.75,97.36,64.52,33,98,0.01
5676,64,2025-06-04T00:00:00Z,100.0,100.0,56.55,30,100,0.0
5677,64,2025-06-05T00:00:00Z,85.53,93.22,57.33,30,100,0.01
5678,64,2025-06-06T00:00:00Z,100.0,100.0,59.1,33,100,0.0
5679,64,2025-06-07T00:00:00Z,79.52,93.6,60.35,33,100,0.02
5680,64,2025-06-08T00:00:00Z,92.05,90.63,75.65,33,100,0.01
5681,64,2025-06-09T00:00:00Z,90.5,100.0,55.74,30,98,0.01
5682,64,2025-06-10T00:00:00Z,98.42,86.28,68.25,30,98,0.01
5683,64,2025-06-11T00:00:00Z,90.44,100.0,52.96,33,100,0.01
5684,64,2025-06-12T00:00:00Z,91.49,82.71,73.38,30,96,0.01
5685,64,2025-06-13T00:00:00Z,81.0,100.0,69.35,36,100,0.01
5686,64,2025-06-14T00:00:00Z,94.61,100.0,65.82,30,100,0.0
5687,64,2025-06-15T00:00:00Z,94.8,98.93,61.5,35,100,0.01
5688,64,2025-06-16T00:00:00Z,97.67,100.0,67.79,30,98,0.0
5689,64,2025-06-17T00:00:00Z,92.43,94.83,53.31,30,100,0.01
5690,64,2025-06-18T00:00:00Z,83.3,76.79,53.06,33,100,0.03
5691,64,2025-06-19T00:00:00Z,100.0,78.86,55.84,33,100,0.01
5692,64,2025-06-20T00:00:00Z,92.63,94.48,54.34,33,100,0.01
5693,64,2025-06-21T00:00:00Z,98.53,75.31,58.14,30,100,0.01
5694,64,2025-06-22T00:00:00Z,100.0,100.0,56.9,33,100,0.0
5695,64,2025-06-23T00:00:00Z,100.0,100.0,70.94,30,100,0.0
5696,64,2025-06-24T00:00:00Z,100.0,82.81,55.94,30,98,0.01
5697,64,2025-06-25T00:00:00Z,100.0,92.75,76.47,30,100,0.0
5698,64,2025-06-26T00:00:00Z,95.22,100.0,63.47,30,100,0.0
5699,64,2025-06-27T00:00:00Z,100.0,100.0,63.06,36,100,0.01
5700,64,2025-06-28T00:00:00Z,100.0,74.65,55.12,30,98,0.01
5701,64,2025-06-29T00:00:00Z,100.0,100.0,53.82,33,96,0.01
5702,64,2025-06-30T00:00:00Z,97.8,88.89,53.19,30,100,0.01
5703,64,2025-07-01T00:00:00Z,94.2,74.03,52.81,30,100,0.01
5704,64,2025-07-02T00:00:00Z,98.06,87.66,62.44,30,100,0.01
5705,64,2025-07-03T00:00:00Z,89.4,100.0,59.15,30,100,0.01
5706,64,2025-07-04T00:00:00Z,96.47,75.33,54.81,30,100,0.01
5707,64,2025-07-05T00:00:00Z,100.0,78.47,75.67,33,100,0.01
5708,64,2025-07-06T00:00:00Z,98.39,76.88,59.99,30,96,0.01
5709,64,2025-07-07T00:00:00Z,91.73,92.91,62.61,30,100,0.01
5710,64,2025-07-08T00:00:00Z,95.16,93.89,58.53,30,100,0.01
5711,64,2025-07-09T00:00:00Z,99.87,92.41,58.95,30,95,0.01
5712,64,2025-07-10T00:00:00Z,99.74,79.96,73.7,30,96,0.01
5713,64,2025-07-11T00:00:00Z,100.0,100.0,73.43,33,98,0.0
5714,64,2025-07-12T00:00:00Z,99.92,95.02,54.39,33,100,0.01
5715,64,2025-07-13T00:00:00Z,100.0,90.11,73.98,30,96,0.01
5716,64,2025-07-14T00:00:00Z,100.0,77.29,55.45,33,100,0.01
5717,64,2025-07-15T00:00:00Z,82.78,65.46,53.31,30,98,0.04
5718,64,2025-07-16T00:00:00Z,86.13,100.0,57.77,33,100,0.01
5719,64,2025-07-17T00:00:00Z,100.0,100.0,66.42,30,100,0.0
5720,64,2025-07-18T00:00:00Z,96.76,85.93,65.2,30,100,0.01
5721,64,2025-07-19T00:00:00Z,100.0,78.98,65.01,30,100,0.01
5722,64,2025-07-20T00:00:00Z,100.0,82.25,74.09,30,100,0.01
5723,64,2025-07-21T00:00:00Z,99.35,88.97,68.28,30,100,0.01
5724,64,2025-07-22T00:00:00Z,89.07,100.0,68.57,30,100,0.01
5725,64,2025-07-23T00:00:00Z,81.47,88.23,62.63,32,100,0.02
5726,64,2025-07-24T00:00:00Z,90.0,87.68,61.49,36,100,0.01
5727,64,2025-07-25T00:00:00Z,100.0,93.64,56.9,30,96,0.01
5728,64,2025-07-26T00:00:00Z,94.6,99.31,72.51,30,100,0.01
5729,64,2025-07-27T00:00:00Z,100.0,100.0,53.17,30,96,0.0
5730,64,2025-07-28T00:00:00Z,83.03,74.01,54.41,33,100,0.03
5731,64,2025-07-29T00:00:00Z,84.32,0.0,30.57,69,21,70.56
5732,64,2025-07-30T00:00:00Z,84.35,0.0,29.86,87,52,59.93
5733,64,2025-07-31T00:00:00Z,95.89,63.67,63.49,33,100,0.02
5734,64,2025-08-01T00:00:00Z,100.0,100.0,66.27,30,100,0.0
5735,64,2025-08-02T00:00:00Z,78.88,0.0,22.12,72,16,82.86
5736,64,2025-08-03T00:00:00Z,79.01,0.0,21.53,87,32,84.15
5737,64,2025-08-04T00:00:00Z,100.0,87.35,12.5,37,98,0.01
5738,64,2025-08-05T00:00:00Z,100.0,83.85,69.75,30,100,0.01
5739,64,2025-08-06T00:00:00Z,90.9,23.49,34.15,65,81,2.57
5740,64,2025-08-07T00:00:00Z,80.21,0.0,34.86,96,22,93.4
5741,64,2025-08-08T00:00:00Z,82.73,0.0,34.51,100,24,93.48
5742,64,2025-08-09T00:00:00Z,79.08,12.0,34.44,92,13,91.95
5743,64,2025-08-10T00:00:00Z,90.28,32.21,33.76,81,60,12.54
5744,64,2025-08-11T00:00:00Z,96.39,65.71,10.95,40,80,0.09
5745,64,2025-08-12T00:00:00Z,79.0,0.0,25.07,100,0,98.29
5746,64,2025-08-13T00:00:00Z,80.48,0.0,25.97,100,23,94.41
5747,64,2025-08-14T00:00:00Z,78.63,0.0,24.51,100,20,95.56
5748,64,2025-08-15T00:00:00Z,78.1,0.0,25.76,84,0,95.83
5749,64,2025-08-16T00:00:00Z,77.62,0.0,21.94,100,11,97.26
5750,64,2025-08-17T00:00:00Z,76.84,0.0,22.29,96,34,90.19
5751,64,2025-08-18T00:00:00Z,77.71,0.0,25.56,100,0,98.39
5752,64,2025-08-19T00:00:00Z,81.85,0.0,27.32,86,20,88.77
5753,64,2025-08-20T00:00:00Z,94.49,30.76,27.44,50,61,1.79
5754,64,2025-08-21T00:00:00Z,79.43,0.0,25.56,100,0,98.25
5755,64,2025-08-22T00:00:00Z,77.5,0.0,25.97,85,0,96.18
5756,64,2025-08-23T00:00:00Z,76.48,0.0,21.67,100,8,97.76
5757,64,2025-08-24T00:00:00Z,76.33,6.75,22.29,100,45,84.07
5758,64,2025-08-25T00:00:00Z,77.7,0.0,25.14,100,23,95.1
5759,64,2025-08-26T00:00:00Z,78.8,0.0,25.28,97,23,93.88
5760,64,2025-08-27T00:00:00Z,77.05,0.0,25.62,93,0,97.65
5761,65,2025-05-30T00:00:00Z,95.29,86.11,68.12,30,98,0.01
5762,65,2025-05-31T00:00:00Z,87.62,82.01,53.01,33,100,0.02
5763,65,2025-06-01T00:00:00Z,85.45,91.7,70.83,30,100,0.01
5764,65,2025-06-02T00:00:00Z,99.62,81.45,56.78,30,100,0.01
5765,65,2025-06-03T00:00:00Z,89.57,100.0,59.81,33,100,0.01
5766,65,2025-06-04T00:00:00Z,97.98,99.98,63.62,30,100,0.0
5767,65,2025-06-05T00:00:00Z,100.0,91.93,66.18,33,98,0.01
5768,65,2025-06-06T00:00:00Z,71.11,100.0,66.82,30,100,0.02
5769,65,2025-06-07T00:00:00Z,92.38,100.0,67.02,35,96,0.01
5770,65,2025-06-08T00:00:00Z,83.91,72.19,58.96,36,100,0.04
5771,65,2025-06-09T00:00:00Z,100.0,82.45,69.99,35,100,0.01
5772,65,2025-06-10T00:00:00Z,72.97,100.0,57.63,32,100,0.02
5773,65,2025-06-11T00:00:00Z,89.36,59.64,66.67,30,95,0.04
5774,65,2025-06-12T00:00:00Z,81.43,91.71,52.73,39,100,0.02
5775,65,2025-06-13T00:00:00Z,94.56,90.86,74.36,30,100,0.01
5776,65,2025-06-14T00:00:00Z,84.75,100.0,60.9,30,100,0.01
5777,65,2025-06-15T00:00:00Z,100.0,100.0,56.16,33,100,0.0
5778,65,2025-06-16T00:00:00Z,100.0,83.01,73.77,36,100,0.01
5779,65,2025-06-17T00:00:00Z,87.51,100.0,71.16,33,100,0.01
5780,65,2025-06-18T00:00:00Z,86.02,100.0,72.72,30,100,0.01
5781,65,2025-06-19T00:00:00Z,100.0,100.0,55.23,33,98,0.0
5782,65,2025-06-20T00:00:00Z,100.0,100.0,69.5,33,95,0.01
5783,65,2025-06-21T00:00:00Z,100.0,100.0,53.59,33,100,0.0
5784,65,2025-06-22T00:00:00Z,92.71,70.53,72.48,30,95,0.02
5785,65,2025-06-23T00:00:00Z,82.68,86.26,61.78,30,100,0.02
5786,65,2025-06-24T00:00:00Z,77.37,100.0,54.61,30,100,0.01
5787,65,2025-06-25T00:00:00Z,83.99,99.23,63.29,30,100,0.01
5788,65,2025-06-26T00:00:00Z,100.0,91.85,74.43,30,98,0.01
5789,65,2025-06-27T00:00:00Z,92.67,100.0,62.08,30,100,0.01
5790,65,2025-06-28T00:00:00Z,100.0,89.49,59.28,30,100,0.01
5791,65,2025-06-29T00:00:00Z,89.66,99.23,57.16,36,100,0.01
5792,65,2025-06-30T00:00:00Z,100.0,100.0,59.77,30,94,0.01
5793,65,2025-07-01T00:00:00Z,86.05,100.0,59.4,36,98,0.01
5794,65,2025-07-02T00:00:00Z,89.17,100.0,54.75,30,100,0.01
5795,65,2025-07-03T00:00:00Z,94.87,86.96,58.48,30,100,0.01
5796,65,2025-07-04T00:00:00Z,88.16,85.94,64.91,30,96,0.01
5797,65,2025-07-05T00:00:00Z,100.0,88.78,65.7,30,98,0.01
5798,65,2025-07-06T00:00:00Z,100.0,90.93,56.79,33,98,0.01
5799,65,2025-07-07T00:00:00Z,80.97,83.58,59.15,30,100,0.02
5800,65,2025-07-08T00:00:00Z,91.69,100.0,59.04,30,100,0.01
5801,65,2025-07-09T00:00:00Z,85.1,88.84,57.72,32,93,0.02
5802,65,2025-07-10T00:00:00Z,93.48,86.17,62.14,30,100,0.01
5803,65,2025-07-11T00:00:00Z,100.0,72.39,67.56,30,100,0.01
5804,65,2025-07-12T00:00:00Z,100.0,91.98,56.44,30,98,0.01
5805,65,2025-07-13T00:00:00Z,94.26,89.41,59.13,30,100,0.01
5806,65,2025-07-14T00:00:00Z,99.71,92.66,56.0,32,96,0.01
5807,65,2025-07-15T00:00:00Z,100.0,89.66,70.57,30,100,0.01
5808,65,2025-07-16T00:00:00Z,98.44,79.82,53.65,30,95,0.01
5809,65,2025-07-17T00:00:00Z,99.22,90.64,70.52,30,100,0.01
5810,65,2025-07-18T00:00:00Z,90.8,85.3,56.14,33,98,0.01
5811,65,2025-07-19T00:00:00Z,97.13,61.14,53.13,33,98,0.03
5812,65,2025-07-20T00:00:00Z,100.0,100.0,60.65,33,100,0.0
5813,65,2025-07-21T00:00:00Z,86.81,100.0,53.9,30,100,0.01
5814,65,2025-07-22T00:00:00Z,95.92,87.52,66.31,30,98,0.01
5815,65,2025-07-23T00:00:00Z,87.91,89.59,59.33,33,100,0.01
5816,65,2025-07-24T00:00:00Z,90.14,84.89,59.58,30,95,0.01
5817,65,2025-07-25T00:00:00Z,88.14,80.59,58.49,30,100,0.01
5818,65,2025-07-26T00:00:00Z,80.53,100.0,54.37,30,98,0.01
5819,65,2025-07-27T00:00:00Z,87.82,100.0,59.63,30,98,0.01
5820,65,2025-07-28T00:00:00Z,100.0,100.0,67.36,35,98,0.01
5821,65,2025-07-29T00:00:00Z,85.98,0.0,32.19,82,50,53.02
5822,65,2025-07-30T00:00:00Z,78.66,0.0,24.65,100,10,97.25
5823,65,2025-07-31T00:00:00Z,79.06,0.0,25.83,100,0,98.28
5824,65,2025-08-01T00:00:00Z,78.26,0.0,26.32,100,15,96.57
5825,65,2025-08-02T00:00:00Z,77.9,0.0,22.29,100,0,98.38
5826,65,2025-08-03T00:00:00Z,77.34,0.0,21.32,100,5,97.98
5827,65,2025-08-04T00:00:00Z,78.32,0.0,25.96,100,16,96.39
5828,65,2025-08-05T00:00:00Z,100.0,93.05,70.36,33,100,0.01
5829,65,2025-08-06T00:00:00Z,100.0,68.26,68.93,30,100,0.01
5830,65,2025-08-07T00:00:00Z,87.56,62.8,28.27,73,36,9.03
5831,65,2025-08-08T00:00:00Z,78.65,0.0,24.93,100,9,97.39
5832,65,2025-08-09T00:00:00Z,76.88,0.0,22.01,80,19,88.14
5833,65,2025-08-10T00:00:00Z,78.11,0.0,22.5,100,47,85.13
5834,65,2025-08-11T00:00:00Z,79.54,0.0,25.62,100,14,96.52
5835,65,2025-08-12T00:00:00Z,78.37,0.0,25.35,100,2,98.17
5836,65,2025-08-13T00:00:00Z,90.02,40.29,20.32,64,62,3.32
5837,65,2025-08-14T00:00:00Z,83.98,0.0,29.78,97,31,88.8
5838,65,2025-08-15T00:00:00Z,78.31,0.0,25.69,100,10,97.3
5839,65,2025-08-16T00:00:00Z,77.64,0.0,21.46,100,14,96.83
5840,65,2025-08-17T00:00:00Z,76.97,0.0,21.39,100,0,98.45
5841,65,2025-08-18T00:00:00Z,78.51,0.0,25.49,100,0,98.33
5842,65,2025-08-19T00:00:00Z,78.11,0.0,25.83,100,0,98.36
5843,65,2025-08-20T00:00:00Z,93.72,38.51,12.38,54,76,0.83
5844,65,2025-08-21T00:00:00Z,92.15,9.24,25.26,63,67,7.26
5845,65,2025-08-22T00:00:00Z,87.55,0.0,24.14,89,38,74.32
5846,65,2025-08-23T00:00:00Z,91.04,21.26,21.58,67,54,11.08
5847,65,2025-08-24T00:00:00Z,78.38,0.0,21.67,100,3,98.08
5848,65,2025-08-25T00:00:00Z,77.57,0.0,25.9,100,27,94.11
5849,65,2025-08-26T00:00:00Z,78.54,0.0,26.32,100,1,98.24
5850,65,2025-08-27T00:00:00Z,79.46,0.0,25.21,99,0,98.14
5851,66,2025-05-30T00:00:00Z,87.83,96.33,72.95,33,100,0.01
5852,66,2025-05-31T00:00:00Z,79.78,87.16,52.78,30,100,0.02
5853,66,2025-06-01T00:00:00Z,98.41,93.53,69.31,30,100,0.01
5854,66,2025-06-02T00:00:00Z,100.0,88.88,54.11,30,100,0.01
5855,66,2025-06-03T00:00:00Z,78.86,85.03,60.98,36,100,0.03
5856,66,2025-06-04T00:00:00Z,73.95,98.11,65.91,30,96,0.02
5857,66,2025-06-05T00:00:00Z,79.53,74.16,70.36,30,100,0.03
5858,66,2025-06-06T00:00:00Z,100.0,100.0,75.91,30,100,0.0
5859,66,2025-06-07T00:00:00Z,98.8,99.57,54.67,30,100,0.0
5860,66,2025-06-08T00:00:00Z,95.41,100.0,75.64,34,100,0.01
5861,66,2025-06-09T00:00:00Z,94.62,91.95,58.18,30,100,0.01
5862,66,2025-06-10T00:00:00Z,92.1,86.13,58.08,33,100,0.01
5863,66,2025-06-11T00:00:00Z,86.9,88.12,59.58,30,100,0.01
5864,66,2025-06-12T00:00:00Z,98.75,97.93,73.67,30,100,0.0
5865,66,2025-06-13T00:00:00Z,100.0,98.44,54.58,30,100,0.0
5866,66,2025-06-14T00:00:00Z,89.54,91.12,63.24,33,98,0.01
5867,66,2025-06-15T00:00:00Z,90.45,99.77,56.15,30,100,0.01
5868,66,2025-06-16T00:00:00Z,88.91,94.52,70.22,30,95,0.01
5869,66,2025-06-17T00:00:00Z,99.54,90.19,56.1,33,100,0.01
5870,66,2025-06-18T00:00:00Z,79.11,65.67,60.64,30,98,0.05
5871,66,2025-06-19T00:00:00Z,97.92,90.67,70.38,33,100,0.01
5872,66,2025-06-20T00:00:00Z,100.0,69.2,69.65,30,100,0.01
5873,66,2025-06-21T00:00:00Z,91.03,100.0,64.83,30,100,0.01
5874,66,2025-06-22T00:00:00Z,90.53,94.33,76.03,30,100,0.01
5875,66,2025-06-23T00:00:00Z,78.86,81.95,52.81,30,100,0.02
5876,66,2025-06-24T00:00:00Z,78.76,100.0,71.25,32,100,0.01
5877,66,2025-06-25T00:00:00Z,99.81,100.0,57.54,30,100,0.0
5878,66,2025-06-26T00:00:00Z,83.68,80.35,58.26,30,100,0.02
5879,66,2025-06-27T00:00:00Z,100.0,95.62,72.52,33,100,0.01
5880,66,2025-06-28T00:00:00Z,100.0,95.52,72.83,30,100,0.0
5881,66,2025-06-29T00:00:00Z,100.0,89.32,70.07,30,100,0.01
5882,66,2025-06-30T00:00:00Z,100.0,91.4,65.95,30,100,0.01
5883,66,2025-07-01T00:00:00Z,85.7,100.0,75.88,32,100,0.01
5884,66,2025-07-02T00:00:00Z,98.28,100.0,56.39,33,98,0.01
5885,66,2025-07-03T00:00:00Z,87.48,76.35,55.24,30,100,0.02
5886,66,2025-07-04T00:00:00Z,94.93,90.08,58.24,30,98,0.01
5887,66,2025-07-05T00:00:00Z,100.0,91.43,56.93,30,98,0.01
5888,66,2025-07-06T00:00:00Z,90.23,84.4,59.88,30,96,0.01
5889,66,2025-07-07T00:00:00Z,100.0,100.0,57.2,30,100,0.0
5890,66,2025-07-08T00:00:00Z,100.0,100.0,60.59,30,96,0.0
5891,66,2025-07-09T00:00:00Z,100.0,91.31,59.44,30,100,0.01
5892,66,2025-07-10T00:00:00Z,99.74,100.0,61.9,36,100,0.01
5893,66,2025-07-11T00:00:00Z,93.27,87.33,70.44,30,100,0.01
5894,66,2025-07-12T00:00:00Z,100.0,92.82,64.95,35,100,0.01
5895,66,2025-07-13T00:00:00Z,94.93,55.0,56.64,30,100,0.03
5896,66,2025-07-14T00:00:00Z,100.0,75.89,62.43,33,100,0.01
5897,66,2025-07-15T00:00:00Z,92.03,100.0,68.2,30,100,0.01
5898,66,2025-07-16T00:00:00Z,95.02,89.38,61.66,30,100,0.01
5899,66,2025-07-17T00:00:00Z,100.0,92.75,73.83,33,100,0.01
5900,66,2025-07-18T00:00:00Z,95.49,85.81,71.93,30,98,0.01
5901,66,2025-07-19T00:00:00Z,90.42,100.0,72.2,36,100,0.01
5902,66,2025-07-20T00:00:00Z,100.0,83.51,53.31,30,100,0.01
5903,66,2025-07-21T00:00:00Z,91.94,95.09,76.36,30,98,0.01
5904,66,2025-07-22T00:00:00Z,84.4,92.29,70.98,30,98,0.01
5905,66,2025-07-23T00:00:00Z,89.45,89.63,70.25,32,100,0.01
5906,66,2025-07-24T00:00:00Z,100.0,95.13,54.77,30,98,0.0
5907,66,2025-07-25T00:00:00Z,99.22,95.84,69.08,30,100,0.0
5908,66,2025-07-26T00:00:00Z,92.57,100.0,72.56,33,100,0.01
5909,66,2025-07-27T00:00:00Z,100.0,100.0,72.62,32,100,0.0
5910,66,2025-07-28T00:00:00Z,98.87,76.3,60.68,30,100,0.01
5911,66,2025-07-29T00:00:00Z,85.17,24.19,30.19,90,39,55.58
5912,66,2025-07-30T00:00:00Z,80.02,0.0,26.46,100,22,94.78
5913,66,2025-07-31T00:00:00Z,80.31,29.98,25.56,93,46,51.64
5914,66,2025-08-01T00:00:00Z,79.36,0.0,25.28,100,40,88.41
5915,66,2025-08-02T00:00:00Z,83.58,18.5,23.86,100,43,71.73
5916,66,2025-08-03T00:00:00Z,100.0,85.34,52.72,30,100,0.01
5917,66,2025-08-04T00:00:00Z,82.47,88.67,57.03,33,100,0.02
5918,66,2025-08-05T00:00:00Z,81.86,39.39,27.07,89,33,50.54
5919,66,2025-08-06T00:00:00Z,77.49,25.67,25.49,100,60,52.47
5920,66,2025-08-07T00:00:00Z,78.23,0.0,26.18,98,49,82.03
5921,66,2025-08-08T00:00:00Z,80.26,0.0,25.83,88,42,76.26
5922,66,2025-08-09T00:00:00Z,76.6,14.5,21.32,100,42,81.6
5923,66,2025-08-10T00:00:00Z,98.73,88.9,10.48,44,92,0.02
5924,66,2025-08-11T00:00:00Z,92.8,45.49,26.07,52,83,0.41
5925,66,2025-08-12T00:00:00Z,79.75,13.09,26.25,100,14,94.21
5926,66,2025-08-13T00:00:00Z,78.07,0.0,26.67,100,38,89.99
5927,66,2025-08-14T00:00:00Z,76.66,3.13,24.72,100,7,97.57
5928,66,2025-08-15T00:00:00Z,78.36,0.0,25.49,84,13,92.21
5929,66,2025-08-16T00:00:00Z,77.57,0.0,21.6,89,37,83.36
5930,66,2025-08-17T00:00:00Z,76.56,38.8,21.94,80,11,70.48
5931,66,2025-08-18T00:00:00Z,80.15,0.0,26.11,79,19,85.6
5932,66,2025-08-19T00:00:00Z,87.48,31.37,24.18,45,59,2.03
5933,66,2025-08-20T00:00:00Z,89.18,100.0,66.08,30,100,0.01
5934,66,2025-08-21T00:00:00Z,85.87,4.63,29.04,52,43,18.12
5935,66,2025-08-22T00:00:00Z,79.31,0.0,25.21,100,0,98.26
5936,66,2025-08-23T00:00:00Z,75.08,12.88,21.81,100,29,90.73
5937,66,2025-08-24T00:00:00Z,91.99,63.76,10.33,47,79,0.19
5938,66,2025-08-25T00:00:00Z,96.88,60.0,16.67,48,80,0.17
5939,66,2025-08-26T00:00:00Z,78.15,0.0,25.42,100,42,88.0
5940,66,2025-08-27T00:00:00Z,79.23,0.0,25.28,100,17,96.04
5941,67,2025-05-30T00:00:00Z,86.74,90.55,52.76,32,100,0.01
5942,67,2025-05-31T00:00:00Z,85.47,68.09,73.24,30,100,0.03
5943,67,2025-06-01T00:00:00Z,97.74,100.0,66.14,30,100,0.0
5944,67,2025-06-02T00:00:00Z,100.0,91.03,66.92,30,100,0.01
5945,67,2025-06-03T00:00:00Z,98.14,66.03,74.22,30,93,0.02
5946,67,2025-06-04T00:00:00Z,100.0,93.57,70.89,36,96,0.01
5947,67,2025-06-05T00:00:00Z,100.0,85.48,67.52,33,98,0.01
5948,67,2025-06-06T00:00:00Z,100.0,87.69,72.08,33,98,0.01
5949,67,2025-06-07T00:00:00Z,88.77,73.63,61.19,35,95,0.03
5950,67,2025-06-08T00:00:00Z,90.45,83.39,74.86,30,100,0.01
5951,67,2025-06-09T00:00:00Z,87.1,73.81,55.69,36,100,0.03
5952,67,2025-06-10T00:00:00Z,88.55,94.96,57.75,33,100,0.01
5953,67,2025-06-11T00:00:00Z,87.37,100.0,54.22,30,98,0.01
5954,67,2025-06-12T00:00:00Z,91.08,100.0,55.13,33,100,0.01
5955,67,2025-06-13T00:00:00Z,81.16,82.66,65.81,30,98,0.02
5956,67,2025-06-14T00:00:00Z,100.0,99.12,64.68,33,98,0.01
5957,67,2025-06-15T00:00:00Z,100.0,60.07,70.51,30,100,0.02
5958,67,2025-06-16T00:00:00Z,93.45,82.02,52.93,30,100,0.01
5959,67,2025-06-17T00:00:00Z,100.0,88.21,74.57,30,100,0.01
5960,67,2025-06-18T00:00:00Z,98.55,88.26,71.96,30,96,0.01
5961,67,2025-06-19T00:00:00Z,100.0,92.11,52.8,30,100,0.01
5962,67,2025-06-20T00:00:00Z,100.0,82.25,59.1,30,98,0.01
5963,67,2025-06-21T00:00:00Z,96.99,55.0,61.99,30,100,0.03
5964,67,2025-06-22T00:00:00Z,79.01,82.99,69.92,30,100,0.02
5965,67,2025-06-23T00:00:00Z,100.0,100.0,62.52,36,100,0.01
5966,67,2025-06-24T00:00:00Z,87.72,86.12,55.03,33,98,0.02
5967,67,2025-06-25T00:00:00Z,81.59,100.0,59.8,33,100,0.01
5968,67,2025-06-26T00:00:00Z,89.59,90.29,58.68,30,100,0.01
5969,67,2025-06-27T00:00:00Z,100.0,86.06,68.55,33,96,0.01
5970,67,2025-06-28T00:00:00Z,97.05,100.0,56.7,30,98,0.0
5971,67,2025-06-29T00:00:00Z,100.0,83.28,66.05,36,100,0.01
5972,67,2025-06-30T00:00:00Z,95.93,87.81,58.4,30,98,0.01
5973,67,2025-07-01T00:00:00Z,100.0,78.35,71.02,35,100,0.01
5974,67,2025-07-02T00:00:00Z,97.78,100.0,70.81,36,98,0.01
5975,67,2025-07-03T00:00:00Z,79.09,100.0,69.04,33,100,0.01
5976,67,2025-07-04T00:00:00Z,98.84,79.56,57.7,30,96,0.01
5977,67,2025-07-05T00:00:00Z,74.6,89.45,64.11,35,100,0.03
5978,67,2025-07-06T00:00:00Z,87.59,92.44,54.91,33,100,0.01
5979,67,2025-07-07T00:00:00Z,100.0,94.35,68.65,39,100,0.01
5980,67,2025-07-08T00:00:00Z,100.0,71.37,53.03,30,100,0.01
5981,67,2025-07-09T00:00:00Z,84.04,100.0,68.01,32,100,0.01
5982,67,2025-07-10T00:00:00Z,100.0,85.54,75.22,33,90,0.01
5983,67,2025-07-11T00:00:00Z,100.0,100.0,68.81,36,98,0.01
5984,67,2025-07-12T00:00:00Z,84.34,98.36,63.15,30,100,0.01
5985,67,2025-07-13T00:00:00Z,91.7,100.0,58.99,30,98,0.01
5986,67,2025-07-14T00:00:00Z,100.0,100.0,76.51,33,100,0.0
5987,67,2025-07-15T00:00:00Z,93.55,87.32,71.93,33,98,0.01
5988,67,2025-07-16T00:00:00Z,100.0,81.1,66.75,33,100,0.01
5989,67,2025-07-17T00:00:00Z,100.0,81.35,69.4,30,100,0.01
5990,67,2025-07-18T00:00:00Z,87.58,100.0,72.74,33,100,0.01
5991,67,2025-07-19T00:00:00Z,100.0,100.0,76.5,32,100,0.0
5992,67,2025-07-20T00:00:00Z,98.83,100.0,61.2,30,100,0.0
5993,67,2025-07-21T00:00:00Z,85.79,83.38,58.02,36,100,0.02
5994,67,2025-07-22T00:00:00Z,100.0,98.24,61.31,33,96,0.01
5995,67,2025-07-23T00:00:00Z,89.75,85.3,76.38,30,98,0.01
5996,67,2025-07-24T00:00:00Z,90.52,80.95,65.69,30,100,0.01
5997,67,2025-07-25T00:00:00Z,100.0,90.99,70.27,30,98,0.01
5998,67,2025-07-26T00:00:00Z,96.08,100.0,62.38,33,100,0.01
5999,67,2025-07-27T00:00:00Z,85.96,100.0,57.74,33,96,0.01
6000,67,2025-07-28T00:00:00Z,97.04,60.65,65.42,30,100,0.02
6001,67,2025-07-29T00:00:00Z,85.01,0.0,36.67,89,6,94.21
6002,67,2025-07-30T00:00:00Z,81.05,0.0,34.24,100,0,98.11
6003,67,2025-07-31T00:00:00Z,79.64,0.0,34.31,100,23,94.62
6004,67,2025-08-01T00:00:00Z,88.98,18.26,33.57,68,30,35.45
6005,67,2025-08-02T00:00:00Z,88.0,0.0,26.67,100,20,93.08
6006,67,2025-08-03T00:00:00Z,88.65,25.22,12.35,72,69,7.1
6007,67,2025-08-04T00:00:00Z,88.73,0.0,31.43,90,45,67.12
6008,67,2025-08-05T00:00:00Z,79.58,0.0,25.49,100,0,98.24
6009,67,2025-08-06T00:00:00Z,78.35,0.0,26.39,100,0,98.34
6010,67,2025-08-07T00:00:00Z,79.4,0.0,25.35,100,4,97.87
6011,67,2025-08-08T00:00:00Z,79.88,0.0,26.32,100,0,98.21
6012,67,2025-08-09T00:00:00Z,89.53,21.37,11.31,65,49,13.22
6013,67,2025-08-10T00:00:00Z,93.74,83.04,71.96,36,100,0.01
6014,67,2025-08-11T00:00:00Z,80.69,25.0,27.34,100,10,92.17
6015,67,2025-08-12T00:00:00Z,78.69,0.0,25.56,100,0,98.31
6016,67,2025-08-13T00:00:00Z,78.8,0.0,26.32,100,31,92.48
6017,67,2025-08-14T00:00:00Z,79.59,0.0,25.69,100,0,98.24
6018,67,2025-08-15T00:00:00Z,77.49,0.0,25.14,100,28,93.85
6019,67,2025-08-16T00:00:00Z,76.03,0.0,21.87,100,17,96.61
6020,67,2025-08-17T00:00:00Z,77.54,0.0,22.57,100,19,95.98
6021,67,2025-08-18T00:00:00Z,80.07,0.0,24.72,100,19,95.46
6022,67,2025-08-19T00:00:00Z,88.48,42.34,25.25,83,52,14.97
6023,67,2025-08-20T00:00:00Z,78.07,0.0,24.58,100,2,98.19
6024,67,2025-08-21T00:00:00Z,78.57,0.0,25.49,100,30,92.9
6025,67,2025-08-22T00:00:00Z,87.31,43.98,24.88,91,44,29.63
6026,67,2025-08-23T00:00:00Z,99.31,74.7,10.83,33,100,0.01
6027,67,2025-08-24T00:00:00Z,77.38,0.0,21.46,100,42,88.4
6028,67,2025-08-25T00:00:00Z,76.48,0.0,25.62,100,16,96.69
6029,67,2025-08-26T00:00:00Z,80.44,0.0,24.93,100,23,94.42
6030,67,2025-08-27T00:00:00Z,78.42,0.0,25.49,100,36,90.71
6031,68,2025-05-30T00:00:00Z,97.82,84.89,75.62,30,98,0.01
6032,68,2025-05-31T00:00:00Z,100.0,100.0,52.65,30,98,0.0
6033,68,2025-06-01T00:00:00Z,91.7,78.93,56.2,30,100,0.01
6034,68,2025-06-02T00:00:00Z,100.0,100.0,62.66,30,100,0.0
6035,68,2025-06-03T00:00:00Z,83.22,100.0,53.99,30,100,0.01
6036,68,2025-06-04T00:00:00Z,90.97,98.45,60.26,33,100,0.01
6037,68,2025-06-05T00:00:00Z,97.42,93.85,73.13,30,100,0.01
6038,68,2025-06-06T00:00:00Z,99.63,86.97,64.73,30,100,0.01
6039,68,2025-06-07T00:00:00Z,91.93,90.97,73.73,30,100,0.01
6040,68,2025-06-08T00:00:00Z,95.03,100.0,57.81,30,100,0.0
6041,68,2025-06-09T00:00:00Z,83.08,100.0,54.3,30,100,0.01
6042,68,2025-06-10T00:00:00Z,85.62,75.18,74.66,30,100,0.02
6043,68,2025-06-11T00:00:00Z,100.0,64.63,54.37,35,100,0.02
6044,68,2025-06-12T00:00:00Z,96.86,93.42,74.1,33,100,0.01
6045,68,2025-06-13T00:00:00Z,92.45,98.84,57.91,30,98,0.01
6046,68,2025-06-14T00:00:00Z,91.07,100.0,54.27,30,100,0.01
6047,68,2025-06-15T00:00:00Z,97.96,92.67,74.17,30,98,0.01
6048,68,2025-06-16T00:00:00Z,81.9,94.49,65.99,30,98,0.01
6049,68,2025-06-17T00:00:00Z,95.28,90.75,58.02,30,100,0.01
6050,68,2025-06-18T00:00:00Z,86.35,74.26,57.37,30,100,0.02
6051,68,2025-06-19T00:00:00Z,90.92,72.82,67.38,33,100,0.02
6052,68,2025-06-20T00:00:00Z,100.0,100.0,68.12,33,100,0.0
6053,68,2025-06-21T00:00:00Z,92.2,79.56,53.27,30,91,0.02
6054,68,2025-06-22T00:00:00Z,82.26,100.0,57.64,33,100,0.01
6055,68,2025-06-23T00:00:00Z,70.44,100.0,53.66,30,100,0.02
6056,68,2025-06-24T00:00:00Z,88.56,100.0,70.99,30,98,0.01
6057,68,2025-06-25T00:00:00Z,91.29,94.49,57.52,33,100,0.01
6058,68,2025-06-26T00:00:00Z,84.92,74.88,67.08,30,100,0.02
6059,68,2025-06-27T00:00:00Z,98.25,78.68,69.47,30,100,0.01
6060,68,2025-06-28T00:00:00Z,88.71,95.4,59.07,36,100,0.01
6061,68,2025-06-29T00:00:00Z,88.81,100.0,62.64,30,100,0.01
6062,68,2025-06-30T00:00:00Z,86.21,95.12,67.52,30,100,0.01
6063,68,2025-07-01T00:00:00Z,94.6,100.0,64.47,30,95,0.01
6064,68,2025-07-02T00:00:00Z,100.0,88.1,53.79,33,100,0.01
6065,68,2025-07-03T00:00:00Z,100.0,99.81,73.98,33,100,0.0
6066,68,2025-07-04T00:00:00Z,100.0,96.21,58.25,30,100,0.0
6067,68,2025-07-05T00:00:00Z,93.11,86.99,54.5,33,98,0.01
6068,68,2025-07-06T00:00:00Z,86.81,93.16,64.06,30,100,0.01
6069,68,2025-07-07T00:00:00Z,82.99,77.97,65.08,33,100,0.03
6070,68,2025-07-08T00:00:00Z,82.39,97.67,67.66,30,100,0.01
6071,68,2025-07-09T00:00:00Z,95.51,100.0,65.57,33,100,0.01
6072,68,2025-07-10T00:00:00Z,100.0,83.34,75.57,30,96,0.01
6073,68,2025-07-11T00:00:00Z,98.65,88.07,56.6,30,96,0.01
6074,68,2025-07-12T00:00:00Z,100.0,100.0,60.21,30,100,0.0
6075,68,2025-07-13T00:00:00Z,100.0,97.41,76.57,33,98,0.01
6076,68,2025-07-14T00:00:00Z,85.45,100.0,55.51,30,100,0.01
6077,68,2025-07-15T00:00:00Z,100.0,72.59,68.76,30,89,0.02
6078,68,2025-07-16T00:00:00Z,100.0,100.0,74.62,33,100,0.0
6079,68,2025-07-17T00:00:00Z,96.28,100.0,69.82,30,98,0.0
6080,68,2025-07-18T00:00:00Z,100.0,85.58,62.2,33,100,0.01
6081,68,2025-07-19T00:00:00Z,94.39,78.83,65.71,33,98,0.02
6082,68,2025-07-20T00:00:00Z,81.72,85.13,65.54,30,100,0.02
6083,68,2025-07-21T00:00:00Z,82.01,100.0,69.59,30,98,0.01
6084,68,2025-07-22T00:00:00Z,94.37,100.0,71.59,30,100,0.0
6085,68,2025-07-23T00:00:00Z,91.3,84.42,63.86,30,100,0.01
6086,68,2025-07-24T00:00:00Z,92.97,92.79,52.8,30,100,0.01
6087,68,2025-07-25T00:00:00Z,95.1,100.0,74.83,36,100,0.01
6088,68,2025-07-26T00:00:00Z,100.0,100.0,57.51,30,100,0.0
6089,68,2025-07-27T00:00:00Z,96.1,81.67,73.09,33,100,0.01
6090,68,2025-07-28T00:00:00Z,100.0,73.32,54.1,30,100,0.01
6091,68,2025-07-29T00:00:00Z,85.53,5.87,37.62,70,41,41.07
6092,68,2025-07-30T00:00:00Z,80.54,0.0,34.31,100,19,95.36
6093,68,2025-07-31T00:00:00Z,83.62,0.0,34.72,98,0,97.58
6094,68,2025-08-01T00:00:00Z,80.17,0.0,34.79,100,34,90.82
6095,68,2025-08-02T00:00:00Z,85.34,21.62,32.84,67,47,18.82
6096,68,2025-08-03T00:00:00Z,77.76,100.0,60.04,30,95,0.01
6097,68,2025-08-04T00:00:00Z,95.89,75.47,16.67,50,75,0.14
6098,68,2025-08-05T00:00:00Z,85.09,5.23,28.14,95,54,63.09
6099,68,2025-08-06T00:00:00Z,89.71,26.77,27.1,70,42,18.9
6100,68,2025-08-07T00:00:00Z,79.37,0.0,25.21,100,15,96.38
6101,68,2025-08-08T00:00:00Z,78.09,0.0,25.07,100,14,96.76
6102,68,2025-08-09T00:00:00Z,77.01,17.54,21.25,100,0,96.92
6103,68,2025-08-10T00:00:00Z,77.1,0.0,21.67,94,24,92.99
6104,68,2025-08-11T00:00:00Z,87.7,9.03,23.73,77,60,24.49
6105,68,2025-08-12T00:00:00Z,96.06,93.78,67.11,30,100,0.01
6106,68,2025-08-13T00:00:00Z,89.74,39.33,35.56,63,67,2.58
6107,68,2025-08-14T00:00:00Z,94.35,36.72,36.44,53,46,3.54
6108,68,2025-08-15T00:00:00Z,90.14,100.0,55.02,30,100,0.01
6109,68,2025-08-16T00:00:00Z,95.76,79.25,42.03,43,72,0.09
6110,68,2025-08-17T00:00:00Z,84.66,10.4,32.69,71,21,63.67
6111,68,2025-08-18T00:00:00Z,100.0,98.84,73.77,30,98,0.0
6112,68,2025-08-19T00:00:00Z,95.6,21.21,41.87,53,83,1.0
6113,68,2025-08-20T00:00:00Z,82.43,0.0,34.65,89,0,96.15
6114,68,2025-08-21T00:00:00Z,82.64,0.0,34.79,100,0,97.95
6115,68,2025-08-22T00:00:00Z,82.93,1.48,34.03,100,0,97.8
6116,68,2025-08-23T00:00:00Z,79.82,0.0,34.24,83,13,91.21
6117,68,2025-08-24T00:00:00Z,83.98,0.0,35.0,90,7,94.54
6118,68,2025-08-25T00:00:00Z,80.12,0.0,34.65,100,0,98.19
6119,68,2025-08-26T00:00:00Z,83.89,0.0,32.58,100,15,95.5
6120,68,2025-08-27T00:00:00Z,92.49,89.0,71.2,30,100,0.01
6121,69,2025-05-30T00:00:00Z,85.89,93.73,56.52,30,100,0.01
6122,69,2025-05-31T00:00:00Z,80.6,84.27,54.75,32,96,0.03
6123,69,2025-06-01T00:00:00Z,98.52,80.57,65.58,33,100,0.01
6124,69,2025-06-02T00:00:00Z,96.8,74.69,61.6,30,100,0.01
6125,69,2025-06-03T00:00:00Z,95.1,80.28,66.59,30,100,0.01
6126,69,2025-06-04T00:00:00Z,86.39,93.45,62.55,30,100,0.01
6127,69,2025-06-05T00:00:00Z,100.0,100.0,68.4,30,96,0.0
6128,69,2025-06-06T00:00:00Z,85.88,88.0,56.41,30,98,0.01
6129,69,2025-06-07T00:00:00Z,99.95,84.93,63.9,33,91,0.01
6130,69,2025-06-08T00:00:00Z,87.05,90.52,53.26,30,100,0.01
6131,69,2025-06-09T00:00:00Z,99.51,89.99,53.43,33,100,0.01
6132,69,2025-06-10T00:00:00Z,93.8,100.0,54.98,30,100,0.01
6133,69,2025-06-11T00:00:00Z,100.0,93.29,75.13,30,98,0.01
6134,69,2025-06-12T00:00:00Z,92.95,100.0,69.91,30,100,0.01
6135,69,2025-06-13T00:00:00Z,100.0,100.0,56.92,30,100,0.0
6136,69,2025-06-14T00:00:00Z,67.34,90.06,64.44,30,100,0.03
6137,69,2025-06-15T00:00:00Z,94.1,81.83,62.76,32,100,0.01
6138,69,2025-06-16T00:00:00Z,100.0,100.0,69.51,32,100,0.0
6139,69,2025-06-17T00:00:00Z,98.51,100.0,76.82,33,100,0.0
6140,69,2025-06-18T00:00:00Z,94.77,94.97,54.43,30,100,0.01
6141,69,2025-06-19T00:00:00Z,87.81,93.26,55.6,30,100,0.01
6142,69,2025-06-20T00:00:00Z,99.0,96.37,64.82,30,100,0.0
6143,69,2025-06-21T00:00:00Z,88.7,100.0,65.22,33,100,0.01
6144,69,2025-06-22T00:00:00Z,93.31,100.0,52.63,33,100,0.01
6145,69,2025-06-23T00:00:00Z,98.0,98.45,60.54,30,100,0.0
6146,69,2025-06-24T00:00:00Z,97.56,91.72,56.96,30,100,0.01
6147,69,2025-06-25T00:00:00Z,85.88,97.87,61.08,33,100,0.01
6148,69,2025-06-26T00:00:00Z,81.94,97.99,63.0,30,100,0.01
6149,69,2025-06-27T00:00:00Z,100.0,100.0,55.12,30,95,0.0
6150,69,2025-06-28T00:00:00Z,87.5,100.0,75.46,33,100,0.01
6151,69,2025-06-29T00:00:00Z,85.09,100.0,57.74,30,88,0.01
6152,69,2025-06-30T00:00:00Z,100.0,86.25,68.72,33,100,0.01
6153,69,2025-07-01T00:00:00Z,91.33,100.0,68.25,32,100,0.01
6154,69,2025-07-02T00:00:00Z,100.0,74.29,62.47,30,100,0.01
6155,69,2025-07-03T00:00:00Z,87.9,69.92,56.92,33,96,0.03
6156,69,2025-07-04T00:00:00Z,82.49,100.0,55.39,33,100,0.01
6157,69,2025-07-05T00:00:00Z,86.99,87.23,53.68,30,100,0.01
6158,69,2025-07-06T00:00:00Z,80.2,87.4,64.18,30,100,0.02
6159,69,2025-07-07T00:00:00Z,100.0,100.0,65.71,33,100,0.0
6160,69,2025-07-08T00:00:00Z,86.52,87.17,71.93,30,96,0.01
6161,69,2025-07-09T00:00:00Z,91.54,100.0,57.7,30,100,0.01
6162,69,2025-07-10T00:00:00Z,100.0,61.1,60.79,30,100,0.02
6163,69,2025-07-11T00:00:00Z,100.0,100.0,57.5,33,98,0.0
6164,69,2025-07-12T00:00:00Z,94.68,100.0,64.1,30,100,0.0
6165,69,2025-07-13T00:00:00Z,91.79,93.57,61.85,30,100,0.01
6166,69,2025-07-14T00:00:00Z,96.57,98.17,76.6,30,100,0.0
6167,69,2025-07-15T00:00:00Z,93.83,100.0,73.78,30,100,0.01
6168,69,2025-07-16T00:00:00Z,96.27,89.56,67.28,33,100,0.01
6169,69,2025-07-17T00:00:00Z,82.48,100.0,53.34,30,98,0.01
6170,69,2025-07-18T00:00:00Z,97.08,100.0,68.82,30,95,0.01
6171,69,2025-07-19T00:00:00Z,95.52,100.0,55.7,30,100,0.0
6172,69,2025-07-20T00:00:00Z,85.23,100.0,55.41,30,100,0.01
6173,69,2025-07-21T00:00:00Z,100.0,100.0,62.12,30,100,0.0
6174,69,2025-07-22T00:00:00Z,88.01,91.3,61.69,30,100,0.01
6175,69,2025-07-23T00:00:00Z,100.0,95.74,56.01,30,100,0.0
6176,69,2025-07-24T00:00:00Z,99.62,77.18,53.45,30,100,0.01
6177,69,2025-07-25T00:00:00Z,100.0,100.0,72.28,30,100,0.0
6178,69,2025-07-26T00:00:00Z,98.67,89.66,55.97,30,100,0.01
6179,69,2025-07-27T00:00:00Z,100.0,100.0,63.05,33,100,0.0
6180,69,2025-07-28T00:00:00Z,99.2,67.27,72.62,30,100,0.01
6181,69,2025-07-29T00:00:00Z,87.1,38.43,37.62,81,38,28.25
6182,69,2025-07-30T00:00:00Z,84.48,30.7,32.79,73,58,12.22
6183,69,2025-07-31T00:00:00Z,85.8,96.67,59.49,32,100,0.01
6184,69,2025-08-01T00:00:00Z,80.0,5.93,35.94,88,22,87.47
6185,69,2025-08-02T00:00:00Z,83.59,20.73,35.56,96,6,92.06
6186,69,2025-08-03T00:00:00Z,81.1,0.0,34.72,94,30,88.94
6187,69,2025-08-04T00:00:00Z,81.18,0.0,34.58,96,6,96.77
6188,69,2025-08-05T00:00:00Z,78.27,0.0,33.54,77,7,91.34
6189,69,2025-08-06T00:00:00Z,79.14,10.5,33.82,100,0,97.4
6190,69,2025-08-07T00:00:00Z,82.5,9.32,35.49,100,0,97.08
6191,69,2025-08-08T00:00:00Z,81.61,0.0,33.89,78,12,88.08
6192,69,2025-08-09T00:00:00Z,80.35,0.0,34.31,100,10,97.02
6193,69,2025-08-10T00:00:00Z,95.99,84.31,29.63,36,95,0.02
6194,69,2025-08-11T00:00:00Z,88.05,0.0,32.72,54,62,9.43
6195,69,2025-08-12T00:00:00Z,80.82,0.0,33.19,76,2,91.83
6196,69,2025-08-13T00:00:00Z,82.86,0.0,35.69,73,18,79.2
6197,69,2025-08-14T00:00:00Z,81.48,30.99,35.49,78,39,35.82
6198,69,2025-08-15T00:00:00Z,79.42,1.53,34.24,85,42,72.47
6199,69,2025-08-16T00:00:00Z,90.23,51.24,36.98,38,65,0.39
6200,69,2025-08-17T00:00:00Z,96.83,100.0,56.75,33,98,0.01
6201,69,2025-08-18T00:00:00Z,81.65,28.17,26.07,100,32,76.69
6202,69,2025-08-19T00:00:00Z,77.67,12.0,25.49,79,19,80.64
6203,69,2025-08-20T00:00:00Z,77.37,0.0,25.76,99,12,96.99
6204,69,2025-08-21T00:00:00Z,97.04,99.16,13.33,33,85,0.01
6205,69,2025-08-22T00:00:00Z,84.84,26.59,38.55,80,47,29.82
6206,69,2025-08-23T00:00:00Z,80.42,20.81,35.56,90,0,92.73
6207,69,2025-08-24T00:00:00Z,99.13,48.78,29.14,36,57,0.37
6208,69,2025-08-25T00:00:00Z,84.6,0.0,36.05,93,34,83.89
6209,69,2025-08-26T00:00:00Z,80.68,0.0,34.79,88,10,93.97
6210,69,2025-08-27T00:00:00Z,82.01,3.62,34.24,100,8,96.63
6211,70,2025-05-30T00:00:00Z,100.0,100.0,57.5,30,100,0.0
6212,70,2025-05-31T00:00:00Z,100.0,81.3,54.28,30,98,0.01
6213,70,2025-06-01T00:00:00Z,100.0,95.52,72.9,32,96,0.01
6214,70,2025-06-02T00:00:00Z,67.7,65.45,58.52,32,98,0.09
6215,70,2025-06-03T00:00:00Z,90.8,99.61,53.92,33,100,0.01
6216,70,2025-06-04T00:00:00Z,97.55,95.92,56.59,30,98,0.01
6217,70,2025-06-05T00:00:00Z,94.94,100.0,56.15,33,100,0.01
6218,70,2025-06-06T00:00:00Z,100.0,85.16,65.08,30,95,0.01
6219,70,2025-06-07T00:00:00Z,94.3,85.93,63.32,38,98,0.02
6220,70,2025-06-08T00:00:00Z,100.0,97.02,67.45,30,98,0.0
6221,70,2025-06-09T00:00:00Z,100.0,100.0,70.06,33,98,0.0
6222,70,2025-06-10T00:00:00Z,100.0,82.22,66.12,33,100,0.01
6223,70,2025-06-11T00:00:00Z,100.0,91.64,73.61,33,100,0.01
6224,70,2025-06-12T00:00:00Z,88.67,63.02,54.89,30,98,0.03
6225,70,2025-06-13T00:00:00Z,90.67,94.79,68.98,30,96,0.01
6226,70,2025-06-14T00:00:00Z,100.0,83.14,57.88,30,91,0.01
6227,70,2025-06-15T00:00:00Z,100.0,90.2,54.5,30,98,0.01
6228,70,2025-06-16T00:00:00Z,64.64,100.0,61.0,30,98,0.02
6229,70,2025-06-17T00:00:00Z,100.0,69.03,53.55,30,100,0.01
6230,70,2025-06-18T00:00:00Z,77.37,72.12,56.78,30,94,0.05
6231,70,2025-06-19T00:00:00Z,94.87,99.6,60.27,33,98,0.01
6232,70,2025-06-20T00:00:00Z,98.73,100.0,69.34,33,98,0.01
6233,70,2025-06-21T00:00:00Z,87.06,100.0,55.12,30,100,0.01
6234,70,2025-06-22T00:00:00Z,100.0,80.79,71.81,30,98,0.01
6235,70,2025-06-23T00:00:00Z,91.66,93.56,70.59,30,100,0.01
6236,70,2025-06-24T00:00:00Z,100.0,55.0,75.23,33,100,0.03
6237,70,2025-06-25T00:00:00Z,100.0,93.01,72.98,36,100,0.01
6238,70,2025-06-26T00:00:00Z,81.67,93.57,54.04,30,100,0.01
6239,70,2025-06-27T00:00:00Z,86.99,89.22,54.71,30,100,0.01
6240,70,2025-06-28T00:00:00Z,100.0,67.24,67.38,30,95,0.02
6241,70,2025-06-29T00:00:00Z,100.0,94.78,54.72,33,98,0.01
6242,70,2025-06-30T00:00:00Z,100.0,85.65,69.24,33,100,0.01
6243,70,2025-07-01T00:00:00Z,100.0,100.0,73.43,33,98,0.0
6244,70,2025-07-02T00:00:00Z,90.57,74.55,53.49,30,100,0.02
6245,70,2025-07-03T00:00:00Z,97.33,84.68,56.34,30,96,0.01
6246,70,2025-07-04T00:00:00Z,92.06,90.9,58.42,32,100,0.01
6247,70,2025-07-05T00:00:00Z,100.0,81.14,70.9,33,100,0.01
6248,70,2025-07-06T00:00:00Z,87.63,100.0,58.21,30,100,0.01
6249,70,2025-07-07T00:00:00Z,100.0,80.35,59.1,30,100,0.01
6250,70,2025-07-08T00:00:00Z,72.11,74.24,54.35,36,100,0.06
6251,70,2025-07-09T00:00:00Z,93.8,72.5,70.71,30,100,0.02
6252,70,2025-07-10T00:00:00Z,100.0,73.28,58.88,30,98,0.01
6253,70,2025-07-11T00:00:00Z,93.69,78.23,53.49,33,100,0.01
6254,70,2025-07-12T00:00:00Z,90.97,83.74,67.99,30,100,0.01
6255,70,2025-07-13T00:00:00Z,100.0,100.0,54.57,33,94,0.01
6256,70,2025-07-14T00:00:00Z,100.0,76.26,69.49,30,98,0.01
6257,70,2025-07-15T00:00:00Z,91.82,88.88,54.8,30,100,0.01
6258,70,2025-07-16T00:00:00Z,97.39,100.0,60.49,30,100,0.0
6259,70,2025-07-17T00:00:00Z,100.0,65.69,63.95,33,100,0.02
6260,70,2025-07-18T00:00:00Z,100.0,68.71,54.79,30,100,0.01
6261,70,2025-07-19T00:00:00Z,89.26,95.32,73.54,32,98,0.01
6262,70,2025-07-20T00:00:00Z,94.83,63.42,73.29,33,100,0.02
6263,70,2025-07-21T00:00:00Z,93.97,83.66,55.96,33,100,0.01
6264,70,2025-07-22T00:00:00Z,97.46,92.26,68.71,36,100,0.01
6265,70,2025-07-23T00:00:00Z,88.72,55.88,58.51,30,96,0.05
6266,70,2025-07-24T00:00:00Z,90.48,72.13,54.82,30,100,0.02
6267,70,2025-07-25T00:00:00Z,95.84,76.17,61.3,30,100,0.01
6268,70,2025-07-26T00:00:00Z,98.03,85.77,66.01,30,100,0.01
6269,70,2025-07-27T00:00:00Z,90.75,100.0,65.59,32,100,0.01
6270,70,2025-07-28T00:00:00Z,100.0,76.98,67.67,33,98,0.01
6271,70,2025-07-29T00:00:00Z,84.39,26.08,31.71,100,0,93.92
6272,70,2025-07-30T00:00:00Z,79.28,0.0,27.15,100,27,93.62
6273,70,2025-07-31T00:00:00Z,80.04,0.0,26.18,100,11,96.92
6274,70,2025-08-01T00:00:00Z,78.42,0.0,25.83,100,0,98.34
6275,70,2025-08-02T00:00:00Z,77.72,0.0,21.18,100,11,97.25
6276,70,2025-08-03T00:00:00Z,76.44,0.0,21.74,97,0,98.2
6277,70,2025-08-04T00:00:00Z,89.33,0.0,24.4,66,45,31.94
6278,70,2025-08-05T00:00:00Z,91.62,83.06,57.96,30,100,0.01
6279,70,2025-08-06T00:00:00Z,78.4,0.0,25.46,100,0,98.34
6280,70,2025-08-07T00:00:00Z,78.51,0.0,25.49,100,0,98.33
6281,70,2025-08-08T00:00:00Z,80.05,0.0,26.39,100,15,96.26
6282,70,2025-08-09T00:00:00Z,100.0,69.77,10.0,33,100,0.01
6283,70,2025-08-10T00:00:00Z,90.24,58.45,22.45,75,32,12.46
6284,70,2025-08-11T00:00:00Z,79.54,0.0,24.86,100,0,98.24
6285,70,2025-08-12T00:00:00Z,79.71,0.0,26.39,100,0,98.23
6286,70,2025-08-13T00:00:00Z,79.87,0.0,24.65,100,0,98.21
6287,70,2025-08-14T00:00:00Z,79.52,0.0,25.83,100,0,98.24
6288,70,2025-08-15T00:00:00Z,78.25,0.0,25.9,100,0,98.35
6289,70,2025-08-16T00:00:00Z,77.07,0.0,21.74,100,0,98.44
6290,70,2025-08-17T00:00:00Z,89.62,0.0,19.29,54,25,37.97
6291,70,2025-08-18T00:00:00Z,83.05,95.68,64.93,30,100,0.01
6292,70,2025-08-19T00:00:00Z,92.91,51.83,24.0,51,72,0.52
6293,70,2025-08-20T00:00:00Z,78.32,0.0,25.69,100,3,98.08
6294,70,2025-08-21T00:00:00Z,78.0,0.0,26.04,100,18,96.08
6295,70,2025-08-22T00:00:00Z,87.41,0.0,26.99,100,55,70.67
6296,70,2025-08-23T00:00:00Z,100.0,97.45,67.37,30,95,0.01
6297,70,2025-08-24T00:00:00Z,78.57,85.86,69.82,35,100,0.03
6298,70,2025-08-25T00:00:00Z,78.48,0.0,25.73,100,0,98.33
6299,70,2025-08-26T00:00:00Z,77.43,0.0,25.83,100,0,98.42
6300,70,2025-08-27T00:00:00Z,77.46,0.0,25.62,100,0,98.41
6301,71,2025-05-30T00:00:00Z,86.02,85.93,53.52,36,100,0.02
6302,71,2025-05-31T00:00:00Z,98.25,94.34,72.58,33,95,0.01
6303,71,2025-06-01T00:00:00Z,94.84,100.0,61.46,33,98,0.01
6304,71,2025-06-02T00:00:00Z,86.81,79.77,66.65,33,98,0.02
6305,71,2025-06-03T00:00:00Z,100.0,99.25,64.36,33,96,0.01
6306,71,2025-06-04T00:00:00Z,100.0,90.23,70.49,30,100,0.01
6307,71,2025-06-05T00:00:00Z,100.0,100.0,74.74,33,100,0.0
6308,71,2025-06-06T00:00:00Z,94.12,100.0,56.23,30,100,0.0
6309,71,2025-06-07T00:00:00Z,100.0,79.79,57.96,33,100,0.01
6310,71,2025-06-08T00:00:00Z,100.0,100.0,62.48,30,100,0.0
6311,71,2025-06-09T00:00:00Z,98.01,77.35,55.8,30,100,0.01
6312,71,2025-06-10T00:00:00Z,87.7,65.84,54.89,30,100,0.03
6313,71,2025-06-11T00:00:00Z,92.06,100.0,55.19,33,100,0.01
6314,71,2025-06-12T00:00:00Z,72.7,100.0,53.48,30,100,0.01
6315,71,2025-06-13T00:00:00Z,100.0,82.69,61.49,30,98,0.01
6316,71,2025-06-14T00:00:00Z,92.72,100.0,65.74,32,100,0.01
6317,71,2025-06-15T00:00:00Z,100.0,99.62,75.46,30,98,0.0
6318,71,2025-06-16T00:00:00Z,100.0,85.78,74.96,30,100,0.01
6319,71,2025-06-17T00:00:00Z,100.0,84.28,69.23,33,98,0.01
6320,71,2025-06-18T00:00:00Z,97.31,100.0,62.04,33,98,0.01
6321,71,2025-06-19T00:00:00Z,85.56,93.24,64.42,36,100,0.01
6322,71,2025-06-20T00:00:00Z,86.89,77.75,74.5,30,100,0.02
6323,71,2025-06-21T00:00:00Z,100.0,69.42,67.3,30,100,0.01
6324,71,2025-06-22T00:00:00Z,100.0,100.0,56.43,30,98,0.0
6325,71,2025-06-23T00:00:00Z,99.16,100.0,71.48,30,100,0.0
6326,71,2025-06-24T00:00:00Z,94.38,90.86,64.17,30,100,0.01
6327,71,2025-06-25T00:00:00Z,100.0,91.23,75.11,30,100,0.01
6328,71,2025-06-26T00:00:00Z,93.02,81.45,58.83,33,100,0.01
6329,71,2025-06-27T00:00:00Z,88.71,93.01,68.07,30,100,0.01
6330,71,2025-06-28T00:00:00Z,76.79,90.2,75.51,33,100,0.02
6331,71,2025-06-29T00:00:00Z,97.38,83.07,73.15,33,98,0.01
6332,71,2025-06-30T00:00:00Z,100.0,100.0,55.39,30,98,0.0
6333,71,2025-07-01T00:00:00Z,100.0,71.25,57.81,33,98,0.02
6334,71,2025-07-02T00:00:00Z,100.0,86.61,76.08,30,98,0.01
6335,71,2025-07-03T00:00:00Z,79.86,87.85,56.71,30,100,0.02
6336,71,2025-07-04T00:00:00Z,93.09,100.0,58.59,30,100,0.01
6337,71,2025-07-05T00:00:00Z,90.26,100.0,59.5,30,98,0.01
6338,71,2025-07-06T00:00:00Z,96.9,55.0,53.72,30,100,0.03
6339,71,2025-07-07T00:00:00Z,83.08,100.0,69.24,33,100,0.01
6340,71,2025-07-08T00:00:00Z,99.67,76.8,54.16,33,100,0.01
6341,71,2025-07-09T00:00:00Z,86.31,100.0,70.86,32,100,0.01
6342,71,2025-07-10T00:00:00Z,100.0,87.73,56.83,30,100,0.01
6343,71,2025-07-11T00:00:00Z,92.43,59.06,54.15,30,100,0.03
6344,71,2025-07-12T00:00:00Z,98.34,100.0,65.82,30,98,0.0
6345,71,2025-07-13T00:00:00Z,100.0,85.99,71.8,33,100,0.01
6346,71,2025-07-14T00:00:00Z,100.0,95.96,64.44,32,100,0.0
6347,71,2025-07-15T00:00:00Z,77.32,88.91,63.7,30,100,0.02
6348,71,2025-07-16T00:00:00Z,97.04,100.0,65.55,33,98,0.01
6349,71,2025-07-17T00:00:00Z,97.16,80.49,64.73,32,98,0.01
6350,71,2025-07-18T00:00:00Z,89.68,90.17,54.94,30,100,0.01
6351,71,2025-07-19T00:00:00Z,90.9,100.0,62.67,30,98,0.01
6352,71,2025-07-20T00:00:00Z,87.22,100.0,55.3,33,95,0.01
6353,71,2025-07-21T00:00:00Z,81.69,49.05,53.1,36,100,0.1
6354,71,2025-07-22T00:00:00Z,75.24,100.0,53.73,33,100,0.02
6355,71,2025-07-23T00:00:00Z,99.56,100.0,64.4,30,100,0.0
6356,71,2025-07-24T00:00:00Z,95.85,84.73,57.73,32,100,0.01
6357,71,2025-07-25T00:00:00Z,92.89,98.16,59.43,30,100,0.01
6358,71,2025-07-26T00:00:00Z,70.43,86.88,61.52,30,100,0.03
6359,71,2025-07-27T00:00:00Z,98.76,92.86,63.44,30,100,0.01
6360,71,2025-07-28T00:00:00Z,93.61,63.63,54.56,30,100,0.02
6361,71,2025-07-29T00:00:00Z,100.0,42.66,33.33,47,81,0.26
6362,71,2025-07-30T00:00:00Z,84.56,0.0,30.05,92,34,83.09
6363,71,2025-07-31T00:00:00Z,79.37,0.0,25.56,100,26,93.89
6364,71,2025-08-01T00:00:00Z,79.24,0.0,25.97,100,25,94.2
6365,71,2025-08-02T00:00:00Z,76.31,0.0,22.15,100,6,97.99
6366,71,2025-08-03T00:00:00Z,79.08,0.0,21.6,100,15,96.43
6367,71,2025-08-04T00:00:00Z,78.97,0.0,25.56,100,24,94.54
6368,71,2025-08-05T00:00:00Z,79.78,0.0,25.28,100,16,96.12
6369,71,2025-08-06T00:00:00Z,80.88,0.0,25.62,100,13,96.46
6370,71,2025-08-07T00:00:00Z,79.47,0.0,26.11,100,27,93.56
6371,71,2025-08-08T00:00:00Z,78.9,0.0,24.86,100,46,85.26
6372,71,2025-08-09T00:00:00Z,90.8,38.33,9.63,55,77,0.97
6373,71,2025-08-10T00:00:00Z,81.68,0.0,22.65,100,47,82.72
6374,71,2025-08-11T00:00:00Z,78.51,0.0,25.0,100,31,92.58
6375,71,2025-08-12T00:00:00Z,79.22,0.0,25.28,100,31,92.34
6376,71,2025-08-13T00:00:00Z,79.6,0.0,25.42,100,18,95.77
6377,71,2025-08-14T00:00:00Z,79.23,0.0,26.39,100,38,89.46
6378,71,2025-08-15T00:00:00Z,80.91,0.0,25.35,100,25,93.73
6379,71,2025-08-16T00:00:00Z,76.29,0.0,21.18,100,30,93.62
6380,71,2025-08-17T00:00:00Z,79.6,0.0,22.08,100,0,98.24
6381,71,2025-08-18T00:00:00Z,93.0,58.01,13.33,52,83,0.25
6382,71,2025-08-19T00:00:00Z,77.84,0.0,25.35,100,17,96.3
6383,71,2025-08-20T00:00:00Z,79.83,0.0,25.21,100,0,98.22
6384,71,2025-08-21T00:00:00Z,78.51,0.0,25.76,100,6,97.76
6385,71,2025-08-22T00:00:00Z,78.86,0.0,26.04,100,0,98.3
6386,71,2025-08-23T00:00:00Z,82.02,0.0,23.61,100,11,96.61
6387,71,2025-08-24T00:00:00Z,93.99,52.56,12.27,59,76,0.63
6388,71,2025-08-25T00:00:00Z,79.6,0.0,26.25,100,16,96.16
6389,71,2025-08-26T00:00:00Z,79.48,0.0,26.94,100,0,98.25
6390,71,2025-08-27T00:00:00Z,78.45,0.0,26.11,100,0,98.33
6391,72,2025-05-30T00:00:00Z,92.0,100.0,63.58,33,100,0.01
6392,72,2025-05-31T00:00:00Z,83.21,81.55,60.48,30,100,0.02
6393,72,2025-06-01T00:00:00Z,97.88,93.71,65.16,30,96,0.01
6394,72,2025-06-02T00:00:00Z,100.0,100.0,68.05,30,100,0.0
6395,72,2025-06-03T00:00:00Z,100.0,100.0,56.51,30,100,0.0
6396,72,2025-06-04T00:00:00Z,92.59,95.03,70.18,33,100,0.01
6397,72,2025-06-05T00:00:00Z,97.23,100.0,63.28,30,100,0.0
6398,72,2025-06-06T00:00:00Z,99.94,90.99,60.65,30,100,0.01
6399,72,2025-06-07T00:00:00Z,100.0,100.0,75.98,30,100,0.0
6400,72,2025-06-08T00:00:00Z,86.93,88.97,54.14,32,100,0.01
6401,72,2025-06-09T00:00:00Z,75.23,100.0,53.79,33,100,0.02
6402,72,2025-06-10T00:00:00Z,100.0,100.0,74.84,30,100,0.0
6403,72,2025-06-11T00:00:00Z,81.51,79.83,55.52,30,100,0.02
6404,72,2025-06-12T00:00:00Z,97.45,97.8,72.2,32,100,0.01
6405,72,2025-06-13T00:00:00Z,100.0,96.51,66.55,30,100,0.0
6406,72,2025-06-14T00:00:00Z,86.73,100.0,54.15,33,100,0.01
6407,72,2025-06-15T00:00:00Z,99.74,100.0,62.52,30,100,0.0
6408,72,2025-06-16T00:00:00Z,98.35,100.0,63.74,30,100,0.0
6409,72,2025-06-17T00:00:00Z,100.0,100.0,57.02,30,100,0.0
6410,72,2025-06-18T00:00:00Z,100.0,94.11,70.17,30,100,0.0
6411,72,2025-06-19T00:00:00Z,85.64,61.6,57.93,30,100,0.04
6412,72,2025-06-20T00:00:00Z,71.02,100.0,68.68,30,100,0.02
6413,72,2025-06-21T00:00:00Z,100.0,100.0,75.31,30,98,0.0
6414,72,2025-06-22T00:00:00Z,100.0,100.0,63.05,30,100,0.0
6415,72,2025-06-23T00:00:00Z,100.0,96.3,57.94,33,95,0.01
6416,72,2025-06-24T00:00:00Z,100.0,84.33,71.67,33,100,0.01
6417,72,2025-06-25T00:00:00Z,100.0,88.17,73.49,30,100,0.01
6418,72,2025-06-26T00:00:00Z,97.27,83.5,54.57,30,98,0.01
6419,72,2025-06-27T00:00:00Z,92.0,83.3,71.27,33,100,0.01
6420,72,2025-06-28T00:00:00Z,100.0,94.58,65.67,30,100,0.0
6421,72,2025-06-29T00:00:00Z,95.53,90.03,54.7,33,98,0.01
6422,72,2025-06-30T00:00:00Z,92.22,92.18,53.48,33,100,0.01
6423,72,2025-07-01T00:00:00Z,79.92,79.44,56.02,30,100,0.02
6424,72,2025-07-02T00:00:00Z,100.0,94.9,61.26,30,95,0.01
6425,72,2025-07-03T00:00:00Z,100.0,100.0,64.17,30,100,0.0
6426,72,2025-07-04T00:00:00Z,88.49,61.91,53.42,30,100,0.03
6427,72,2025-07-05T00:00:00Z,95.05,100.0,67.89,33,100,0.01
6428,72,2025-07-06T00:00:00Z,100.0,100.0,58.42,33,100,0.0
6429,72,2025-07-07T00:00:00Z,100.0,100.0,55.19,30,98,0.0
6430,72,2025-07-08T00:00:00Z,100.0,75.3,70.62,33,95,0.02
6431,72,2025-07-09T00:00:00Z,92.63,61.56,59.25,30,100,0.03
6432,72,2025-07-10T00:00:00Z,98.46,87.83,55.62,33,100,0.01
6433,72,2025-07-11T00:00:00Z,94.02,83.87,65.56,30,95,0.01
6434,72,2025-07-12T00:00:00Z,88.21,83.93,76.15,33,100,0.02
6435,72,2025-07-13T00:00:00Z,69.75,78.35,73.89,30,96,0.05
6436,72,2025-07-14T00:00:00Z,100.0,100.0,71.17,30,100,0.0
6437,72,2025-07-15T00:00:00Z,96.55,59.89,63.8,35,100,0.03
6438,72,2025-07-16T00:00:00Z,100.0,85.15,54.22,30,98,0.01
6439,72,2025-07-17T00:00:00Z,93.36,84.73,52.87,39,100,0.02
6440,72,2025-07-18T00:00:00Z,93.85,83.77,64.92,33,100,0.01
6441,72,2025-07-19T00:00:00Z,90.15,79.6,70.75,30,100,0.01
6442,72,2025-07-20T00:00:00Z,77.86,100.0,68.52,30,100,0.01
6443,72,2025-07-21T00:00:00Z,100.0,100.0,74.47,30,100,0.0
6444,72,2025-07-22T00:00:00Z,100.0,98.96,53.59,30,100,0.0
6445,72,2025-07-23T00:00:00Z,99.63,90.37,54.43,30,96,0.01
6446,72,2025-07-24T00:00:00Z,100.0,100.0,58.9,32,100,0.0
6447,72,2025-07-25T00:00:00Z,100.0,90.83,69.5,30,100,0.01
6448,72,2025-07-26T00:00:00Z,85.69,100.0,62.84,30,100,0.01
6449,72,2025-07-27T00:00:00Z,100.0,100.0,54.72,33,100,0.0
6450,72,2025-07-28T00:00:00Z,99.79,89.05,60.47,30,100,0.01
6451,72,2025-07-29T00:00:00Z,85.9,0.0,30.57,67,51,30.47
6452,72,2025-07-30T00:00:00Z,80.24,21.89,26.52,64,44,22.31
6453,72,2025-07-31T00:00:00Z,87.97,100.0,73.71,30,100,0.01
6454,72,2025-08-01T00:00:00Z,84.35,100.0,65.3,30,100,0.01
6455,72,2025-08-02T00:00:00Z,84.71,32.94,25.49,69,73,4.47
6456,72,2025-08-03T00:00:00Z,77.58,0.0,21.46,67,42,51.03
6457,72,2025-08-04T00:00:00Z,79.11,81.79,25.49,62,37,3.37
6458,72,2025-08-05T00:00:00Z,76.85,17.18,24.72,77,74,16.66
6459,72,2025-08-06T00:00:00Z,78.92,26.83,26.18,79,42,40.64
6460,72,2025-08-07T00:00:00Z,78.55,0.0,24.79,60,64,17.84
6461,72,2025-08-08T00:00:00Z,78.22,14.09,25.35,54,21,42.93
6462,72,2025-08-09T00:00:00Z,77.45,24.87,20.83,77,68,16.14
6463,72,2025-08-10T00:00:00Z,92.8,73.07,10.71,39,83,0.06
6464,72,2025-08-11T00:00:00Z,90.68,71.64,26.19,48,70,0.24
6465,72,2025-08-12T00:00:00Z,78.91,14.59,25.49,75,35,55.5
6466,72,2025-08-13T00:00:00Z,77.6,31.48,25.49,83,31,57.22
6467,72,2025-08-14T00:00:00Z,78.54,0.0,25.35,70,46,49.32
6468,72,2025-08-15T00:00:00Z,78.62,0.0,25.69,52,21,53.46
6469,72,2025-08-16T00:00:00Z,77.46,6.0,21.6,65,16,72.85
6470,72,2025-08-17T00:00:00Z,77.16,15.53,22.43,70,46,35.91
6471,72,2025-08-18T00:00:00Z,87.99,58.48,24.69,46,51,1.07
6472,72,2025-08-19T00:00:00Z,100.0,87.8,66.78,30,100,0.01
6473,72,2025-08-20T00:00:00Z,97.29,91.83,13.33,30,87,0.01
6474,72,2025-08-21T00:00:00Z,78.72,54.54,25.76,75,38,17.99
6475,72,2025-08-22T00:00:00Z,78.11,14.77,25.56,80,21,77.79
6476,72,2025-08-23T00:00:00Z,81.95,70.24,23.76,54,57,1.08
6477,72,2025-08-24T00:00:00Z,100.0,74.15,53.87,30,100,0.01
6478,72,2025-08-25T00:00:00Z,82.89,38.37,27.97,90,27,59.17
6479,72,2025-08-26T00:00:00Z,78.47,49.18,25.42,70,48,11.0
6480,72,2025-08-27T00:00:00Z,78.63,8.77,26.04,70,43,44.23
6481,73,2025-05-30T00:00:00Z,84.54,100.0,58.4,33,96,0.01
6482,73,2025-05-31T00:00:00Z,91.58,100.0,63.09,35,100,0.01
6483,73,2025-06-01T00:00:00Z,100.0,100.0,62.25,36,100,0.01
6484,73,2025-06-02T00:00:00Z,97.98,97.29,61.2,30,100,0.0
6485,73,2025-06-03T00:00:00Z,94.52,100.0,62.55,35,100,0.01
6486,73,2025-06-04T00:00:00Z,100.0,90.18,70.45,30,100,0.01
6487,73,2025-06-05T00:00:00Z,87.48,84.34,72.29,30,100,0.01
6488,73,2025-06-06T00:00:00Z,86.26,85.49,60.42,33,95,0.02
6489,73,2025-06-07T00:00:00Z,85.05,78.63,59.54,33,100,0.02
6490,73,2025-06-08T00:00:00Z,79.18,100.0,70.84,33,96,0.02
6491,73,2025-06-09T00:00:00Z,91.4,74.53,63.57,33,100,0.02
6492,73,2025-06-10T00:00:00Z,100.0,94.01,72.15,30,95,0.01
6493,73,2025-06-11T00:00:00Z,100.0,95.55,60.72,30,98,0.0
6494,73,2025-06-12T00:00:00Z,97.62,100.0,58.81,33,100,0.01
6495,73,2025-06-13T00:00:00Z,92.86,83.04,60.22,30,100,0.01
6496,73,2025-06-14T00:00:00Z,81.48,95.97,57.53,30,100,0.01
6497,73,2025-06-15T00:00:00Z,98.29,100.0,65.28,30,100,0.0
6498,73,2025-06-16T00:00:00Z,100.0,100.0,56.74,30,100,0.0
6499,73,2025-06-17T00:00:00Z,98.77,79.05,72.82,30,98,0.01
6500,73,2025-06-18T00:00:00Z,100.0,97.86,70.49,33,100,0.0
6501,73,2025-06-19T00:00:00Z,92.03,100.0,53.6,36,100,0.01
6502,73,2025-06-20T00:00:00Z,95.08,90.82,58.55,30,100,0.01
6503,73,2025-06-21T00:00:00Z,94.01,93.22,61.04,33,100,0.01
6504,73,2025-06-22T00:00:00Z,85.95,100.0,53.34,33,100,0.01
6505,73,2025-06-23T00:00:00Z,82.24,100.0,64.6,30,100,0.01
6506,73,2025-06-24T00:00:00Z,100.0,100.0,57.75,30,98,0.0
6507,73,2025-06-25T00:00:00Z,90.49,100.0,56.29,33,100,0.01
6508,73,2025-06-26T00:00:00Z,95.35,100.0,74.14,33,100,0.01
6509,73,2025-06-27T00:00:00Z,93.65,71.55,63.55,30,100,0.02
6510,73,2025-06-28T00:00:00Z,80.17,77.47,54.22,33,100,0.03
6511,73,2025-06-29T00:00:00Z,93.51,97.2,66.24,33,93,0.01
6512,73,2025-06-30T00:00:00Z,100.0,96.68,61.05,33,100,0.01
6513,73,2025-07-01T00:00:00Z,99.62,100.0,74.95,33,100,0.0
6514,73,2025-07-02T00:00:00Z,90.21,100.0,67.66,30,100,0.01
6515,73,2025-07-03T00:00:00Z,100.0,81.64,74.55,30,100,0.01
6516,73,2025-07-04T00:00:00Z,97.68,98.93,56.22,33,100,0.01
6517,73,2025-07-05T00:00:00Z,95.26,66.52,56.17,30,98,0.02
6518,73,2025-07-06T00:00:00Z,93.1,100.0,71.08,30,98,0.01
6519,73,2025-07-07T00:00:00Z,85.73,97.67,74.32,30,100,0.01
6520,73,2025-07-08T00:00:00Z,99.49,100.0,71.98,33,98,0.01
6521,73,2025-07-09T00:00:00Z,81.97,74.63,67.28,33,98,0.03
6522,73,2025-07-10T00:00:00Z,98.26,93.23,74.55,30,96,0.01
6523,73,2025-07-11T00:00:00Z,88.48,100.0,54.65,30,100,0.01
6524,73,2025-07-12T00:00:00Z,93.51,83.5,69.86,30,100,0.01
6525,73,2025-07-13T00:00:00Z,97.68,69.79,64.91,30,100,0.01
6526,73,2025-07-14T00:00:00Z,100.0,69.15,61.09,30,98,0.01
6527,73,2025-07-15T00:00:00Z,84.29,100.0,63.39,30,100,0.01
6528,73,2025-07-16T00:00:00Z,96.76,77.17,69.81,33,96,0.02
6529,73,2025-07-17T00:00:00Z,100.0,83.77,76.83,30,100,0.01
6530,73,2025-07-18T00:00:00Z,92.21,93.98,53.25,36,100,0.01
6531,73,2025-07-19T00:00:00Z,95.51,100.0,69.24,30,100,0.0
6532,73,2025-07-20T00:00:00Z,100.0,100.0,62.16,30,100,0.0
6533,73,2025-07-21T00:00:00Z,100.0,100.0,56.78,30,100,0.0
6534,73,2025-07-22T00:00:00Z,85.12,100.0,53.86,39,100,0.01
6535,73,2025-07-23T00:00:00Z,94.04,100.0,75.87,30,100,0.01
6536,73,2025-07-24T00:00:00Z,82.86,100.0,69.57,33,100,0.01
6537,73,2025-07-25T00:00:00Z,81.49,90.85,56.29,30,100,0.01
6538,73,2025-07-26T00:00:00Z,93.81,92.95,65.51,30,100,0.01
6539,73,2025-07-27T00:00:00Z,81.09,87.69,75.32,30,100,0.02
6540,73,2025-07-28T00:00:00Z,100.0,100.0,61.19,32,95,0.01
6541,73,2025-07-29T00:00:00Z,86.03,0.0,30.86,78,72,22.77
6542,73,2025-07-30T00:00:00Z,79.01,37.19,25.76,100,3,91.77
6543,73,2025-07-31T00:00:00Z,78.39,0.0,26.67,76,8,90.38
6544,73,2025-08-01T00:00:00Z,78.51,0.0,25.9,95,0,97.76
6545,73,2025-08-02T00:00:00Z,77.72,0.0,22.57,97,24,93.9
6546,73,2025-08-03T00:00:00Z,77.66,0.0,22.01,100,18,96.15
6547,73,2025-08-04T00:00:00Z,85.1,34.35,29.47,91,39,47.03
6548,73,2025-08-05T00:00:00Z,100.0,100.0,62.24,33,100,0.0
6549,73,2025-08-06T00:00:00Z,93.67,61.68,14.93,48,65,0.4
6550,73,2025-08-07T00:00:00Z,79.13,0.0,25.49,100,31,92.37
6551,73,2025-08-08T00:00:00Z,78.68,0.0,26.67,100,26,94.08
6552,73,2025-08-09T00:00:00Z,77.19,0.0,21.6,85,0,96.23
6553,73,2025-08-10T00:00:00Z,83.64,4.65,25.73,82,7,90.04
6554,73,2025-08-11T00:00:00Z,94.71,100.0,68.35,33,100,0.01
6555,73,2025-08-12T00:00:00Z,84.72,59.83,29.21,88,41,19.8
6556,73,2025-08-13T00:00:00Z,78.52,0.0,25.28,97,8,97.05
6557,73,2025-08-14T00:00:00Z,95.79,88.06,11.67,42,74,0.06
6558,73,2025-08-15T00:00:00Z,98.06,93.78,68.32,30,100,0.01
6559,73,2025-08-16T00:00:00Z,79.77,0.0,22.38,100,8,97.37
6560,73,2025-08-17T00:00:00Z,77.11,0.0,21.46,100,14,96.91
6561,73,2025-08-18T00:00:00Z,78.47,0.0,25.49,100,0,98.33
6562,73,2025-08-19T00:00:00Z,78.64,0.0,26.39,96,0,97.87
6563,73,2025-08-20T00:00:00Z,78.58,0.0,25.49,98,26,93.41
6564,73,2025-08-21T00:00:00Z,79.06,0.0,26.11,90,12,94.52
6565,73,2025-08-22T00:00:00Z,78.1,0.0,25.42,100,0,98.36
6566,73,2025-08-23T00:00:00Z,76.61,0.0,22.5,100,0,98.48
6567,73,2025-08-24T00:00:00Z,96.48,80.53,9.63,36,98,0.02
6568,73,2025-08-25T00:00:00Z,81.01,8.4,27.76,100,32,88.22
6569,73,2025-08-26T00:00:00Z,79.71,13.33,24.58,82,14,84.57
6570,73,2025-08-27T00:00:00Z,79.22,0.0,25.49,82,36,76.11
6571,74,2025-05-30T00:00:00Z,98.93,89.98,55.21,30,100,0.01
6572,74,2025-05-31T00:00:00Z,100.0,78.05,59.69,30,98,0.01
6573,74,2025-06-01T00:00:00Z,97.93,96.95,74.04,30,100,0.0
6574,74,2025-06-02T00:00:00Z,100.0,100.0,63.68,30,100,0.0
6575,74,2025-06-03T00:00:00Z,94.85,87.84,55.77,30,100,0.01
6576,74,2025-06-04T00:00:00Z,100.0,80.12,63.85,30,100,0.01
6577,74,2025-06-05T00:00:00Z,100.0,100.0,54.09,30,100,0.0
6578,74,2025-06-06T00:00:00Z,100.0,100.0,73.3,30,98,0.0
6579,74,2025-06-07T00:00:00Z,97.62,79.71,56.48,30,100,0.01
6580,74,2025-06-08T00:00:00Z,100.0,97.08,64.8,30,98,0.0
6581,74,2025-06-09T00:00:00Z,100.0,100.0,55.22,30,91,0.01
6582,74,2025-06-10T00:00:00Z,80.48,93.55,69.03,33,98,0.02
6583,74,2025-06-11T00:00:00Z,100.0,100.0,57.78,30,93,0.01
6584,74,2025-06-12T00:00:00Z,94.44,100.0,61.27,30,100,0.0
6585,74,2025-06-13T00:00:00Z,94.52,96.37,68.7,30,100,0.01
6586,74,2025-06-14T00:00:00Z,91.7,89.7,63.69,30,98,0.01
6587,74,2025-06-15T00:00:00Z,88.0,83.96,75.52,30,95,0.02
6588,74,2025-06-16T00:00:00Z,100.0,75.44,71.45,33,100,0.01
6589,74,2025-06-17T00:00:00Z,82.48,97.06,67.75,30,100,0.01
6590,74,2025-06-18T00:00:00Z,100.0,100.0,60.22,30,100,0.0
6591,74,2025-06-19T00:00:00Z,95.38,100.0,66.7,30,98,0.01
6592,74,2025-06-20T00:00:00Z,100.0,100.0,68.33,30,95,0.0
6593,74,2025-06-21T00:00:00Z,100.0,90.74,56.07,30,100,0.01
6594,74,2025-06-22T00:00:00Z,100.0,100.0,64.92,30,100,0.0
6595,74,2025-06-23T00:00:00Z,76.45,77.17,64.2,30,100,0.03
6596,74,2025-06-24T00:00:00Z,97.24,100.0,58.76,30,100,0.0
6597,74,2025-06-25T00:00:00Z,100.0,70.07,71.15,30,100,0.01
6598,74,2025-06-26T00:00:00Z,79.5,87.83,53.47,30,98,0.02
6599,74,2025-06-27T00:00:00Z,100.0,100.0,67.14,30,98,0.0
6600,74,2025-06-28T00:00:00Z,94.55,75.37,55.21,30,100,0.01
6601,74,2025-06-29T00:00:00Z,100.0,100.0,68.67,30,100,0.0
6602,74,2025-06-30T00:00:00Z,84.53,83.65,63.55,30,100,0.02
6603,74,2025-07-01T00:00:00Z,100.0,73.12,58.06,30,100,0.01
6604,74,2025-07-02T00:00:00Z,74.68,100.0,75.99,30,100,0.01
6605,74,2025-07-03T00:00:00Z,97.84,100.0,60.17,30,100,0.0
6606,74,2025-07-04T00:00:00Z,98.01,100.0,64.18,35,100,0.01
6607,74,2025-07-05T00:00:00Z,85.96,88.42,65.65,36,100,0.02
6608,74,2025-07-06T00:00:00Z,94.74,90.58,66.85,32,100,0.01
6609,74,2025-07-07T00:00:00Z,94.71,100.0,60.41,30,100,0.0
6610,74,2025-07-08T00:00:00Z,100.0,84.45,58.47,30,98,0.01
6611,74,2025-07-09T00:00:00Z,93.18,100.0,59.56,33,100,0.01
6612,74,2025-07-10T00:00:00Z,95.67,100.0,60.3,30,100,0.0
6613,74,2025-07-11T00:00:00Z,89.17,99.91,57.05,30,98,0.01
6614,74,2025-07-12T00:00:00Z,85.74,86.5,69.04,30,100,0.01
6615,74,2025-07-13T00:00:00Z,85.24,100.0,69.32,33,100,0.01
6616,74,2025-07-14T00:00:00Z,96.95,87.72,55.19,32,100,0.01
6617,74,2025-07-15T00:00:00Z,97.59,97.73,72.5,30,94,0.01
6618,74,2025-07-16T00:00:00Z,100.0,90.11,72.3,35,100,0.01
6619,74,2025-07-17T00:00:00Z,83.67,100.0,60.74,30,96,0.01
6620,74,2025-07-18T00:00:00Z,94.8,86.03,74.56,33,100,0.01
6621,74,2025-07-19T00:00:00Z,91.86,94.5,58.08,30,100,0.01
6622,74,2025-07-20T00:00:00Z,89.97,100.0,65.86,30,100,0.01
6623,74,2025-07-21T00:00:00Z,100.0,82.31,57.48,36,98,0.01
6624,74,2025-07-22T00:00:00Z,88.99,100.0,63.27,33,98,0.01
6625,74,2025-07-23T00:00:00Z,97.78,100.0,54.92,33,98,0.01
6626,74,2025-07-24T00:00:00Z,100.0,100.0,70.86,30,100,0.0
6627,74,2025-07-25T00:00:00Z,97.37,95.73,59.74,33,98,0.01
6628,74,2025-07-26T00:00:00Z,90.69,100.0,67.74,30,100,0.01
6629,74,2025-07-27T00:00:00Z,92.67,100.0,59.2,30,98,0.01
6630,74,2025-07-28T00:00:00Z,100.0,92.43,66.63,30,100,0.01
6631,74,2025-07-29T00:00:00Z,93.98,85.74,58.43,30,100,0.01
6632,74,2025-07-30T00:00:00Z,93.0,63.21,23.14,38,68,0.18
6633,74,2025-07-31T00:00:00Z,77.96,13.6,25.76,85,11,89.17
6634,74,2025-08-01T00:00:00Z,77.89,0.0,26.04,82,36,77.3
6635,74,2025-08-02T00:00:00Z,78.04,0.0,21.18,55,34,42.51
6636,74,2025-08-03T00:00:00Z,76.96,29.73,20.9,88,0,90.4
6637,74,2025-08-04T00:00:00Z,78.14,0.0,25.56,78,22,84.19
6638,74,2025-08-05T00:00:00Z,77.68,0.0,25.0,88,18,92.38
6639,74,2025-08-06T00:00:00Z,78.08,0.0,25.69,94,18,94.46
6640,74,2025-08-07T00:00:00Z,78.57,0.0,25.97,63,3,84.57
6641,74,2025-08-08T00:00:00Z,84.46,71.42,27.63,74,67,1.82
6642,74,2025-08-09T00:00:00Z,82.06,5.73,23.71,71,7,82.89
6643,74,2025-08-10T00:00:00Z,76.47,0.0,21.74,80,0,95.15
6644,74,2025-08-11T00:00:00Z,76.0,0.0,25.49,81,1,95.3
6645,74,2025-08-12T00:00:00Z,94.03,75.4,12.55,42,88,0.05
6646,74,2025-08-13T00:00:00Z,84.68,62.24,71.61,30,95,0.05
6647,74,2025-08-14T00:00:00Z,87.65,51.68,27.56,52,62,1.18
6648,74,2025-08-15T00:00:00Z,79.41,36.99,25.56,83,31,49.49
6649,74,2025-08-16T00:00:00Z,78.36,28.34,22.22,81,56,27.07
6650,74,2025-08-17T00:00:00Z,76.34,8.59,22.08,69,36,54.47
6651,74,2025-08-18T00:00:00Z,77.92,0.0,26.18,100,36,90.92
6652,74,2025-08-19T00:00:00Z,78.24,40.62,26.11,92,30,61.85
6653,74,2025-08-20T00:00:00Z,78.07,64.91,25.69,75,33,16.11
6654,74,2025-08-21T00:00:00Z,76.5,8.75,24.65,68,60,25.07
6655,74,2025-08-22T00:00:00Z,79.05,0.0,26.25,80,45,64.51
6656,74,2025-08-23T00:00:00Z,76.91,47.56,21.39,88,46,31.7
6657,74,2025-08-24T00:00:00Z,87.47,71.11,18.79,58,74,0.43
6658,74,2025-08-25T00:00:00Z,91.1,32.98,26.67,54,84,0.79
6659,74,2025-08-26T00:00:00Z,78.4,33.01,24.37,94,38,62.24
6660,74,2025-08-27T00:00:00Z,77.69,32.99,25.62,67,67,7.35
6661,75,2025-05-30T00:00:00Z,90.26,84.99,67.12,30,100,0.01
6662,75,2025-05-31T00:00:00Z,80.81,95.68,69.59,30,100,0.01
6663,75,2025-06-01T00:00:00Z,100.0,85.52,56.83,30,95,0.01
6664,75,2025-06-02T00:00:00Z,100.0,100.0,56.6,30,100,0.0
6665,75,2025-06-03T00:00:00Z,100.0,100.0,52.75,30,100,0.0
6666,75,2025-06-04T00:00:00Z,96.43,80.31,71.99,33,100,0.01
6667,75,2025-06-05T00:00:00Z,100.0,80.37,57.44,33,100,0.01
6668,75,2025-06-06T00:00:00Z,89.76,81.35,69.1,33,98,0.02
6669,75,2025-06-07T00:00:00Z,100.0,88.43,71.56,30,96,0.01
6670,75,2025-06-08T00:00:00Z,88.8,97.59,59.56,33,100,0.01
6671,75,2025-06-09T00:00:00Z,90.6,100.0,54.17,30,100,0.01
6672,75,2025-06-10T00:00:00Z,99.53,81.09,58.42,30,100,0.01
6673,75,2025-06-11T00:00:00Z,100.0,100.0,68.21,30,100,0.0
6674,75,2025-06-12T00:00:00Z,100.0,94.53,61.04,35,98,0.01
6675,75,2025-06-13T00:00:00Z,82.99,100.0,57.85,30,100,0.01
6676,75,2025-06-14T00:00:00Z,90.16,100.0,60.22,33,100,0.01
6677,75,2025-06-15T00:00:00Z,100.0,92.71,56.73,30,100,0.0
6678,75,2025-06-16T00:00:00Z,98.98,77.95,61.3,30,100,0.01
6679,75,2025-06-17T00:00:00Z,82.0,97.71,59.27,30,100,0.01
6680,75,2025-06-18T00:00:00Z,89.82,100.0,63.86,33,100,0.01
6681,75,2025-06-19T00:00:00Z,100.0,89.44,52.66,30,100,0.01
6682,75,2025-06-20T00:00:00Z,96.27,79.88,56.69,30,95,0.01
6683,75,2025-06-21T00:00:00Z,100.0,100.0,66.69,32,100,0.0
6684,75,2025-06-22T00:00:00Z,100.0,74.57,71.84,30,98,0.01
6685,75,2025-06-23T00:00:00Z,100.0,100.0,68.27,30,100,0.0
6686,75,2025-06-24T00:00:00Z,96.02,93.22,61.19,30,100,0.01
6687,75,2025-06-25T00:00:00Z,100.0,86.6,61.98,30,100,0.01
6688,75,2025-06-26T00:00:00Z,100.0,81.63,68.86,33,100,0.01
6689,75,2025-06-27T00:00:00Z,100.0,89.21,66.12,30,98,0.01
6690,75,2025-06-28T00:00:00Z,82.45,77.61,68.95,30,100,0.02
6691,75,2025-06-29T00:00:00Z,97.61,100.0,61.66,30,100,0.0
6692,75,2025-06-30T00:00:00Z,86.31,97.55,61.43,30,100,0.01
6693,75,2025-07-01T00:00:00Z,89.4,96.32,58.35,30,100,0.01
6694,75,2025-07-02T00:00:00Z,96.94,100.0,61.94,30,98,0.0
6695,75,2025-07-03T00:00:00Z,100.0,100.0,59.92,30,98,0.0
6696,75,2025-07-04T00:00:00Z,100.0,61.7,54.65,30,100,0.02
6697,75,2025-07-05T00:00:00Z,87.32,100.0,56.56,30,100,0.01
6698,75,2025-07-06T00:00:00Z,100.0,100.0,64.39,30,100,0.0
6699,75,2025-07-07T00:00:00Z,100.0,100.0,65.55,30,90,0.01
6700,75,2025-07-08T00:00:00Z,88.42,75.54,68.39,30,95,0.02
6701,75,2025-07-09T00:00:00Z,100.0,100.0,65.43,33,98,0.0
6702,75,2025-07-10T00:00:00Z,100.0,100.0,61.55,30,100,0.0
6703,75,2025-07-11T00:00:00Z,86.18,89.32,76.75,33,98,0.02
6704,75,2025-07-12T00:00:00Z,100.0,76.9,73.14,30,100,0.01
6705,75,2025-07-13T00:00:00Z,100.0,100.0,55.63,30,100,0.0
6706,75,2025-07-14T00:00:00Z,68.17,100.0,56.79,30,100,0.02
6707,75,2025-07-15T00:00:00Z,82.59,77.02,74.25,30,100,0.02
6708,75,2025-07-16T00:00:00Z,97.68,100.0,55.1,33,100,0.0
6709,75,2025-07-17T00:00:00Z,100.0,95.12,59.81,30,96,0.01
6710,75,2025-07-18T00:00:00Z,100.0,83.94,54.4,30,100,0.01
6711,75,2025-07-19T00:00:00Z,100.0,79.19,65.97,30,100,0.01
6712,75,2025-07-20T00:00:00Z,100.0,100.0,71.5,30,100,0.0
6713,75,2025-07-21T00:00:00Z,100.0,88.61,54.22,30,98,0.01
6714,75,2025-07-22T00:00:00Z,100.0,74.11,57.91,30,100,0.01
6715,75,2025-07-23T00:00:00Z,92.08,100.0,67.56,30,100,0.01
6716,75,2025-07-24T00:00:00Z,80.21,80.64,59.77,30,100,0.02
6717,75,2025-07-25T00:00:00Z,82.99,80.46,70.63,30,98,0.02
6718,75,2025-07-26T00:00:00Z,99.77,74.55,53.86,30,100,0.01
6719,75,2025-07-27T00:00:00Z,93.96,100.0,65.77,30,100,0.01
6720,75,2025-07-28T00:00:00Z,100.0,95.35,73.85,30,95,0.01
6721,75,2025-07-29T00:00:00Z,85.68,58.78,29.71,88,51,12.95
6722,75,2025-07-30T00:00:00Z,80.01,11.75,26.74,70,6,80.68
6723,75,2025-07-31T00:00:00Z,100.0,100.0,56.91,30,94,0.01
6724,75,2025-08-01T00:00:00Z,100.0,100.0,62.32,30,100,0.0
6725,75,2025-08-02T00:00:00Z,82.45,0.0,23.5,53,62,11.48
6726,75,2025-08-03T00:00:00Z,76.89,0.0,21.25,91,0,97.38
6727,75,2025-08-04T00:00:00Z,77.91,0.0,25.42,91,42,81.22
6728,75,2025-08-05T00:00:00Z,80.52,0.0,25.42,95,48,78.14
6729,75,2025-08-06T00:00:00Z,77.59,24.8,25.56,77,29,57.4
6730,75,2025-08-07T00:00:00Z,77.51,0.0,25.69,92,31,89.04
6731,75,2025-08-08T00:00:00Z,78.82,16.55,25.76,92,44,67.2
6732,75,2025-08-09T00:00:00Z,78.71,23.24,21.25,93,39,68.24
6733,75,2025-08-10T00:00:00Z,77.72,28.74,20.83,100,55,55.34
6734,75,2025-08-11T00:00:00Z,94.39,74.96,12.22,47,87,0.07
6735,75,2025-08-12T00:00:00Z,96.96,63.54,20.67,42,92,0.06
6736,75,2025-08-13T00:00:00Z,78.29,16.43,26.53,85,31,72.68
6737,75,2025-08-14T00:00:00Z,85.78,0.66,28.48,64,68,13.29
6738,75,2025-08-15T00:00:00Z,99.82,100.0,61.12,30,100,0.0
6739,75,2025-08-16T00:00:00Z,91.41,38.8,23.18,45,66,0.88
6740,75,2025-08-17T00:00:00Z,75.51,0.0,21.32,92,2,97.45
6741,75,2025-08-18T00:00:00Z,87.64,0.0,24.49,67,61,19.59
6742,75,2025-08-19T00:00:00Z,84.17,100.0,52.64,30,100,0.01
6743,75,2025-08-20T00:00:00Z,82.47,52.15,26.89,61,17,19.78
6744,75,2025-08-21T00:00:00Z,80.37,0.0,26.04,99,27,92.9
6745,75,2025-08-22T00:00:00Z,78.54,0.0,25.42,54,17,61.37
6746,75,2025-08-23T00:00:00Z,95.6,76.22,10.0,41,77,0.07
6747,75,2025-08-24T00:00:00Z,77.59,0.0,22.22,100,3,98.15
6748,75,2025-08-25T00:00:00Z,78.47,0.0,25.28,83,29,83.29
6749,75,2025-08-26T00:00:00Z,77.08,28.68,25.62,95,33,74.06
6750,75,2025-08-27T00:00:00Z,79.18,0.0,25.35,78,32,75.42
6751,76,2025-05-30T00:00:00Z,87.26,100.0,57.64,30,98,0.01
6752,76,2025-05-31T00:00:00Z,100.0,100.0,73.61,33,100,0.0
6753,76,2025-06-01T00:00:00Z,89.77,88.92,74.09,30,100,0.01
6754,76,2025-06-02T00:00:00Z,97.24,94.46,57.89,33,100,0.01
6755,76,2025-06-03T00:00:00Z,96.9,89.19,54.3,40,100,0.01
6756,76,2025-06-04T00:00:00Z,96.67,94.7,58.36,30,100,0.01
6757,76,2025-06-05T00:00:00Z,100.0,86.25,65.61,33,100,0.01
6758,76,2025-06-06T00:00:00Z,95.42,94.73,59.88,30,100,0.01
6759,76,2025-06-07T00:00:00Z,92.59,89.51,57.46,30,100,0.01
6760,76,2025-06-08T00:00:00Z,98.86,99.1,53.42,30,100,0.0
6761,76,2025-06-09T00:00:00Z,100.0,75.6,75.72,30,98,0.01
6762,76,2025-06-10T00:00:00Z,80.16,100.0,56.99,32,100,0.01
6763,76,2025-06-11T00:00:00Z,79.82,90.79,76.78,30,100,0.01
6764,76,2025-06-12T00:00:00Z,98.66,74.2,67.92,30,98,0.01
6765,76,2025-06-13T00:00:00Z,90.47,100.0,59.97,30,100,0.01
6766,76,2025-06-14T00:00:00Z,100.0,80.7,71.04,30,100,0.01
6767,76,2025-06-15T00:00:00Z,81.63,94.36,62.01,30,100,0.01
6768,76,2025-06-16T00:00:00Z,83.8,100.0,54.43,30,100,0.01
6769,76,2025-06-17T00:00:00Z,81.97,100.0,59.49,33,100,0.01
6770,76,2025-06-18T00:00:00Z,91.53,86.26,53.14,30,100,0.01
6771,76,2025-06-19T00:00:00Z,100.0,94.77,56.37,30,100,0.0
6772,76,2025-06-20T00:00:00Z,90.02,100.0,76.79,30,100,0.01
6773,76,2025-06-21T00:00:00Z,99.05,100.0,67.48,30,100,0.0
6774,76,2025-06-22T00:00:00Z,93.41,70.74,65.23,30,100,0.02
6775,76,2025-06-23T00:00:00Z,91.53,100.0,58.81,30,100,0.01
6776,76,2025-06-24T00:00:00Z,89.13,88.12,70.69,30,100,0.01
6777,76,2025-06-25T00:00:00Z,100.0,97.44,68.0,30,100,0.0
6778,76,2025-06-26T00:00:00Z,100.0,89.55,74.02,30,100,0.01
6779,76,2025-06-27T00:00:00Z,98.12,100.0,58.6,33,100,0.0
6780,76,2025-06-28T00:00:00Z,97.99,100.0,60.61,35,98,0.01
6781,76,2025-06-29T00:00:00Z,100.0,100.0,58.25,30,100,0.0
6782,76,2025-06-30T00:00:00Z,98.43,82.36,61.13,30,100,0.01
6783,76,2025-07-01T00:00:00Z,89.08,71.51,54.85,30,100,0.02
6784,76,2025-07-02T00:00:00Z,100.0,100.0,73.63,30,100,0.0
6785,76,2025-07-03T00:00:00Z,100.0,88.92,57.69,30,100,0.01
6786,76,2025-07-04T00:00:00Z,89.56,96.32,67.62,30,96,0.01
6787,76,2025-07-05T00:00:00Z,88.49,96.23,68.93,32,100,0.01
6788,76,2025-07-06T00:00:00Z,93.44,93.94,67.76,30,96,0.01
6789,76,2025-07-07T00:00:00Z,94.67,97.14,61.26,30,100,0.01
6790,76,2025-07-08T00:00:00Z,94.03,100.0,57.16,30,100,0.01
6791,76,2025-07-09T00:00:00Z,100.0,86.44,73.25,33,100,0.01
6792,76,2025-07-10T00:00:00Z,84.17,88.93,55.09,36,100,0.02
6793,76,2025-07-11T00:00:00Z,65.42,87.91,64.79,36,96,0.06
6794,76,2025-07-12T00:00:00Z,87.44,84.97,65.82,30,100,0.01
6795,76,2025-07-13T00:00:00Z,100.0,100.0,76.6,33,100,0.0
6796,76,2025-07-14T00:00:00Z,96.73,100.0,76.68,32,100,0.0
6797,76,2025-07-15T00:00:00Z,93.38,100.0,64.18,30,100,0.01
6798,76,2025-07-16T00:00:00Z,98.72,100.0,65.03,32,100,0.0
6799,76,2025-07-17T00:00:00Z,100.0,63.18,71.42,30,98,0.02
6800,76,2025-07-18T00:00:00Z,80.75,84.57,68.83,30,100,0.02
6801,76,2025-07-19T00:00:00Z,100.0,99.27,73.62,30,100,0.0
6802,76,2025-07-20T00:00:00Z,92.44,63.61,64.0,33,100,0.03
6803,76,2025-07-21T00:00:00Z,83.61,66.9,56.84,30,100,0.03
6804,76,2025-07-22T00:00:00Z,86.59,94.75,72.13,33,100,0.01
6805,76,2025-07-23T00:00:00Z,86.08,100.0,52.88,30,100,0.01
6806,76,2025-07-24T00:00:00Z,88.62,100.0,65.94,33,100,0.01
6807,76,2025-07-25T00:00:00Z,100.0,64.71,65.13,32,100,0.02
6808,76,2025-07-26T00:00:00Z,100.0,89.64,61.16,30,100,0.01
6809,76,2025-07-27T00:00:00Z,83.67,90.51,74.27,32,100,0.01
6810,76,2025-07-28T00:00:00Z,96.12,64.37,60.72,30,100,0.02
6811,76,2025-07-29T00:00:00Z,86.19,0.0,37.14,75,51,41.11
6812,76,2025-07-30T00:00:00Z,83.98,33.44,35.56,79,10,66.89
6813,76,2025-07-31T00:00:00Z,81.56,0.0,34.79,100,4,97.64
6814,76,2025-08-01T00:00:00Z,81.33,0.0,35.56,90,0,96.56
6815,76,2025-08-02T00:00:00Z,81.75,0.0,34.72,84,19,88.11
6816,76,2025-08-03T00:00:00Z,79.88,57.8,35.83,100,32,52.35
6817,76,2025-08-04T00:00:00Z,87.86,28.38,32.38,83,21,59.92
6818,76,2025-08-05T00:00:00Z,99.4,90.18,56.74,30,100,0.01
6819,76,2025-08-06T00:00:00Z,84.38,29.97,35.73,96,54,41.15
6820,76,2025-08-07T00:00:00Z,80.06,6.76,34.79,83,28,78.7
6821,76,2025-08-08T00:00:00Z,81.71,3.14,34.31,62,40,37.97
6822,76,2025-08-09T00:00:00Z,82.2,0.0,35.76,83,53,55.48
6823,76,2025-08-10T00:00:00Z,82.85,37.55,34.65,87,31,50.64
6824,76,2025-08-11T00:00:00Z,92.99,64.53,27.41,38,81,0.09
6825,76,2025-08-12T00:00:00Z,94.96,87.82,39.56,44,69,0.08
6826,76,2025-08-13T00:00:00Z,80.91,19.81,34.58,93,4,92.71
6827,76,2025-08-14T00:00:00Z,79.46,11.94,34.86,98,15,93.58
6828,76,2025-08-15T00:00:00Z,79.81,0.0,35.76,87,44,73.68
6829,76,2025-08-16T00:00:00Z,81.25,5.59,34.65,83,38,68.87
6830,76,2025-08-17T00:00:00Z,79.88,0.0,34.1,93,53,71.83
6831,76,2025-08-18T00:00:00Z,81.57,13.01,34.17,71,9,77.05
6832,76,2025-08-19T00:00:00Z,80.34,0.0,34.31,86,27,85.73
6833,76,2025-08-20T00:00:00Z,87.77,12.14,33.84,61,39,23.79
6834,76,2025-08-21T00:00:00Z,83.75,100.0,57.46,30,100,0.01
6835,76,2025-08-22T00:00:00Z,96.37,71.14,40.0,30,82,0.03
6836,76,2025-08-23T00:00:00Z,78.17,0.0,33.54,83,14,91.46
6837,76,2025-08-24T00:00:00Z,80.27,1.27,34.1,77,26,77.83
6838,76,2025-08-25T00:00:00Z,80.52,2.64,35.28,88,26,86.39
6839,76,2025-08-26T00:00:00Z,81.82,2.19,33.89,86,32,79.92
6840,76,2025-08-27T00:00:00Z,79.46,24.42,35.14,77,43,38.23
6841,77,2025-05-30T00:00:00Z,86.03,99.8,75.74,37,96,0.01
6842,77,2025-05-31T00:00:00Z,89.31,98.23,70.38,33,100,0.01
6843,77,2025-06-01T00:00:00Z,91.1,77.03,60.29,30,93,0.02
6844,77,2025-06-02T00:00:00Z,100.0,73.54,59.85,30,96,0.01
6845,77,2025-06-03T00:00:00Z,100.0,76.34,68.8,32,95,0.01
6846,77,2025-06-04T00:00:00Z,100.0,91.16,66.19,30,96,0.01
6847,77,2025-06-05T00:00:00Z,86.36,95.83,63.23,30,100,0.01
6848,77,2025-06-06T00:00:00Z,99.82,100.0,57.36,30,98,0.0
6849,77,2025-06-07T00:00:00Z,88.88,87.87,72.51,30,100,0.01
6850,77,2025-06-08T00:00:00Z,94.7,100.0,74.58,30,100,0.0
6851,77,2025-06-09T00:00:00Z,96.17,96.8,64.13,30,100,0.01
6852,77,2025-06-10T00:00:00Z,87.39,78.89,57.5,33,98,0.02
6853,77,2025-06-11T00:00:00Z,100.0,89.7,59.21,33,94,0.01
6854,77,2025-06-12T00:00:00Z,91.66,100.0,74.05,30,100,0.01
6855,77,2025-06-13T00:00:00Z,100.0,65.25,70.24,30,92,0.02
6856,77,2025-06-14T00:00:00Z,95.89,87.8,54.54,30,100,0.01
6857,77,2025-06-15T00:00:00Z,92.71,80.2,67.83,30,98,0.01
6858,77,2025-06-16T00:00:00Z,98.77,83.13,66.32,30,94,0.01
6859,77,2025-06-17T00:00:00Z,90.99,100.0,53.92,30,100,0.01
6860,77,2025-06-18T00:00:00Z,90.01,79.92,62.98,30,100,0.01
6861,77,2025-06-19T00:00:00Z,95.13,92.7,62.12,33,100,0.01
6862,77,2025-06-20T00:00:00Z,84.4,71.03,53.46,30,100,0.03
6863,77,2025-06-21T00:00:00Z,100.0,100.0,72.23,33,96,0.01
6864,77,2025-06-22T00:00:00Z,87.81,100.0,59.37,30,94,0.01
6865,77,2025-06-23T00:00:00Z,90.74,88.08,62.06,30,100,0.01
6866,77,2025-06-24T00:00:00Z,98.0,74.51,54.75,30,100,0.01
6867,77,2025-06-25T00:00:00Z,100.0,87.82,64.78,30,98,0.01
6868,77,2025-06-26T00:00:00Z,92.04,59.77,64.78,36,100,0.04
6869,77,2025-06-27T00:00:00Z,89.42,94.9,67.09,33,98,0.01
6870,77,2025-06-28T00:00:00Z,86.17,100.0,62.69,33,100,0.01
6871,77,2025-06-29T00:00:00Z,100.0,94.92,70.24,30,100,0.0
6872,77,2025-06-30T00:00:00Z,81.41,91.19,72.27,33,100,0.02
6873,77,2025-07-01T00:00:00Z,100.0,87.25,64.25,33,95,0.01
6874,77,2025-07-02T00:00:00Z,96.33,100.0,71.63,30,100,0.0
6875,77,2025-07-03T00:00:00Z,86.08,83.43,61.4,30,100,0.01
6876,77,2025-07-04T00:00:00Z,100.0,76.75,65.91,30,98,0.01
6877,77,2025-07-05T00:00:00Z,94.5,84.38,61.82,30,100,0.01
6878,77,2025-07-06T00:00:00Z,92.94,77.33,58.91,30,100,0.01
6879,77,2025-07-07T00:00:00Z,91.51,83.39,65.94,33,100,0.01
6880,77,2025-07-08T00:00:00Z,85.65,100.0,55.52,33,100,0.01
6881,77,2025-07-09T00:00:00Z,99.02,91.89,56.37,30,98,0.01
6882,77,2025-07-10T00:00:00Z,98.71,100.0,60.5,30,98,0.0
6883,77,2025-07-11T00:00:00Z,100.0,85.92,70.57,30,93,0.01
6884,77,2025-07-12T00:00:00Z,97.52,93.58,76.34,33,100,0.01
6885,77,2025-07-13T00:00:00Z,100.0,100.0,61.95,30,98,0.0
6886,77,2025-07-14T00:00:00Z,92.96,98.06,61.09,30,93,0.01
6887,77,2025-07-15T00:00:00Z,89.68,73.59,53.38,30,98,0.02
6888,77,2025-07-16T00:00:00Z,100.0,83.35,72.53,33,100,0.01
6889,77,2025-07-17T00:00:00Z,83.82,77.88,60.95,30,100,0.02
6890,77,2025-07-18T00:00:00Z,78.88,93.36,66.95,35,94,0.03
6891,77,2025-07-19T00:00:00Z,85.79,100.0,54.53,33,98,0.01
6892,77,2025-07-20T00:00:00Z,100.0,90.32,62.61,32,98,0.01
6893,77,2025-07-21T00:00:00Z,100.0,100.0,64.81,30,98,0.0
6894,77,2025-07-22T00:00:00Z,100.0,100.0,65.87,30,98,0.0
6895,77,2025-07-23T00:00:00Z,100.0,84.11,73.37,30,94,0.01
6896,77,2025-07-24T00:00:00Z,89.37,88.97,56.2,30,98,0.01
6897,77,2025-07-25T00:00:00Z,100.0,98.22,70.62,30,98,0.0
6898,77,2025-07-26T00:00:00Z,100.0,80.13,75.99,30,93,0.01
6899,77,2025-07-27T00:00:00Z,97.15,91.34,53.67,30,100,0.01
6900,77,2025-07-28T00:00:00Z,97.13,100.0,54.34,30,100,0.0
6901,77,2025-07-29T00:00:00Z,100.0,98.21,70.01,30,100,0.0
6902,77,2025-07-30T00:00:00Z,91.8,70.66,70.72,33,100,0.02
6903,77,2025-07-31T00:00:00Z,87.52,15.37,36.06,100,36,77.02
6904,77,2025-08-01T00:00:00Z,80.35,0.0,34.86,100,0,98.17
6905,77,2025-08-02T00:00:00Z,79.78,0.0,34.51,100,0,98.22
6906,77,2025-08-03T00:00:00Z,80.78,0.0,35.42,100,0,98.13
6907,77,2025-08-04T00:00:00Z,79.78,0.0,34.86,100,24,94.33
6908,77,2025-08-05T00:00:00Z,80.05,0.0,33.96,100,31,92.04
6909,77,2025-08-06T00:00:00Z,82.2,0.0,35.83,100,17,95.43
6910,77,2025-08-07T00:00:00Z,80.69,0.0,33.96,100,0,98.14
6911,77,2025-08-08T00:00:00Z,80.11,0.0,35.21,100,15,96.25
6912,77,2025-08-09T00:00:00Z,81.24,0.0,35.28,100,16,95.84
6913,77,2025-08-10T00:00:00Z,80.34,0.0,34.79,100,0,98.17
6914,77,2025-08-11T00:00:00Z,93.31,19.27,32.22,67,49,13.4
6915,77,2025-08-12T00:00:00Z,83.08,0.0,34.58,100,0,97.91
6916,77,2025-08-13T00:00:00Z,82.81,0.0,34.93,100,29,91.76
6917,77,2025-08-14T00:00:00Z,80.31,0.0,34.24,100,25,93.9
6918,77,2025-08-15T00:00:00Z,81.45,0.0,34.51,100,2,97.87
6919,77,2025-08-16T00:00:00Z,83.6,0.0,34.74,100,0,97.85
6920,77,2025-08-17T00:00:00Z,98.44,92.7,67.08,30,100,0.01
6921,77,2025-08-18T00:00:00Z,100.0,81.55,13.33,42,91,0.03
6922,77,2025-08-19T00:00:00Z,78.07,0.0,25.49,100,0,98.36
6923,77,2025-08-20T00:00:00Z,78.43,0.0,25.14,100,0,98.34
6924,77,2025-08-21T00:00:00Z,80.38,0.0,27.65,100,0,98.17
6925,77,2025-08-22T00:00:00Z,75.57,64.22,56.99,30,100,0.05
6926,77,2025-08-23T00:00:00Z,83.07,0.0,36.16,100,19,94.77
6927,77,2025-08-24T00:00:00Z,80.87,0.0,33.68,100,0,98.12
6928,77,2025-08-25T00:00:00Z,80.39,0.0,34.93,100,0,98.17
6929,77,2025-08-26T00:00:00Z,79.16,0.0,33.82,100,0,98.27
6930,77,2025-08-27T00:00:00Z,81.25,0.0,35.14,97,5,97.09
6931,78,2025-05-30T00:00:00Z,100.0,98.83,53.31,32,100,0.0
6932,78,2025-05-31T00:00:00Z,94.83,76.05,71.3,30,100,0.01
6933,78,2025-06-01T00:00:00Z,100.0,81.92,54.12,30,100,0.01
6934,78,2025-06-02T00:00:00Z,90.7,78.71,55.12,33,98,0.02
6935,78,2025-06-03T00:00:00Z,100.0,97.59,63.14,33,100,0.0
6936,78,2025-06-04T00:00:00Z,100.0,63.6,64.16,30,98,0.02
6937,78,2025-06-05T00:00:00Z,95.38,100.0,75.46,30,100,0.0
6938,78,2025-06-06T00:00:00Z,82.18,100.0,65.95,33,100,0.01
6939,78,2025-06-07T00:00:00Z,95.39,87.04,69.66,30,96,0.01
6940,78,2025-06-08T00:00:00Z,97.64,69.94,60.7,30,100,0.01
6941,78,2025-06-09T00:00:00Z,92.1,100.0,64.33,33,100,0.01
6942,78,2025-06-10T00:00:00Z,100.0,80.59,61.95,33,100,0.01
6943,78,2025-06-11T00:00:00Z,83.87,94.27,59.19,30,100,0.01
6944,78,2025-06-12T00:00:00Z,74.99,77.65,58.59,33,100,0.04
6945,78,2025-06-13T00:00:00Z,100.0,100.0,53.77,30,96,0.0
6946,78,2025-06-14T00:00:00Z,97.98,100.0,71.89,30,98,0.0
6947,78,2025-06-15T00:00:00Z,100.0,99.51,56.77,30,100,0.0
6948,78,2025-06-16T00:00:00Z,100.0,84.02,74.44,30,100,0.01
6949,78,2025-06-17T00:00:00Z,84.08,97.83,54.79,33,100,0.01
6950,78,2025-06-18T00:00:00Z,100.0,81.82,64.2,30,95,0.01
6951,78,2025-06-19T00:00:00Z,87.93,84.79,58.86,36,98,0.02
6952,78,2025-06-20T00:00:00Z,94.87,85.14,62.26,30,95,0.01
6953,78,2025-06-21T00:00:00Z,96.55,91.37,57.3,33,100,0.01
6954,78,2025-06-22T00:00:00Z,96.81,100.0,60.47,36,96,0.01
6955,78,2025-06-23T00:00:00Z,100.0,100.0,55.56,30,98,0.0
6956,78,2025-06-24T00:00:00Z,100.0,68.18,72.9,30,100,0.01
6957,78,2025-06-25T00:00:00Z,92.93,99.68,76.12,32,100,0.01
6958,78,2025-06-26T00:00:00Z,99.49,87.69,59.28,33,100,0.01
6959,78,2025-06-27T00:00:00Z,100.0,88.36,56.54,30,98,0.01
6960,78,2025-06-28T00:00:00Z,100.0,100.0,76.17,30,100,0.0
6961,78,2025-06-29T00:00:00Z,90.09,100.0,58.19,30,100,0.01
6962,78,2025-06-30T00:00:00Z,92.15,73.73,74.68,33,100,0.02
6963,78,2025-07-01T00:00:00Z,80.93,95.53,65.28,35,100,0.02
6964,78,2025-07-02T00:00:00Z,88.34,100.0,57.77,30,100,0.01
6965,78,2025-07-03T00:00:00Z,96.37,97.31,67.79,39,100,0.01
6966,78,2025-07-04T00:00:00Z,100.0,80.85,72.97,30,100,0.01
6967,78,2025-07-05T00:00:00Z,100.0,100.0,65.18,30,100,0.0
6968,78,2025-07-06T00:00:00Z,100.0,63.36,76.64,30,100,0.02
6969,78,2025-07-07T00:00:00Z,96.51,88.01,60.53,36,98,0.01
6970,78,2025-07-08T00:00:00Z,100.0,80.24,59.68,30,98,0.01
6971,78,2025-07-09T00:00:00Z,98.51,100.0,73.03,30,98,0.0
6972,78,2025-07-10T00:00:00Z,100.0,84.8,60.24,30,100,0.01
6973,78,2025-07-11T00:00:00Z,100.0,99.89,52.93,35,100,0.01
6974,78,2025-07-12T00:00:00Z,90.37,100.0,71.22,33,98,0.01
6975,78,2025-07-13T00:00:00Z,100.0,100.0,76.23,30,100,0.0
6976,78,2025-07-14T00:00:00Z,96.89,98.88,55.88,33,100,0.01
6977,78,2025-07-15T00:00:00Z,100.0,100.0,57.22,33,100,0.0
6978,78,2025-07-16T00:00:00Z,100.0,93.47,54.42,30,100,0.0
6979,78,2025-07-17T00:00:00Z,83.5,85.07,59.0,30,100,0.02
6980,78,2025-07-18T00:00:00Z,100.0,97.08,58.86,30,100,0.0
6981,78,2025-07-19T00:00:00Z,97.98,100.0,72.95,30,100,0.0
6982,78,2025-07-20T00:00:00Z,85.23,96.78,67.45,33,100,0.01
6983,78,2025-07-21T00:00:00Z,84.19,89.9,56.58,30,100,0.01
6984,78,2025-07-22T00:00:00Z,100.0,100.0,56.53,30,96,0.0
6985,78,2025-07-23T00:00:00Z,96.25,92.31,57.21,30,100,0.01
6986,78,2025-07-24T00:00:00Z,100.0,100.0,65.39,30,100,0.0
6987,78,2025-07-25T00:00:00Z,91.42,72.17,66.58,30,100,0.02
6988,78,2025-07-26T00:00:00Z,88.36,95.4,59.27,30,100,0.01
6989,78,2025-07-27T00:00:00Z,93.22,100.0,56.42,33,100,0.01
6990,78,2025-07-28T00:00:00Z,100.0,100.0,59.21,33,100,0.0
6991,78,2025-07-29T00:00:00Z,100.0,74.97,69.4,33,100,0.01
6992,78,2025-07-30T00:00:00Z,89.97,58.02,27.5,57,64,1.0
6993,78,2025-07-31T00:00:00Z,79.02,0.0,25.42,88,16,92.61
6994,78,2025-08-01T00:00:00Z,78.51,0.0,25.76,99,40,88.23
6995,78,2025-08-02T00:00:00Z,76.44,0.0,20.97,85,47,71.66
6996,78,2025-08-03T00:00:00Z,77.27,4.4,21.94,99,30,91.69
6997,78,2025-08-04T00:00:00Z,78.58,0.0,26.04,77,41,65.5
6998,78,2025-08-05T00:00:00Z,78.95,21.63,25.14,100,42,74.79
6999,78,2025-08-06T00:00:00Z,79.16,18.24,26.18,84,17,81.8
7000,78,2025-08-07T00:00:00Z,87.04,0.0,24.52,57,59,13.21
7001,78,2025-08-08T00:00:00Z,100.0,100.0,69.28,30,95,0.0
7002,78,2025-08-09T00:00:00Z,84.09,1.18,24.95,90,37,78.56
7003,78,2025-08-10T00:00:00Z,77.43,0.0,20.9,96,18,95.2
7004,78,2025-08-11T00:00:00Z,77.82,0.0,25.76,95,25,92.82
7005,78,2025-08-12T00:00:00Z,79.13,0.0,25.21,95,0,97.69
7006,78,2025-08-13T00:00:00Z,80.12,0.0,25.07,98,4,97.53
7007,78,2025-08-14T00:00:00Z,80.71,0.0,25.0,99,13,96.28
7008,78,2025-08-15T00:00:00Z,77.83,0.0,25.42,100,17,96.3
7009,78,2025-08-16T00:00:00Z,77.78,0.0,22.15,69,21,76.87
7010,78,2025-08-17T00:00:00Z,76.79,0.0,20.97,100,12,97.24
7011,78,2025-08-18T00:00:00Z,78.85,0.0,25.76,100,19,95.72
7012,78,2025-08-19T00:00:00Z,77.63,0.0,25.62,81,27,83.59
7013,78,2025-08-20T00:00:00Z,77.84,0.0,26.04,100,2,98.22
7014,78,2025-08-21T00:00:00Z,93.16,72.86,12.12,45,92,0.06
7015,78,2025-08-22T00:00:00Z,76.64,94.79,59.73,30,100,0.01
7016,78,2025-08-23T00:00:00Z,88.88,0.81,33.21,59,65,10.1
7017,78,2025-08-24T00:00:00Z,79.78,3.27,33.68,97,0,97.59
7018,78,2025-08-25T00:00:00Z,81.1,0.0,34.44,100,34,90.42
7019,78,2025-08-26T00:00:00Z,80.4,0.0,33.96,100,20,95.17
7020,78,2025-08-27T00:00:00Z,80.35,0.0,34.65,98,12,96.31
7021,79,2025-05-30T00:00:00Z,95.17,61.79,56.45,36,98,0.03
7022,79,2025-05-31T00:00:00Z,83.83,76.71,60.97,30,100,0.02
7023,79,2025-06-01T00:00:00Z,97.27,100.0,62.69,33,100,0.01
7024,79,2025-06-02T00:00:00Z,94.45,97.41,59.8,30,98,0.01
7025,79,2025-06-03T00:00:00Z,95.45,96.3,53.38,32,100,0.01
7026,79,2025-06-04T00:00:00Z,100.0,66.47,71.82,33,100,0.02
7027,79,2025-06-05T00:00:00Z,100.0,100.0,73.04,33,100,0.0
7028,79,2025-06-06T00:00:00Z,87.21,53.91,62.54,33,100,0.05
7029,79,2025-06-07T00:00:00Z,100.0,80.61,73.7,33,100,0.01
7030,79,2025-06-08T00:00:00Z,100.0,70.03,63.54,30,96,0.02
7031,79,2025-06-09T00:00:00Z,100.0,98.7,53.33,30,100,0.0
7032,79,2025-06-10T00:00:00Z,100.0,98.55,72.33,33,100,0.0
7033,79,2025-06-11T00:00:00Z,100.0,94.32,62.69,33,100,0.01
7034,79,2025-06-12T00:00:00Z,100.0,77.32,65.51,30,100,0.01
7035,79,2025-06-13T00:00:00Z,100.0,77.26,72.99,30,100,0.01
7036,79,2025-06-14T00:00:00Z,100.0,100.0,54.69,36,100,0.01
7037,79,2025-06-15T00:00:00Z,83.53,76.02,53.95,32,98,0.03
7038,79,2025-06-16T00:00:00Z,71.75,64.34,69.03,33,100,0.08
7039,79,2025-06-17T00:00:00Z,98.89,100.0,64.95,30,100,0.0
7040,79,2025-06-18T00:00:00Z,99.99,73.38,62.21,32,98,0.01
7041,79,2025-06-19T00:00:00Z,100.0,100.0,75.59,33,100,0.0
7042,79,2025-06-20T00:00:00Z,90.41,55.0,73.34,30,100,0.04
7043,79,2025-06-21T00:00:00Z,96.79,100.0,65.56,33,98,0.01
7044,79,2025-06-22T00:00:00Z,79.63,100.0,69.0,30,100,0.01
7045,79,2025-06-23T00:00:00Z,100.0,100.0,70.95,30,96,0.0
7046,79,2025-06-24T00:00:00Z,92.45,88.63,58.91,33,98,0.01
7047,79,2025-06-25T00:00:00Z,100.0,96.2,68.35,30,100,0.0
7048,79,2025-06-26T00:00:00Z,87.47,62.82,57.34,30,100,0.03
7049,79,2025-06-27T00:00:00Z,87.84,100.0,63.29,30,98,0.01
7050,79,2025-06-28T00:00:00Z,96.88,94.15,72.44,32,100,0.01
7051,79,2025-06-29T00:00:00Z,87.38,80.76,57.5,33,100,0.02
7052,79,2025-06-30T00:00:00Z,90.44,90.0,52.74,30,98,0.01
7053,79,2025-07-01T00:00:00Z,87.84,95.54,54.92,30,98,0.01
7054,79,2025-07-02T00:00:00Z,94.15,100.0,64.6,30,100,0.0
7055,79,2025-07-03T00:00:00Z,95.98,76.65,74.86,32,100,0.01
7056,79,2025-07-04T00:00:00Z,91.75,100.0,71.97,33,100,0.01
7057,79,2025-07-05T00:00:00Z,100.0,77.78,66.39,42,100,0.02
7058,79,2025-07-06T00:00:00Z,100.0,91.03,63.6,30,100,0.01
7059,79,2025-07-07T00:00:00Z,92.72,100.0,65.32,33,100,0.01
7060,79,2025-07-08T00:00:00Z,100.0,99.34,59.15,36,100,0.01
7061,79,2025-07-09T00:00:00Z,93.62,77.87,63.9,30,100,0.01
7062,79,2025-07-10T00:00:00Z,86.04,100.0,64.29,33,100,0.01
7063,79,2025-07-11T00:00:00Z,99.6,84.44,52.84,33,100,0.01
7064,79,2025-07-12T00:00:00Z,79.33,88.74,59.79,30,98,0.02
7065,79,2025-07-13T00:00:00Z,98.37,60.22,73.0,36,100,0.03
7066,79,2025-07-14T00:00:00Z,100.0,78.49,60.7,39,100,0.02
7067,79,2025-07-15T00:00:00Z,100.0,77.31,64.35,36,96,0.02
7068,79,2025-07-16T00:00:00Z,100.0,90.91,76.13,33,98,0.01
7069,79,2025-07-17T00:00:00Z,83.83,86.87,69.21,33,100,0.02
7070,79,2025-07-18T00:00:00Z,93.46,80.93,64.82,30,100,0.01
7071,79,2025-07-19T00:00:00Z,100.0,100.0,55.81,30,100,0.0
7072,79,2025-07-20T00:00:00Z,74.95,73.81,57.06,36,93,0.08
7073,79,2025-07-21T00:00:00Z,91.56,99.06,53.12,30,100,0.01
7074,79,2025-07-22T00:00:00Z,89.45,84.26,71.03,30,98,0.01
7075,79,2025-07-23T00:00:00Z,96.26,100.0,76.7,30,100,0.0
7076,79,2025-07-24T00:00:00Z,100.0,61.66,74.07,33,100,0.02
7077,79,2025-07-25T00:00:00Z,97.32,97.85,72.97,30,100,0.0
7078,79,2025-07-26T00:00:00Z,95.96,84.83,54.15,30,100,0.01
7079,79,2025-07-27T00:00:00Z,98.97,68.48,72.46,36,96,0.02
7080,79,2025-07-28T00:00:00Z,94.24,100.0,54.12,30,100,0.0
7081,79,2025-07-29T00:00:00Z,84.01,0.0,30.67,100,31,90.46
7082,79,2025-07-30T00:00:00Z,78.0,0.0,26.25,100,0,98.37
7083,79,2025-07-31T00:00:00Z,77.8,0.0,24.72,100,0,98.39
7084,79,2025-08-01T00:00:00Z,78.44,0.0,25.49,100,0,98.33
7085,79,2025-08-02T00:00:00Z,76.02,0.0,21.87,100,0,98.52
7086,79,2025-08-03T00:00:00Z,90.97,56.43,9.76,52,71,0.53
7087,79,2025-08-04T00:00:00Z,80.54,0.0,27.29,100,13,96.52
7088,79,2025-08-05T00:00:00Z,79.98,0.0,25.69,100,4,97.81
7089,79,2025-08-06T00:00:00Z,78.96,0.0,25.69,100,3,98.02
7090,79,2025-08-07T00:00:00Z,78.75,0.0,26.25,100,0,98.31
7091,79,2025-08-08T00:00:00Z,77.1,0.0,25.49,100,0,98.44
7092,79,2025-08-09T00:00:00Z,76.64,0.0,21.74,100,4,98.14
7093,79,2025-08-10T00:00:00Z,98.04,68.94,10.0,52,86,0.11
7094,79,2025-08-11T00:00:00Z,78.82,0.0,24.93,100,0,98.3
7095,79,2025-08-12T00:00:00Z,78.73,0.0,25.96,100,0,98.31
7096,79,2025-08-13T00:00:00Z,92.0,100.0,66.24,30,98,0.01
7097,79,2025-08-14T00:00:00Z,88.67,0.0,31.72,97,41,79.19
7098,79,2025-08-15T00:00:00Z,78.57,0.0,25.56,100,0,98.32
7099,79,2025-08-16T00:00:00Z,78.1,0.0,21.87,100,0,98.36
7100,79,2025-08-17T00:00:00Z,77.3,0.0,21.67,100,0,98.42
7101,79,2025-08-18T00:00:00Z,85.7,43.92,13.65,84,57,13.57
7102,79,2025-08-19T00:00:00Z,77.1,0.0,25.9,100,29,93.67
7103,79,2025-08-20T00:00:00Z,82.72,0.0,26.44,100,0,97.94
7104,79,2025-08-21T00:00:00Z,100.0,59.7,71.43,30,100,0.02
7105,79,2025-08-22T00:00:00Z,99.96,86.33,65.05,36,98,0.01
7106,79,2025-08-23T00:00:00Z,79.62,0.0,23.37,100,0,98.23
7107,79,2025-08-24T00:00:00Z,100.0,44.9,10.91,42,94,0.09
7108,79,2025-08-25T00:00:00Z,97.34,82.92,62.9,36,95,0.02
7109,79,2025-08-26T00:00:00Z,86.9,0.0,30.6,78,54,40.97
7110,79,2025-08-27T00:00:00Z,79.31,0.0,25.21,100,0,98.26
7111,80,2025-05-30T00:00:00Z,100.0,100.0,74.09,41,96,0.01
7112,80,2025-05-31T00:00:00Z,73.98,86.9,69.8,38,100,0.04
7113,80,2025-06-01T00:00:00Z,92.67,94.11,64.31,38,96,0.01
7114,80,2025-06-02T00:00:00Z,100.0,97.11,58.06,47,96,0.01
7115,80,2025-06-03T00:00:00Z,99.05,97.8,75.81,38,100,0.01
7116,80,2025-06-04T00:00:00Z,95.02,94.31,67.48,38,100,0.01
7117,80,2025-06-05T00:00:00Z,98.96,97.41,73.43,38,100,0.01
7118,80,2025-06-06T00:00:00Z,96.66,92.46,68.09,40,96,0.01
7119,80,2025-06-07T00:00:00Z,90.61,100.0,61.92,44,98,0.02
7120,80,2025-06-08T00:00:00Z,100.0,100.0,55.85,38,100,0.01
7121,80,2025-06-09T00:00:00Z,73.05,65.3,52.64,41,100,0.11
7122,80,2025-06-10T00:00:00Z,100.0,93.53,74.03,38,98,0.01
7123,80,2025-06-11T00:00:00Z,93.87,63.33,57.13,38,98,0.04
7124,80,2025-06-12T00:00:00Z,85.86,88.12,71.2,41,93,0.03
7125,80,2025-06-13T00:00:00Z,78.65,100.0,54.0,41,98,0.02
7126,80,2025-06-14T00:00:00Z,98.19,100.0,54.78,41,98,0.01
7127,80,2025-06-15T00:00:00Z,94.75,97.39,68.09,41,98,0.01
7128,80,2025-06-16T00:00:00Z,100.0,92.71,56.64,44,93,0.02
7129,80,2025-06-17T00:00:00Z,95.84,81.43,76.89,41,96,0.02
7130,80,2025-06-18T00:00:00Z,100.0,86.98,70.59,38,96,0.01
7131,80,2025-06-19T00:00:00Z,100.0,99.87,66.91,44,98,0.01
7132,80,2025-06-20T00:00:00Z,94.46,82.53,73.85,38,100,0.02
7133,80,2025-06-21T00:00:00Z,98.38,71.21,60.34,41,98,0.03
7134,80,2025-06-22T00:00:00Z,100.0,61.82,63.48,41,96,0.04
7135,80,2025-06-23T00:00:00Z,99.82,67.02,54.27,41,98,0.03
7136,80,2025-06-24T00:00:00Z,87.08,68.98,70.37,44,100,0.06
7137,80,2025-06-25T00:00:00Z,99.72,93.47,75.3,38,98,0.01
7138,80,2025-06-26T00:00:00Z,93.75,100.0,62.18,44,93,0.02
7139,80,2025-06-27T00:00:00Z,93.62,99.75,75.34,38,100,0.01
7140,80,2025-06-28T00:00:00Z,100.0,66.61,74.59,38,100,0.02
7141,80,2025-06-29T00:00:00Z,69.97,85.85,59.6,38,96,0.06
7142,80,2025-06-30T00:00:00Z,100.0,62.23,56.85,41,98,0.04
7143,80,2025-07-01T00:00:00Z,87.02,62.97,53.77,38,98,0.06
7144,80,2025-07-02T00:00:00Z,82.13,73.04,61.52,38,98,0.05
7145,80,2025-07-03T00:00:00Z,100.0,58.17,68.81,38,98,0.04
7146,80,2025-07-04T00:00:00Z,86.27,71.46,55.06,40,100,0.04
7147,80,2025-07-05T00:00:00Z,100.0,87.96,74.27,38,100,0.01
7148,80,2025-07-06T00:00:00Z,100.0,63.86,66.21,38,98,0.03
7149,80,2025-07-07T00:00:00Z,89.58,78.49,61.84,44,100,0.03
7150,80,2025-07-08T00:00:00Z,100.0,86.78,61.6,38,96,0.01
7151,80,2025-07-09T00:00:00Z,94.88,55.0,56.94,38,96,0.06
7152,80,2025-07-10T00:00:00Z,85.45,61.17,60.51,44,98,0.09
7153,80,2025-07-11T00:00:00Z,93.21,75.6,59.36,44,100,0.03
7154,80,2025-07-12T00:00:00Z,88.49,57.92,57.84,38,98,0.06
7155,80,2025-07-13T00:00:00Z,92.71,89.62,55.2,44,100,0.02
7156,80,2025-07-14T00:00:00Z,100.0,77.33,62.53,47,100,0.03
7157,80,2025-07-15T00:00:00Z,93.69,90.3,63.54,41,100,0.01
7158,80,2025-07-16T00:00:00Z,100.0,76.12,59.19,41,100,0.02
7159,80,2025-07-17T00:00:00Z,100.0,83.77,75.46,38,100,0.01
7160,80,2025-07-18T00:00:00Z,87.4,100.0,59.89,41,96,0.02
7161,80,2025-07-19T00:00:00Z,99.71,80.71,59.84,38,98,0.01
7162,80,2025-07-20T00:00:00Z,100.0,79.54,54.93,38,100,0.01
7163,80,2025-07-21T00:00:00Z,98.91,100.0,69.04,41,98,0.01
7164,80,2025-07-22T00:00:00Z,100.0,98.98,70.22,38,100,0.01
7165,80,2025-07-23T00:00:00Z,100.0,81.66,68.79,38,96,0.02
7166,80,2025-07-24T00:00:00Z,100.0,97.85,72.38,41,98,0.01
7167,80,2025-07-25T00:00:00Z,89.84,71.57,58.36,38,100,0.03
7168,80,2025-07-26T00:00:00Z,89.66,85.74,70.91,38,95,0.02
7169,80,2025-07-27T00:00:00Z,89.83,88.32,74.53,44,100,0.02
7170,80,2025-07-28T00:00:00Z,100.0,88.47,67.04,46,100,0.02
7171,80,2025-07-29T00:00:00Z,97.1,32.83,24.44,56,90,0.49
7172,80,2025-07-30T00:00:00Z,79.03,81.34,57.45,41,100,0.04
7173,80,2025-07-31T00:00:00Z,92.94,0.0,12.22,82,48,46.83
7174,80,2025-08-01T00:00:00Z,84.74,0.0,29.91,100,0,97.73
7175,80,2025-08-02T00:00:00Z,95.24,45.64,11.23,96,83,4.84
7176,80,2025-08-03T00:00:00Z,77.48,0.0,21.25,100,0,98.41
7177,80,2025-08-04T00:00:00Z,82.91,0.0,29.52,100,0,97.93
7178,80,2025-08-05T00:00:00Z,90.98,63.28,66.95,38,100,0.04
7179,80,2025-08-06T00:00:00Z,100.0,85.37,10.67,43,96,0.02
7180,80,2025-08-07T00:00:00Z,77.58,0.0,24.51,100,0,98.4
7181,80,2025-08-08T00:00:00Z,78.23,0.0,26.39,100,0,98.35
7182,80,2025-08-09T00:00:00Z,77.73,0.0,21.32,100,12,97.11
7183,80,2025-08-10T00:00:00Z,77.48,0.0,21.67,100,0,98.41
7184,80,2025-08-11T00:00:00Z,78.7,0.0,25.35,100,4,97.95
7185,80,2025-08-12T00:00:00Z,78.06,0.0,24.65,100,0,98.37
7186,80,2025-08-13T00:00:00Z,79.8,0.0,26.01,100,0,98.22
7187,80,2025-08-14T00:00:00Z,100.0,55.0,73.52,41,100,0.04
7188,80,2025-08-15T00:00:00Z,95.67,100.0,71.35,38,94,0.01
7189,80,2025-08-16T00:00:00Z,80.63,0.0,33.33,100,0,98.15
7190,80,2025-08-17T00:00:00Z,82.0,0.0,34.93,100,0,98.02
7191,80,2025-08-18T00:00:00Z,81.04,0.0,35.28,100,0,98.11
7192,80,2025-08-19T00:00:00Z,81.9,0.0,35.28,100,0,98.03
7193,80,2025-08-20T00:00:00Z,81.93,0.0,35.28,100,0,98.02
7194,80,2025-08-21T00:00:00Z,98.55,59.18,25.0,41,92,0.06
7195,80,2025-08-22T00:00:00Z,83.28,0.0,27.5,100,9,96.73
7196,80,2025-08-23T00:00:00Z,77.66,0.0,21.87,100,0,98.4
7197,80,2025-08-24T00:00:00Z,78.0,0.0,21.74,100,0,98.37
7198,80,2025-08-25T00:00:00Z,79.12,0.0,25.35,100,0,98.28
7199,80,2025-08-26T00:00:00Z,97.39,24.07,11.67,77,86,2.9
7200,80,2025-08-27T00:00:00Z,92.54,0.0,13.87,78,76,14.84
7201,81,2025-05-30T00:00:00Z,99.54,81.1,57.42,32,100,0.01
7202,81,2025-05-31T00:00:00Z,92.17,92.28,56.93,32,100,0.01
7203,81,2025-06-01T00:00:00Z,89.83,90.35,61.18,38,100,0.01
7204,81,2025-06-02T00:00:00Z,89.56,73.88,75.43,32,95,0.03
7205,81,2025-06-03T00:00:00Z,86.34,100.0,53.96,32,100,0.01
7206,81,2025-06-04T00:00:00Z,100.0,85.34,70.4,32,100,0.01
7207,81,2025-06-05T00:00:00Z,100.0,91.85,70.52,32,98,0.01
7208,81,2025-06-06T00:00:00Z,100.0,92.75,75.65,35,100,0.01
7209,81,2025-06-07T00:00:00Z,90.81,74.03,53.89,35,98,0.02
7210,81,2025-06-08T00:00:00Z,100.0,100.0,54.19,32,98,0.0
7211,81,2025-06-09T00:00:00Z,90.42,76.88,72.0,37,98,0.03
7212,81,2025-06-10T00:00:00Z,100.0,100.0,59.92,35,100,0.01
7213,81,2025-06-11T00:00:00Z,100.0,100.0,56.72,35,100,0.01
7214,81,2025-06-12T00:00:00Z,97.66,84.56,57.9,32,100,0.01
7215,81,2025-06-13T00:00:00Z,95.46,96.26,69.96,32,100,0.01
7216,81,2025-06-14T00:00:00Z,85.71,97.98,67.05,32,100,0.01
7217,81,2025-06-15T00:00:00Z,89.11,90.38,75.89,32,100,0.01
7218,81,2025-06-16T00:00:00Z,100.0,68.61,63.8,32,98,0.02
7219,81,2025-06-17T00:00:00Z,96.03,100.0,55.65,35,95,0.01
7220,81,2025-06-18T00:00:00Z,78.79,73.33,55.11,32,95,0.05
7221,81,2025-06-19T00:00:00Z,100.0,69.34,54.9,35,100,0.02
7222,81,2025-06-20T00:00:00Z,98.08,91.12,55.4,38,98,0.01
7223,81,2025-06-21T00:00:00Z,100.0,64.21,64.84,32,100,0.02
7224,81,2025-06-22T00:00:00Z,93.84,100.0,60.78,32,100,0.01
7225,81,2025-06-23T00:00:00Z,100.0,73.3,68.92,32,100,0.01
7226,81,2025-06-24T00:00:00Z,84.49,81.91,65.71,35,100,0.02
7227,81,2025-06-25T00:00:00Z,97.5,81.87,75.98,32,100,0.01
7228,81,2025-06-26T00:00:00Z,100.0,87.89,65.73,35,98,0.01
7229,81,2025-06-27T00:00:00Z,98.75,70.55,57.26,38,98,0.02
7230,81,2025-06-28T00:00:00Z,99.63,81.12,53.57,35,100,0.01
7231,81,2025-06-29T00:00:00Z,93.41,69.66,54.37,34,100,0.02
7232,81,2025-06-30T00:00:00Z,96.01,100.0,53.91,35,100,0.01
7233,81,2025-07-01T00:00:00Z,99.14,100.0,58.48,37,100,0.01
7234,81,2025-07-02T00:00:00Z,78.46,100.0,54.48,32,100,0.01
7235,81,2025-07-03T00:00:00Z,88.83,72.08,56.56,32,100,0.02
7236,81,2025-07-04T00:00:00Z,97.68,100.0,63.98,32,100,0.0
7237,81,2025-07-05T00:00:00Z,100.0,100.0,72.12,41,100,0.01
7238,81,2025-07-06T00:00:00Z,100.0,98.69,54.96,32,89,0.01
7239,81,2025-07-07T00:00:00Z,100.0,96.72,59.51,32,100,0.0
7240,81,2025-07-08T00:00:00Z,100.0,99.42,63.75,32,100,0.0
7241,81,2025-07-09T00:00:00Z,80.73,82.37,54.05,38,100,0.03
7242,81,2025-07-10T00:00:00Z,100.0,100.0,54.14,32,100,0.0
7243,81,2025-07-11T00:00:00Z,100.0,85.63,65.62,32,100,0.01
7244,81,2025-07-12T00:00:00Z,98.35,64.84,60.43,34,98,0.02
7245,81,2025-07-13T00:00:00Z,100.0,60.37,75.96,32,100,0.02
7246,81,2025-07-14T00:00:00Z,95.19,100.0,56.4,32,93,0.01
7247,81,2025-07-15T00:00:00Z,81.64,100.0,73.98,41,98,0.02
7248,81,2025-07-16T00:00:00Z,100.0,68.84,72.25,35,98,0.02
7249,81,2025-07-17T00:00:00Z,94.1,63.99,61.66,32,100,0.02
7250,81,2025-07-18T00:00:00Z,95.05,77.29,61.57,32,100,0.01
7251,81,2025-07-19T00:00:00Z,98.1,79.78,52.85,32,93,0.01
7252,81,2025-07-20T00:00:00Z,100.0,80.12,68.89,32,98,0.01
7253,81,2025-07-21T00:00:00Z,98.58,98.5,60.81,32,100,0.0
7254,81,2025-07-22T00:00:00Z,100.0,98.27,60.08,32,100,0.0
7255,81,2025-07-23T00:00:00Z,87.02,94.12,75.27,35,96,0.01
7256,81,2025-07-24T00:00:00Z,78.34,91.54,59.79,38,100,0.02
7257,81,2025-07-25T00:00:00Z,100.0,90.85,68.08,32,100,0.01
7258,81,2025-07-26T00:00:00Z,100.0,100.0,57.61,38,98,0.01
7259,81,2025-07-27T00:00:00Z,100.0,71.55,68.83,35,100,0.02
7260,81,2025-07-28T00:00:00Z,100.0,62.16,67.67,32,100,0.02
7261,81,2025-07-29T00:00:00Z,86.73,0.0,36.67,100,35,87.14
7262,81,2025-07-30T00:00:00Z,81.51,0.0,34.31,100,0,98.06
7263,81,2025-07-31T00:00:00Z,82.51,0.0,34.31,100,0,97.97
7264,81,2025-08-01T00:00:00Z,82.15,0.0,33.89,100,14,96.06
7265,81,2025-08-02T00:00:00Z,81.32,0.0,35.62,100,0,98.08
7266,81,2025-08-03T00:00:00Z,82.32,0.0,35.69,100,35,89.42
7267,81,2025-08-04T00:00:00Z,80.65,0.0,34.65,100,37,89.26
7268,81,2025-08-05T00:00:00Z,80.92,0.0,35.9,100,0,98.12
7269,81,2025-08-06T00:00:00Z,95.65,92.73,28.57,35,96,0.01
7270,81,2025-08-07T00:00:00Z,100.0,100.0,53.95,35,95,0.01
7271,81,2025-08-08T00:00:00Z,83.08,0.0,37.16,100,21,94.25
7272,81,2025-08-09T00:00:00Z,80.68,0.0,33.75,100,3,97.85
7273,81,2025-08-10T00:00:00Z,80.97,0.0,35.28,100,0,98.11
7274,81,2025-08-11T00:00:00Z,82.31,0.0,34.86,100,0,97.99
7275,81,2025-08-12T00:00:00Z,81.6,0.0,34.24,100,14,96.16
7276,81,2025-08-13T00:00:00Z,99.55,70.6,25.93,44,98,0.03
7277,81,2025-08-14T00:00:00Z,100.0,98.61,53.89,38,93,0.01
7278,81,2025-08-15T00:00:00Z,83.8,0.0,36.5,100,0,97.83
7279,81,2025-08-16T00:00:00Z,81.78,0.0,34.17,100,0,98.04
7280,81,2025-08-17T00:00:00Z,99.74,57.74,27.41,47,61,0.4
7281,81,2025-08-18T00:00:00Z,82.75,0.0,34.98,100,0,97.94
7282,81,2025-08-19T00:00:00Z,81.4,0.0,35.14,100,0,98.07
7283,81,2025-08-20T00:00:00Z,81.63,0.0,34.1,100,0,98.05
7284,81,2025-08-21T00:00:00Z,80.98,0.0,35.0,100,0,98.11
7285,81,2025-08-22T00:00:00Z,81.52,0.0,34.58,100,24,93.84
7286,81,2025-08-23T00:00:00Z,100.0,84.38,24.44,32,90,0.01
7287,81,2025-08-24T00:00:00Z,87.85,0.0,28.2,100,44,80.34
7288,81,2025-08-25T00:00:00Z,78.0,0.0,25.97,100,10,97.34
7289,81,2025-08-26T00:00:00Z,78.22,0.0,25.9,100,9,97.44
7290,81,2025-08-27T00:00:00Z,77.79,0.0,25.76,100,0,98.39
7291,82,2025-05-30T00:00:00Z,100.0,80.52,53.65,30,95,0.01
7292,82,2025-05-31T00:00:00Z,94.15,88.37,68.18,30,100,0.01
7293,82,2025-06-01T00:00:00Z,72.96,85.13,59.08,30,100,0.03
7294,82,2025-06-02T00:00:00Z,89.03,97.06,61.57,30,98,0.01
7295,82,2025-06-03T00:00:00Z,93.32,100.0,73.3,33,100,0.01
7296,82,2025-06-04T00:00:00Z,100.0,73.88,54.63,30,100,0.01
7297,82,2025-06-05T00:00:00Z,89.91,81.42,59.68,30,100,0.01
7298,82,2025-06-06T00:00:00Z,95.62,62.83,59.83,33,100,0.02
7299,82,2025-06-07T00:00:00Z,94.25,88.37,74.37,33,98,0.01
7300,82,2025-06-08T00:00:00Z,89.82,80.73,53.31,30,96,0.02
7301,82,2025-06-09T00:00:00Z,96.75,96.86,52.76,30,100,0.0
7302,82,2025-06-10T00:00:00Z,100.0,90.59,57.99,33,100,0.01
7303,82,2025-06-11T00:00:00Z,89.76,100.0,57.98,30,98,0.01
7304,82,2025-06-12T00:00:00Z,73.56,91.41,58.82,30,100,0.02
7305,82,2025-06-13T00:00:00Z,86.81,89.61,53.39,30,100,0.01
7306,82,2025-06-14T00:00:00Z,76.64,86.79,72.9,33,100,0.02
7307,82,2025-06-15T00:00:00Z,89.31,100.0,58.0,30,100,0.01
7308,82,2025-06-16T00:00:00Z,94.46,86.59,59.56,33,95,0.01
7309,82,2025-06-17T00:00:00Z,99.66,100.0,54.24,30,89,0.01
7310,82,2025-06-18T00:00:00Z,92.56,89.21,55.63,30,100,0.01
7311,82,2025-06-19T00:00:00Z,92.9,100.0,53.61,36,100,0.01
7312,82,2025-06-20T00:00:00Z,100.0,86.06,61.07,30,100,0.01
7313,82,2025-06-21T00:00:00Z,98.5,100.0,62.84,30,95,0.01
7314,82,2025-06-22T00:00:00Z,100.0,91.47,59.81,30,100,0.01
7315,82,2025-06-23T00:00:00Z,96.91,80.91,56.19,30,100,0.01
7316,82,2025-06-24T00:00:00Z,100.0,63.0,60.75,30,100,0.02
7317,82,2025-06-25T00:00:00Z,97.81,90.16,62.3,30,100,0.01
7318,82,2025-06-26T00:00:00Z,100.0,100.0,65.32,33,100,0.0
7319,82,2025-06-27T00:00:00Z,98.51,86.93,73.03,30,100,0.01
7320,82,2025-06-28T00:00:00Z,100.0,96.89,56.03,30,100,0.0
7321,82,2025-06-29T00:00:00Z,91.14,100.0,56.7,35,100,0.01
7322,82,2025-06-30T00:00:00Z,91.79,100.0,57.61,30,100,0.01
7323,82,2025-07-01T00:00:00Z,88.45,85.74,64.17,32,95,0.02
7324,82,2025-07-02T00:00:00Z,93.02,100.0,69.81,33,100,0.01
7325,82,2025-07-03T00:00:00Z,89.79,100.0,64.98,30,100,0.01
7326,82,2025-07-04T00:00:00Z,85.2,91.21,65.98,36,98,0.02
7327,82,2025-07-05T00:00:00Z,89.69,100.0,58.83,30,98,0.01
7328,82,2025-07-06T00:00:00Z,100.0,82.69,73.03,36,100,0.01
7329,82,2025-07-07T00:00:00Z,100.0,83.42,73.91,30,100,0.01
7330,82,2025-07-08T00:00:00Z,71.72,100.0,58.88,30,100,0.02
7331,82,2025-07-09T00:00:00Z,100.0,90.98,71.47,33,100,0.01
7332,82,2025-07-10T00:00:00Z,92.17,95.63,69.82,30,100,0.01
7333,82,2025-07-11T00:00:00Z,90.83,81.61,60.34,33,100,0.01
7334,82,2025-07-12T00:00:00Z,88.58,98.32,55.89,30,100,0.01
7335,82,2025-07-13T00:00:00Z,92.04,86.3,53.58,36,100,0.01
7336,82,2025-07-14T00:00:00Z,100.0,83.7,62.54,30,100,0.01
7337,82,2025-07-15T00:00:00Z,90.28,97.5,58.21,36,100,0.01
7338,82,2025-07-16T00:00:00Z,96.45,87.43,65.35,30,100,0.01
7339,82,2025-07-17T00:00:00Z,100.0,87.5,73.31,30,95,0.01
7340,82,2025-07-18T00:00:00Z,97.05,100.0,61.2,30,100,0.0
7341,82,2025-07-19T00:00:00Z,93.43,80.57,55.41,30,98,0.01
7342,82,2025-07-20T00:00:00Z,87.1,99.43,60.26,30,100,0.01
7343,82,2025-07-21T00:00:00Z,100.0,100.0,60.04,30,100,0.0
7344,82,2025-07-22T00:00:00Z,100.0,91.58,55.22,33,100,0.01
7345,82,2025-07-23T00:00:00Z,98.27,99.1,76.57,33,100,0.01
7346,82,2025-07-24T00:00:00Z,100.0,100.0,54.69,33,94,0.01
7347,82,2025-07-25T00:00:00Z,86.35,74.87,55.54,32,100,0.02
7348,82,2025-07-26T00:00:00Z,91.3,85.0,52.85,30,98,0.01
7349,82,2025-07-27T00:00:00Z,97.01,81.91,70.13,33,100,0.01
7350,82,2025-07-28T00:00:00Z,85.7,82.0,64.76,30,100,0.02
7351,82,2025-07-29T00:00:00Z,84.31,8.68,31.43,90,11,90.78
7352,82,2025-07-30T00:00:00Z,82.12,0.0,27.95,87,0,95.75
7353,82,2025-07-31T00:00:00Z,100.0,75.09,60.72,30,100,0.01
7354,82,2025-08-01T00:00:00Z,81.58,3.45,27.14,100,5,97.16
7355,82,2025-08-02T00:00:00Z,77.56,0.0,21.53,81,22,86.78
7356,82,2025-08-03T00:00:00Z,77.61,0.0,22.43,100,0,98.4
7357,82,2025-08-04T00:00:00Z,78.46,0.0,25.76,100,20,95.59
7358,82,2025-08-05T00:00:00Z,77.79,0.0,25.28,100,15,96.64
7359,82,2025-08-06T00:00:00Z,79.02,0.0,25.83,100,8,97.46
7360,82,2025-08-07T00:00:00Z,78.31,52.07,25.56,100,22,71.14
7361,82,2025-08-08T00:00:00Z,98.7,64.9,13.33,33,80,0.05
7362,82,2025-08-09T00:00:00Z,82.11,27.13,23.38,70,33,34.51
7363,82,2025-08-10T00:00:00Z,75.68,0.0,21.53,100,5,98.14
7364,82,2025-08-11T00:00:00Z,88.85,27.2,12.7,63,85,1.8
7365,82,2025-08-12T00:00:00Z,84.79,0.0,29.58,88,19,89.0
7366,82,2025-08-13T00:00:00Z,99.05,93.16,6.67,30,100,0.01
7367,82,2025-08-14T00:00:00Z,79.82,0.0,25.28,86,0,95.97
7368,82,2025-08-15T00:00:00Z,78.32,0.0,25.35,85,16,91.56
7369,82,2025-08-16T00:00:00Z,78.73,0.0,21.94,88,26,88.53
7370,82,2025-08-17T00:00:00Z,77.61,0.0,22.01,98,24,94.27
7371,82,2025-08-18T00:00:00Z,77.16,0.0,25.21,74,17,84.96
7372,82,2025-08-19T00:00:00Z,79.65,11.64,26.03,77,29,67.31
7373,82,2025-08-20T00:00:00Z,90.1,92.25,52.87,30,95,0.01
7374,82,2025-08-21T00:00:00Z,88.94,94.34,56.13,30,100,0.01
7375,82,2025-08-22T00:00:00Z,84.37,8.35,28.8,100,0,96.92
7376,82,2025-08-23T00:00:00Z,78.15,0.0,21.39,92,22,92.5
7377,82,2025-08-24T00:00:00Z,77.73,0.0,22.01,96,0,97.96
7378,82,2025-08-25T00:00:00Z,78.83,0.0,26.04,90,4,96.3
7379,82,2025-08-26T00:00:00Z,79.14,0.0,26.04,80,50,58.49
7380,82,2025-08-27T00:00:00Z,78.86,0.0,26.53,96,19,94.62
7381,83,2025-05-30T00:00:00Z,83.95,92.4,60.28,30,98,0.01
7382,83,2025-05-31T00:00:00Z,100.0,95.1,57.25,30,100,0.0
7383,83,2025-06-01T00:00:00Z,100.0,95.95,58.44,33,100,0.01
7384,83,2025-06-02T00:00:00Z,100.0,100.0,68.66,30,98,0.0
7385,83,2025-06-03T00:00:00Z,75.19,89.64,55.97,33,96,0.03
7386,83,2025-06-04T00:00:00Z,86.56,99.55,59.06,33,100,0.01
7387,83,2025-06-05T00:00:00Z,75.9,74.91,65.7,33,100,0.04
7388,83,2025-06-06T00:00:00Z,92.63,85.46,53.37,33,100,0.01
7389,83,2025-06-07T00:00:00Z,100.0,94.13,71.32,30,98,0.01
7390,83,2025-06-08T00:00:00Z,95.25,77.56,62.0,30,100,0.01
7391,83,2025-06-09T00:00:00Z,100.0,62.12,73.7,30,100,0.02
7392,83,2025-06-10T00:00:00Z,86.04,96.56,57.71,30,100,0.01
7393,83,2025-06-11T00:00:00Z,100.0,83.26,56.46,30,100,0.01
7394,83,2025-06-12T00:00:00Z,96.54,76.84,66.81,33,100,0.01
7395,83,2025-06-13T00:00:00Z,100.0,72.65,66.73,30,100,0.01
7396,83,2025-06-14T00:00:00Z,91.03,100.0,61.02,30,100,0.01
7397,83,2025-06-15T00:00:00Z,73.65,100.0,74.05,36,93,0.03
7398,83,2025-06-16T00:00:00Z,93.58,92.46,75.42,30,100,0.01
7399,83,2025-06-17T00:00:00Z,100.0,100.0,68.75,33,100,0.0
7400,83,2025-06-18T00:00:00Z,96.57,99.41,57.54,33,95,0.01
7401,83,2025-06-19T00:00:00Z,90.4,99.28,74.33,30,100,0.01
7402,83,2025-06-20T00:00:00Z,85.73,84.75,74.03,42,100,0.03
7403,83,2025-06-21T00:00:00Z,89.72,85.27,61.34,36,100,0.02
7404,83,2025-06-22T00:00:00Z,94.83,65.26,65.95,30,100,0.02
7405,83,2025-06-23T00:00:00Z,100.0,82.35,68.46,33,100,0.01
7406,83,2025-06-24T00:00:00Z,100.0,94.71,63.46,30,98,0.01
7407,83,2025-06-25T00:00:00Z,86.61,98.5,62.52,33,98,0.01
7408,83,2025-06-26T00:00:00Z,100.0,73.74,64.51,30,100,0.01
7409,83,2025-06-27T00:00:00Z,97.24,85.73,69.81,30,100,0.01
7410,83,2025-06-28T00:00:00Z,91.33,78.46,54.75,33,100,0.02
7411,83,2025-06-29T00:00:00Z,96.85,100.0,68.0,30,96,0.01
7412,83,2025-06-30T00:00:00Z,97.14,49.29,54.46,30,100,0.03
7413,83,2025-07-01T00:00:00Z,81.66,79.13,60.24,33,93,0.04
7414,83,2025-07-02T00:00:00Z,67.25,89.53,53.19,30,100,0.03
7415,83,2025-07-03T00:00:00Z,100.0,74.73,76.28,30,95,0.01
7416,83,2025-07-04T00:00:00Z,89.69,75.32,69.11,33,98,0.02
7417,83,2025-07-05T00:00:00Z,77.08,100.0,52.93,30,98,0.01
7418,83,2025-07-06T00:00:00Z,100.0,100.0,53.98,33,100,0.0
7419,83,2025-07-07T00:00:00Z,78.23,89.35,55.46,30,98,0.02
7420,83,2025-07-08T00:00:00Z,93.83,98.09,71.45,30,100,0.01
7421,83,2025-07-09T00:00:00Z,100.0,91.0,60.4,30,100,0.01
7422,83,2025-07-10T00:00:00Z,84.24,90.18,53.18,30,96,0.01
7423,83,2025-07-11T00:00:00Z,86.43,82.86,63.58,33,95,0.02
7424,83,2025-07-12T00:00:00Z,85.2,100.0,67.14,30,100,0.01
7425,83,2025-07-13T00:00:00Z,100.0,100.0,60.43,30,100,0.0
7426,83,2025-07-14T00:00:00Z,95.3,100.0,65.13,30,100,0.0
7427,83,2025-07-15T00:00:00Z,87.23,73.02,55.55,30,96,0.03
7428,83,2025-07-16T00:00:00Z,87.81,97.18,61.52,33,98,0.01
7429,83,2025-07-17T00:00:00Z,96.72,100.0,52.75,30,100,0.0
7430,83,2025-07-18T00:00:00Z,71.21,100.0,59.31,30,100,0.02
7431,83,2025-07-19T00:00:00Z,96.93,81.73,63.08,30,100,0.01
7432,83,2025-07-20T00:00:00Z,100.0,90.35,56.92,30,93,0.01
7433,83,2025-07-21T00:00:00Z,100.0,100.0,63.58,36,100,0.01
7434,83,2025-07-22T00:00:00Z,100.0,69.96,54.24,30,95,0.02
7435,83,2025-07-23T00:00:00Z,100.0,71.87,72.4,30,100,0.01
7436,83,2025-07-24T00:00:00Z,100.0,86.15,72.59,32,98,0.01
7437,83,2025-07-25T00:00:00Z,91.26,100.0,55.64,33,100,0.01
7438,83,2025-07-26T00:00:00Z,87.59,100.0,55.95,30,100,0.01
7439,83,2025-07-27T00:00:00Z,100.0,97.13,62.05,32,100,0.0
7440,83,2025-07-28T00:00:00Z,95.68,73.5,57.15,30,100,0.01
7441,83,2025-07-29T00:00:00Z,85.74,0.0,37.81,89,37,76.91
7442,83,2025-07-30T00:00:00Z,81.59,0.0,35.28,100,0,98.06
7443,83,2025-07-31T00:00:00Z,80.49,0.0,35.83,100,0,98.16
7444,83,2025-08-01T00:00:00Z,91.42,46.74,35.61,67,35,10.24
7445,83,2025-08-02T00:00:00Z,80.07,96.02,53.17,33,98,0.02
7446,83,2025-08-03T00:00:00Z,94.22,45.34,37.14,62,52,3.21
7447,83,2025-08-04T00:00:00Z,80.94,0.0,35.83,100,23,94.28
7448,83,2025-08-05T00:00:00Z,80.08,22.67,33.82,100,0,95.64
7449,83,2025-08-06T00:00:00Z,81.79,0.0,35.0,100,24,93.76
7450,83,2025-08-07T00:00:00Z,81.35,0.0,35.28,100,19,95.18
7451,83,2025-08-08T00:00:00Z,82.0,0.0,35.69,100,0,98.02
7452,83,2025-08-09T00:00:00Z,81.16,0.0,34.65,100,22,94.49
7453,83,2025-08-10T00:00:00Z,82.33,0.0,34.58,100,18,95.18
7454,83,2025-08-11T00:00:00Z,80.92,0.0,34.51,86,23,87.7
7455,83,2025-08-12T00:00:00Z,86.12,65.99,33.77,100,39,29.0
7456,83,2025-08-13T00:00:00Z,90.37,7.04,34.12,70,65,13.59
7457,83,2025-08-14T00:00:00Z,82.56,0.0,33.89,100,0,97.96
7458,83,2025-08-15T00:00:00Z,80.52,0.0,34.1,100,0,98.16
7459,83,2025-08-16T00:00:00Z,81.77,0.0,34.24,100,0,98.04
7460,83,2025-08-17T00:00:00Z,80.33,8.32,34.1,100,2,97.21
7461,83,2025-08-18T00:00:00Z,81.92,0.0,35.9,83,8,92.3
7462,83,2025-08-19T00:00:00Z,81.32,0.0,34.65,100,0,98.08
7463,83,2025-08-20T00:00:00Z,92.58,32.2,34.67,70,86,1.77
7464,83,2025-08-21T00:00:00Z,100.0,99.58,72.46,30,100,0.0
7465,83,2025-08-22T00:00:00Z,95.03,33.8,39.14,52,70,1.12
7466,83,2025-08-23T00:00:00Z,83.2,0.0,35.14,81,6,91.68
7467,83,2025-08-24T00:00:00Z,79.31,0.0,34.1,100,30,92.65
7468,83,2025-08-25T00:00:00Z,85.88,1.05,32.21,83,46,58.52
7469,83,2025-08-26T00:00:00Z,93.56,3.22,36.57,69,67,11.74
7470,83,2025-08-27T00:00:00Z,81.49,0.0,35.21,100,0,98.06
7471,84,2025-05-30T00:00:00Z,93.32,94.28,61.9,47,94,0.02
7472,84,2025-05-31T00:00:00Z,86.63,81.14,52.98,47,100,0.04
7473,84,2025-06-01T00:00:00Z,82.87,75.29,67.06,44,98,0.06
7474,84,2025-06-02T00:00:00Z,78.82,84.49,62.98,54,100,0.08
7475,84,2025-06-03T00:00:00Z,73.48,92.91,58.51,44,100,0.04
7476,84,2025-06-04T00:00:00Z,82.28,75.05,74.24,50,98,0.09
7477,84,2025-06-05T00:00:00Z,91.39,75.26,53.03,50,94,0.07
7478,84,2025-06-06T00:00:00Z,100.0,62.49,71.45,47,100,0.05
7479,84,2025-06-07T00:00:00Z,97.46,84.4,53.59,50,100,0.03
7480,84,2025-06-08T00:00:00Z,88.08,98.01,54.17,44,100,0.02
7481,84,2025-06-09T00:00:00Z,100.0,74.86,64.28,47,100,0.03
7482,84,2025-06-10T00:00:00Z,100.0,77.75,74.4,44,96,0.03
7483,84,2025-06-11T00:00:00Z,87.64,61.72,52.84,50,95,0.14
7484,84,2025-06-12T00:00:00Z,97.04,52.07,68.05,47,100,0.08
7485,84,2025-06-13T00:00:00Z,90.04,79.44,59.6,44,98,0.04
7486,84,2025-06-14T00:00:00Z,76.74,72.85,55.83,47,100,0.1
7487,84,2025-06-15T00:00:00Z,100.0,87.54,63.11,50,100,0.02
7488,84,2025-06-16T00:00:00Z,97.92,71.84,70.47,50,96,0.05
7489,84,2025-06-17T00:00:00Z,96.36,91.24,69.4,44,100,0.01
7490,84,2025-06-18T00:00:00Z,100.0,81.19,56.91,44,98,0.02
7491,84,2025-06-19T00:00:00Z,100.0,43.77,54.04,47,98,0.11
7492,84,2025-06-20T00:00:00Z,98.42,80.26,67.68,47,96,0.03
7493,84,2025-06-21T00:00:00Z,91.19,67.72,61.65,52,98,0.09
7494,84,2025-06-22T00:00:00Z,97.39,82.22,59.7,50,98,0.03
7495,84,2025-06-23T00:00:00Z,83.85,86.39,73.83,56,100,0.07
7496,84,2025-06-24T00:00:00Z,78.35,96.73,58.79,50,100,0.04
7497,84,2025-06-25T00:00:00Z,97.01,100.0,54.94,53,100,0.02
7498,84,2025-06-26T00:00:00Z,94.61,100.0,56.46,44,100,0.01
7499,84,2025-06-27T00:00:00Z,95.86,66.09,52.91,53,95,0.09
7500,84,2025-06-28T00:00:00Z,100.0,94.81,67.83,47,98,0.01
7501,84,2025-06-29T00:00:00Z,95.77,96.23,59.84,44,100,0.01
7502,84,2025-06-30T00:00:00Z,100.0,55.61,72.22,47,100,0.06
7503,84,2025-07-01T00:00:00Z,92.36,84.09,52.79,44,100,0.02
7504,84,2025-07-02T00:00:00Z,91.44,80.32,61.87,50,96,0.05
7505,84,2025-07-03T00:00:00Z,100.0,76.24,62.5,47,100,0.03
7506,84,2025-07-04T00:00:00Z,85.06,77.49,54.22,50,100,0.06
7507,84,2025-07-05T00:00:00Z,100.0,94.65,67.04,47,98,0.01
7508,84,2025-07-06T00:00:00Z,96.07,80.45,60.85,44,100,0.02
7509,84,2025-07-07T00:00:00Z,99.82,70.28,69.79,53,100,0.05
7510,84,2025-07-08T00:00:00Z,94.73,65.71,56.88,44,100,0.04
7511,84,2025-07-09T00:00:00Z,83.35,87.31,63.31,47,100,0.04
7512,84,2025-07-10T00:00:00Z,86.98,67.83,59.26,50,98,0.09
7513,84,2025-07-11T00:00:00Z,98.1,57.5,58.55,50,100,0.07
7514,84,2025-07-12T00:00:00Z,95.09,79.63,76.35,44,98,0.03
7515,84,2025-07-13T00:00:00Z,93.26,85.89,54.51,44,98,0.02
7516,84,2025-07-14T00:00:00Z,100.0,94.46,53.74,47,100,0.01
7517,84,2025-07-15T00:00:00Z,91.19,100.0,71.07,47,96,0.02
7518,84,2025-07-16T00:00:00Z,100.0,78.36,65.1,44,96,0.02
7519,84,2025-07-17T00:00:00Z,95.12,78.04,66.03,44,96,0.03
7520,84,2025-07-18T00:00:00Z,100.0,70.28,62.44,44,100,0.03
7521,84,2025-07-19T00:00:00Z,92.03,60.9,64.25,44,96,0.07
7522,84,2025-07-20T00:00:00Z,87.59,73.24,59.82,50,96,0.08
7523,84,2025-07-21T00:00:00Z,100.0,59.65,63.13,44,100,0.04
7524,84,2025-07-22T00:00:00Z,100.0,82.19,55.81,49,98,0.03
7525,84,2025-07-23T00:00:00Z,93.94,57.18,63.13,44,98,0.07
7526,84,2025-07-24T00:00:00Z,81.97,88.48,61.57,49,96,0.06
7527,84,2025-07-25T00:00:00Z,90.69,91.98,75.76,52,100,0.03
7528,84,2025-07-26T00:00:00Z,86.58,86.3,72.74,47,98,0.04
7529,84,2025-07-27T00:00:00Z,79.42,86.11,71.95,53,100,0.07
7530,84,2025-07-28T00:00:00Z,87.8,59.92,59.75,44,98,0.09
7531,84,2025-07-29T00:00:00Z,84.1,0.0,38.29,100,0,97.8
7532,84,2025-07-30T00:00:00Z,82.86,0.0,35.9,100,0,97.93
7533,84,2025-07-31T00:00:00Z,81.74,0.0,35.21,100,0,98.04
7534,84,2025-08-01T00:00:00Z,80.26,0.0,34.51,100,0,98.18
7535,84,2025-08-02T00:00:00Z,81.68,0.0,34.93,100,0,98.05
7536,84,2025-08-03T00:00:00Z,92.26,0.0,36.21,100,25,89.45
7537,84,2025-08-04T00:00:00Z,100.0,67.7,70.63,44,100,0.03
7538,84,2025-08-05T00:00:00Z,92.46,0.0,34.56,100,10,94.67
7539,84,2025-08-06T00:00:00Z,79.94,0.0,33.89,100,0,98.21
7540,84,2025-08-07T00:00:00Z,82.24,0.0,33.96,100,0,97.99
7541,84,2025-08-08T00:00:00Z,80.0,0.0,35.14,100,0,98.2
7542,84,2025-08-09T00:00:00Z,81.14,0.0,35.56,100,0,98.1
7543,84,2025-08-10T00:00:00Z,79.92,0.0,34.51,100,0,98.21
7544,84,2025-08-11T00:00:00Z,82.11,0.0,35.83,100,0,98.0
7545,84,2025-08-12T00:00:00Z,90.05,0.0,35.04,100,23,91.27
7546,84,2025-08-13T00:00:00Z,86.75,92.12,55.35,47,100,0.03
7547,84,2025-08-14T00:00:00Z,93.89,4.27,35.9,100,60,53.36
7548,84,2025-08-15T00:00:00Z,81.54,0.0,34.31,100,0,98.06
7549,84,2025-08-16T00:00:00Z,82.32,0.0,35.49,100,0,97.98
7550,84,2025-08-17T00:00:00Z,81.6,0.0,35.0,100,0,98.05
7551,84,2025-08-18T00:00:00Z,88.68,0.0,33.45,100,13,94.86
7552,84,2025-08-19T00:00:00Z,92.38,67.34,56.51,44,96,0.06
7553,84,2025-08-20T00:00:00Z,90.3,0.0,36.42,100,19,92.66
7554,84,2025-08-21T00:00:00Z,81.8,0.0,34.44,100,0,98.04
7555,84,2025-08-22T00:00:00Z,82.54,0.0,35.28,100,0,97.96
7556,84,2025-08-23T00:00:00Z,81.79,0.0,35.35,100,0,98.04
7557,84,2025-08-24T00:00:00Z,78.68,0.0,34.65,100,0,98.31
7558,84,2025-08-25T00:00:00Z,97.57,0.0,32.18,100,62,50.54
7559,84,2025-08-26T00:00:00Z,95.32,55.0,74.47,50,100,0.09
7560,84,2025-08-27T00:00:00Z,91.02,0.0,33.93,100,19,92.41
7561,85,2025-05-30T00:00:00Z,94.83,73.57,69.51,38,100,0.02
7562,85,2025-05-31T00:00:00Z,91.53,100.0,75.05,30,100,0.01
7563,85,2025-06-01T00:00:00Z,95.57,100.0,56.91,30,100,0.0
7564,85,2025-06-02T00:00:00Z,87.2,90.53,53.29,33,100,0.01
7565,85,2025-06-03T00:00:00Z,80.96,100.0,62.66,36,100,0.01
7566,85,2025-06-04T00:00:00Z,79.13,99.79,60.53,33,96,0.02
7567,85,2025-06-05T00:00:00Z,100.0,86.54,74.04,32,100,0.01
7568,85,2025-06-06T00:00:00Z,94.8,93.61,54.06,33,98,0.01
7569,85,2025-06-07T00:00:00Z,100.0,100.0,59.57,33,98,0.0
7570,85,2025-06-08T00:00:00Z,97.33,94.14,69.12,30,100,0.01
7571,85,2025-06-09T00:00:00Z,89.19,83.04,57.13,30,100,0.01
7572,85,2025-06-10T00:00:00Z,86.27,100.0,53.5,39,100,0.01
7573,85,2025-06-11T00:00:00Z,100.0,64.1,68.36,30,98,0.02
7574,85,2025-06-12T00:00:00Z,98.38,86.16,59.13,30,100,0.01
7575,85,2025-06-13T00:00:00Z,82.25,73.1,52.97,32,100,0.03
7576,85,2025-06-14T00:00:00Z,100.0,65.88,65.51,30,100,0.01
7577,85,2025-06-15T00:00:00Z,89.58,93.35,54.53,33,100,0.01
7578,85,2025-06-16T00:00:00Z,100.0,100.0,70.67,30,100,0.0
7579,85,2025-06-17T00:00:00Z,97.6,69.74,59.89,35,100,0.02
7580,85,2025-06-18T00:00:00Z,100.0,94.97,63.11,39,100,0.01
7581,85,2025-06-19T00:00:00Z,100.0,100.0,61.07,30,100,0.0
7582,85,2025-06-20T00:00:00Z,100.0,94.66,70.04,30,98,0.01
7583,85,2025-06-21T00:00:00Z,89.02,81.27,67.82,36,100,0.02
7584,85,2025-06-22T00:00:00Z,91.69,100.0,68.27,30,100,0.01
7585,85,2025-06-23T00:00:00Z,79.05,100.0,73.25,33,100,0.01
7586,85,2025-06-24T00:00:00Z,100.0,100.0,70.25,30,98,0.0
7587,85,2025-06-25T00:00:00Z,85.06,96.53,56.89,30,100,0.01
7588,85,2025-06-26T00:00:00Z,96.91,100.0,54.4,30,100,0.0
7589,85,2025-06-27T00:00:00Z,86.02,100.0,69.28,33,96,0.01
7590,85,2025-06-28T00:00:00Z,90.17,100.0,53.11,30,96,0.01
7591,85,2025-06-29T00:00:00Z,99.76,83.32,54.88,33,98,0.01
7592,85,2025-06-30T00:00:00Z,94.76,75.35,54.31,30,100,0.01
7593,85,2025-07-01T00:00:00Z,100.0,78.63,53.73,30,100,0.01
7594,85,2025-07-02T00:00:00Z,81.6,100.0,55.41,30,100,0.01
7595,85,2025-07-03T00:00:00Z,91.55,75.56,59.24,36,100,0.02
7596,85,2025-07-04T00:00:00Z,89.29,76.67,59.27,30,100,0.02
7597,85,2025-07-05T00:00:00Z,99.39,100.0,73.78,30,95,0.0
7598,85,2025-07-06T00:00:00Z,77.84,95.44,54.51,30,98,0.01
7599,85,2025-07-07T00:00:00Z,83.41,100.0,72.53,33,100,0.01
7600,85,2025-07-08T00:00:00Z,100.0,86.85,75.71,30,100,0.01
7601,85,2025-07-09T00:00:00Z,98.42,97.02,73.26,30,94,0.01
7602,85,2025-07-10T00:00:00Z,95.85,93.98,55.56,30,100,0.01
7603,85,2025-07-11T00:00:00Z,99.69,71.92,54.84,30,98,0.01
7604,85,2025-07-12T00:00:00Z,98.04,96.73,53.21,30,100,0.0
7605,85,2025-07-13T00:00:00Z,88.16,87.84,54.99,30,100,0.01
7606,85,2025-07-14T00:00:00Z,80.76,90.08,64.09,30,100,0.01
7607,85,2025-07-15T00:00:00Z,88.2,100.0,58.59,30,100,0.01
7608,85,2025-07-16T00:00:00Z,100.0,85.15,65.09,33,100,0.01
7609,85,2025-07-17T00:00:00Z,91.07,68.01,62.09,30,100,0.02
7610,85,2025-07-18T00:00:00Z,100.0,92.34,71.47,30,100,0.01
7611,85,2025-07-19T00:00:00Z,90.91,79.51,62.69,32,100,0.01
7612,85,2025-07-20T00:00:00Z,92.47,100.0,57.2,30,100,0.01
7613,85,2025-07-21T00:00:00Z,99.53,90.58,65.65,30,100,0.01
7614,85,2025-07-22T00:00:00Z,83.45,99.22,54.8,33,94,0.01
7615,85,2025-07-23T00:00:00Z,100.0,75.75,60.59,30,100,0.01
7616,85,2025-07-24T00:00:00Z,92.24,64.83,60.5,33,100,0.03
7617,85,2025-07-25T00:00:00Z,71.81,100.0,69.9,33,95,0.02
7618,85,2025-07-26T00:00:00Z,87.42,88.03,55.22,30,100,0.01
7619,85,2025-07-27T00:00:00Z,93.78,100.0,66.92,33,98,0.01
7620,85,2025-07-28T00:00:00Z,87.51,71.6,70.87,30,100,0.02
7621,85,2025-07-29T00:00:00Z,87.74,9.97,36.86,100,5,95.09
7622,85,2025-07-30T00:00:00Z,81.6,0.0,34.1,100,0,98.05
7623,85,2025-07-31T00:00:00Z,81.5,0.0,34.86,100,0,98.06
7624,85,2025-08-01T00:00:00Z,81.54,0.0,35.62,100,0,98.06
7625,85,2025-08-02T00:00:00Z,83.21,0.0,33.96,100,21,94.21
7626,85,2025-08-03T00:00:00Z,83.83,0.0,34.68,100,28,91.75
7627,85,2025-08-04T00:00:00Z,74.9,100.0,65.72,30,100,0.01
7628,85,2025-08-05T00:00:00Z,95.5,59.1,35.0,48,98,0.08
7629,85,2025-08-06T00:00:00Z,78.47,0.0,34.1,100,26,94.14
7630,85,2025-08-07T00:00:00Z,80.82,0.0,34.93,100,57,75.19
7631,85,2025-08-08T00:00:00Z,80.16,0.0,33.61,100,35,90.4
7632,85,2025-08-09T00:00:00Z,80.75,0.0,34.37,100,16,95.94
7633,85,2025-08-10T00:00:00Z,82.66,0.0,35.56,100,8,96.97
7634,85,2025-08-11T00:00:00Z,81.48,0.0,34.86,100,18,95.37
7635,85,2025-08-12T00:00:00Z,81.5,0.0,35.49,100,0,98.06
7636,85,2025-08-13T00:00:00Z,85.57,0.0,35.25,100,11,95.98
7637,85,2025-08-14T00:00:00Z,91.71,19.96,29.88,44,25,11.98
7638,85,2025-08-15T00:00:00Z,78.52,0.0,26.46,100,0,98.33
7639,85,2025-08-16T00:00:00Z,79.11,0.0,21.04,100,0,98.28
7640,85,2025-08-17T00:00:00Z,77.77,0.0,21.46,100,0,98.39
7641,85,2025-08-18T00:00:00Z,78.2,0.0,25.9,100,0,98.35
7642,85,2025-08-19T00:00:00Z,77.76,0.0,26.32,100,21,95.53
7643,85,2025-08-20T00:00:00Z,89.27,0.0,20.32,86,56,47.42
7644,85,2025-08-21T00:00:00Z,96.82,63.36,41.45,42,90,0.06
7645,85,2025-08-22T00:00:00Z,81.56,0.0,35.21,100,0,98.06
7646,85,2025-08-23T00:00:00Z,80.85,0.0,33.61,100,0,98.12
7647,85,2025-08-24T00:00:00Z,82.69,0.0,35.56,100,0,97.95
7648,85,2025-08-25T00:00:00Z,80.85,0.0,34.44,100,7,97.36
7649,85,2025-08-26T00:00:00Z,85.0,0.0,33.52,100,16,95.03
7650,85,2025-08-27T00:00:00Z,100.0,84.8,73.73,33,100,0.01
7651,86,2025-05-30T00:00:00Z,96.01,90.88,58.95,30,100,0.01
7652,86,2025-05-31T00:00:00Z,95.23,71.71,56.08,30,100,0.01
7653,86,2025-06-01T00:00:00Z,100.0,87.14,64.64,30,100,0.01
7654,86,2025-06-02T00:00:00Z,100.0,98.05,61.11,35,96,0.01
7655,86,2025-06-03T00:00:00Z,100.0,100.0,63.35,33,100,0.0
7656,86,2025-06-04T00:00:00Z,85.78,90.0,58.53,32,98,0.01
7657,86,2025-06-05T00:00:00Z,100.0,100.0,68.78,30,100,0.0
7658,86,2025-06-06T00:00:00Z,92.76,93.51,56.74,32,98,0.01
7659,86,2025-06-07T00:00:00Z,88.35,90.3,66.42,30,100,0.01
7660,86,2025-06-08T00:00:00Z,87.02,76.84,53.33,30,96,0.02
7661,86,2025-06-09T00:00:00Z,97.65,100.0,52.98,30,100,0.0
7662,86,2025-06-10T00:00:00Z,90.75,100.0,53.02,30,96,0.01
7663,86,2025-06-11T00:00:00Z,100.0,100.0,68.13,30,100,0.0
7664,86,2025-06-12T00:00:00Z,79.4,87.09,55.61,33,95,0.03
7665,86,2025-06-13T00:00:00Z,91.86,91.34,55.3,30,98,0.01
7666,86,2025-06-14T00:00:00Z,100.0,74.95,75.52,30,98,0.01
7667,86,2025-06-15T00:00:00Z,91.55,92.71,54.16,36,98,0.01
7668,86,2025-06-16T00:00:00Z,94.13,76.61,56.25,30,96,0.02
7669,86,2025-06-17T00:00:00Z,95.95,100.0,59.58,30,100,0.0
7670,86,2025-06-18T00:00:00Z,85.61,100.0,54.51,30,100,0.01
7671,86,2025-06-19T00:00:00Z,100.0,93.07,69.4,30,100,0.0
7672,86,2025-06-20T00:00:00Z,100.0,98.58,55.26,33,100,0.0
7673,86,2025-06-21T00:00:00Z,95.27,100.0,54.1,30,100,0.0
7674,86,2025-06-22T00:00:00Z,100.0,100.0,71.34,30,90,0.01
7675,86,2025-06-23T00:00:00Z,100.0,86.82,69.04,30,95,0.01
7676,86,2025-06-24T00:00:00Z,99.86,97.97,63.07,30,100,0.0
7677,86,2025-06-25T00:00:00Z,100.0,100.0,75.71,30,100,0.0
7678,86,2025-06-26T00:00:00Z,72.95,100.0,58.36,30,100,0.01
7679,86,2025-06-27T00:00:00Z,100.0,97.75,60.63,33,100,0.0
7680,86,2025-06-28T00:00:00Z,100.0,94.89,71.73,33,100,0.01
7681,86,2025-06-29T00:00:00Z,100.0,90.0,62.02,30,100,0.01
7682,86,2025-06-30T00:00:00Z,100.0,71.01,75.66,30,100,0.01
7683,86,2025-07-01T00:00:00Z,92.91,91.73,55.68,30,100,0.01
7684,86,2025-07-02T00:00:00Z,93.97,92.4,53.33,30,100,0.01
7685,86,2025-07-03T00:00:00Z,100.0,82.6,53.35,33,100,0.01
7686,86,2025-07-04T00:00:00Z,100.0,90.98,65.8,30,98,0.01
7687,86,2025-07-05T00:00:00Z,91.84,100.0,63.96,30,100,0.01
7688,86,2025-07-06T00:00:00Z,100.0,93.44,71.27,33,100,0.01
7689,86,2025-07-07T00:00:00Z,100.0,100.0,66.44,30,100,0.0
7690,86,2025-07-08T00:00:00Z,94.53,92.59,61.18,30,98,0.01
7691,86,2025-07-09T00:00:00Z,88.4,70.17,52.78,30,100,0.02
7692,86,2025-07-10T00:00:00Z,100.0,100.0,74.25,30,100,0.0
7693,86,2025-07-11T00:00:00Z,100.0,100.0,71.79,30,100,0.0
7694,86,2025-07-12T00:00:00Z,81.67,81.19,61.78,30,100,0.02
7695,86,2025-07-13T00:00:00Z,95.01,100.0,64.88,30,100,0.0
7696,86,2025-07-14T00:00:00Z,100.0,84.46,67.37,32,100,0.01
7697,86,2025-07-15T00:00:00Z,100.0,100.0,58.59,39,100,0.01
7698,86,2025-07-16T00:00:00Z,96.33,74.78,70.34,30,100,0.01
7699,86,2025-07-17T00:00:00Z,100.0,84.09,56.02,30,98,0.01
7700,86,2025-07-18T00:00:00Z,100.0,93.1,58.99,30,100,0.0
7701,86,2025-07-19T00:00:00Z,86.58,86.24,65.99,30,100,0.01
7702,86,2025-07-20T00:00:00Z,95.92,100.0,70.37,33,100,0.01
7703,86,2025-07-21T00:00:00Z,79.65,100.0,72.76,30,94,0.01
7704,86,2025-07-22T00:00:00Z,87.28,97.44,67.73,33,100,0.01
7705,86,2025-07-23T00:00:00Z,98.44,82.69,56.02,30,95,0.01
7706,86,2025-07-24T00:00:00Z,84.75,94.85,54.3,30,98,0.01
7707,86,2025-07-25T00:00:00Z,90.45,95.7,67.84,30,100,0.01
7708,86,2025-07-26T00:00:00Z,100.0,75.06,53.63,30,100,0.01
7709,86,2025-07-27T00:00:00Z,80.53,100.0,56.25,39,98,0.02
7710,86,2025-07-28T00:00:00Z,93.29,100.0,55.94,30,98,0.01
7711,86,2025-07-29T00:00:00Z,88.6,0.0,38.0,78,17,80.22
7712,86,2025-07-30T00:00:00Z,80.27,0.0,35.62,91,33,85.77
7713,86,2025-07-31T00:00:00Z,81.08,0.0,36.25,89,1,96.22
7714,86,2025-08-01T00:00:00Z,83.19,0.0,35.83,95,45,78.42
7715,86,2025-08-02T00:00:00Z,99.84,100.0,65.1,30,98,0.0
7716,86,2025-08-03T00:00:00Z,100.0,94.93,59.25,30,98,0.01
7717,86,2025-08-04T00:00:00Z,81.0,0.0,34.62,100,32,91.29
7718,86,2025-08-05T00:00:00Z,81.86,0.0,34.1,100,13,96.29
7719,86,2025-08-06T00:00:00Z,81.39,0.0,34.51,93,0,97.1
7720,86,2025-08-07T00:00:00Z,100.0,92.38,26.67,33,100,0.01
7721,86,2025-08-08T00:00:00Z,92.86,89.47,64.42,30,100,0.01
7722,86,2025-08-09T00:00:00Z,78.55,44.91,23.33,80,47,21.86
7723,86,2025-08-10T00:00:00Z,77.4,0.0,21.81,81,24,85.69
7724,86,2025-08-11T00:00:00Z,78.41,0.0,25.56,100,27,93.87
7725,86,2025-08-12T00:00:00Z,79.36,0.0,25.42,98,14,96.13
7726,86,2025-08-13T00:00:00Z,92.73,26.74,30.22,70,60,7.54
7727,86,2025-08-14T00:00:00Z,83.76,0.0,34.72,89,0,95.9
7728,86,2025-08-15T00:00:00Z,81.46,0.0,34.03,87,22,88.57
7729,86,2025-08-16T00:00:00Z,81.24,0.0,34.65,97,25,92.47
7730,86,2025-08-17T00:00:00Z,82.34,0.0,34.24,88,9,93.78
7731,86,2025-08-18T00:00:00Z,82.29,0.0,33.89,80,6,91.57
7732,86,2025-08-19T00:00:00Z,87.97,0.0,33.44,98,40,81.48
7733,86,2025-08-20T00:00:00Z,100.0,83.02,56.18,30,98,0.01
7734,86,2025-08-21T00:00:00Z,91.15,31.38,34.67,68,56,7.36
7735,86,2025-08-22T00:00:00Z,79.14,0.0,34.44,83,27,84.2
7736,86,2025-08-23T00:00:00Z,80.48,0.0,34.79,100,34,90.69
7737,86,2025-08-24T00:00:00Z,81.47,0.0,34.24,100,30,91.88
7738,86,2025-08-25T00:00:00Z,80.24,0.0,32.64,95,24,92.33
7739,86,2025-08-26T00:00:00Z,81.12,13.25,34.44,92,0,94.95
7740,86,2025-08-27T00:00:00Z,90.92,6.02,35.07,75,61,20.8
7741,87,2025-05-30T00:00:00Z,100.0,100.0,57.43,33,100,0.0
7742,87,2025-05-31T00:00:00Z,95.25,65.38,70.11,33,100,0.02
7743,87,2025-06-01T00:00:00Z,100.0,99.78,73.11,30,98,0.0
7744,87,2025-06-02T00:00:00Z,100.0,72.52,75.05,30,100,0.01
7745,87,2025-06-03T00:00:00Z,100.0,100.0,68.24,30,100,0.0
7746,87,2025-06-04T00:00:00Z,88.69,100.0,57.06,30,100,0.01
7747,87,2025-06-05T00:00:00Z,98.38,84.36,62.24,33,100,0.01
7748,87,2025-06-06T00:00:00Z,100.0,91.28,55.7,36,96,0.01
7749,87,2025-06-07T00:00:00Z,93.4,85.07,54.12,32,98,0.01
7750,87,2025-06-08T00:00:00Z,94.57,100.0,56.85,30,100,0.0
7751,87,2025-06-09T00:00:00Z,96.64,88.33,54.12,32,91,0.01
7752,87,2025-06-10T00:00:00Z,100.0,92.38,66.35,30,100,0.01
7753,87,2025-06-11T00:00:00Z,95.62,93.39,54.7,38,100,0.01
7754,87,2025-06-12T00:00:00Z,74.24,75.4,58.33,30,98,0.04
7755,87,2025-06-13T00:00:00Z,100.0,100.0,62.15,33,100,0.0
7756,87,2025-06-14T00:00:00Z,90.76,95.7,54.02,30,100,0.01
7757,87,2025-06-15T00:00:00Z,97.93,88.49,53.85,30,100,0.01
7758,87,2025-06-16T00:00:00Z,100.0,100.0,53.18,30,100,0.0
7759,87,2025-06-17T00:00:00Z,79.95,93.24,65.36,30,100,0.01
7760,87,2025-06-18T00:00:00Z,100.0,95.49,63.45,30,98,0.0
7761,87,2025-06-19T00:00:00Z,88.16,100.0,63.73,30,98,0.01
7762,87,2025-06-20T00:00:00Z,100.0,100.0,62.3,30,95,0.0
7763,87,2025-06-21T00:00:00Z,100.0,100.0,73.56,33,100,0.0
7764,87,2025-06-22T00:00:00Z,100.0,100.0,54.12,30,100,0.0
7765,87,2025-06-23T00:00:00Z,100.0,84.73,55.69,30,100,0.01
7766,87,2025-06-24T00:00:00Z,93.8,97.37,58.35,30,100,0.01
7767,87,2025-06-25T00:00:00Z,89.61,91.69,75.97,30,100,0.01
7768,87,2025-06-26T00:00:00Z,100.0,100.0,65.65,30,100,0.0
7769,87,2025-06-27T00:00:00Z,88.68,100.0,72.09,32,100,0.01
7770,87,2025-06-28T00:00:00Z,92.68,100.0,71.81,30,100,0.01
7771,87,2025-06-29T00:00:00Z,91.46,100.0,60.7,30,95,0.01
7772,87,2025-06-30T00:00:00Z,97.89,96.74,73.23,30,98,0.01
7773,87,2025-07-01T00:00:00Z,100.0,100.0,53.47,30,100,0.0
7774,87,2025-07-02T00:00:00Z,100.0,100.0,60.07,30,100,0.0
7775,87,2025-07-03T00:00:00Z,100.0,100.0,74.57,33,100,0.0
7776,87,2025-07-04T00:00:00Z,100.0,95.01,56.4,30,100,0.0
7777,87,2025-07-05T00:00:00Z,98.12,88.05,57.8,30,95,0.01
7778,87,2025-07-06T00:00:00Z,89.28,100.0,62.71,32,100,0.01
7779,87,2025-07-07T00:00:00Z,97.57,85.86,54.53,30,98,0.01
7780,87,2025-07-08T00:00:00Z,100.0,87.72,64.61,30,100,0.01
7781,87,2025-07-09T00:00:00Z,88.74,92.01,73.58,30,100,0.01
7782,87,2025-07-10T00:00:00Z,76.97,92.01,52.89,30,100,0.02
7783,87,2025-07-11T00:00:00Z,92.37,76.98,56.29,30,100,0.01
7784,87,2025-07-12T00:00:00Z,100.0,83.31,76.7,32,100,0.01
7785,87,2025-07-13T00:00:00Z,80.24,82.08,55.47,30,100,0.02
7786,87,2025-07-14T00:00:00Z,95.8,70.07,58.48,30,100,0.02
7787,87,2025-07-15T00:00:00Z,86.0,100.0,58.31,30,100,0.01
7788,87,2025-07-16T00:00:00Z,100.0,85.12,71.83,30,100,0.01
7789,87,2025-07-17T00:00:00Z,100.0,100.0,58.57,30,100,0.0
7790,87,2025-07-18T00:00:00Z,100.0,71.8,55.03,33,100,0.01
7791,87,2025-07-19T00:00:00Z,94.05,98.53,64.71,30,100,0.01
7792,87,2025-07-20T00:00:00Z,94.22,100.0,57.3,30,100,0.0
7793,87,2025-07-21T00:00:00Z,100.0,94.13,64.08,30,100,0.0
7794,87,2025-07-22T00:00:00Z,91.59,100.0,57.04,30,100,0.01
7795,87,2025-07-23T00:00:00Z,100.0,61.84,54.13,30,100,0.02
7796,87,2025-07-24T00:00:00Z,87.18,86.46,55.24,30,98,0.01
7797,87,2025-07-25T00:00:00Z,93.68,94.84,64.86,30,100,0.01
7798,87,2025-07-26T00:00:00Z,100.0,72.23,68.45,30,100,0.01
7799,87,2025-07-27T00:00:00Z,83.79,100.0,53.11,30,100,0.01
7800,87,2025-07-28T00:00:00Z,96.24,88.74,61.9,30,100,0.01
7801,87,2025-07-29T00:00:00Z,91.37,86.08,23.81,60,82,0.15
7802,87,2025-07-30T00:00:00Z,85.26,39.98,27.43,60,45,7.5
7803,87,2025-07-31T00:00:00Z,100.0,89.1,71.88,30,100,0.01
7804,87,2025-08-01T00:00:00Z,88.15,28.56,26.52,65,70,4.11
7805,87,2025-08-02T00:00:00Z,76.09,0.0,22.22,77,11,90.6
7806,87,2025-08-03T00:00:00Z,77.09,0.0,21.18,80,0,95.01
7807,87,2025-08-04T00:00:00Z,78.42,8.31,26.11,76,28,71.23
7808,87,2025-08-05T00:00:00Z,78.82,7.34,24.65,80,33,71.41
7809,87,2025-08-06T00:00:00Z,78.48,11.21,25.28,61,15,63.12
7810,87,2025-08-07T00:00:00Z,85.55,59.65,24.31,49,78,0.36
7811,87,2025-08-08T00:00:00Z,91.36,89.16,11.85,39,94,0.02
7812,87,2025-08-09T00:00:00Z,77.77,0.0,22.5,76,35,71.53
7813,87,2025-08-10T00:00:00Z,77.02,38.7,21.6,79,45,28.72
7814,87,2025-08-11T00:00:00Z,77.84,0.0,25.42,80,31,79.55
7815,87,2025-08-12T00:00:00Z,78.1,0.0,26.32,87,29,86.59
7816,87,2025-08-13T00:00:00Z,80.31,0.0,27.13,78,48,56.57
7817,87,2025-08-14T00:00:00Z,88.9,100.0,64.01,30,100,0.01
7818,87,2025-08-15T00:00:00Z,93.66,71.0,25.41,54,49,0.87
7819,87,2025-08-16T00:00:00Z,76.09,0.0,22.08,88,27,89.34
7820,87,2025-08-17T00:00:00Z,77.37,0.0,21.81,100,20,95.82
7821,87,2025-08-18T00:00:00Z,79.4,35.32,25.49,83,15,69.99
7822,87,2025-08-19T00:00:00Z,79.29,27.03,25.62,74,31,46.11
7823,87,2025-08-20T00:00:00Z,78.08,0.0,25.76,85,19,90.43
7824,87,2025-08-21T00:00:00Z,80.13,0.0,25.76,95,2,97.32
7825,87,2025-08-22T00:00:00Z,79.31,0.0,25.56,74,0,92.23
7826,87,2025-08-23T00:00:00Z,77.19,0.0,21.87,81,29,82.5
7827,87,2025-08-24T00:00:00Z,76.05,0.0,21.87,81,9,93.13
7828,87,2025-08-25T00:00:00Z,85.97,4.16,25.76,57,43,23.23
7829,87,2025-08-26T00:00:00Z,100.0,93.56,75.67,36,94,0.01
7830,87,2025-08-27T00:00:00Z,92.69,17.76,26.98,56,68,3.28
7831,88,2025-05-30T00:00:00Z,98.6,97.09,74.93,30,100,0.0
7832,88,2025-05-31T00:00:00Z,100.0,79.93,64.4,30,100,0.01
7833,88,2025-06-01T00:00:00Z,87.03,84.55,68.33,30,96,0.02
7834,88,2025-06-02T00:00:00Z,96.69,66.28,58.84,30,100,0.02
7835,88,2025-06-03T00:00:00Z,65.04,76.17,57.71,30,100,0.06
7836,88,2025-06-04T00:00:00Z,85.87,92.68,55.45,30,100,0.01
7837,88,2025-06-05T00:00:00Z,83.7,90.09,70.86,33,98,0.02
7838,88,2025-06-06T00:00:00Z,100.0,91.9,71.38,30,100,0.01
7839,88,2025-06-07T00:00:00Z,84.41,93.56,65.18,30,100,0.01
7840,88,2025-06-08T00:00:00Z,88.66,100.0,57.23,30,96,0.01
7841,88,2025-06-09T00:00:00Z,100.0,97.94,57.98,30,100,0.0
7842,88,2025-06-10T00:00:00Z,90.0,72.74,63.64,33,100,0.02
7843,88,2025-06-11T00:00:00Z,89.85,100.0,60.31,30,98,0.01
7844,88,2025-06-12T00:00:00Z,100.0,92.58,62.01,30,100,0.01
7845,88,2025-06-13T00:00:00Z,83.41,92.02,53.69,33,98,0.02
7846,88,2025-06-14T00:00:00Z,87.08,100.0,54.41,30,100,0.01
7847,88,2025-06-15T00:00:00Z,82.18,97.22,57.61,30,100,0.01
7848,88,2025-06-16T00:00:00Z,95.66,100.0,53.96,30,100,0.0
7849,88,2025-06-17T00:00:00Z,87.21,83.21,54.57,32,100,0.02
7850,88,2025-06-18T00:00:00Z,74.3,87.45,53.89,33,100,0.03
7851,88,2025-06-19T00:00:00Z,95.01,75.95,55.74,30,100,0.01
7852,88,2025-06-20T00:00:00Z,99.99,100.0,73.44,36,100,0.01
7853,88,2025-06-21T00:00:00Z,100.0,91.21,57.61,30,95,0.01
7854,88,2025-06-22T00:00:00Z,100.0,96.33,65.74,33,100,0.01
7855,88,2025-06-23T00:00:00Z,100.0,77.83,75.96,30,100,0.01
7856,88,2025-06-24T00:00:00Z,93.73,86.76,66.86,30,95,0.01
7857,88,2025-06-25T00:00:00Z,85.17,100.0,56.66,30,100,0.01
7858,88,2025-06-26T00:00:00Z,100.0,79.25,69.02,36,96,0.01
7859,88,2025-06-27T00:00:00Z,95.66,90.06,73.39,30,96,0.01
7860,88,2025-06-28T00:00:00Z,94.1,100.0,66.03,33,100,0.01
7861,88,2025-06-29T00:00:00Z,87.31,100.0,76.12,33,93,0.01
7862,88,2025-06-30T00:00:00Z,100.0,89.9,60.45,30,100,0.01
7863,88,2025-07-01T00:00:00Z,91.16,55.0,62.2,30,100,0.03
7864,88,2025-07-02T00:00:00Z,100.0,73.77,67.86,30,100,0.01
7865,88,2025-07-03T00:00:00Z,94.71,50.27,60.4,36,93,0.07
7866,88,2025-07-04T00:00:00Z,100.0,100.0,67.91,30,100,0.0
7867,88,2025-07-05T00:00:00Z,90.19,97.8,58.33,30,98,0.01
7868,88,2025-07-06T00:00:00Z,100.0,78.39,68.07,30,100,0.01
7869,88,2025-07-07T00:00:00Z,100.0,88.88,58.8,39,100,0.01
7870,88,2025-07-08T00:00:00Z,96.86,82.88,72.74,30,94,0.01
7871,88,2025-07-09T00:00:00Z,100.0,100.0,72.17,33,98,0.0
7872,88,2025-07-10T00:00:00Z,86.1,83.98,58.55,30,100,0.01
7873,88,2025-07-11T00:00:00Z,96.3,75.79,55.87,30,96,0.01
7874,88,2025-07-12T00:00:00Z,84.1,91.13,53.42,30,95,0.02
7875,88,2025-07-13T00:00:00Z,100.0,74.19,71.66,33,100,0.01
7876,88,2025-07-14T00:00:00Z,93.66,87.72,63.37,30,100,0.01
7877,88,2025-07-15T00:00:00Z,100.0,75.4,56.14,33,100,0.01
7878,88,2025-07-16T00:00:00Z,82.8,87.21,53.33,30,100,0.01
7879,88,2025-07-17T00:00:00Z,86.13,65.77,59.95,33,100,0.03
7880,88,2025-07-18T00:00:00Z,90.91,100.0,62.67,30,98,0.01
7881,88,2025-07-19T00:00:00Z,94.69,100.0,54.56,39,94,0.01
7882,88,2025-07-20T00:00:00Z,98.77,91.82,65.77,30,100,0.01
7883,88,2025-07-21T00:00:00Z,92.63,95.28,68.4,30,100,0.01
7884,88,2025-07-22T00:00:00Z,100.0,74.22,76.31,30,100,0.01
7885,88,2025-07-23T00:00:00Z,95.13,100.0,58.58,30,100,0.0
7886,88,2025-07-24T00:00:00Z,100.0,100.0,53.46,30,100,0.0
7887,88,2025-07-25T00:00:00Z,96.82,95.19,56.07,39,100,0.01
7888,88,2025-07-26T00:00:00Z,91.26,88.51,53.09,33,100,0.01
7889,88,2025-07-27T00:00:00Z,89.28,76.29,67.92,36,100,0.02
7890,88,2025-07-28T00:00:00Z,93.35,100.0,72.83,30,95,0.01
7891,88,2025-07-29T00:00:00Z,86.02,0.0,30.86,93,42,76.47
7892,88,2025-07-30T00:00:00Z,77.71,0.0,25.21,100,4,98.04
7893,88,2025-07-31T00:00:00Z,89.23,7.77,22.17,91,32,74.79
7894,88,2025-08-01T00:00:00Z,80.08,0.0,26.15,100,0,98.19
7895,88,2025-08-02T00:00:00Z,93.01,76.82,10.26,43,74,0.11
7896,88,2025-08-03T00:00:00Z,78.22,0.0,21.74,100,15,96.57
7897,88,2025-08-04T00:00:00Z,78.34,0.0,25.62,92,24,91.71
7898,88,2025-08-05T00:00:00Z,79.0,0.0,25.0,100,48,83.89
7899,88,2025-08-06T00:00:00Z,78.84,0.0,26.18,100,15,96.47
7900,88,2025-08-07T00:00:00Z,84.67,0.0,29.12,87,60,49.67
7901,88,2025-08-08T00:00:00Z,89.77,1.33,27.62,100,28,88.68
7902,88,2025-08-09T00:00:00Z,77.2,0.0,21.53,100,0,98.43
7903,88,2025-08-10T00:00:00Z,76.85,0.0,21.74,100,0,98.46
7904,88,2025-08-11T00:00:00Z,78.76,0.0,25.62,100,0,98.31
7905,88,2025-08-12T00:00:00Z,78.65,5.35,26.11,100,0,97.92
7906,88,2025-08-13T00:00:00Z,78.22,0.0,25.07,100,0,98.35
7907,88,2025-08-14T00:00:00Z,80.11,0.0,25.56,100,0,98.19
7908,88,2025-08-15T00:00:00Z,88.31,61.44,25.11,83,21,28.03
7909,88,2025-08-16T00:00:00Z,100.0,91.81,60.5,30,100,0.01
7910,88,2025-08-17T00:00:00Z,93.55,46.94,12.31,48,75,0.44
7911,88,2025-08-18T00:00:00Z,79.77,0.0,25.14,100,16,96.13
7912,88,2025-08-19T00:00:00Z,78.6,3.68,24.86,100,35,89.78
7913,88,2025-08-20T00:00:00Z,84.66,0.0,29.43,87,20,87.94
7914,88,2025-08-21T00:00:00Z,100.0,100.0,53.64,30,100,0.0
7915,88,2025-08-22T00:00:00Z,93.24,70.57,12.17,47,77,0.15
7916,88,2025-08-23T00:00:00Z,78.34,19.03,22.43,100,22,90.22
7917,88,2025-08-24T00:00:00Z,77.42,0.0,22.85,100,17,96.37
7918,88,2025-08-25T00:00:00Z,78.59,0.0,26.04,100,0,98.32
7919,88,2025-08-26T00:00:00Z,79.32,0.0,27.08,99,0,98.15
7920,88,2025-08-27T00:00:00Z,78.69,0.0,26.39,100,34,91.42
7921,89,2025-05-30T00:00:00Z,91.1,93.79,66.0,48,93,0.03
7922,89,2025-05-31T00:00:00Z,90.88,84.05,57.94,42,100,0.02
7923,89,2025-06-01T00:00:00Z,100.0,51.84,64.91,42,100,0.05
7924,89,2025-06-02T00:00:00Z,95.52,95.48,59.25,45,100,0.01
7925,89,2025-06-03T00:00:00Z,100.0,84.55,66.84,48,98,0.02
7926,89,2025-06-04T00:00:00Z,93.78,55.0,55.05,49,98,0.11
7927,89,2025-06-05T00:00:00Z,81.42,89.17,60.04,48,93,0.06
7928,89,2025-06-06T00:00:00Z,100.0,72.06,56.55,42,100,0.02
7929,89,2025-06-07T00:00:00Z,92.87,47.0,56.27,42,98,0.1
7930,89,2025-06-08T00:00:00Z,100.0,86.94,74.14,48,98,0.02
7931,89,2025-06-09T00:00:00Z,87.52,66.96,59.04,42,100,0.05
7932,89,2025-06-10T00:00:00Z,100.0,71.32,62.29,48,100,0.03
7933,89,2025-06-11T00:00:00Z,93.24,100.0,54.46,48,100,0.02
7934,89,2025-06-12T00:00:00Z,100.0,89.78,71.79,51,100,0.02
7935,89,2025-06-13T00:00:00Z,98.14,100.0,62.12,42,98,0.01
7936,89,2025-06-14T00:00:00Z,100.0,87.05,64.85,45,98,0.02
7937,89,2025-06-15T00:00:00Z,100.0,88.28,64.15,42,100,0.01
7938,89,2025-06-16T00:00:00Z,77.28,82.04,61.05,42,100,0.05
7939,89,2025-06-17T00:00:00Z,98.1,95.63,66.7,48,98,0.02
7940,89,2025-06-18T00:00:00Z,80.44,92.46,54.83,48,98,0.04
7941,89,2025-06-19T00:00:00Z,80.61,83.35,64.66,45,94,0.06
7942,89,2025-06-20T00:00:00Z,83.85,86.73,54.12,45,93,0.05
7943,89,2025-06-21T00:00:00Z,83.99,100.0,56.22,42,100,0.02
7944,89,2025-06-22T00:00:00Z,100.0,95.99,72.79,42,100,0.01
7945,89,2025-06-23T00:00:00Z,92.97,62.4,72.37,42,100,0.05
7946,89,2025-06-24T00:00:00Z,86.71,76.3,54.75,45,100,0.05
7947,89,2025-06-25T00:00:00Z,100.0,100.0,72.31,48,100,0.01
7948,89,2025-06-26T00:00:00Z,100.0,72.59,68.8,42,100,0.02
7949,89,2025-06-27T00:00:00Z,91.18,93.53,63.84,45,98,0.02
7950,89,2025-06-28T00:00:00Z,98.21,78.52,55.43,45,98,0.03
7951,89,2025-06-29T00:00:00Z,97.43,100.0,72.7,51,100,0.01
7952,89,2025-06-30T00:00:00Z,100.0,81.14,74.92,48,100,0.02
7953,89,2025-07-01T00:00:00Z,74.49,93.47,72.66,51,100,0.06
7954,89,2025-07-02T00:00:00Z,80.04,93.55,60.92,51,100,0.05
7955,89,2025-07-03T00:00:00Z,73.75,85.44,69.8,42,96,0.06
7956,89,2025-07-04T00:00:00Z,91.3,82.1,53.7,54,98,0.05
7957,89,2025-07-05T00:00:00Z,93.18,100.0,62.94,48,96,0.02
7958,89,2025-07-06T00:00:00Z,86.19,60.95,54.22,45,98,0.1
7959,89,2025-07-07T00:00:00Z,100.0,72.82,69.86,42,98,0.03
7960,89,2025-07-08T00:00:00Z,92.43,91.06,76.55,42,96,0.02
7961,89,2025-07-09T00:00:00Z,82.2,69.32,55.2,42,100,0.06
7962,89,2025-07-10T00:00:00Z,85.14,100.0,73.63,45,98,0.02
7963,89,2025-07-11T00:00:00Z,91.65,63.87,52.71,42,98,0.05
7964,89,2025-07-12T00:00:00Z,94.09,49.91,63.39,45,98,0.1
7965,89,2025-07-13T00:00:00Z,100.0,86.56,62.44,48,100,0.02
7966,89,2025-07-14T00:00:00Z,88.16,100.0,75.45,42,96,0.02
7967,89,2025-07-15T00:00:00Z,79.35,93.84,53.85,45,98,0.04
7968,89,2025-07-16T00:00:00Z,75.58,90.95,62.55,48,100,0.05
7969,89,2025-07-17T00:00:00Z,100.0,89.39,75.75,42,100,0.01
7970,89,2025-07-18T00:00:00Z,100.0,75.11,66.7,45,98,0.03
7971,89,2025-07-19T00:00:00Z,94.68,91.42,65.18,48,100,0.02
7972,89,2025-07-20T00:00:00Z,100.0,88.77,62.88,42,100,0.01
7973,89,2025-07-21T00:00:00Z,100.0,70.94,63.52,42,100,0.02
7974,89,2025-07-22T00:00:00Z,100.0,100.0,66.85,45,100,0.01
7975,89,2025-07-23T00:00:00Z,99.92,100.0,59.61,42,98,0.01
7976,89,2025-07-24T00:00:00Z,90.62,68.84,65.41,48,100,0.06
7977,89,2025-07-25T00:00:00Z,100.0,96.56,63.72,42,100,0.01
7978,89,2025-07-26T00:00:00Z,100.0,94.79,64.74,42,98,0.01
7979,89,2025-07-27T00:00:00Z,77.29,47.0,75.39,42,98,0.22
7980,89,2025-07-28T00:00:00Z,99.15,73.7,71.6,51,98,0.04
7981,89,2025-07-29T00:00:00Z,83.12,0.0,29.43,100,4,97.45
7982,89,2025-07-30T00:00:00Z,86.4,0.0,27.71,100,12,95.61
7983,89,2025-07-31T00:00:00Z,100.0,64.06,72.8,42,98,0.04
7984,89,2025-08-01T00:00:00Z,96.75,0.0,11.88,87,77,18.73
7985,89,2025-08-02T00:00:00Z,79.39,0.0,22.22,100,0,98.25
7986,89,2025-08-03T00:00:00Z,75.84,0.0,21.87,100,0,98.53
7987,89,2025-08-04T00:00:00Z,77.47,0.0,25.9,100,0,98.41
7988,89,2025-08-05T00:00:00Z,86.76,0.0,29.95,100,0,97.5
7989,89,2025-08-06T00:00:00Z,82.01,77.85,60.35,47,100,0.06
7990,89,2025-08-07T00:00:00Z,91.2,0.0,22.63,95,33,81.61
7991,89,2025-08-08T00:00:00Z,76.95,0.0,24.86,100,0,98.45
7992,89,2025-08-09T00:00:00Z,77.77,0.0,21.81,100,0,98.39
7993,89,2025-08-10T00:00:00Z,78.82,0.0,22.29,100,0,98.3
7994,89,2025-08-11T00:00:00Z,80.46,0.0,25.9,100,0,98.16
7995,89,2025-08-12T00:00:00Z,77.51,0.0,25.49,100,0,98.41
7996,89,2025-08-13T00:00:00Z,87.5,0.0,27.83,100,0,97.4
7997,89,2025-08-14T00:00:00Z,82.19,0.0,27.76,100,11,96.58
7998,89,2025-08-15T00:00:00Z,79.63,0.0,25.62,100,0,98.23
7999,89,2025-08-16T00:00:00Z,98.08,12.99,11.76,61,91,1.32
8000,89,2025-08-17T00:00:00Z,87.56,0.0,23.33,100,31,88.82
8001,89,2025-08-18T00:00:00Z,77.3,0.0,25.49,100,0,98.42
8002,89,2025-08-19T00:00:00Z,78.82,0.0,25.69,100,0,98.3
8003,89,2025-08-20T00:00:00Z,79.21,0.0,25.28,100,0,98.27
8004,89,2025-08-21T00:00:00Z,79.25,0.0,25.0,100,0,98.27
8005,89,2025-08-22T00:00:00Z,78.51,0.0,26.6,100,0,98.33
8006,89,2025-08-23T00:00:00Z,76.0,0.0,22.08,100,0,98.52
8007,89,2025-08-24T00:00:00Z,91.72,0.0,19.57,100,46,75.28
8008,89,2025-08-25T00:00:00Z,90.63,48.39,11.79,65,75,1.32
8009,89,2025-08-26T00:00:00Z,78.92,0.0,25.35,100,0,98.29
8010,89,2025-08-27T00:00:00Z,79.39,0.0,25.83,100,0,98.25
8011,90,2025-05-30T00:00:00Z,100.0,82.86,57.35,30,100,0.01
8012,90,2025-05-31T00:00:00Z,100.0,98.06,58.42,30,100,0.0
8013,90,2025-06-01T00:00:00Z,100.0,100.0,58.23,33,98,0.0
8014,90,2025-06-02T00:00:00Z,95.88,95.66,54.25,33,100,0.01
8015,90,2025-06-03T00:00:00Z,91.88,90.41,76.19,30,100,0.01
8016,90,2025-06-04T00:00:00Z,90.5,75.69,70.13,30,98,0.02
8017,90,2025-06-05T00:00:00Z,98.98,71.06,67.28,30,100,0.01
8018,90,2025-06-06T00:00:00Z,100.0,95.76,62.44,30,100,0.0
8019,90,2025-06-07T00:00:00Z,95.26,72.09,55.14,30,100,0.01
8020,90,2025-06-08T00:00:00Z,96.94,100.0,64.5,30,100,0.0
8021,90,2025-06-09T00:00:00Z,98.63,83.08,54.76,30,100,0.01
8022,90,2025-06-10T00:00:00Z,90.21,96.95,60.74,30,100,0.01
8023,90,2025-06-11T00:00:00Z,89.35,92.79,68.05,30,100,0.01
8024,90,2025-06-12T00:00:00Z,91.73,77.94,53.08,35,100,0.02
8025,90,2025-06-13T00:00:00Z,82.13,89.18,53.57,30,100,0.01
8026,90,2025-06-14T00:00:00Z,79.77,100.0,54.46,30,98,0.01
8027,90,2025-06-15T00:00:00Z,100.0,100.0,72.07,30,100,0.0
8028,90,2025-06-16T00:00:00Z,87.46,55.32,71.47,30,100,0.04
8029,90,2025-06-17T00:00:00Z,89.97,100.0,59.44,30,100,0.01
8030,90,2025-06-18T00:00:00Z,100.0,97.95,70.89,32,98,0.01
8031,90,2025-06-19T00:00:00Z,97.06,70.53,74.7,30,100,0.01
8032,90,2025-06-20T00:00:00Z,100.0,84.21,74.9,30,100,0.01
8033,90,2025-06-21T00:00:00Z,99.61,92.71,61.2,33,100,0.01
8034,90,2025-06-22T00:00:00Z,100.0,100.0,72.88,30,100,0.0
8035,90,2025-06-23T00:00:00Z,98.72,100.0,56.89,30,96,0.0
8036,90,2025-06-24T00:00:00Z,88.51,99.83,70.59,30,100,0.01
8037,90,2025-06-25T00:00:00Z,100.0,100.0,54.97,30,100,0.0
8038,90,2025-06-26T00:00:00Z,100.0,100.0,66.74,32,100,0.0
8039,90,2025-06-27T00:00:00Z,100.0,98.63,57.26,30,100,0.0
8040,90,2025-06-28T00:00:00Z,98.26,98.82,56.34,32,100,0.0
8041,90,2025-06-29T00:00:00Z,92.79,82.34,70.73,30,100,0.01
8042,90,2025-06-30T00:00:00Z,84.26,100.0,53.71,30,100,0.01
8043,90,2025-07-01T00:00:00Z,74.68,84.73,64.18,30,100,0.02
8044,90,2025-07-02T00:00:00Z,100.0,84.86,71.18,30,100,0.01
8045,90,2025-07-03T00:00:00Z,85.61,100.0,53.06,30,100,0.01
8046,90,2025-07-04T00:00:00Z,94.4,87.98,75.77,30,100,0.01
8047,90,2025-07-05T00:00:00Z,76.1,92.19,57.92,30,100,0.02
8048,90,2025-07-06T00:00:00Z,97.99,100.0,54.38,30,100,0.0
8049,90,2025-07-07T00:00:00Z,100.0,94.14,56.49,30,100,0.0
8050,90,2025-07-08T00:00:00Z,87.37,100.0,62.17,30,100,0.01
8051,90,2025-07-09T00:00:00Z,98.56,100.0,76.72,30,100,0.0
8052,90,2025-07-10T00:00:00Z,100.0,100.0,70.17,30,100,0.0
8053,90,2025-07-11T00:00:00Z,85.61,100.0,73.29,30,100,0.01
8054,90,2025-07-12T00:00:00Z,80.02,100.0,55.54,32,100,0.01
8055,90,2025-07-13T00:00:00Z,100.0,100.0,74.46,30,100,0.0
8056,90,2025-07-14T00:00:00Z,100.0,100.0,66.32,30,100,0.0
8057,90,2025-07-15T00:00:00Z,100.0,100.0,58.57,33,100,0.0
8058,90,2025-07-16T00:00:00Z,97.56,100.0,53.56,33,100,0.01
8059,90,2025-07-17T00:00:00Z,79.86,75.0,73.69,30,100,0.03
8060,90,2025-07-18T00:00:00Z,92.92,79.98,73.84,33,100,0.01
8061,90,2025-07-19T00:00:00Z,100.0,100.0,53.97,30,100,0.0
8062,90,2025-07-20T00:00:00Z,78.68,100.0,73.31,30,100,0.01
8063,90,2025-07-21T00:00:00Z,96.44,90.71,73.44,30,98,0.01
8064,90,2025-07-22T00:00:00Z,100.0,100.0,72.39,30,100,0.0
8065,90,2025-07-23T00:00:00Z,98.35,100.0,56.02,30,98,0.0
8066,90,2025-07-24T00:00:00Z,80.25,100.0,53.42,30,100,0.01
8067,90,2025-07-25T00:00:00Z,95.89,96.28,73.8,30,98,0.01
8068,90,2025-07-26T00:00:00Z,97.45,83.56,65.78,30,100,0.01
8069,90,2025-07-27T00:00:00Z,88.21,93.89,63.4,33,100,0.01
8070,90,2025-07-28T00:00:00Z,78.34,100.0,63.73,30,100,0.01
8071,90,2025-07-29T00:00:00Z,85.89,34.73,31.62,62,66,3.68
8072,90,2025-07-30T00:00:00Z,78.26,17.31,25.97,47,20,31.32
8073,90,2025-07-31T00:00:00Z,92.65,97.66,12.08,36,87,0.02
8074,90,2025-08-01T00:00:00Z,98.97,100.0,55.48,30,95,0.01
8075,90,2025-08-02T00:00:00Z,87.84,47.34,26.67,52,43,3.5
8076,90,2025-08-03T00:00:00Z,77.31,47.31,22.5,68,54,8.49
8077,90,2025-08-04T00:00:00Z,77.89,32.26,25.42,72,37,32.85
8078,90,2025-08-05T00:00:00Z,78.86,32.83,26.39,88,50,38.32
8079,90,2025-08-06T00:00:00Z,78.47,32.89,25.42,66,37,24.43
8080,90,2025-08-07T00:00:00Z,78.59,50.06,25.69,51,40,5.36
8081,90,2025-08-08T00:00:00Z,89.69,67.34,16.67,41,75,0.15
8082,90,2025-08-09T00:00:00Z,78.92,44.71,22.25,56,17,22.72
8083,90,2025-08-10T00:00:00Z,77.6,0.0,21.74,44,9,57.69
8084,90,2025-08-11T00:00:00Z,78.66,4.43,25.76,67,51,34.52
8085,90,2025-08-12T00:00:00Z,77.12,0.0,25.56,73,26,77.28
8086,90,2025-08-13T00:00:00Z,77.8,7.3,25.35,74,10,85.3
8087,90,2025-08-14T00:00:00Z,77.81,0.0,25.49,69,20,77.72
8088,90,2025-08-15T00:00:00Z,96.34,81.63,13.33,30,98,0.01
8089,90,2025-08-16T00:00:00Z,84.51,77.31,25.41,66,57,1.47
8090,90,2025-08-17T00:00:00Z,77.85,64.03,21.87,73,39,11.67
8091,90,2025-08-18T00:00:00Z,78.61,13.01,25.9,47,43,14.42
8092,90,2025-08-19T00:00:00Z,93.17,75.13,12.84,38,76,0.08
8093,90,2025-08-20T00:00:00Z,100.0,62.32,56.58,33,100,0.02
8094,90,2025-08-21T00:00:00Z,91.35,98.14,27.39,42,59,0.1
8095,90,2025-08-22T00:00:00Z,78.77,24.1,25.62,65,8,64.52
8096,90,2025-08-23T00:00:00Z,76.68,7.1,22.43,91,48,71.95
8097,90,2025-08-24T00:00:00Z,76.76,28.13,21.11,62,37,25.1
8098,90,2025-08-25T00:00:00Z,78.79,16.16,25.9,63,32,39.98
8099,90,2025-08-26T00:00:00Z,78.19,0.0,25.14,51,5,71.1
8100,90,2025-08-27T00:00:00Z,88.62,72.56,24.4,51,53,0.72
8101,91,2025-05-30T00:00:00Z,93.94,83.35,57.92,30,100,0.01
8102,91,2025-05-31T00:00:00Z,79.46,94.05,72.6,33,100,0.02
8103,91,2025-06-01T00:00:00Z,100.0,100.0,60.82,33,100,0.0
8104,91,2025-06-02T00:00:00Z,100.0,100.0,72.55,32,96,0.01
8105,91,2025-06-03T00:00:00Z,100.0,100.0,59.5,36,100,0.01
8106,91,2025-06-04T00:00:00Z,80.16,74.18,53.24,30,100,0.03
8107,91,2025-06-05T00:00:00Z,83.27,92.86,69.8,33,96,0.02
8108,91,2025-06-06T00:00:00Z,93.48,76.72,55.07,30,100,0.01
8109,91,2025-06-07T00:00:00Z,85.52,100.0,69.2,30,100,0.01
8110,91,2025-06-08T00:00:00Z,92.64,100.0,75.49,33,100,0.01
8111,91,2025-06-09T00:00:00Z,99.28,99.76,53.37,30,100,0.0
8112,91,2025-06-10T00:00:00Z,86.34,100.0,53.15,30,96,0.01
8113,91,2025-06-11T00:00:00Z,94.71,100.0,59.72,33,100,0.01
8114,91,2025-06-12T00:00:00Z,89.1,98.48,59.62,30,100,0.01
8115,91,2025-06-13T00:00:00Z,92.19,96.7,63.01,30,98,0.01
8116,91,2025-06-14T00:00:00Z,100.0,88.37,66.34,33,100,0.01
8117,91,2025-06-15T00:00:00Z,100.0,100.0,67.52,33,98,0.0
8118,91,2025-06-16T00:00:00Z,100.0,100.0,61.17,30,100,0.0
8119,91,2025-06-17T00:00:00Z,100.0,100.0,58.28,30,100,0.0
8120,91,2025-06-18T00:00:00Z,93.79,79.12,60.76,33,98,0.02
8121,91,2025-06-19T00:00:00Z,90.46,78.31,59.09,30,98,0.02
8122,91,2025-06-20T00:00:00Z,96.22,93.66,58.08,36,98,0.01
8123,91,2025-06-21T00:00:00Z,91.21,80.7,63.59,30,98,0.01
8124,91,2025-06-22T00:00:00Z,99.96,85.28,58.75,33,100,0.01
8125,91,2025-06-23T00:00:00Z,99.26,91.29,70.78,30,95,0.01
8126,91,2025-06-24T00:00:00Z,87.87,81.72,71.67,30,96,0.02
8127,91,2025-06-25T00:00:00Z,100.0,77.28,55.5,30,100,0.01
8128,91,2025-06-26T00:00:00Z,100.0,84.62,63.22,30,100,0.01
8129,91,2025-06-27T00:00:00Z,83.2,83.1,69.22,30,98,0.02
8130,91,2025-06-28T00:00:00Z,98.45,83.86,63.88,33,100,0.01
8131,91,2025-06-29T00:00:00Z,80.23,96.03,66.39,30,98,0.01
8132,91,2025-06-30T00:00:00Z,87.47,100.0,58.36,32,100,0.01
8133,91,2025-07-01T00:00:00Z,78.53,98.64,59.62,33,100,0.01
8134,91,2025-07-02T00:00:00Z,100.0,75.92,57.75,33,100,0.01
8135,91,2025-07-03T00:00:00Z,84.8,100.0,52.9,30,100,0.01
8136,91,2025-07-04T00:00:00Z,100.0,78.51,70.2,30,100,0.01
8137,91,2025-07-05T00:00:00Z,100.0,100.0,59.1,30,100,0.0
8138,91,2025-07-06T00:00:00Z,94.55,90.93,65.61,33,94,0.01
8139,91,2025-07-07T00:00:00Z,100.0,90.05,52.9,30,100,0.01
8140,91,2025-07-08T00:00:00Z,89.21,100.0,53.05,30,100,0.01
8141,91,2025-07-09T00:00:00Z,96.25,86.27,66.6,33,100,0.01
8142,91,2025-07-10T00:00:00Z,92.86,85.15,53.8,30,96,0.01
8143,91,2025-07-11T00:00:00Z,100.0,64.79,60.44,30,100,0.02
8144,91,2025-07-12T00:00:00Z,88.42,92.52,61.63,30,100,0.01
8145,91,2025-07-13T00:00:00Z,88.42,88.33,60.96,39,98,0.02
8146,91,2025-07-14T00:00:00Z,98.02,77.97,72.76,30,100,0.01
8147,91,2025-07-15T00:00:00Z,80.19,85.59,71.48,33,100,0.02
8148,91,2025-07-16T00:00:00Z,94.13,100.0,65.97,33,100,0.01
8149,91,2025-07-17T00:00:00Z,98.18,98.38,69.56,32,96,0.01
8150,91,2025-07-18T00:00:00Z,97.9,99.63,53.91,33,98,0.01
8151,91,2025-07-19T00:00:00Z,96.63,100.0,76.12,33,100,0.01
8152,91,2025-07-20T00:00:00Z,91.4,99.09,64.23,30,100,0.01
8153,91,2025-07-21T00:00:00Z,89.06,88.98,60.47,30,100,0.01
8154,91,2025-07-22T00:00:00Z,100.0,100.0,55.85,33,98,0.0
8155,91,2025-07-23T00:00:00Z,100.0,100.0,71.91,33,100,0.0
8156,91,2025-07-24T00:00:00Z,68.79,70.34,67.46,33,100,0.07
8157,91,2025-07-25T00:00:00Z,100.0,100.0,57.8,36,98,0.01
8158,91,2025-07-26T00:00:00Z,100.0,94.45,73.62,35,98,0.01
8159,91,2025-07-27T00:00:00Z,77.72,96.23,61.42,30,100,0.01
8160,91,2025-07-28T00:00:00Z,85.34,89.23,53.63,30,95,0.02
8161,91,2025-07-29T00:00:00Z,86.06,3.67,30.48,93,0,95.81
8162,91,2025-07-30T00:00:00Z,78.66,0.0,26.53,100,2,98.14
8163,91,2025-07-31T00:00:00Z,79.32,1.58,24.93,100,24,94.11
8164,91,2025-08-01T00:00:00Z,78.5,0.0,25.28,100,0,98.33
8165,91,2025-08-02T00:00:00Z,76.26,0.0,21.53,100,8,97.78
8166,91,2025-08-03T00:00:00Z,77.27,0.0,22.08,100,12,97.17
8167,91,2025-08-04T00:00:00Z,77.59,0.0,25.97,100,4,98.06
8168,91,2025-08-05T00:00:00Z,77.62,0.0,25.0,100,28,93.82
8169,91,2025-08-06T00:00:00Z,98.38,75.79,11.52,47,98,0.03
8170,91,2025-08-07T00:00:00Z,81.95,100.0,53.2,33,100,0.01
8171,91,2025-08-08T00:00:00Z,82.84,0.0,28.5,100,0,97.93
8172,91,2025-08-09T00:00:00Z,95.61,82.66,10.3,46,75,0.08
8173,91,2025-08-10T00:00:00Z,81.22,0.0,22.3,100,26,93.33
8174,91,2025-08-11T00:00:00Z,96.18,89.98,74.09,30,100,0.01
8175,91,2025-08-12T00:00:00Z,90.52,72.89,66.65,30,100,0.02
8176,91,2025-08-13T00:00:00Z,81.94,0.0,28.78,99,30,91.24
8177,91,2025-08-14T00:00:00Z,77.74,0.0,25.42,100,6,97.84
8178,91,2025-08-15T00:00:00Z,77.35,0.0,25.0,100,13,97.02
8179,91,2025-08-16T00:00:00Z,95.91,69.55,10.59,39,86,0.05
8180,91,2025-08-17T00:00:00Z,87.19,0.0,25.28,65,33,47.27
8181,91,2025-08-18T00:00:00Z,79.78,0.0,25.21,92,4,96.55
8182,91,2025-08-19T00:00:00Z,79.12,0.0,25.69,100,12,96.9
8183,91,2025-08-20T00:00:00Z,78.22,0.0,25.49,80,19,87.42
8184,91,2025-08-21T00:00:00Z,78.58,0.0,25.14,100,24,94.64
8185,91,2025-08-22T00:00:00Z,88.6,14.55,22.33,68,60,12.65
8186,91,2025-08-23T00:00:00Z,75.99,88.68,59.54,30,100,0.02
8187,91,2025-08-24T00:00:00Z,89.91,83.08,10.77,44,79,0.08
8188,91,2025-08-25T00:00:00Z,78.93,0.0,25.07,100,34,91.32
8189,91,2025-08-26T00:00:00Z,79.94,0.0,25.97,100,33,91.32
8190,91,2025-08-27T00:00:00Z,77.55,0.0,25.49,93,1,97.47
8191,92,2025-05-30T00:00:00Z,90.1,67.81,55.57,37,100,0.03
8192,92,2025-05-31T00:00:00Z,91.08,96.78,57.01,37,98,0.01
8193,92,2025-06-01T00:00:00Z,75.84,68.28,65.62,39,96,0.09
8194,92,2025-06-02T00:00:00Z,90.35,78.86,63.57,40,100,0.03
8195,92,2025-06-03T00:00:00Z,85.71,80.92,57.17,34,98,0.02
8196,92,2025-06-04T00:00:00Z,93.99,89.74,65.65,40,98,0.02
8197,92,2025-06-05T00:00:00Z,100.0,69.87,63.39,37,98,0.02
8198,92,2025-06-06T00:00:00Z,82.97,76.89,61.54,34,98,0.03
8199,92,2025-06-07T00:00:00Z,96.29,97.64,59.62,34,100,0.01
8200,92,2025-06-08T00:00:00Z,74.15,100.0,52.67,43,100,0.03
8201,92,2025-06-09T00:00:00Z,100.0,82.69,76.79,37,98,0.01
8202,92,2025-06-10T00:00:00Z,100.0,84.36,64.29,34,100,0.01
8203,92,2025-06-11T00:00:00Z,86.77,99.69,64.33,37,100,0.01
8204,92,2025-06-12T00:00:00Z,78.8,90.73,75.33,37,100,0.02
8205,92,2025-06-13T00:00:00Z,90.91,100.0,71.65,34,95,0.01
8206,92,2025-06-14T00:00:00Z,100.0,85.69,75.49,34,100,0.01
8207,92,2025-06-15T00:00:00Z,93.98,85.34,72.66,39,100,0.02
8208,92,2025-06-16T00:00:00Z,85.99,68.06,54.46,37,100,0.04
8209,92,2025-06-17T00:00:00Z,88.9,94.53,61.62,34,100,0.01
8210,92,2025-06-18T00:00:00Z,100.0,96.78,57.88,37,98,0.01
8211,92,2025-06-19T00:00:00Z,91.79,81.44,74.7,34,98,0.02
8212,92,2025-06-20T00:00:00Z,82.78,87.63,59.87,34,100,0.02
8213,92,2025-06-21T00:00:00Z,91.94,95.73,53.75,34,98,0.01
8214,92,2025-06-22T00:00:00Z,81.46,100.0,55.23,37,95,0.02
8215,92,2025-06-23T00:00:00Z,100.0,88.72,64.75,40,98,0.01
8216,92,2025-06-24T00:00:00Z,99.58,67.88,69.94,37,100,0.02
8217,92,2025-06-25T00:00:00Z,83.29,67.39,55.77,37,100,0.05
8218,92,2025-06-26T00:00:00Z,84.17,93.15,63.19,34,98,0.02
8219,92,2025-06-27T00:00:00Z,90.65,99.76,64.82,34,98,0.01
8220,92,2025-06-28T00:00:00Z,91.03,99.89,58.95,37,100,0.01
8221,92,2025-06-29T00:00:00Z,98.6,100.0,56.97,40,100,0.01
8222,92,2025-06-30T00:00:00Z,98.04,78.21,72.37,34,100,0.01
8223,92,2025-07-01T00:00:00Z,95.37,96.48,76.63,34,98,0.01
8224,92,2025-07-02T00:00:00Z,88.06,81.1,65.32,34,98,0.02
8225,92,2025-07-03T00:00:00Z,92.31,98.05,69.9,37,100,0.01
8226,92,2025-07-04T00:00:00Z,95.59,92.82,67.57,34,100,0.01
8227,92,2025-07-05T00:00:00Z,99.75,85.24,72.22,36,100,0.01
8228,92,2025-07-06T00:00:00Z,86.71,94.2,65.33,40,100,0.02
8229,92,2025-07-07T00:00:00Z,83.04,90.85,52.99,37,98,0.02
8230,92,2025-07-08T00:00:00Z,94.45,70.04,55.1,34,98,0.02
8231,92,2025-07-09T00:00:00Z,100.0,100.0,57.05,37,100,0.01
8232,92,2025-07-10T00:00:00Z,83.32,79.06,60.61,40,100,0.04
8233,92,2025-07-11T00:00:00Z,92.83,90.29,69.19,34,98,0.01
8234,92,2025-07-12T00:00:00Z,82.63,71.31,53.65,37,100,0.04
8235,92,2025-07-13T00:00:00Z,100.0,85.81,69.27,37,100,0.01
8236,92,2025-07-14T00:00:00Z,100.0,75.81,68.88,37,98,0.02
8237,92,2025-07-15T00:00:00Z,91.55,76.63,66.91,40,89,0.05
8238,92,2025-07-16T00:00:00Z,89.07,84.43,55.86,34,100,0.02
8239,92,2025-07-17T00:00:00Z,74.43,73.82,63.29,34,100,0.05
8240,92,2025-07-18T00:00:00Z,86.72,85.4,67.39,37,100,0.02
8241,92,2025-07-19T00:00:00Z,100.0,68.1,54.55,34,98,0.02
8242,92,2025-07-20T00:00:00Z,100.0,89.84,55.75,34,100,0.01
8243,92,2025-07-21T00:00:00Z,73.52,100.0,72.63,34,100,0.02
8244,92,2025-07-22T00:00:00Z,80.65,100.0,53.9,34,93,0.02
8245,92,2025-07-23T00:00:00Z,82.77,99.77,54.82,40,93,0.02
8246,92,2025-07-24T00:00:00Z,80.72,96.46,58.4,36,98,0.02
8247,92,2025-07-25T00:00:00Z,88.16,100.0,60.97,34,100,0.01
8248,92,2025-07-26T00:00:00Z,100.0,75.89,68.94,40,98,0.02
8249,92,2025-07-27T00:00:00Z,93.6,100.0,56.57,34,100,0.01
8250,92,2025-07-28T00:00:00Z,100.0,75.79,66.68,34,98,0.01
8251,92,2025-07-29T00:00:00Z,92.44,0.0,34.69,100,36,82.89
8252,92,2025-07-30T00:00:00Z,93.26,82.89,11.28,52,91,0.06
8253,92,2025-07-31T00:00:00Z,79.4,0.0,25.69,100,0,98.25
8254,92,2025-08-01T00:00:00Z,78.51,0.0,25.69,100,3,98.06
8255,92,2025-08-02T00:00:00Z,76.11,0.0,21.32,100,0,98.51
8256,92,2025-08-03T00:00:00Z,76.97,0.0,21.94,100,32,92.77
8257,92,2025-08-04T00:00:00Z,80.08,0.0,26.25,100,0,98.19
8258,92,2025-08-05T00:00:00Z,78.57,0.0,26.18,100,0,98.32
8259,92,2025-08-06T00:00:00Z,78.99,0.0,25.28,100,0,98.29
8260,92,2025-08-07T00:00:00Z,77.42,0.0,26.46,100,0,98.42
8261,92,2025-08-08T00:00:00Z,77.32,0.0,26.04,100,0,98.42
8262,92,2025-08-09T00:00:00Z,77.41,0.0,21.53,100,18,96.19
8263,92,2025-08-10T00:00:00Z,75.08,0.0,20.56,100,0,98.59
8264,92,2025-08-11T00:00:00Z,83.21,0.0,27.87,100,10,96.58
8265,92,2025-08-12T00:00:00Z,94.93,68.94,61.12,34,100,0.02
8266,92,2025-08-13T00:00:00Z,83.17,0.0,35.37,100,7,97.04
8267,92,2025-08-14T00:00:00Z,80.09,0.0,34.79,100,0,98.19
8268,92,2025-08-15T00:00:00Z,80.83,0.0,35.56,100,0,98.13
8269,92,2025-08-16T00:00:00Z,79.15,0.0,34.17,100,0,98.28
8270,92,2025-08-17T00:00:00Z,97.11,51.64,27.27,48,96,0.11
8271,92,2025-08-18T00:00:00Z,96.07,41.62,42.96,56,71,0.94
8272,92,2025-08-19T00:00:00Z,81.06,0.0,34.03,100,14,96.26
8273,92,2025-08-20T00:00:00Z,81.65,0.0,34.79,100,0,98.05
8274,92,2025-08-21T00:00:00Z,82.12,0.0,34.79,100,0,98.0
8275,92,2025-08-22T00:00:00Z,81.67,0.0,34.58,100,10,96.82
8276,92,2025-08-23T00:00:00Z,80.94,0.0,33.61,100,0,98.12
8277,92,2025-08-24T00:00:00Z,80.98,0.0,34.44,100,0,98.11
8278,92,2025-08-25T00:00:00Z,79.91,0.0,34.44,100,0,98.21
8279,92,2025-08-26T00:00:00Z,81.94,0.0,35.21,100,0,98.02
8280,92,2025-08-27T00:00:00Z,85.28,0.0,33.42,100,15,95.19
8281,93,2025-05-30T00:00:00Z,94.53,88.07,73.8,30,96,0.01
8282,93,2025-05-31T00:00:00Z,94.79,80.68,66.25,30,100,0.01
8283,93,2025-06-01T00:00:00Z,93.95,84.4,54.07,30,96,0.01
8284,93,2025-06-02T00:00:00Z,87.02,97.68,53.92,39,100,0.01
8285,93,2025-06-03T00:00:00Z,90.53,100.0,58.59,33,100,0.01
8286,93,2025-06-04T00:00:00Z,97.27,88.92,61.89,33,98,0.01
8287,93,2025-06-05T00:00:00Z,96.31,59.42,52.79,36,98,0.04
8288,93,2025-06-06T00:00:00Z,86.46,100.0,58.62,35,100,0.01
8289,93,2025-06-07T00:00:00Z,100.0,93.89,64.02,30,96,0.01
8290,93,2025-06-08T00:00:00Z,82.13,86.72,63.64,30,100,0.02
8291,93,2025-06-09T00:00:00Z,96.9,93.86,75.58,30,100,0.01
8292,93,2025-06-10T00:00:00Z,100.0,100.0,65.02,32,100,0.0
8293,93,2025-06-11T00:00:00Z,92.03,97.02,66.47,30,92,0.01
8294,93,2025-06-12T00:00:00Z,92.65,81.23,54.73,33,98,0.02
8295,93,2025-06-13T00:00:00Z,92.21,96.04,61.73,33,96,0.01
8296,93,2025-06-14T00:00:00Z,97.14,100.0,53.23,30,98,0.0
8297,93,2025-06-15T00:00:00Z,91.41,92.81,63.99,30,100,0.01
8298,93,2025-06-16T00:00:00Z,83.47,100.0,61.41,30,100,0.01
8299,93,2025-06-17T00:00:00Z,92.78,78.15,73.41,30,95,0.02
8300,93,2025-06-18T00:00:00Z,86.52,99.94,53.93,30,98,0.01
8301,93,2025-06-19T00:00:00Z,83.79,82.69,69.07,30,98,0.02
8302,93,2025-06-20T00:00:00Z,90.54,56.11,56.04,33,98,0.05
8303,93,2025-06-21T00:00:00Z,100.0,95.37,71.98,30,100,0.0
8304,93,2025-06-22T00:00:00Z,100.0,92.75,76.51,39,100,0.01
8305,93,2025-06-23T00:00:00Z,100.0,47.66,60.77,36,100,0.04
8306,93,2025-06-24T00:00:00Z,93.56,74.77,71.75,33,100,0.02
8307,93,2025-06-25T00:00:00Z,87.46,100.0,56.59,33,100,0.01
8308,93,2025-06-26T00:00:00Z,93.75,99.78,55.65,33,100,0.01
8309,93,2025-06-27T00:00:00Z,88.62,76.66,56.6,36,95,0.03
8310,93,2025-06-28T00:00:00Z,93.6,100.0,61.91,30,100,0.01
8311,93,2025-06-29T00:00:00Z,91.59,88.72,67.29,30,100,0.01
8312,93,2025-06-30T00:00:00Z,92.13,86.58,63.63,33,100,0.01
8313,93,2025-07-01T00:00:00Z,89.53,47.0,58.9,33,100,0.06
8314,93,2025-07-02T00:00:00Z,93.24,100.0,60.45,30,98,0.01
8315,93,2025-07-03T00:00:00Z,82.14,80.17,57.7,36,100,0.03
8316,93,2025-07-04T00:00:00Z,98.39,60.6,71.23,33,100,0.02
8317,93,2025-07-05T00:00:00Z,100.0,98.15,68.21,33,100,0.0
8318,93,2025-07-06T00:00:00Z,100.0,100.0,66.22,30,100,0.0
8319,93,2025-07-07T00:00:00Z,82.89,88.28,53.17,30,100,0.01
8320,93,2025-07-08T00:00:00Z,100.0,87.16,64.47,30,100,0.01
8321,93,2025-07-09T00:00:00Z,100.0,100.0,75.73,30,98,0.0
8322,93,2025-07-10T00:00:00Z,80.64,99.09,73.64,30,100,0.01
8323,93,2025-07-11T00:00:00Z,87.44,91.66,72.99,30,100,0.01
8324,93,2025-07-12T00:00:00Z,93.64,92.22,63.26,30,98,0.01
8325,93,2025-07-13T00:00:00Z,83.12,88.57,67.75,30,100,0.01
8326,93,2025-07-14T00:00:00Z,78.84,66.71,53.06,33,100,0.05
8327,93,2025-07-15T00:00:00Z,100.0,98.97,61.37,30,100,0.0
8328,93,2025-07-16T00:00:00Z,90.55,96.34,58.05,33,93,0.01
8329,93,2025-07-17T00:00:00Z,100.0,75.51,75.46,30,100,0.01
8330,93,2025-07-18T00:00:00Z,100.0,70.48,66.59,30,88,0.02
8331,93,2025-07-19T00:00:00Z,100.0,100.0,74.16,33,100,0.0
8332,93,2025-07-20T00:00:00Z,100.0,99.08,62.22,33,100,0.0
8333,93,2025-07-21T00:00:00Z,85.91,74.9,68.94,39,100,0.04
8334,93,2025-07-22T00:00:00Z,100.0,100.0,53.3,30,93,0.01
8335,93,2025-07-23T00:00:00Z,100.0,98.63,62.47,36,93,0.01
8336,93,2025-07-24T00:00:00Z,100.0,82.95,69.32,30,100,0.01
8337,93,2025-07-25T00:00:00Z,87.84,90.16,55.02,30,95,0.01
8338,93,2025-07-26T00:00:00Z,94.45,91.52,65.71,33,98,0.01
8339,93,2025-07-27T00:00:00Z,99.23,82.09,61.16,35,100,0.01
8340,93,2025-07-28T00:00:00Z,67.33,97.52,53.56,30,98,0.02
8341,93,2025-07-29T00:00:00Z,84.91,0.0,30.67,96,34,85.99
8342,93,2025-07-30T00:00:00Z,78.56,0.0,25.14,100,1,98.24
8343,93,2025-07-31T00:00:00Z,78.31,0.0,25.49,100,8,97.55
8344,93,2025-08-01T00:00:00Z,79.16,0.0,26.25,100,0,98.27
8345,93,2025-08-02T00:00:00Z,100.0,81.05,13.33,30,100,0.01
8346,93,2025-08-03T00:00:00Z,91.44,63.17,10.3,58,76,0.44
8347,93,2025-08-04T00:00:00Z,84.47,0.0,30.36,100,0,97.76
8348,93,2025-08-05T00:00:00Z,71.12,85.98,61.14,33,98,0.04
8349,93,2025-08-06T00:00:00Z,86.25,0.0,32.19,100,60,66.54
8350,93,2025-08-07T00:00:00Z,77.29,0.0,25.9,100,0,98.43
8351,93,2025-08-08T00:00:00Z,79.29,0.0,26.11,100,0,98.26
8352,93,2025-08-09T00:00:00Z,76.13,0.0,21.53,100,0,98.51
8353,93,2025-08-10T00:00:00Z,79.21,0.0,21.11,100,0,98.27
8354,93,2025-08-11T00:00:00Z,77.75,0.0,26.04,100,22,95.31
8355,93,2025-08-12T00:00:00Z,78.98,0.0,25.62,96,7,96.96
8356,93,2025-08-13T00:00:00Z,77.59,0.0,25.97,100,22,95.35
8357,93,2025-08-14T00:00:00Z,79.01,0.0,25.07,100,0,98.29
8358,93,2025-08-15T00:00:00Z,79.22,0.0,25.28,100,9,97.31
8359,93,2025-08-16T00:00:00Z,78.46,0.0,22.22,100,0,98.33
8360,93,2025-08-17T00:00:00Z,91.13,40.8,9.79,44,78,0.43
8361,93,2025-08-18T00:00:00Z,83.0,0.0,27.45,100,9,96.77
8362,93,2025-08-19T00:00:00Z,78.24,0.0,25.56,100,8,97.56
8363,93,2025-08-20T00:00:00Z,77.91,0.0,26.53,100,0,98.38
8364,93,2025-08-21T00:00:00Z,76.95,0.0,25.69,100,3,98.21
8365,93,2025-08-22T00:00:00Z,92.44,70.06,12.73,45,87,0.08
8366,93,2025-08-23T00:00:00Z,89.86,51.71,20.56,44,59,0.76
8367,93,2025-08-24T00:00:00Z,87.65,0.0,21.11,95,44,75.35
8368,93,2025-08-25T00:00:00Z,92.43,88.59,68.47,30,100,0.01
8369,93,2025-08-26T00:00:00Z,86.82,83.54,53.51,30,100,0.01
8370,93,2025-08-27T00:00:00Z,77.59,0.0,27.12,100,20,95.77
8371,94,2025-05-30T00:00:00Z,96.17,96.73,67.0,34,100,0.01
8372,94,2025-05-31T00:00:00Z,100.0,82.81,66.62,37,96,0.01
8373,94,2025-06-01T00:00:00Z,100.0,100.0,62.72,37,98,0.01
8374,94,2025-06-02T00:00:00Z,91.72,70.05,68.86,34,100,0.02
8375,94,2025-06-03T00:00:00Z,96.21,91.77,73.94,42,96,0.02
8376,94,2025-06-04T00:00:00Z,94.45,82.01,64.12,37,100,0.02
8377,94,2025-06-05T00:00:00Z,100.0,93.97,58.1,34,100,0.01
8378,94,2025-06-06T00:00:00Z,87.2,100.0,58.87,37,100,0.01
8379,94,2025-06-07T00:00:00Z,100.0,83.37,59.76,37,100,0.01
8380,94,2025-06-08T00:00:00Z,75.39,62.36,75.24,37,100,0.09
8381,94,2025-06-09T00:00:00Z,94.8,100.0,64.56,37,100,0.01
8382,94,2025-06-10T00:00:00Z,100.0,91.51,57.75,40,100,0.01
8383,94,2025-06-11T00:00:00Z,99.5,100.0,70.44,37,100,0.01
8384,94,2025-06-12T00:00:00Z,90.02,87.41,70.65,34,100,0.01
8385,94,2025-06-13T00:00:00Z,93.44,85.85,53.59,34,100,0.01
8386,94,2025-06-14T00:00:00Z,96.96,99.75,54.41,34,100,0.01
8387,94,2025-06-15T00:00:00Z,100.0,93.53,73.7,39,100,0.01
8388,94,2025-06-16T00:00:00Z,88.85,100.0,59.91,37,100,0.01
8389,94,2025-06-17T00:00:00Z,100.0,77.36,58.16,40,100,0.02
8390,94,2025-06-18T00:00:00Z,91.04,96.36,57.33,34,100,0.01
8391,94,2025-06-19T00:00:00Z,96.97,99.34,70.73,40,100,0.01
8392,94,2025-06-20T00:00:00Z,86.23,100.0,59.91,37,100,0.01
8393,94,2025-06-21T00:00:00Z,97.91,69.73,53.5,40,100,0.03
8394,94,2025-06-22T00:00:00Z,93.85,56.64,61.44,34,98,0.04
8395,94,2025-06-23T00:00:00Z,86.36,96.51,70.11,37,100,0.01
8396,94,2025-06-24T00:00:00Z,100.0,86.55,55.24,34,100,0.01
8397,94,2025-06-25T00:00:00Z,83.74,63.09,60.45,40,98,0.07
8398,94,2025-06-26T00:00:00Z,94.75,98.46,54.78,36,100,0.01
8399,94,2025-06-27T00:00:00Z,87.29,83.2,57.17,40,100,0.03
8400,94,2025-06-28T00:00:00Z,88.66,100.0,60.1,34,92,0.01
8401,94,2025-06-29T00:00:00Z,86.95,88.83,57.95,34,98,0.02
8402,94,2025-06-30T00:00:00Z,100.0,67.6,59.26,37,100,0.02
8403,94,2025-07-01T00:00:00Z,98.87,100.0,63.13,37,96,0.01
8404,94,2025-07-02T00:00:00Z,99.99,78.23,66.06,36,100,0.01
8405,94,2025-07-03T00:00:00Z,97.06,55.0,53.83,37,100,0.04
8406,94,2025-07-04T00:00:00Z,77.37,70.96,67.25,37,98,0.06
8407,94,2025-07-05T00:00:00Z,97.08,100.0,53.6,34,100,0.01
8408,94,2025-07-06T00:00:00Z,94.81,89.61,73.67,34,98,0.01
8409,94,2025-07-07T00:00:00Z,98.65,87.93,55.71,40,98,0.01
8410,94,2025-07-08T00:00:00Z,100.0,96.17,76.06,34,100,0.01
8411,94,2025-07-09T00:00:00Z,100.0,83.54,73.36,34,100,0.01
8412,94,2025-07-10T00:00:00Z,99.18,86.57,74.41,34,100,0.01
8413,94,2025-07-11T00:00:00Z,88.0,67.91,76.71,34,98,0.03
8414,94,2025-07-12T00:00:00Z,85.72,84.47,70.05,37,100,0.02
8415,94,2025-07-13T00:00:00Z,91.46,75.13,68.38,34,98,0.02
8416,94,2025-07-14T00:00:00Z,89.26,64.84,64.7,40,98,0.05
8417,94,2025-07-15T00:00:00Z,98.49,78.4,63.39,37,98,0.02
8418,94,2025-07-16T00:00:00Z,95.61,99.43,74.25,40,100,0.01
8419,94,2025-07-17T00:00:00Z,97.22,70.48,62.45,37,98,0.02
8420,94,2025-07-18T00:00:00Z,100.0,100.0,66.5,34,100,0.0
8421,94,2025-07-19T00:00:00Z,100.0,93.19,58.85,34,100,0.01
8422,94,2025-07-20T00:00:00Z,81.95,72.81,55.07,42,96,0.07
8423,94,2025-07-21T00:00:00Z,100.0,80.5,58.74,34,100,0.01
8424,94,2025-07-22T00:00:00Z,98.9,98.87,58.97,37,100,0.01
8425,94,2025-07-23T00:00:00Z,86.64,91.36,65.26,37,100,0.02
8426,94,2025-07-24T00:00:00Z,88.86,66.7,56.22,37,98,0.04
8427,94,2025-07-25T00:00:00Z,92.01,70.21,55.11,37,93,0.04
8428,94,2025-07-26T00:00:00Z,89.83,75.8,72.89,37,96,0.03
8429,94,2025-07-27T00:00:00Z,87.86,100.0,66.76,34,100,0.01
8430,94,2025-07-28T00:00:00Z,92.36,94.86,59.12,34,95,0.01
8431,94,2025-07-29T00:00:00Z,86.19,0.0,31.52,100,30,89.94
8432,94,2025-07-30T00:00:00Z,80.46,0.0,25.83,100,0,98.16
8433,94,2025-07-31T00:00:00Z,79.74,0.0,25.14,100,0,98.22
8434,94,2025-08-01T00:00:00Z,88.17,0.0,26.45,100,28,89.95
8435,94,2025-08-02T00:00:00Z,96.49,63.86,8.33,46,82,0.12
8436,94,2025-08-03T00:00:00Z,79.74,0.0,22.88,100,0,98.22
8437,94,2025-08-04T00:00:00Z,95.64,47.27,11.93,70,57,3.48
8438,94,2025-08-05T00:00:00Z,79.64,0.0,25.49,100,0,98.23
8439,94,2025-08-06T00:00:00Z,79.26,0.0,26.11,100,6,97.67
8440,94,2025-08-07T00:00:00Z,79.59,0.0,25.76,100,0,98.24
8441,94,2025-08-08T00:00:00Z,79.09,0.0,25.14,100,0,98.28
8442,94,2025-08-09T00:00:00Z,76.36,0.0,20.97,100,0,98.5
8443,94,2025-08-10T00:00:00Z,76.34,0.0,21.87,100,0,98.5
8444,94,2025-08-11T00:00:00Z,82.44,0.0,28.4,100,16,95.6
8445,94,2025-08-12T00:00:00Z,86.27,6.49,29.63,81,25,73.82
8446,94,2025-08-13T00:00:00Z,79.4,0.0,26.11,100,0,98.25
8447,94,2025-08-14T00:00:00Z,78.95,0.0,25.76,100,8,97.47
8448,94,2025-08-15T00:00:00Z,92.17,5.35,20.0,83,58,32.24
8449,94,2025-08-16T00:00:00Z,100.0,94.73,54.81,37,100,0.01
8450,94,2025-08-17T00:00:00Z,91.11,1.49,18.82,81,67,24.88
8451,94,2025-08-18T00:00:00Z,86.36,0.0,27.63,100,31,89.4
8452,94,2025-08-19T00:00:00Z,100.0,96.24,57.54,37,100,0.01
8453,94,2025-08-20T00:00:00Z,88.57,0.0,26.53,100,46,78.1
8454,94,2025-08-21T00:00:00Z,77.4,0.0,25.42,100,0,98.42
8455,94,2025-08-22T00:00:00Z,81.45,0.0,27.22,100,0,98.07
8456,94,2025-08-23T00:00:00Z,76.28,0.0,21.32,100,0,98.5
8457,94,2025-08-24T00:00:00Z,87.47,0.0,20.14,78,15,82.59
8458,94,2025-08-25T00:00:00Z,86.59,77.34,54.04,34,100,0.02
8459,94,2025-08-26T00:00:00Z,87.89,0.0,32.24,100,26,90.93
8460,94,2025-08-27T00:00:00Z,76.56,0.0,24.58,100,1,98.4
8461,95,2025-05-30T00:00:00Z,88.11,78.02,59.35,34,100,0.02
8462,95,2025-05-31T00:00:00Z,96.84,68.01,73.99,39,98,0.03
8463,95,2025-06-01T00:00:00Z,100.0,55.98,57.07,34,98,0.03
8464,95,2025-06-02T00:00:00Z,94.72,89.74,68.54,43,100,0.02
8465,95,2025-06-03T00:00:00Z,100.0,96.79,54.01,34,96,0.01
8466,95,2025-06-04T00:00:00Z,95.46,62.56,57.58,34,100,0.03
8467,95,2025-06-05T00:00:00Z,96.22,99.29,53.03,34,100,0.01
8468,95,2025-06-06T00:00:00Z,100.0,86.64,66.82,34,94,0.01
8469,95,2025-06-07T00:00:00Z,100.0,77.67,75.93,37,98,0.02
8470,95,2025-06-08T00:00:00Z,100.0,100.0,58.33,34,100,0.0
8471,95,2025-06-09T00:00:00Z,100.0,97.96,55.3,37,100,0.01
8472,95,2025-06-10T00:00:00Z,97.6,100.0,55.65,37,98,0.01
8473,95,2025-06-11T00:00:00Z,100.0,81.74,56.73,40,98,0.02
8474,95,2025-06-12T00:00:00Z,85.34,100.0,66.08,37,100,0.01
8475,95,2025-06-13T00:00:00Z,85.87,100.0,67.4,37,98,0.01
8476,95,2025-06-14T00:00:00Z,71.58,58.5,53.8,34,87,0.2
8477,95,2025-06-15T00:00:00Z,79.24,80.38,55.25,37,100,0.03
8478,95,2025-06-16T00:00:00Z,96.14,94.66,64.64,34,100,0.01
8479,95,2025-06-17T00:00:00Z,87.56,98.77,70.73,40,100,0.01
8480,95,2025-06-18T00:00:00Z,100.0,78.5,68.19,37,100,0.01
8481,95,2025-06-19T00:00:00Z,69.15,62.24,56.38,39,100,0.13
8482,95,2025-06-20T00:00:00Z,80.79,71.64,62.6,34,100,0.04
8483,95,2025-06-21T00:00:00Z,87.0,81.08,56.57,37,100,0.02
8484,95,2025-06-22T00:00:00Z,97.84,83.7,72.74,37,100,0.01
8485,95,2025-06-23T00:00:00Z,94.58,78.64,60.61,37,96,0.02
8486,95,2025-06-24T00:00:00Z,89.87,92.1,75.35,34,96,0.01
8487,95,2025-06-25T00:00:00Z,100.0,93.11,54.2,37,95,0.01
8488,95,2025-06-26T00:00:00Z,92.88,71.74,54.72,34,100,0.02
8489,95,2025-06-27T00:00:00Z,92.52,74.06,64.72,34,98,0.02
8490,95,2025-06-28T00:00:00Z,100.0,79.11,65.76,34,98,0.01
8491,95,2025-06-29T00:00:00Z,94.49,78.51,57.66,37,100,0.02
8492,95,2025-06-30T00:00:00Z,100.0,81.88,58.32,40,98,0.02
8493,95,2025-07-01T00:00:00Z,89.4,87.91,54.77,37,98,0.02
8494,95,2025-07-02T00:00:00Z,73.72,67.28,53.72,34,100,0.07
8495,95,2025-07-03T00:00:00Z,84.34,89.8,73.03,37,91,0.03
8496,95,2025-07-04T00:00:00Z,91.01,76.74,56.45,34,96,0.02
8497,95,2025-07-05T00:00:00Z,83.71,100.0,67.91,34,100,0.01
8498,95,2025-07-06T00:00:00Z,100.0,81.6,58.68,34,100,0.01
8499,95,2025-07-07T00:00:00Z,99.62,83.2,62.8,40,100,0.01
8500,95,2025-07-08T00:00:00Z,100.0,100.0,62.58,40,100,0.01
8501,95,2025-07-09T00:00:00Z,100.0,77.28,55.42,40,100,0.02
8502,95,2025-07-10T00:00:00Z,90.06,99.97,68.46,37,100,0.01
8503,95,2025-07-11T00:00:00Z,94.65,64.76,61.49,37,100,0.03
8504,95,2025-07-12T00:00:00Z,84.56,61.37,59.42,34,96,0.06
8505,95,2025-07-13T00:00:00Z,95.81,91.72,68.59,37,100,0.01
8506,95,2025-07-14T00:00:00Z,100.0,100.0,63.85,34,100,0.0
8507,95,2025-07-15T00:00:00Z,98.28,82.32,60.59,34,100,0.01
8508,95,2025-07-16T00:00:00Z,88.66,99.54,65.97,37,100,0.01
8509,95,2025-07-17T00:00:00Z,86.23,96.27,57.61,40,98,0.02
8510,95,2025-07-18T00:00:00Z,94.92,86.7,75.18,36,100,0.01
8511,95,2025-07-19T00:00:00Z,98.63,91.93,59.31,34,100,0.01
8512,95,2025-07-20T00:00:00Z,100.0,97.85,59.38,34,100,0.01
8513,95,2025-07-21T00:00:00Z,99.54,86.15,61.78,34,100,0.01
8514,95,2025-07-22T00:00:00Z,100.0,83.64,68.72,37,100,0.01
8515,95,2025-07-23T00:00:00Z,100.0,84.16,74.18,39,100,0.01
8516,95,2025-07-24T00:00:00Z,70.86,63.46,66.18,34,100,0.09
8517,95,2025-07-25T00:00:00Z,100.0,88.01,56.92,37,100,0.01
8518,95,2025-07-26T00:00:00Z,99.24,64.47,69.73,34,100,0.02
8519,95,2025-07-27T00:00:00Z,97.96,78.8,64.99,34,100,0.01
8520,95,2025-07-28T00:00:00Z,100.0,100.0,56.11,34,100,0.0
8521,95,2025-07-29T00:00:00Z,90.43,0.0,34.67,100,5,96.19
8522,95,2025-07-30T00:00:00Z,82.31,0.0,34.24,100,0,97.99
8523,95,2025-07-31T00:00:00Z,80.92,0.0,34.72,100,0,98.12
8524,95,2025-08-01T00:00:00Z,80.16,0.0,35.62,100,0,98.19
8525,95,2025-08-02T00:00:00Z,78.78,0.0,35.07,100,0,98.31
8526,95,2025-08-03T00:00:00Z,80.05,0.0,36.18,100,0,98.2
8527,95,2025-08-04T00:00:00Z,92.38,2.38,35.12,89,34,71.62
8528,95,2025-08-05T00:00:00Z,89.68,100.0,66.21,42,100,0.01
8529,95,2025-08-06T00:00:00Z,82.48,0.0,36.33,100,0,97.97
8530,95,2025-08-07T00:00:00Z,82.62,0.0,33.96,100,0,97.95
8531,95,2025-08-08T00:00:00Z,82.54,0.0,35.28,100,0,97.96
8532,95,2025-08-09T00:00:00Z,80.88,0.0,35.35,100,16,95.91
8533,95,2025-08-10T00:00:00Z,93.56,65.43,28.33,65,75,0.58
8534,95,2025-08-11T00:00:00Z,100.0,100.0,56.47,34,100,0.0
8535,95,2025-08-12T00:00:00Z,95.96,0.0,36.94,60,57,11.43
8536,95,2025-08-13T00:00:00Z,82.82,0.0,35.42,100,0,97.93
8537,95,2025-08-14T00:00:00Z,84.68,0.0,34.44,100,0,97.74
8538,95,2025-08-15T00:00:00Z,85.09,0.0,33.9,100,0,97.69
8539,95,2025-08-16T00:00:00Z,89.76,0.0,37.9,100,23,91.39
8540,95,2025-08-17T00:00:00Z,81.14,0.0,34.51,100,0,98.1
8541,95,2025-08-18T00:00:00Z,82.16,0.0,35.49,100,0,98.0
8542,95,2025-08-19T00:00:00Z,80.73,0.0,34.17,100,0,98.14
8543,95,2025-08-20T00:00:00Z,80.02,0.0,34.51,100,0,98.2
8544,95,2025-08-21T00:00:00Z,81.62,0.0,34.93,100,0,98.05
8545,95,2025-08-22T00:00:00Z,81.61,0.0,33.19,100,26,93.21
8546,95,2025-08-23T00:00:00Z,79.89,0.0,33.47,100,27,93.43
8547,95,2025-08-24T00:00:00Z,82.33,0.0,34.72,100,0,97.98
8548,95,2025-08-25T00:00:00Z,89.5,23.52,26.96,73,57,13.17
8549,95,2025-08-26T00:00:00Z,94.64,0.0,25.09,70,33,45.46
8550,95,2025-08-27T00:00:00Z,75.97,0.0,25.35,100,0,98.52
8551,96,2025-05-30T00:00:00Z,95.72,100.0,66.11,33,100,0.01
8552,96,2025-05-31T00:00:00Z,91.28,81.95,56.34,30,100,0.01
8553,96,2025-06-01T00:00:00Z,100.0,88.09,70.78,33,100,0.01
8554,96,2025-06-02T00:00:00Z,86.14,100.0,74.58,30,100,0.01
8555,96,2025-06-03T00:00:00Z,100.0,69.45,65.69,30,100,0.01
8556,96,2025-06-04T00:00:00Z,90.71,100.0,56.43,30,100,0.01
8557,96,2025-06-05T00:00:00Z,91.74,93.04,56.83,30,100,0.01
8558,96,2025-06-06T00:00:00Z,100.0,91.05,58.61,30,98,0.01
8559,96,2025-06-07T00:00:00Z,89.66,94.95,55.67,30,100,0.01
8560,96,2025-06-08T00:00:00Z,96.38,100.0,67.64,30,100,0.0
8561,96,2025-06-09T00:00:00Z,84.45,92.35,60.07,30,96,0.01
8562,96,2025-06-10T00:00:00Z,84.66,100.0,70.24,30,100,0.01
8563,96,2025-06-11T00:00:00Z,93.07,92.84,67.82,36,96,0.01
8564,96,2025-06-12T00:00:00Z,95.27,71.92,69.73,30,98,0.02
8565,96,2025-06-13T00:00:00Z,89.56,95.62,61.06,30,100,0.01
8566,96,2025-06-14T00:00:00Z,97.9,100.0,65.44,33,95,0.01
8567,96,2025-06-15T00:00:00Z,95.92,100.0,64.74,30,100,0.0
8568,96,2025-06-16T00:00:00Z,100.0,70.87,66.69,30,98,0.01
8569,96,2025-06-17T00:00:00Z,100.0,64.41,70.56,30,96,0.02
8570,96,2025-06-18T00:00:00Z,84.18,98.55,62.84,30,100,0.01
8571,96,2025-06-19T00:00:00Z,99.19,79.49,63.38,33,100,0.01
8572,96,2025-06-20T00:00:00Z,97.23,95.43,76.39,33,96,0.01
8573,96,2025-06-21T00:00:00Z,100.0,93.16,76.25,32,98,0.01
8574,96,2025-06-22T00:00:00Z,90.82,88.34,57.72,33,100,0.01
8575,96,2025-06-23T00:00:00Z,86.66,82.32,55.74,30,100,0.01
8576,96,2025-06-24T00:00:00Z,88.12,97.51,67.95,30,95,0.01
8577,96,2025-06-25T00:00:00Z,89.29,87.76,70.47,33,100,0.01
8578,96,2025-06-26T00:00:00Z,90.18,100.0,74.67,33,98,0.01
8579,96,2025-06-27T00:00:00Z,87.89,83.94,56.28,30,100,0.01
8580,96,2025-06-28T00:00:00Z,90.04,99.67,69.0,30,100,0.01
8581,96,2025-06-29T00:00:00Z,97.28,88.34,66.7,33,98,0.01
8582,96,2025-06-30T00:00:00Z,97.95,100.0,73.68,30,100,0.0
8583,96,2025-07-01T00:00:00Z,89.34,93.79,54.8,30,96,0.01
8584,96,2025-07-02T00:00:00Z,94.63,100.0,55.3,30,95,0.01
8585,96,2025-07-03T00:00:00Z,99.28,88.3,53.66,30,96,0.01
8586,96,2025-07-04T00:00:00Z,94.95,84.43,55.52,30,100,0.01
8587,96,2025-07-05T00:00:00Z,100.0,98.42,72.22,30,100,0.0
8588,96,2025-07-06T00:00:00Z,90.92,86.22,73.16,32,100,0.01
8589,96,2025-07-07T00:00:00Z,100.0,91.96,55.7,30,100,0.01
8590,96,2025-07-08T00:00:00Z,99.55,100.0,72.55,35,98,0.01
8591,96,2025-07-09T00:00:00Z,98.8,83.56,65.02,30,100,0.01
8592,96,2025-07-10T00:00:00Z,92.97,85.88,60.4,30,100,0.01
8593,96,2025-07-11T00:00:00Z,97.37,87.97,53.87,30,95,0.01
8594,96,2025-07-12T00:00:00Z,100.0,100.0,58.77,39,100,0.01
8595,96,2025-07-13T00:00:00Z,100.0,83.34,63.71,30,100,0.01
8596,96,2025-07-14T00:00:00Z,90.61,100.0,64.71,30,100,0.01
8597,96,2025-07-15T00:00:00Z,90.39,86.09,57.41,30,100,0.01
8598,96,2025-07-16T00:00:00Z,96.93,84.93,53.25,30,100,0.01
8599,96,2025-07-17T00:00:00Z,96.68,89.45,75.53,30,100,0.01
8600,96,2025-07-18T00:00:00Z,97.64,100.0,53.9,30,95,0.01
8601,96,2025-07-19T00:00:00Z,84.1,100.0,56.65,38,100,0.01
8602,96,2025-07-20T00:00:00Z,94.97,100.0,58.78,30,100,0.0
8603,96,2025-07-21T00:00:00Z,96.32,100.0,63.68,36,100,0.01
8604,96,2025-07-22T00:00:00Z,95.56,90.25,55.11,30,100,0.01
8605,96,2025-07-23T00:00:00Z,100.0,90.64,66.45,30,100,0.01
8606,96,2025-07-24T00:00:00Z,100.0,73.25,61.21,33,100,0.01
8607,96,2025-07-25T00:00:00Z,89.88,73.72,68.72,30,98,0.02
8608,96,2025-07-26T00:00:00Z,98.64,85.43,65.36,36,100,0.01
8609,96,2025-07-27T00:00:00Z,94.7,99.66,57.33,30,96,0.01
8610,96,2025-07-28T00:00:00Z,76.09,100.0,55.45,30,100,0.01
8611,96,2025-07-29T00:00:00Z,87.09,8.15,30.57,79,13,80.37
8612,96,2025-07-30T00:00:00Z,78.33,0.0,26.18,100,33,91.93
8613,96,2025-07-31T00:00:00Z,78.21,0.0,25.35,89,30,87.32
8614,96,2025-08-01T00:00:00Z,77.48,0.0,25.49,86,1,96.22
8615,96,2025-08-02T00:00:00Z,77.33,0.0,21.53,75,0,93.3
8616,96,2025-08-03T00:00:00Z,76.11,0.0,22.29,93,43,83.54
8617,96,2025-08-04T00:00:00Z,80.11,0.0,25.69,100,0,98.19
8618,96,2025-08-05T00:00:00Z,78.62,0.0,26.18,90,2,96.67
8619,96,2025-08-06T00:00:00Z,78.24,13.33,25.56,100,11,95.28
8620,96,2025-08-07T00:00:00Z,77.55,0.0,26.67,100,17,96.35
8621,96,2025-08-08T00:00:00Z,97.42,76.41,11.33,36,91,0.02
8622,96,2025-08-09T00:00:00Z,91.86,58.62,20.38,70,61,2.21
8623,96,2025-08-10T00:00:00Z,85.33,0.0,22.62,54,19,50.58
8624,96,2025-08-11T00:00:00Z,100.0,81.07,75.6,30,100,0.01
8625,96,2025-08-12T00:00:00Z,97.0,56.46,12.98,44,94,0.08
8626,96,2025-08-13T00:00:00Z,77.73,19.74,25.83,99,21,90.15
8627,96,2025-08-14T00:00:00Z,78.45,0.0,25.0,100,27,93.86
8628,96,2025-08-15T00:00:00Z,78.55,0.0,25.42,100,14,96.68
8629,96,2025-08-16T00:00:00Z,83.14,0.0,23.9,73,43,51.82
8630,96,2025-08-17T00:00:00Z,100.0,100.0,61.71,33,100,0.0
8631,96,2025-08-18T00:00:00Z,91.33,58.18,24.67,56,51,1.66
8632,96,2025-08-19T00:00:00Z,78.92,0.0,25.83,92,26,90.67
8633,96,2025-08-20T00:00:00Z,77.17,0.0,26.18,96,0,98.02
8634,96,2025-08-21T00:00:00Z,78.74,32.08,25.9,94,0,91.83
8635,96,2025-08-22T00:00:00Z,77.18,0.0,25.97,78,35,74.48
8636,96,2025-08-23T00:00:00Z,75.44,0.0,21.74,100,0,98.56
8637,96,2025-08-24T00:00:00Z,90.93,0.0,20.6,63,6,71.78
8638,96,2025-08-25T00:00:00Z,99.87,82.75,55.41,30,98,0.01
8639,96,2025-08-26T00:00:00Z,91.36,2.45,28.5,57,33,28.99
8640,96,2025-08-27T00:00:00Z,78.37,0.0,25.42,100,0,98.34
8641,97,2025-05-30T00:00:00Z,100.0,94.45,67.3,32,100,0.01
8642,97,2025-05-31T00:00:00Z,87.55,57.35,62.82,32,100,0.04
8643,97,2025-06-01T00:00:00Z,100.0,100.0,55.85,32,100,0.0
8644,97,2025-06-02T00:00:00Z,95.16,83.71,62.16,35,96,0.01
8645,97,2025-06-03T00:00:00Z,100.0,89.44,71.37,35,100,0.01
8646,97,2025-06-04T00:00:00Z,84.34,97.29,58.16,35,100,0.01
8647,97,2025-06-05T00:00:00Z,94.98,100.0,74.84,35,98,0.01
8648,97,2025-06-06T00:00:00Z,96.81,86.75,65.28,32,100,0.01
8649,97,2025-06-07T00:00:00Z,100.0,81.55,71.69,35,100,0.01
8650,97,2025-06-08T00:00:00Z,89.17,77.08,54.81,35,100,0.02
8651,97,2025-06-09T00:00:00Z,94.07,81.82,70.1,32,100,0.01
8652,97,2025-06-10T00:00:00Z,100.0,83.57,55.14,35,100,0.01
8653,97,2025-06-11T00:00:00Z,87.15,88.29,63.04,32,100,0.01
8654,97,2025-06-12T00:00:00Z,94.24,78.89,71.8,32,100,0.01
8655,97,2025-06-13T00:00:00Z,100.0,100.0,67.82,35,90,0.01
8656,97,2025-06-14T00:00:00Z,83.32,66.56,63.93,35,96,0.05
8657,97,2025-06-15T00:00:00Z,85.63,100.0,59.03,35,100,0.01
8658,97,2025-06-16T00:00:00Z,77.86,100.0,71.18,32,96,0.02
8659,97,2025-06-17T00:00:00Z,85.48,100.0,56.97,32,90,0.01
8660,97,2025-06-18T00:00:00Z,92.99,100.0,67.65,35,98,0.01
8661,97,2025-06-19T00:00:00Z,100.0,100.0,72.24,35,100,0.01
8662,97,2025-06-20T00:00:00Z,90.39,99.3,57.96,32,100,0.01
8663,97,2025-06-21T00:00:00Z,98.16,99.56,60.09,35,98,0.01
8664,97,2025-06-22T00:00:00Z,92.86,98.95,61.52,38,100,0.01
8665,97,2025-06-23T00:00:00Z,91.53,65.81,53.5,38,98,0.04
8666,97,2025-06-24T00:00:00Z,89.97,100.0,53.69,35,100,0.01
8667,97,2025-06-25T00:00:00Z,96.48,100.0,62.51,32,100,0.0
8668,97,2025-06-26T00:00:00Z,100.0,79.0,57.43,35,100,0.01
8669,97,2025-06-27T00:00:00Z,100.0,99.96,70.51,32,100,0.0
8670,97,2025-06-28T00:00:00Z,96.23,95.74,55.19,38,100,0.01
8671,97,2025-06-29T00:00:00Z,100.0,78.1,54.16,32,100,0.01
8672,97,2025-06-30T00:00:00Z,89.95,89.75,57.49,32,96,0.01
8673,97,2025-07-01T00:00:00Z,86.25,94.47,74.02,35,98,0.01
8674,97,2025-07-02T00:00:00Z,97.34,69.1,60.98,35,98,0.02
8675,97,2025-07-03T00:00:00Z,100.0,94.43,66.51,35,100,0.01
8676,97,2025-07-04T00:00:00Z,94.49,100.0,60.37,35,96,0.01
8677,97,2025-07-05T00:00:00Z,84.1,76.31,67.63,35,96,0.03
8678,97,2025-07-06T00:00:00Z,96.48,66.08,59.27,35,100,0.02
8679,97,2025-07-07T00:00:00Z,92.93,88.25,56.6,32,95,0.01
8680,97,2025-07-08T00:00:00Z,82.06,100.0,59.7,35,98,0.01
8681,97,2025-07-09T00:00:00Z,100.0,93.72,63.26,32,100,0.01
8682,97,2025-07-10T00:00:00Z,100.0,60.48,63.96,38,95,0.04
8683,97,2025-07-11T00:00:00Z,100.0,71.89,71.93,38,96,0.02
8684,97,2025-07-12T00:00:00Z,71.51,89.83,53.9,32,100,0.03
8685,97,2025-07-13T00:00:00Z,76.72,75.71,71.06,34,95,0.05
8686,97,2025-07-14T00:00:00Z,87.06,72.21,65.9,35,100,0.03
8687,97,2025-07-15T00:00:00Z,82.61,100.0,53.45,32,100,0.01
8688,97,2025-07-16T00:00:00Z,100.0,83.56,74.95,38,100,0.01
8689,97,2025-07-17T00:00:00Z,100.0,70.08,55.99,35,100,0.02
8690,97,2025-07-18T00:00:00Z,81.54,65.55,56.17,35,98,0.06
8691,97,2025-07-19T00:00:00Z,84.83,88.63,59.96,35,100,0.02
8692,97,2025-07-20T00:00:00Z,91.38,77.73,70.52,32,100,0.02
8693,97,2025-07-21T00:00:00Z,96.52,86.41,67.15,32,96,0.01
8694,97,2025-07-22T00:00:00Z,96.91,73.95,64.13,32,98,0.02
8695,97,2025-07-23T00:00:00Z,100.0,89.36,62.81,35,94,0.01
8696,97,2025-07-24T00:00:00Z,100.0,82.68,54.43,35,100,0.01
8697,97,2025-07-25T00:00:00Z,92.33,66.6,56.8,32,100,0.02
8698,97,2025-07-26T00:00:00Z,87.45,93.06,65.3,35,100,0.01
8699,97,2025-07-27T00:00:00Z,100.0,95.81,71.16,35,100,0.01
8700,97,2025-07-28T00:00:00Z,97.01,94.82,66.44,35,100,0.01
8701,97,2025-07-29T00:00:00Z,86.17,0.0,37.43,86,31,78.61
8702,97,2025-07-30T00:00:00Z,90.24,0.0,36.25,95,31,83.73
8703,97,2025-07-31T00:00:00Z,92.65,9.04,35.04,86,51,40.51
8704,97,2025-08-01T00:00:00Z,81.65,0.0,34.86,100,6,97.38
8705,97,2025-08-02T00:00:00Z,80.33,0.0,34.51,100,0,98.17
8706,97,2025-08-03T00:00:00Z,82.26,0.0,33.75,100,5,97.43
8707,97,2025-08-04T00:00:00Z,82.69,0.0,34.79,100,0,97.95
8708,97,2025-08-05T00:00:00Z,91.33,11.21,35.24,83,65,21.67
8709,97,2025-08-06T00:00:00Z,87.44,0.0,35.08,100,49,76.46
8710,97,2025-08-07T00:00:00Z,81.39,0.0,34.72,100,29,92.28
8711,97,2025-08-08T00:00:00Z,81.33,0.0,33.82,100,0,98.08
8712,97,2025-08-09T00:00:00Z,92.92,34.48,34.1,95,64,17.87
8713,97,2025-08-10T00:00:00Z,94.19,19.49,37.22,89,63,21.43
8714,97,2025-08-11T00:00:00Z,81.62,0.0,34.79,100,0,98.05
8715,97,2025-08-12T00:00:00Z,80.51,0.0,33.89,100,7,97.4
8716,97,2025-08-13T00:00:00Z,79.92,0.0,33.96,100,25,94.01
8717,97,2025-08-14T00:00:00Z,79.5,0.0,34.1,100,7,97.53
8718,97,2025-08-15T00:00:00Z,82.2,0.0,34.79,100,13,96.23
8719,97,2025-08-16T00:00:00Z,81.42,0.0,35.42,100,21,94.68
8720,97,2025-08-17T00:00:00Z,88.96,0.0,33.44,100,27,90.04
8721,97,2025-08-18T00:00:00Z,93.72,100.0,72.38,35,100,0.01
8722,97,2025-08-19T00:00:00Z,83.71,0.0,34.98,100,0,97.84
8723,97,2025-08-20T00:00:00Z,80.23,0.0,34.58,100,0,98.18
8724,97,2025-08-21T00:00:00Z,81.71,0.0,34.24,100,0,98.04
8725,97,2025-08-22T00:00:00Z,80.79,0.0,35.83,100,0,98.13
8726,97,2025-08-23T00:00:00Z,82.25,0.0,34.37,100,0,97.99
8727,97,2025-08-24T00:00:00Z,79.82,0.0,35.49,100,0,98.22
8728,97,2025-08-25T00:00:00Z,86.55,89.94,31.11,38,100,0.02
8729,97,2025-08-26T00:00:00Z,87.03,71.45,74.54,32,100,0.03
8730,97,2025-08-27T00:00:00Z,89.3,0.0,34.83,76,43,48.62
8731,98,2025-05-30T00:00:00Z,100.0,87.42,56.29,33,100,0.01
8732,98,2025-05-31T00:00:00Z,80.37,81.15,53.73,30,100,0.02
8733,98,2025-06-01T00:00:00Z,79.28,92.82,62.18,33,100,0.02
8734,98,2025-06-02T00:00:00Z,100.0,100.0,68.43,33,100,0.0
8735,98,2025-06-03T00:00:00Z,100.0,92.47,58.7,30,100,0.01
8736,98,2025-06-04T00:00:00Z,100.0,81.05,58.94,33,100,0.01
8737,98,2025-06-05T00:00:00Z,99.47,89.46,61.93,30,98,0.01
8738,98,2025-06-06T00:00:00Z,91.78,89.42,58.77,30,100,0.01
8739,98,2025-06-07T00:00:00Z,100.0,81.52,65.55,30,100,0.01
8740,98,2025-06-08T00:00:00Z,100.0,91.27,62.05,36,100,0.01
8741,98,2025-06-09T00:00:00Z,83.38,100.0,52.66,33,100,0.01
8742,98,2025-06-10T00:00:00Z,93.98,69.2,63.57,30,100,0.02
8743,98,2025-06-11T00:00:00Z,100.0,71.55,55.58,36,100,0.02
8744,98,2025-06-12T00:00:00Z,100.0,94.48,55.4,30,100,0.0
8745,98,2025-06-13T00:00:00Z,82.47,100.0,59.28,30,98,0.01
8746,98,2025-06-14T00:00:00Z,93.59,78.56,75.99,30,95,0.02
8747,98,2025-06-15T00:00:00Z,96.58,73.14,54.21,30,100,0.01
8748,98,2025-06-16T00:00:00Z,88.84,96.86,63.01,30,100,0.01
8749,98,2025-06-17T00:00:00Z,70.67,100.0,70.78,30,98,0.02
8750,98,2025-06-18T00:00:00Z,100.0,86.87,66.89,33,96,0.01
8751,98,2025-06-19T00:00:00Z,100.0,91.87,69.72,30,100,0.01
8752,98,2025-06-20T00:00:00Z,92.31,100.0,55.26,30,100,0.01
8753,98,2025-06-21T00:00:00Z,65.98,88.79,64.43,33,100,0.04
8754,98,2025-06-22T00:00:00Z,76.84,92.4,54.51,32,93,0.03
8755,98,2025-06-23T00:00:00Z,98.12,100.0,59.66,30,96,0.0
8756,98,2025-06-24T00:00:00Z,100.0,95.79,72.91,30,94,0.01
8757,98,2025-06-25T00:00:00Z,75.46,88.06,65.54,30,100,0.02
8758,98,2025-06-26T00:00:00Z,100.0,70.48,72.03,30,98,0.01
8759,98,2025-06-27T00:00:00Z,77.62,69.56,61.23,30,98,0.04
8760,98,2025-06-28T00:00:00Z,99.78,100.0,71.3,30,100,0.0
8761,98,2025-06-29T00:00:00Z,96.55,100.0,59.22,30,100,0.0
8762,98,2025-06-30T00:00:00Z,100.0,100.0,53.51,30,95,0.0
8763,98,2025-07-01T00:00:00Z,89.53,100.0,61.69,41,100,0.01
8764,98,2025-07-02T00:00:00Z,90.24,98.22,66.75,33,98,0.01
8765,98,2025-07-03T00:00:00Z,92.96,92.71,57.85,33,100,0.01
8766,98,2025-07-04T00:00:00Z,89.47,100.0,56.41,36,100,0.01
8767,98,2025-07-05T00:00:00Z,95.29,87.7,68.46,30,98,0.01
8768,98,2025-07-06T00:00:00Z,100.0,82.86,61.05,33,100,0.01
8769,98,2025-07-07T00:00:00Z,86.15,100.0,64.45,33,100,0.01
8770,98,2025-07-08T00:00:00Z,89.91,91.74,67.56,30,100,0.01
8771,98,2025-07-09T00:00:00Z,94.0,94.38,59.22,30,100,0.01
8772,98,2025-07-10T00:00:00Z,98.38,100.0,67.73,30,98,0.0
8773,98,2025-07-11T00:00:00Z,100.0,100.0,58.71,33,100,0.0
8774,98,2025-07-12T00:00:00Z,100.0,71.04,66.03,33,100,0.01
8775,98,2025-07-13T00:00:00Z,100.0,100.0,63.62,30,100,0.0
8776,98,2025-07-14T00:00:00Z,100.0,87.0,74.97,33,100,0.01
8777,98,2025-07-15T00:00:00Z,80.68,60.87,54.84,30,98,0.05
8778,98,2025-07-16T00:00:00Z,86.37,83.22,60.31,30,100,0.01
8779,98,2025-07-17T00:00:00Z,85.5,99.7,63.67,30,98,0.01
8780,98,2025-07-18T00:00:00Z,82.2,84.13,63.79,30,100,0.02
8781,98,2025-07-19T00:00:00Z,91.2,92.37,68.1,33,96,0.01
8782,98,2025-07-20T00:00:00Z,88.61,100.0,70.32,30,93,0.01
8783,98,2025-07-21T00:00:00Z,82.31,100.0,54.88,30,100,0.01
8784,98,2025-07-22T00:00:00Z,100.0,88.01,58.71,30,100,0.01
8785,98,2025-07-23T00:00:00Z,100.0,100.0,65.58,30,96,0.0
8786,98,2025-07-24T00:00:00Z,100.0,94.16,71.19,33,98,0.01
8787,98,2025-07-25T00:00:00Z,91.66,56.34,62.53,33,100,0.04
8788,98,2025-07-26T00:00:00Z,100.0,100.0,73.67,33,95,0.01
8789,98,2025-07-27T00:00:00Z,100.0,88.53,69.41,33,100,0.01
8790,98,2025-07-28T00:00:00Z,94.07,100.0,66.1,33,100,0.01
8791,98,2025-07-29T00:00:00Z,84.9,0.0,31.24,94,28,88.03
8792,98,2025-07-30T00:00:00Z,77.42,0.0,25.76,100,10,97.41
8793,98,2025-07-31T00:00:00Z,78.38,0.0,25.42,100,0,98.34
8794,98,2025-08-01T00:00:00Z,78.21,0.0,25.83,100,0,98.35
8795,98,2025-08-02T00:00:00Z,77.7,0.0,23.06,100,0,98.39
8796,98,2025-08-03T00:00:00Z,77.8,0.0,21.94,100,4,98.04
8797,98,2025-08-04T00:00:00Z,79.18,0.0,26.18,90,2,96.58
8798,98,2025-08-05T00:00:00Z,78.65,0.0,25.62,100,0,98.32
8799,98,2025-08-06T00:00:00Z,78.92,0.0,26.32,100,0,98.29
8800,98,2025-08-07T00:00:00Z,79.53,0.0,25.62,100,0,98.24
8801,98,2025-08-08T00:00:00Z,92.84,42.01,21.11,51,59,1.46
8802,98,2025-08-09T00:00:00Z,88.59,12.19,22.09,68,76,6.68
8803,98,2025-08-10T00:00:00Z,76.06,0.0,22.22,96,0,98.12
8804,98,2025-08-11T00:00:00Z,78.37,0.0,25.42,100,9,97.42
8805,98,2025-08-12T00:00:00Z,80.12,0.0,26.18,100,0,98.19
8806,98,2025-08-13T00:00:00Z,78.34,0.0,24.65,98,0,98.13
8807,98,2025-08-14T00:00:00Z,89.85,0.0,22.81,71,60,22.57
8808,98,2025-08-15T00:00:00Z,88.07,27.96,31.11,85,54,24.57
8809,98,2025-08-16T00:00:00Z,76.36,1.84,22.01,100,18,96.12
8810,98,2025-08-17T00:00:00Z,77.48,0.0,21.67,100,13,97.0
8811,98,2025-08-18T00:00:00Z,77.95,0.0,25.83,100,0,98.37
8812,98,2025-08-19T00:00:00Z,78.17,12.61,25.28,100,15,94.46
8813,98,2025-08-20T00:00:00Z,77.9,0.0,25.07,100,8,97.6
8814,98,2025-08-21T00:00:00Z,77.51,3.82,26.39,99,13,96.31
8815,98,2025-08-22T00:00:00Z,77.96,3.67,24.24,100,41,87.04
8816,98,2025-08-23T00:00:00Z,77.3,10.91,21.74,100,0,97.58
8817,98,2025-08-24T00:00:00Z,86.1,38.71,15.21,86,52,21.53
8818,98,2025-08-25T00:00:00Z,100.0,100.0,75.93,33,100,0.0
8819,98,2025-08-26T00:00:00Z,91.12,49.72,19.56,55,59,1.48
8820,98,2025-08-27T00:00:00Z,79.76,0.0,26.25,100,0,98.22
8821,99,2025-05-30T00:00:00Z,91.07,76.87,66.33,35,100,0.02
8822,99,2025-05-31T00:00:00Z,74.35,76.57,74.65,33,100,0.04
8823,99,2025-06-01T00:00:00Z,92.86,100.0,68.91,33,96,0.01
8824,99,2025-06-02T00:00:00Z,100.0,63.31,60.45,30,100,0.02
8825,99,2025-06-03T00:00:00Z,100.0,100.0,69.46,30,100,0.0
8826,99,2025-06-04T00:00:00Z,95.1,82.55,54.94,30,100,0.01
8827,99,2025-06-05T00:00:00Z,98.93,73.95,54.68,33,100,0.01
8828,99,2025-06-06T00:00:00Z,94.77,52.01,62.4,30,100,0.03
8829,99,2025-06-07T00:00:00Z,76.53,78.58,61.25,30,100,0.03
8830,99,2025-06-08T00:00:00Z,99.9,100.0,71.42,33,98,0.0
8831,99,2025-06-09T00:00:00Z,90.42,86.08,63.62,33,100,0.01
8832,99,2025-06-10T00:00:00Z,96.44,96.96,53.59,33,100,0.01
8833,99,2025-06-11T00:00:00Z,100.0,76.71,71.88,36,100,0.01
8834,99,2025-06-12T00:00:00Z,89.6,95.71,61.26,36,94,0.01
8835,99,2025-06-13T00:00:00Z,87.68,92.39,66.87,30,95,0.01
8836,99,2025-06-14T00:00:00Z,89.88,59.26,56.29,30,100,0.03
8837,99,2025-06-15T00:00:00Z,97.16,73.13,64.91,30,100,0.01
8838,99,2025-06-16T00:00:00Z,78.94,84.67,52.98,30,96,0.02
8839,99,2025-06-17T00:00:00Z,91.27,85.51,64.59,30,100,0.01
8840,99,2025-06-18T00:00:00Z,98.83,100.0,58.22,32,98,0.0
8841,99,2025-06-19T00:00:00Z,100.0,62.19,60.75,33,98,0.02
8842,99,2025-06-20T00:00:00Z,96.19,100.0,73.23,33,98,0.01
8843,99,2025-06-21T00:00:00Z,90.98,85.5,67.52,30,100,0.01
8844,99,2025-06-22T00:00:00Z,100.0,100.0,54.11,33,100,0.0
8845,99,2025-06-23T00:00:00Z,77.45,100.0,59.19,30,100,0.01
8846,99,2025-06-24T00:00:00Z,89.7,93.44,63.33,36,91,0.02
8847,99,2025-06-25T00:00:00Z,83.35,68.58,53.46,30,100,0.03
8848,99,2025-06-26T00:00:00Z,100.0,78.72,55.4,30,98,0.01
8849,99,2025-06-27T00:00:00Z,94.56,98.61,63.34,30,100,0.01
8850,99,2025-06-28T00:00:00Z,100.0,77.07,60.37,30,100,0.01
8851,99,2025-06-29T00:00:00Z,91.14,100.0,57.37,36,100,0.01
8852,99,2025-06-30T00:00:00Z,81.31,100.0,64.44,33,98,0.01
8853,99,2025-07-01T00:00:00Z,89.78,100.0,71.69,36,100,0.01
8854,99,2025-07-02T00:00:00Z,93.93,83.01,56.79,33,100,0.01
8855,99,2025-07-03T00:00:00Z,92.36,66.49,69.53,30,100,0.02
8856,99,2025-07-04T00:00:00Z,91.17,100.0,76.49,30,95,0.01
8857,99,2025-07-05T00:00:00Z,97.76,88.52,69.77,30,100,0.01
8858,99,2025-07-06T00:00:00Z,89.65,72.31,56.14,33,98,0.02
8859,99,2025-07-07T00:00:00Z,97.0,73.85,75.99,32,100,0.01
8860,99,2025-07-08T00:00:00Z,79.36,100.0,58.4,33,100,0.01
8861,99,2025-07-09T00:00:00Z,100.0,82.16,75.39,33,100,0.01
8862,99,2025-07-10T00:00:00Z,97.69,99.93,69.72,33,100,0.01
8863,99,2025-07-11T00:00:00Z,87.77,79.95,74.4,33,100,0.02
8864,99,2025-07-12T00:00:00Z,100.0,97.25,74.9,30,100,0.0
8865,99,2025-07-13T00:00:00Z,94.89,83.57,73.5,30,100,0.01
8866,99,2025-07-14T00:00:00Z,86.82,99.47,55.72,33,100,0.01
8867,99,2025-07-15T00:00:00Z,85.06,96.86,61.4,30,100,0.01
8868,99,2025-07-16T00:00:00Z,100.0,100.0,63.5,30,100,0.0
8869,99,2025-07-17T00:00:00Z,94.04,89.89,58.69,33,100,0.01
8870,99,2025-07-18T00:00:00Z,100.0,88.04,53.96,30,100,0.01
8871,99,2025-07-19T00:00:00Z,87.64,100.0,56.83,33,100,0.01
8872,99,2025-07-20T00:00:00Z,97.57,100.0,71.85,30,100,0.0
8873,99,2025-07-21T00:00:00Z,84.91,97.55,61.4,30,100,0.01
8874,99,2025-07-22T00:00:00Z,100.0,63.24,75.2,33,98,0.02
8875,99,2025-07-23T00:00:00Z,89.24,100.0,62.45,30,98,0.01
8876,99,2025-07-24T00:00:00Z,99.27,89.96,52.94,30,100,0.01
8877,99,2025-07-25T00:00:00Z,82.23,88.55,55.03,30,100,0.01
8878,99,2025-07-26T00:00:00Z,92.79,85.85,74.57,30,98,0.01
8879,99,2025-07-27T00:00:00Z,80.53,100.0,56.08,30,100,0.01
8880,99,2025-07-28T00:00:00Z,99.92,100.0,57.36,33,100,0.0
8881,99,2025-07-29T00:00:00Z,86.91,0.0,37.05,99,0,97.33
8882,99,2025-07-30T00:00:00Z,81.04,0.0,35.35,100,0,98.11
8883,99,2025-07-31T00:00:00Z,82.26,0.0,34.31,100,24,93.62
8884,99,2025-08-01T00:00:00Z,82.48,0.0,35.9,100,0,97.97
8885,99,2025-08-02T00:00:00Z,80.83,0.0,34.79,100,0,98.13
8886,99,2025-08-03T00:00:00Z,92.92,23.65,37.78,80,65,11.48
8887,99,2025-08-04T00:00:00Z,88.08,34.84,35.76,100,61,29.99
8888,99,2025-08-05T00:00:00Z,82.24,0.0,35.76,100,37,88.47
8889,99,2025-08-06T00:00:00Z,80.3,0.0,34.03,100,9,97.17
8890,99,2025-08-07T00:00:00Z,80.58,0.0,33.82,100,4,97.75
8891,99,2025-08-08T00:00:00Z,81.8,0.0,33.82,100,0,98.04
8892,99,2025-08-09T00:00:00Z,78.74,0.0,33.61,100,23,94.85
8893,99,2025-08-10T00:00:00Z,83.46,0.0,35.14,100,16,95.38
8894,99,2025-08-11T00:00:00Z,79.54,0.0,35.07,100,7,97.52
8895,99,2025-08-12T00:00:00Z,83.18,0.0,35.35,100,2,97.68
8896,99,2025-08-13T00:00:00Z,77.71,0.0,33.54,99,0,98.3
8897,99,2025-08-14T00:00:00Z,94.64,51.6,32.0,67,71,1.31
8898,99,2025-08-15T00:00:00Z,81.24,92.87,57.92,36,100,0.02
8899,99,2025-08-16T00:00:00Z,87.01,0.0,36.34,100,38,85.19
8900,99,2025-08-17T00:00:00Z,93.48,79.25,28.8,46,88,0.06
8901,99,2025-08-18T00:00:00Z,91.49,98.16,54.77,36,98,0.01
8902,99,2025-08-19T00:00:00Z,88.15,0.0,35.22,99,10,95.4
8903,99,2025-08-20T00:00:00Z,81.98,0.0,35.21,100,0,98.02
8904,99,2025-08-21T00:00:00Z,82.47,0.0,34.86,100,3,97.65
8905,99,2025-08-22T00:00:00Z,79.31,0.0,35.0,100,0,98.26
8906,99,2025-08-23T00:00:00Z,90.13,31.86,24.96,44,69,1.0
8907,99,2025-08-24T00:00:00Z,83.79,0.0,24.39,100,29,91.38
8908,99,2025-08-25T00:00:00Z,84.32,100.0,57.48,30,100,0.01
8909,99,2025-08-26T00:00:00Z,84.54,0.0,34.52,100,22,93.54
8910,99,2025-08-27T00:00:00Z,83.59,0.0,35.0,100,0,97.86
8911,100,2025-05-30T00:00:00Z,92.39,90.19,53.32,33,100,0.01
8912,100,2025-05-31T00:00:00Z,99.07,84.08,73.19,30,100,0.01
8913,100,2025-06-01T00:00:00Z,84.6,88.85,66.05,30,100,0.01
8914,100,2025-06-02T00:00:00Z,85.31,77.53,71.84,30,96,0.02
8915,100,2025-06-03T00:00:00Z,100.0,80.35,58.9,30,100,0.01
8916,100,2025-06-04T00:00:00Z,94.58,82.69,57.09,30,95,0.01
8917,100,2025-06-05T00:00:00Z,92.66,100.0,58.79,30,98,0.01
8918,100,2025-06-06T00:00:00Z,96.08,69.34,57.4,30,98,0.02
8919,100,2025-06-07T00:00:00Z,91.16,90.12,69.83,33,100,0.01
8920,100,2025-06-08T00:00:00Z,100.0,75.11,75.74,32,100,0.01
8921,100,2025-06-09T00:00:00Z,98.67,100.0,69.71,30,100,0.0
8922,100,2025-06-10T00:00:00Z,100.0,85.54,62.64,35,100,0.01
8923,100,2025-06-11T00:00:00Z,84.36,96.91,72.42,30,100,0.01
8924,100,2025-06-12T00:00:00Z,99.8,65.08,54.5,30,98,0.02
8925,100,2025-06-13T00:00:00Z,85.77,99.77,66.85,30,100,0.01
8926,100,2025-06-14T00:00:00Z,100.0,83.38,59.82,30,100,0.01
8927,100,2025-06-15T00:00:00Z,100.0,100.0,67.87,30,100,0.0
8928,100,2025-06-16T00:00:00Z,100.0,59.83,53.61,30,100,0.02
8929,100,2025-06-17T00:00:00Z,82.18,66.05,70.71,36,100,0.05
8930,100,2025-06-18T00:00:00Z,100.0,100.0,55.23,33,98,0.0
8931,100,2025-06-19T00:00:00Z,99.49,84.65,58.1,33,100,0.01
8932,100,2025-06-20T00:00:00Z,95.35,81.03,70.29,33,100,0.01
8933,100,2025-06-21T00:00:00Z,92.31,100.0,58.84,30,100,0.01
8934,100,2025-06-22T00:00:00Z,100.0,81.99,61.17,30,100,0.01
8935,100,2025-06-23T00:00:00Z,89.74,85.51,67.54,32,100,0.01
8936,100,2025-06-24T00:00:00Z,85.97,85.26,72.99,33,98,0.02
8937,100,2025-06-25T00:00:00Z,97.51,97.08,56.11,30,98,0.01
8938,100,2025-06-26T00:00:00Z,92.78,63.05,62.13,33,100,0.03
8939,100,2025-06-27T00:00:00Z,86.03,70.19,53.87,33,100,0.03
8940,100,2025-06-28T00:00:00Z,83.79,88.91,54.62,33,100,0.02
8941,100,2025-06-29T00:00:00Z,100.0,87.58,53.18,30,100,0.01
8942,100,2025-06-30T00:00:00Z,90.78,76.32,55.21,30,100,0.02
8943,100,2025-07-01T00:00:00Z,100.0,100.0,63.94,30,100,0.0
8944,100,2025-07-02T00:00:00Z,95.44,100.0,73.47,33,98,0.01
8945,100,2025-07-03T00:00:00Z,96.52,89.18,57.49,30,95,0.01
8946,100,2025-07-04T00:00:00Z,100.0,100.0,69.97,30,100,0.0
8947,100,2025-07-05T00:00:00Z,90.57,83.33,65.94,33,100,0.01
8948,100,2025-07-06T00:00:00Z,94.21,87.5,67.74,33,96,0.01
8949,100,2025-07-07T00:00:00Z,98.37,100.0,55.44,30,100,0.0
8950,100,2025-07-08T00:00:00Z,100.0,84.46,68.64,30,100,0.01
8951,100,2025-07-09T00:00:00Z,100.0,73.06,69.82,30,100,0.01
8952,100,2025-07-10T00:00:00Z,96.27,100.0,73.03,30,96,0.01
8953,100,2025-07-11T00:00:00Z,99.5,100.0,72.66,30,100,0.0
8954,100,2025-07-12T00:00:00Z,88.49,89.38,53.67,30,100,0.01
8955,100,2025-07-13T00:00:00Z,100.0,75.62,53.99,33,96,0.01
8956,100,2025-07-14T00:00:00Z,86.23,96.24,56.5,33,100,0.01
8957,100,2025-07-15T00:00:00Z,100.0,89.87,54.56,30,100,0.01
8958,100,2025-07-16T00:00:00Z,91.75,100.0,76.3,30,98,0.01
8959,100,2025-07-17T00:00:00Z,76.98,78.83,75.68,30,98,0.03
8960,100,2025-07-18T00:00:00Z,78.8,83.08,73.39,30,100,0.02
8961,100,2025-07-19T00:00:00Z,85.82,83.68,69.82,33,100,0.02
8962,100,2025-07-20T00:00:00Z,96.26,92.48,71.16,35,100,0.01
8963,100,2025-07-21T00:00:00Z,84.64,85.12,62.7,30,95,0.02
8964,100,2025-07-22T00:00:00Z,86.12,100.0,57.85,30,100,0.01
8965,100,2025-07-23T00:00:00Z,100.0,76.39,68.56,30,100,0.01
8966,100,2025-07-24T00:00:00Z,97.75,100.0,59.24,36,100,0.01
8967,100,2025-07-25T00:00:00Z,100.0,100.0,55.27,30,98,0.0
8968,100,2025-07-26T00:00:00Z,86.01,97.78,59.74,30,100,0.01
8969,100,2025-07-27T00:00:00Z,100.0,97.71,75.47,36,100,0.01
8970,100,2025-07-28T00:00:00Z,100.0,96.16,61.84,30,100,0.0
8971,100,2025-07-29T00:00:00Z,86.99,0.0,36.86,97,14,94.1
8972,100,2025-07-30T00:00:00Z,81.8,0.0,35.28,100,13,96.3
8973,100,2025-07-31T00:00:00Z,94.49,77.24,32.44,57,71,0.26
8974,100,2025-08-01T00:00:00Z,80.79,0.0,26.96,100,5,97.61
8975,100,2025-08-02T00:00:00Z,75.85,0.0,21.04,100,35,92.11
8976,100,2025-08-03T00:00:00Z,100.0,82.05,10.67,39,100,0.01
8977,100,2025-08-04T00:00:00Z,100.0,76.65,55.25,30,100,0.01
8978,100,2025-08-05T00:00:00Z,85.81,0.0,36.27,100,44,81.9
8979,100,2025-08-06T00:00:00Z,81.33,0.0,34.86,100,0,98.08
8980,100,2025-08-07T00:00:00Z,81.88,0.0,35.49,100,6,97.36
8981,100,2025-08-08T00:00:00Z,81.92,0.0,35.21,97,12,95.79
8982,100,2025-08-09T00:00:00Z,92.68,73.23,31.19,59,68,0.44
8983,100,2025-08-10T00:00:00Z,100.0,90.45,59.14,36,100,0.01
8984,100,2025-08-11T00:00:00Z,82.01,0.0,26.9,98,30,90.72
8985,100,2025-08-12T00:00:00Z,77.86,0.0,25.56,100,0,98.38
8986,100,2025-08-13T00:00:00Z,77.62,0.0,25.21,100,0,98.4
8987,100,2025-08-14T00:00:00Z,79.29,0.0,25.42,100,2,98.08
8988,100,2025-08-15T00:00:00Z,77.62,0.0,25.76,100,1,98.32
8989,100,2025-08-16T00:00:00Z,77.69,0.0,21.87,100,0,98.39
8990,100,2025-08-17T00:00:00Z,77.95,0.0,21.39,100,0,98.37
8991,100,2025-08-18T00:00:00Z,97.5,84.19,12.12,35,96,0.01
8992,100,2025-08-19T00:00:00Z,91.18,43.33,23.33,80,64,6.34
8993,100,2025-08-20T00:00:00Z,77.39,0.0,25.83,97,9,97.07
8994,100,2025-08-21T00:00:00Z,78.84,0.0,25.9,100,3,98.03
8995,100,2025-08-22T00:00:00Z,79.11,0.0,24.86,100,47,84.48
8996,100,2025-08-23T00:00:00Z,77.19,15.13,21.32,92,24,86.48
8997,100,2025-08-24T00:00:00Z,78.44,0.0,21.11,93,31,89.17
8998,100,2025-08-25T00:00:00Z,80.66,0.0,25.62,91,17,92.94
8999,100,2025-08-26T00:00:00Z,79.08,5.74,26.18,100,40,86.01
9000,100,2025-08-27T00:00:00Z,78.6,0.0,25.56,100,53,80.53
9001,101,2025-05-30T00:00:00Z,96.21,74.33,56.44,30,100,0.01
9002,101,2025-05-31T00:00:00Z,100.0,100.0,69.44,30,100,0.0
9003,101,2025-06-01T00:00:00Z,100.0,100.0,66.86,33,100,0.0
9004,101,2025-06-02T00:00:00Z,99.99,100.0,72.73,36,100,0.01
9005,101,2025-06-03T00:00:00Z,94.34,100.0,68.36,30,100,0.0
9006,101,2025-06-04T00:00:00Z,87.98,97.46,71.53,30,100,0.01
9007,101,2025-06-05T00:00:00Z,91.7,98.46,57.28,33,100,0.01
9008,101,2025-06-06T00:00:00Z,93.04,96.09,62.09,33,98,0.01
9009,101,2025-06-07T00:00:00Z,70.61,96.32,66.2,30,100,0.02
9010,101,2025-06-08T00:00:00Z,100.0,84.32,71.94,35,100,0.01
9011,101,2025-06-09T00:00:00Z,93.35,100.0,73.58,33,98,0.01
9012,101,2025-06-10T00:00:00Z,97.15,83.85,59.01,35,100,0.01
9013,101,2025-06-11T00:00:00Z,100.0,77.63,75.5,30,100,0.01
9014,101,2025-06-12T00:00:00Z,86.09,100.0,52.97,30,100,0.01
9015,101,2025-06-13T00:00:00Z,88.66,100.0,55.23,30,95,0.01
9016,101,2025-06-14T00:00:00Z,100.0,65.82,56.43,33,100,0.02
9017,101,2025-06-15T00:00:00Z,100.0,100.0,57.51,30,98,0.0
9018,101,2025-06-16T00:00:00Z,96.47,98.24,58.01,30,100,0.0
9019,101,2025-06-17T00:00:00Z,100.0,92.89,73.77,30,98,0.01
9020,101,2025-06-18T00:00:00Z,94.76,100.0,67.24,39,100,0.01
9021,101,2025-06-19T00:00:00Z,93.3,100.0,65.04,33,100,0.01
9022,101,2025-06-20T00:00:00Z,94.06,75.25,56.34,30,100,0.01
9023,101,2025-06-21T00:00:00Z,92.97,81.38,70.69,30,100,0.01
9024,101,2025-06-22T00:00:00Z,86.51,100.0,64.52,30,100,0.01
9025,101,2025-06-23T00:00:00Z,91.41,74.51,63.57,36,100,0.02
9026,101,2025-06-24T00:00:00Z,77.92,96.79,55.78,30,100,0.01
9027,101,2025-06-25T00:00:00Z,100.0,71.0,76.2,30,100,0.01
9028,101,2025-06-26T00:00:00Z,100.0,100.0,64.75,30,100,0.0
9029,101,2025-06-27T00:00:00Z,95.72,100.0,52.93,33,100,0.01
9030,101,2025-06-28T00:00:00Z,100.0,86.47,61.62,33,100,0.01
9031,101,2025-06-29T00:00:00Z,86.85,96.11,56.59,30,100,0.01
9032,101,2025-06-30T00:00:00Z,87.24,100.0,76.0,33,96,0.01
9033,101,2025-07-01T00:00:00Z,100.0,70.85,59.16,30,100,0.01
9034,101,2025-07-02T00:00:00Z,100.0,100.0,66.17,30,100,0.0
9035,101,2025-07-03T00:00:00Z,100.0,73.25,57.47,33,95,0.02
9036,101,2025-07-04T00:00:00Z,100.0,99.12,54.14,30,98,0.0
9037,101,2025-07-05T00:00:00Z,97.55,82.34,73.12,30,100,0.01
9038,101,2025-07-06T00:00:00Z,100.0,100.0,64.43,30,100,0.0
9039,101,2025-07-07T00:00:00Z,100.0,100.0,64.22,39,100,0.01
9040,101,2025-07-08T00:00:00Z,62.41,99.14,63.98,30,98,0.03
9041,101,2025-07-09T00:00:00Z,98.35,80.29,71.32,30,100,0.01
9042,101,2025-07-10T00:00:00Z,100.0,100.0,61.22,33,100,0.0
9043,101,2025-07-11T00:00:00Z,86.01,98.53,58.6,30,100,0.01
9044,101,2025-07-12T00:00:00Z,87.93,87.7,62.9,30,98,0.01
9045,101,2025-07-13T00:00:00Z,74.71,100.0,76.03,30,100,0.01
9046,101,2025-07-14T00:00:00Z,88.34,89.18,58.28,33,98,0.01
9047,101,2025-07-15T00:00:00Z,100.0,100.0,56.55,33,100,0.0
9048,101,2025-07-16T00:00:00Z,81.84,83.62,75.68,30,100,0.02
9049,101,2025-07-17T00:00:00Z,100.0,94.84,67.07,30,98,0.01
9050,101,2025-07-18T00:00:00Z,84.53,61.84,74.86,33,100,0.04
9051,101,2025-07-19T00:00:00Z,90.62,100.0,55.97,33,100,0.01
9052,101,2025-07-20T00:00:00Z,95.94,99.93,59.11,30,100,0.0
9053,101,2025-07-21T00:00:00Z,81.14,93.32,73.7,39,98,0.02
9054,101,2025-07-22T00:00:00Z,97.77,89.89,63.46,30,100,0.01
9055,101,2025-07-23T00:00:00Z,96.91,100.0,75.6,33,100,0.01
9056,101,2025-07-24T00:00:00Z,100.0,81.1,72.23,33,100,0.01
9057,101,2025-07-25T00:00:00Z,100.0,71.52,74.22,30,95,0.01
9058,101,2025-07-26T00:00:00Z,89.46,100.0,59.98,30,100,0.01
9059,101,2025-07-27T00:00:00Z,94.67,83.21,60.74,30,100,0.01
9060,101,2025-07-28T00:00:00Z,100.0,100.0,59.39,32,100,0.0
9061,101,2025-07-29T00:00:00Z,89.67,0.0,37.52,100,24,91.02
9062,101,2025-07-30T00:00:00Z,95.16,76.32,26.98,47,75,0.12
9063,101,2025-07-31T00:00:00Z,86.76,100.0,63.65,30,100,0.01
9064,101,2025-08-01T00:00:00Z,85.29,0.0,35.58,100,45,81.54
9065,101,2025-08-02T00:00:00Z,81.34,0.0,34.93,100,0,98.08
9066,101,2025-08-03T00:00:00Z,81.26,0.0,34.1,100,0,98.09
9067,101,2025-08-04T00:00:00Z,81.74,0.0,34.31,100,1,97.94
9068,101,2025-08-05T00:00:00Z,94.2,65.9,29.6,58,84,0.23
9069,101,2025-08-06T00:00:00Z,81.45,0.0,34.37,97,0,97.7
9070,101,2025-08-07T00:00:00Z,81.34,0.0,34.79,100,5,97.55
9071,101,2025-08-08T00:00:00Z,79.42,0.0,34.51,100,38,89.37
9072,101,2025-08-09T00:00:00Z,83.72,0.0,34.87,100,31,90.59
9073,101,2025-08-10T00:00:00Z,90.99,82.79,65.54,30,98,0.01
9074,101,2025-08-11T00:00:00Z,84.73,12.81,37.21,100,24,88.61
9075,101,2025-08-12T00:00:00Z,81.55,0.0,35.49,100,15,95.98
9076,101,2025-08-13T00:00:00Z,81.25,0.0,33.96,90,17,92.33
9077,101,2025-08-14T00:00:00Z,80.92,0.0,34.58,100,25,93.73
9078,101,2025-08-15T00:00:00Z,81.43,0.0,35.69,89,23,89.27
9079,101,2025-08-16T00:00:00Z,80.59,1.89,34.58,100,33,90.42
9080,101,2025-08-17T00:00:00Z,79.99,0.0,35.0,100,14,96.44
9081,101,2025-08-18T00:00:00Z,92.19,26.14,30.98,58,62,3.64
9082,101,2025-08-19T00:00:00Z,81.34,0.0,34.65,90,31,85.61
9083,101,2025-08-20T00:00:00Z,81.7,0.0,34.37,100,0,98.05
9084,101,2025-08-21T00:00:00Z,81.95,0.0,35.56,100,12,96.45
9085,101,2025-08-22T00:00:00Z,81.81,0.0,35.0,100,0,98.03
9086,101,2025-08-23T00:00:00Z,81.17,0.0,34.72,90,21,90.82
9087,101,2025-08-24T00:00:00Z,81.45,0.0,35.14,100,0,98.07
9088,101,2025-08-25T00:00:00Z,80.81,0.0,35.14,100,13,96.47
9089,101,2025-08-26T00:00:00Z,82.89,0.0,34.93,100,0,97.93
9090,101,2025-08-27T00:00:00Z,83.03,0.0,35.0,100,10,96.61
9091,102,2025-05-30T00:00:00Z,98.89,100.0,76.19,33,100,0.0
9092,102,2025-05-31T00:00:00Z,95.53,100.0,59.26,33,100,0.01
9093,102,2025-06-01T00:00:00Z,100.0,100.0,61.79,30,100,0.0
9094,102,2025-06-02T00:00:00Z,77.37,100.0,75.17,30,98,0.01
9095,102,2025-06-03T00:00:00Z,100.0,81.64,69.48,30,100,0.01
9096,102,2025-06-04T00:00:00Z,95.64,100.0,72.96,30,95,0.01
9097,102,2025-06-05T00:00:00Z,78.13,98.0,63.95,30,100,0.01
9098,102,2025-06-06T00:00:00Z,100.0,100.0,73.78,30,100,0.0
9099,102,2025-06-07T00:00:00Z,94.47,82.84,54.49,30,100,0.01
9100,102,2025-06-08T00:00:00Z,100.0,83.47,64.82,30,100,0.01
9101,102,2025-06-09T00:00:00Z,100.0,100.0,65.06,33,98,0.0
9102,102,2025-06-10T00:00:00Z,81.87,89.31,63.31,30,100,0.01
9103,102,2025-06-11T00:00:00Z,96.17,68.89,59.5,30,100,0.02
9104,102,2025-06-12T00:00:00Z,100.0,100.0,62.59,30,98,0.0
9105,102,2025-06-13T00:00:00Z,91.99,82.55,61.81,33,98,0.01
9106,102,2025-06-14T00:00:00Z,87.02,100.0,60.45,30,100,0.01
9107,102,2025-06-15T00:00:00Z,90.79,96.52,57.09,30,95,0.01
9108,102,2025-06-16T00:00:00Z,99.38,90.65,62.86,30,100,0.01
9109,102,2025-06-17T00:00:00Z,90.37,100.0,65.17,30,100,0.01
9110,102,2025-06-18T00:00:00Z,95.14,75.07,69.56,30,100,0.01
9111,102,2025-06-19T00:00:00Z,76.74,84.06,61.16,30,100,0.02
9112,102,2025-06-20T00:00:00Z,95.57,100.0,60.28,30,100,0.0
9113,102,2025-06-21T00:00:00Z,90.73,100.0,56.46,30,100,0.01
9114,102,2025-06-22T00:00:00Z,91.19,100.0,73.42,30,100,0.01
9115,102,2025-06-23T00:00:00Z,87.07,92.41,72.62,33,100,0.01
9116,102,2025-06-24T00:00:00Z,98.24,61.83,74.75,30,100,0.02
9117,102,2025-06-25T00:00:00Z,82.24,89.56,55.2,30,100,0.01
9118,102,2025-06-26T00:00:00Z,85.44,100.0,59.81,30,100,0.01
9119,102,2025-06-27T00:00:00Z,98.75,99.31,70.1,30,98,0.0
9120,102,2025-06-28T00:00:00Z,89.23,78.91,64.82,30,100,0.01
9121,102,2025-06-29T00:00:00Z,100.0,100.0,67.85,33,98,0.0
9122,102,2025-06-30T00:00:00Z,91.79,100.0,59.08,30,100,0.01
9123,102,2025-07-01T00:00:00Z,92.8,100.0,54.88,30,100,0.01
9124,102,2025-07-02T00:00:00Z,100.0,100.0,54.71,33,98,0.0
9125,102,2025-07-03T00:00:00Z,83.35,100.0,67.41,30,100,0.01
9126,102,2025-07-04T00:00:00Z,88.38,100.0,75.39,30,95,0.01
9127,102,2025-07-05T00:00:00Z,96.85,96.41,56.4,30,98,0.01
9128,102,2025-07-06T00:00:00Z,80.69,86.54,60.52,33,100,0.02
9129,102,2025-07-07T00:00:00Z,100.0,90.71,53.19,30,100,0.01
9130,102,2025-07-08T00:00:00Z,93.93,96.05,55.92,32,100,0.01
9131,102,2025-07-09T00:00:00Z,100.0,85.23,61.92,30,100,0.01
9132,102,2025-07-10T00:00:00Z,92.52,100.0,57.69,30,96,0.01
9133,102,2025-07-11T00:00:00Z,100.0,100.0,62.5,30,100,0.0
9134,102,2025-07-12T00:00:00Z,78.31,100.0,63.89,30,100,0.01
9135,102,2025-07-13T00:00:00Z,84.81,99.2,55.72,30,100,0.01
9136,102,2025-07-14T00:00:00Z,92.73,90.55,69.44,30,100,0.01
9137,102,2025-07-15T00:00:00Z,70.97,95.12,64.61,30,100,0.02
9138,102,2025-07-16T00:00:00Z,96.02,75.96,74.76,30,100,0.01
9139,102,2025-07-17T00:00:00Z,100.0,87.61,62.76,30,100,0.01
9140,102,2025-07-18T00:00:00Z,95.27,82.0,67.86,30,100,0.01
9141,102,2025-07-19T00:00:00Z,93.51,72.79,57.57,30,100,0.02
9142,102,2025-07-20T00:00:00Z,100.0,100.0,73.87,30,100,0.0
9143,102,2025-07-21T00:00:00Z,92.33,91.98,56.56,33,100,0.01
9144,102,2025-07-22T00:00:00Z,93.52,100.0,66.9,30,100,0.01
9145,102,2025-07-23T00:00:00Z,95.07,99.19,53.56,34,100,0.01
9146,102,2025-07-24T00:00:00Z,80.19,85.89,64.44,30,100,0.02
9147,102,2025-07-25T00:00:00Z,99.59,100.0,60.71,30,100,0.0
9148,102,2025-07-26T00:00:00Z,89.17,100.0,56.35,30,95,0.01
9149,102,2025-07-27T00:00:00Z,90.01,100.0,55.55,33,100,0.01
9150,102,2025-07-28T00:00:00Z,93.82,100.0,53.35,30,100,0.01
9151,102,2025-07-29T00:00:00Z,84.93,13.92,31.24,58,47,15.8
9152,102,2025-07-30T00:00:00Z,79.75,20.72,26.11,75,0,84.34
9153,102,2025-07-31T00:00:00Z,77.18,0.0,25.14,58,0,83.5
9154,102,2025-08-01T00:00:00Z,76.59,0.0,24.79,75,7,91.06
9155,102,2025-08-02T00:00:00Z,77.79,5.29,22.22,69,22,71.89
9156,102,2025-08-03T00:00:00Z,77.66,0.0,21.25,48,9,63.35
9157,102,2025-08-04T00:00:00Z,92.49,72.92,12.42,40,78,0.09
9158,102,2025-08-05T00:00:00Z,89.11,65.82,34.12,47,91,0.11
9159,102,2025-08-06T00:00:00Z,81.38,0.0,34.17,73,78,16.96
9160,102,2025-08-07T00:00:00Z,80.31,20.62,33.89,61,50,15.71
9161,102,2025-08-08T00:00:00Z,82.55,58.8,34.31,75,33,16.39
9162,102,2025-08-09T00:00:00Z,80.69,34.68,34.93,61,53,8.23
9163,102,2025-08-10T00:00:00Z,79.52,64.38,34.17,84,56,9.02
9164,102,2025-08-11T00:00:00Z,89.75,84.05,35.11,48,82,0.08
9165,102,2025-08-12T00:00:00Z,81.36,29.1,35.42,62,1,60.78
9166,102,2025-08-13T00:00:00Z,81.15,0.0,36.32,83,20,87.24
9167,102,2025-08-14T00:00:00Z,82.65,74.5,35.42,68,43,3.98
9168,102,2025-08-15T00:00:00Z,97.04,82.7,60.36,30,100,0.01
9169,102,2025-08-16T00:00:00Z,100.0,100.0,56.38,30,100,0.0
9170,102,2025-08-17T00:00:00Z,86.52,45.33,36.24,62,33,11.21
9171,102,2025-08-18T00:00:00Z,81.96,22.54,34.93,62,26,35.9
9172,102,2025-08-19T00:00:00Z,81.13,14.94,35.0,56,52,13.08
9173,102,2025-08-20T00:00:00Z,79.64,0.0,33.06,65,0,87.19
9174,102,2025-08-21T00:00:00Z,79.91,14.36,34.65,72,0,85.2
9175,102,2025-08-22T00:00:00Z,80.2,45.03,34.31,57,22,18.37
9176,102,2025-08-23T00:00:00Z,96.85,84.31,28.0,36,87,0.02
9177,102,2025-08-24T00:00:00Z,90.23,78.68,34.53,37,75,0.08
9178,102,2025-08-25T00:00:00Z,81.82,20.51,35.35,72,47,28.06
9179,102,2025-08-26T00:00:00Z,81.42,0.0,33.82,78,25,79.56
9180,102,2025-08-27T00:00:00Z,83.19,0.0,35.21,77,21,80.38
9181,103,2025-05-30T00:00:00Z,96.69,80.79,73.91,42,100,0.02
9182,103,2025-05-31T00:00:00Z,84.46,68.89,54.59,40,96,0.06
9183,103,2025-06-01T00:00:00Z,96.13,69.9,74.74,41,100,0.03
9184,103,2025-06-02T00:00:00Z,93.94,75.85,62.6,38,98,0.02
9185,103,2025-06-03T00:00:00Z,100.0,100.0,69.12,41,93,0.01
9186,103,2025-06-04T00:00:00Z,90.45,71.47,59.54,38,100,0.03
9187,103,2025-06-05T00:00:00Z,100.0,90.7,61.42,41,96,0.01
9188,103,2025-06-06T00:00:00Z,89.53,100.0,69.63,38,100,0.01
9189,103,2025-06-07T00:00:00Z,100.0,87.33,67.4,38,98,0.01
9190,103,2025-06-08T00:00:00Z,82.88,88.4,60.73,38,96,0.03
9191,103,2025-06-09T00:00:00Z,97.74,80.24,55.99,41,98,0.02
9192,103,2025-06-10T00:00:00Z,77.27,41.51,59.18,38,98,0.21
9193,103,2025-06-11T00:00:00Z,80.97,74.9,56.35,44,98,0.07
9194,103,2025-06-12T00:00:00Z,99.56,82.8,61.29,38,98,0.01
9195,103,2025-06-13T00:00:00Z,87.67,100.0,70.83,44,100,0.02
9196,103,2025-06-14T00:00:00Z,80.67,93.38,54.78,44,98,0.03
9197,103,2025-06-15T00:00:00Z,81.07,55.0,57.9,38,100,0.09
9198,103,2025-06-16T00:00:00Z,100.0,88.08,58.41,41,98,0.01
9199,103,2025-06-17T00:00:00Z,100.0,100.0,63.65,41,100,0.01
9200,103,2025-06-18T00:00:00Z,100.0,96.9,57.51,38,96,0.01
9201,103,2025-06-19T00:00:00Z,93.27,78.42,60.6,38,100,0.02
9202,103,2025-06-20T00:00:00Z,100.0,63.87,70.45,40,98,0.03
9203,103,2025-06-21T00:00:00Z,100.0,65.99,53.76,40,100,0.03
9204,103,2025-06-22T00:00:00Z,100.0,100.0,57.68,44,98,0.01
9205,103,2025-06-23T00:00:00Z,86.27,76.35,54.03,38,95,0.04
9206,103,2025-06-24T00:00:00Z,86.63,94.46,54.61,38,100,0.01
9207,103,2025-06-25T00:00:00Z,100.0,95.19,58.12,44,100,0.01
9208,103,2025-06-26T00:00:00Z,86.02,92.24,69.06,38,100,0.02
9209,103,2025-06-27T00:00:00Z,92.88,100.0,65.48,38,100,0.01
9210,103,2025-06-28T00:00:00Z,89.09,69.31,63.85,50,100,0.07
9211,103,2025-06-29T00:00:00Z,83.21,57.72,68.15,38,100,0.08
9212,103,2025-06-30T00:00:00Z,100.0,97.18,57.69,38,100,0.01
9213,103,2025-07-01T00:00:00Z,100.0,100.0,68.9,44,100,0.01
9214,103,2025-07-02T00:00:00Z,100.0,73.92,56.1,41,100,0.02
9215,103,2025-07-03T00:00:00Z,98.87,71.03,72.08,44,100,0.03
9216,103,2025-07-04T00:00:00Z,100.0,100.0,68.67,44,96,0.01
9217,103,2025-07-05T00:00:00Z,93.26,70.49,59.19,47,95,0.06
9218,103,2025-07-06T00:00:00Z,98.46,47.0,72.71,41,96,0.08
9219,103,2025-07-07T00:00:00Z,100.0,80.84,72.49,41,96,0.02
9220,103,2025-07-08T00:00:00Z,100.0,98.64,64.97,41,98,0.01
9221,103,2025-07-09T00:00:00Z,92.19,75.92,67.24,38,93,0.03
9222,103,2025-07-10T00:00:00Z,91.16,99.19,72.36,38,100,0.01
9223,103,2025-07-11T00:00:00Z,88.52,66.54,72.41,38,100,0.04
9224,103,2025-07-12T00:00:00Z,100.0,59.54,55.95,47,92,0.08
9225,103,2025-07-13T00:00:00Z,100.0,66.62,70.38,38,94,0.03
9226,103,2025-07-14T00:00:00Z,92.28,90.91,60.74,38,100,0.01
9227,103,2025-07-15T00:00:00Z,100.0,85.53,69.01,44,88,0.03
9228,103,2025-07-16T00:00:00Z,89.03,59.96,72.44,41,100,0.06
9229,103,2025-07-17T00:00:00Z,96.31,82.22,59.43,44,98,0.02
9230,103,2025-07-18T00:00:00Z,100.0,77.49,72.79,38,100,0.01
9231,103,2025-07-19T00:00:00Z,79.73,69.61,55.87,41,100,0.07
9232,103,2025-07-20T00:00:00Z,94.92,61.66,68.15,44,98,0.06
9233,103,2025-07-21T00:00:00Z,79.16,65.72,55.45,46,100,0.11
9234,103,2025-07-22T00:00:00Z,86.5,79.13,52.89,41,98,0.04
9235,103,2025-07-23T00:00:00Z,96.97,95.47,74.79,38,98,0.01
9236,103,2025-07-24T00:00:00Z,87.66,77.06,56.48,38,98,0.03
9237,103,2025-07-25T00:00:00Z,93.33,74.13,62.72,38,100,0.02
9238,103,2025-07-26T00:00:00Z,100.0,65.72,62.07,44,100,0.03
9239,103,2025-07-27T00:00:00Z,100.0,98.1,66.61,38,95,0.01
9240,103,2025-07-28T00:00:00Z,100.0,94.37,59.36,41,100,0.01
9241,103,2025-07-29T00:00:00Z,85.37,0.0,30.86,100,9,96.38
9242,103,2025-07-30T00:00:00Z,87.62,0.0,24.35,100,35,86.63
9243,103,2025-07-31T00:00:00Z,82.4,0.0,28.51,100,0,97.98
9244,103,2025-08-01T00:00:00Z,77.24,0.0,25.56,100,0,98.43
9245,103,2025-08-02T00:00:00Z,78.05,0.0,21.11,100,0,98.37
9246,103,2025-08-03T00:00:00Z,77.26,0.0,21.81,100,0,98.43
9247,103,2025-08-04T00:00:00Z,78.88,0.0,25.14,100,0,98.3
9248,103,2025-08-05T00:00:00Z,78.44,0.0,26.11,100,0,98.33
9249,103,2025-08-06T00:00:00Z,97.05,37.23,12.82,65,88,0.78
9250,103,2025-08-07T00:00:00Z,95.18,76.37,73.94,40,100,0.02
9251,103,2025-08-08T00:00:00Z,82.44,0.0,26.9,100,17,95.38
9252,103,2025-08-09T00:00:00Z,78.0,0.0,21.87,100,0,98.37
9253,103,2025-08-10T00:00:00Z,77.14,0.0,21.53,100,0,98.44
9254,103,2025-08-11T00:00:00Z,78.48,0.0,26.67,100,0,98.33
9255,103,2025-08-12T00:00:00Z,96.56,55.34,12.12,59,96,0.18
9256,103,2025-08-13T00:00:00Z,95.7,50.21,12.38,61,86,0.43
9257,103,2025-08-14T00:00:00Z,82.09,0.0,28.62,100,0,98.01
9258,103,2025-08-15T00:00:00Z,93.42,61.47,12.08,76,83,0.88
9259,103,2025-08-16T00:00:00Z,76.99,0.0,21.11,100,14,96.93
9260,103,2025-08-17T00:00:00Z,77.65,0.0,21.39,100,0,98.4
9261,103,2025-08-18T00:00:00Z,78.21,0.0,26.11,100,0,98.35
9262,103,2025-08-19T00:00:00Z,79.22,0.0,26.6,100,0,98.27
9263,103,2025-08-20T00:00:00Z,77.64,0.0,24.24,100,0,98.4
9264,103,2025-08-21T00:00:00Z,79.4,0.0,25.49,100,0,98.25
9265,103,2025-08-22T00:00:00Z,83.75,0.0,28.08,100,30,90.99
9266,103,2025-08-23T00:00:00Z,91.9,16.24,20.0,82,59,21.85
9267,103,2025-08-24T00:00:00Z,77.62,0.0,23.06,100,0,98.4
9268,103,2025-08-25T00:00:00Z,78.29,0.0,25.21,100,0,98.35
9269,103,2025-08-26T00:00:00Z,79.1,0.0,25.56,100,0,98.28
9270,103,2025-08-27T00:00:00Z,87.49,0.0,27.21,100,46,79.01
9271,104,2025-05-30T00:00:00Z,91.34,98.6,58.16,33,98,0.01
9272,104,2025-05-31T00:00:00Z,100.0,88.47,69.79,33,100,0.01
9273,104,2025-06-01T00:00:00Z,100.0,47.12,67.99,30,100,0.03
9274,104,2025-06-02T00:00:00Z,86.65,100.0,63.94,30,100,0.01
9275,104,2025-06-03T00:00:00Z,100.0,100.0,54.12,30,98,0.0
9276,104,2025-06-04T00:00:00Z,100.0,47.0,68.37,30,100,0.03
9277,104,2025-06-05T00:00:00Z,94.08,69.97,57.78,30,100,0.02
9278,104,2025-06-06T00:00:00Z,100.0,77.77,75.35,36,100,0.01
9279,104,2025-06-07T00:00:00Z,93.31,74.96,68.4,30,100,0.01
9280,104,2025-06-08T00:00:00Z,56.51,100.0,65.71,33,100,0.04
9281,104,2025-06-09T00:00:00Z,92.12,88.37,53.67,33,100,0.01
9282,104,2025-06-10T00:00:00Z,75.92,62.26,60.81,36,100,0.08
9283,104,2025-06-11T00:00:00Z,88.95,100.0,70.04,35,100,0.01
9284,104,2025-06-12T00:00:00Z,100.0,84.67,69.23,36,98,0.01
9285,104,2025-06-13T00:00:00Z,83.26,92.5,71.91,30,93,0.02
9286,104,2025-06-14T00:00:00Z,95.0,83.43,66.84,36,100,0.01
9287,104,2025-06-15T00:00:00Z,100.0,83.27,55.63,33,100,0.01
9288,104,2025-06-16T00:00:00Z,100.0,100.0,59.45,30,100,0.0
9289,104,2025-06-17T00:00:00Z,92.44,100.0,60.65,30,98,0.01
9290,104,2025-06-18T00:00:00Z,95.09,79.26,59.82,30,100,0.01
9291,104,2025-06-19T00:00:00Z,97.96,52.12,64.62,30,100,0.03
9292,104,2025-06-20T00:00:00Z,93.92,100.0,61.37,30,98,0.01
9293,104,2025-06-21T00:00:00Z,79.88,99.22,55.6,33,100,0.01
9294,104,2025-06-22T00:00:00Z,100.0,90.06,67.96,33,100,0.01
9295,104,2025-06-23T00:00:00Z,99.77,93.64,53.29,30,100,0.0
9296,104,2025-06-24T00:00:00Z,97.76,86.77,71.54,30,98,0.01
9297,104,2025-06-25T00:00:00Z,83.69,100.0,76.41,30,100,0.01
9298,104,2025-06-26T00:00:00Z,100.0,82.35,72.03,30,100,0.01
9299,104,2025-06-27T00:00:00Z,100.0,100.0,61.52,30,96,0.0
9300,104,2025-06-28T00:00:00Z,88.65,89.55,68.5,30,100,0.01
9301,104,2025-06-29T00:00:00Z,100.0,100.0,59.91,30,100,0.0
9302,104,2025-06-30T00:00:00Z,92.49,100.0,68.74,30,100,0.01
9303,104,2025-07-01T00:00:00Z,82.95,100.0,75.84,30,100,0.01
9304,104,2025-07-02T00:00:00Z,86.53,79.63,56.53,30,100,0.02
9305,104,2025-07-03T00:00:00Z,85.13,100.0,64.94,36,100,0.01
9306,104,2025-07-04T00:00:00Z,88.72,97.87,62.92,30,98,0.01
9307,104,2025-07-05T00:00:00Z,99.7,100.0,76.48,36,95,0.01
9308,104,2025-07-06T00:00:00Z,100.0,100.0,60.09,30,98,0.0
9309,104,2025-07-07T00:00:00Z,91.7,77.36,63.06,30,100,0.01
9310,104,2025-07-08T00:00:00Z,89.02,87.73,72.6,33,100,0.01
9311,104,2025-07-09T00:00:00Z,98.49,91.24,73.15,30,100,0.01
9312,104,2025-07-10T00:00:00Z,86.42,100.0,61.31,33,100,0.01
9313,104,2025-07-11T00:00:00Z,100.0,100.0,70.86,35,100,0.01
9314,104,2025-07-12T00:00:00Z,93.99,93.53,71.43,30,96,0.01
9315,104,2025-07-13T00:00:00Z,76.39,81.53,59.69,30,95,0.03
9316,104,2025-07-14T00:00:00Z,75.98,54.67,69.5,30,100,0.08
9317,104,2025-07-15T00:00:00Z,100.0,75.57,70.12,36,100,0.01
9318,104,2025-07-16T00:00:00Z,100.0,90.65,54.99,30,100,0.01
9319,104,2025-07-17T00:00:00Z,100.0,86.87,75.23,33,98,0.01
9320,104,2025-07-18T00:00:00Z,97.06,89.28,62.41,30,100,0.01
9321,104,2025-07-19T00:00:00Z,94.47,100.0,62.37,36,100,0.01
9322,104,2025-07-20T00:00:00Z,82.07,72.14,55.77,30,100,0.03
9323,104,2025-07-21T00:00:00Z,100.0,86.82,66.0,33,100,0.01
9324,104,2025-07-22T00:00:00Z,94.05,100.0,53.97,30,94,0.01
9325,104,2025-07-23T00:00:00Z,91.92,75.52,61.79,36,100,0.02
9326,104,2025-07-24T00:00:00Z,95.24,100.0,56.34,30,100,0.0
9327,104,2025-07-25T00:00:00Z,100.0,86.37,73.08,33,98,0.01
9328,104,2025-07-26T00:00:00Z,100.0,100.0,71.27,33,100,0.0
9329,104,2025-07-27T00:00:00Z,89.31,87.68,76.75,30,98,0.01
9330,104,2025-07-28T00:00:00Z,100.0,100.0,72.29,33,100,0.0
9331,104,2025-07-29T00:00:00Z,87.8,0.0,37.52,96,33,84.82
9332,104,2025-07-30T00:00:00Z,80.86,0.0,35.83,94,0,97.33
9333,104,2025-07-31T00:00:00Z,83.17,0.0,35.28,100,0,97.9
9334,104,2025-08-01T00:00:00Z,82.15,0.0,36.18,99,2,97.66
9335,104,2025-08-02T00:00:00Z,81.41,0.0,34.79,94,0,97.26
9336,104,2025-08-03T00:00:00Z,81.99,0.0,35.49,100,0,98.02
9337,104,2025-08-04T00:00:00Z,80.92,0.0,35.0,100,11,96.78
9338,104,2025-08-05T00:00:00Z,81.71,0.0,36.18,100,1,97.95
9339,104,2025-08-06T00:00:00Z,95.79,90.1,24.67,35,93,0.01
9340,104,2025-08-07T00:00:00Z,80.67,4.78,26.44,100,37,87.27
9341,104,2025-08-08T00:00:00Z,75.76,0.0,25.9,100,12,97.37
9342,104,2025-08-09T00:00:00Z,75.87,0.0,21.74,100,0,98.53
9343,104,2025-08-10T00:00:00Z,77.51,0.0,21.39,100,10,97.4
9344,104,2025-08-11T00:00:00Z,78.53,0.0,25.28,100,8,97.52
9345,104,2025-08-12T00:00:00Z,77.61,0.0,25.14,100,5,97.96
9346,104,2025-08-13T00:00:00Z,76.62,0.0,25.14,100,32,92.89
9347,104,2025-08-14T00:00:00Z,79.18,0.0,26.25,100,16,96.23
9348,104,2025-08-15T00:00:00Z,92.64,69.19,11.67,36,91,0.04
9349,104,2025-08-16T00:00:00Z,95.76,93.85,59.37,30,98,0.01
9350,104,2025-08-17T00:00:00Z,85.69,27.66,26.57,82,0,82.19
9351,104,2025-08-18T00:00:00Z,78.59,0.0,25.35,100,17,96.16
9352,104,2025-08-19T00:00:00Z,77.61,0.0,25.21,100,17,96.34
9353,104,2025-08-20T00:00:00Z,79.69,0.0,26.18,100,30,92.52
9354,104,2025-08-21T00:00:00Z,79.7,0.0,25.28,100,43,86.59
9355,104,2025-08-22T00:00:00Z,79.39,0.0,25.56,100,44,86.18
9356,104,2025-08-23T00:00:00Z,78.61,0.0,22.29,100,0,98.32
9357,104,2025-08-24T00:00:00Z,91.05,3.14,10.22,62,85,3.89
9358,104,2025-08-25T00:00:00Z,92.6,50.86,18.85,60,57,1.96
9359,104,2025-08-26T00:00:00Z,79.52,0.0,25.14,100,0,98.24
9360,104,2025-08-27T00:00:00Z,79.41,0.0,25.69,100,3,97.98
9361,105,2025-05-30T00:00:00Z,88.86,100.0,55.02,30,96,0.01
9362,105,2025-05-31T00:00:00Z,93.83,100.0,67.41,30,100,0.01
9363,105,2025-06-01T00:00:00Z,100.0,98.19,68.45,33,94,0.01
9364,105,2025-06-02T00:00:00Z,100.0,100.0,54.61,30,100,0.0
9365,105,2025-06-03T00:00:00Z,100.0,100.0,52.83,30,100,0.0
9366,105,2025-06-04T00:00:00Z,92.86,100.0,56.7,30,100,0.01
9367,105,2025-06-05T00:00:00Z,100.0,94.63,56.82,30,100,0.0
9368,105,2025-06-06T00:00:00Z,100.0,100.0,54.29,30,100,0.0
9369,105,2025-06-07T00:00:00Z,91.24,95.5,76.83,30,100,0.01
9370,105,2025-06-08T00:00:00Z,91.25,100.0,56.58,30,98,0.01
9371,105,2025-06-09T00:00:00Z,93.72,82.71,68.7,33,100,0.01
9372,105,2025-06-10T00:00:00Z,86.82,99.14,64.56,30,98,0.01
9373,105,2025-06-11T00:00:00Z,99.47,100.0,67.25,35,100,0.01
9374,105,2025-06-12T00:00:00Z,100.0,69.13,60.26,33,100,0.02
9375,105,2025-06-13T00:00:00Z,77.9,100.0,72.09,30,100,0.01
9376,105,2025-06-14T00:00:00Z,89.78,100.0,53.34,33,100,0.01
9377,105,2025-06-15T00:00:00Z,84.81,82.11,76.07,30,100,0.02
9378,105,2025-06-16T00:00:00Z,92.82,95.73,65.77,30,100,0.01
9379,105,2025-06-17T00:00:00Z,96.21,96.31,61.13,33,98,0.01
9380,105,2025-06-18T00:00:00Z,100.0,88.61,59.2,33,100,0.01
9381,105,2025-06-19T00:00:00Z,87.51,100.0,69.52,30,100,0.01
9382,105,2025-06-20T00:00:00Z,89.55,100.0,64.45,30,100,0.01
9383,105,2025-06-21T00:00:00Z,88.84,71.87,55.41,30,100,0.02
9384,105,2025-06-22T00:00:00Z,93.26,94.3,54.72,30,100,0.01
9385,105,2025-06-23T00:00:00Z,81.39,92.37,73.26,30,100,0.01
9386,105,2025-06-24T00:00:00Z,95.01,78.63,54.57,30,94,0.02
9387,105,2025-06-25T00:00:00Z,96.25,86.58,57.07,33,100,0.01
9388,105,2025-06-26T00:00:00Z,77.01,98.09,55.42,30,100,0.01
9389,105,2025-06-27T00:00:00Z,92.59,100.0,75.97,30,100,0.01
9390,105,2025-06-28T00:00:00Z,82.17,100.0,53.51,30,100,0.01
9391,105,2025-06-29T00:00:00Z,88.56,93.69,56.08,30,100,0.01
9392,105,2025-06-30T00:00:00Z,100.0,81.14,60.65,33,100,0.01
9393,105,2025-07-01T00:00:00Z,89.3,100.0,53.76,30,98,0.01
9394,105,2025-07-02T00:00:00Z,86.97,94.03,52.88,30,100,0.01
9395,105,2025-07-03T00:00:00Z,91.5,88.41,68.95,30,100,0.01
9396,105,2025-07-04T00:00:00Z,86.73,100.0,72.4,30,100,0.01
9397,105,2025-07-05T00:00:00Z,100.0,89.39,56.1,30,100,0.01
9398,105,2025-07-06T00:00:00Z,82.04,94.66,60.11,30,100,0.01
9399,105,2025-07-07T00:00:00Z,82.88,98.03,58.91,30,100,0.01
9400,105,2025-07-08T00:00:00Z,100.0,76.32,72.44,30,100,0.01
9401,105,2025-07-09T00:00:00Z,82.97,90.16,66.71,30,100,0.01
9402,105,2025-07-10T00:00:00Z,81.97,100.0,75.21,30,100,0.01
9403,105,2025-07-11T00:00:00Z,100.0,100.0,69.21,30,96,0.0
9404,105,2025-07-12T00:00:00Z,100.0,95.43,64.87,30,96,0.01
9405,105,2025-07-13T00:00:00Z,75.56,94.46,62.33,33,96,0.02
9406,105,2025-07-14T00:00:00Z,92.5,94.81,76.8,30,100,0.01
9407,105,2025-07-15T00:00:00Z,88.04,65.43,76.0,33,96,0.04
9408,105,2025-07-16T00:00:00Z,84.48,97.68,55.49,30,96,0.01
9409,105,2025-07-17T00:00:00Z,97.37,69.49,61.43,30,95,0.02
9410,105,2025-07-18T00:00:00Z,100.0,70.7,61.87,30,98,0.01
9411,105,2025-07-19T00:00:00Z,100.0,100.0,58.54,30,100,0.0
9412,105,2025-07-20T00:00:00Z,100.0,99.5,56.19,32,95,0.01
9413,105,2025-07-21T00:00:00Z,100.0,83.1,60.82,30,100,0.01
9414,105,2025-07-22T00:00:00Z,91.23,87.63,52.96,30,93,0.01
9415,105,2025-07-23T00:00:00Z,92.65,100.0,69.44,30,100,0.01
9416,105,2025-07-24T00:00:00Z,94.58,100.0,68.98,32,100,0.01
9417,105,2025-07-25T00:00:00Z,97.85,92.05,53.32,33,100,0.01
9418,105,2025-07-26T00:00:00Z,88.21,100.0,67.47,33,98,0.01
9419,105,2025-07-27T00:00:00Z,82.4,100.0,73.1,33,100,0.01
9420,105,2025-07-28T00:00:00Z,95.73,100.0,63.61,30,96,0.01
9421,105,2025-07-29T00:00:00Z,100.0,70.61,75.12,30,100,0.01
9422,105,2025-07-30T00:00:00Z,100.0,82.69,11.67,41,86,0.03
9423,105,2025-07-31T00:00:00Z,79.09,0.0,24.93,88,0,96.53
9424,105,2025-08-01T00:00:00Z,78.22,11.2,25.69,98,0,97.13
9425,105,2025-08-02T00:00:00Z,75.7,3.42,21.39,68,28,68.1
9426,105,2025-08-03T00:00:00Z,77.49,0.0,21.94,73,0,92.45
9427,105,2025-08-04T00:00:00Z,80.95,0.0,25.28,86,32,81.94
9428,105,2025-08-05T00:00:00Z,77.99,0.0,24.86,100,10,97.34
9429,105,2025-08-06T00:00:00Z,80.19,0.0,27.42,74,20,80.7
9430,105,2025-08-07T00:00:00Z,84.91,89.92,58.32,30,100,0.01
9431,105,2025-08-08T00:00:00Z,94.48,83.72,12.73,38,96,0.02
9432,105,2025-08-09T00:00:00Z,75.84,0.0,22.22,90,17,94.04
9433,105,2025-08-10T00:00:00Z,78.65,0.0,21.32,85,0,95.96
9434,105,2025-08-11T00:00:00Z,77.79,0.0,26.53,100,25,94.59
9435,105,2025-08-12T00:00:00Z,79.04,50.57,25.21,78,30,31.12
9436,105,2025-08-13T00:00:00Z,79.18,0.0,25.62,98,0,98.06
9437,105,2025-08-14T00:00:00Z,77.95,33.38,25.21,96,10,88.37
9438,105,2025-08-15T00:00:00Z,77.82,0.0,26.18,49,24,46.23
9439,105,2025-08-16T00:00:00Z,79.11,0.0,23.06,82,0,95.1
9440,105,2025-08-17T00:00:00Z,100.0,100.0,67.19,30,100,0.0
9441,105,2025-08-18T00:00:00Z,96.44,87.16,40.35,34,94,0.01
9442,105,2025-08-19T00:00:00Z,79.49,0.0,33.89,86,28,85.64
9443,105,2025-08-20T00:00:00Z,84.72,6.33,34.2,73,67,18.86
9444,105,2025-08-21T00:00:00Z,83.95,93.99,69.4,30,100,0.01
9445,105,2025-08-22T00:00:00Z,84.0,18.91,29.12,69,29,43.37
9446,105,2025-08-23T00:00:00Z,76.53,0.0,21.87,80,2,94.65
9447,105,2025-08-24T00:00:00Z,75.42,0.0,21.81,69,6,88.79
9448,105,2025-08-25T00:00:00Z,77.59,10.61,26.46,100,0,97.58
9449,105,2025-08-26T00:00:00Z,78.41,0.0,25.07,94,16,94.88
9450,105,2025-08-27T00:00:00Z,77.18,0.0,24.93,72,18,82.65
9451,106,2025-05-30T00:00:00Z,82.57,86.57,61.04,30,96,0.02
9452,106,2025-05-31T00:00:00Z,100.0,89.35,63.99,30,98,0.01
9453,106,2025-06-01T00:00:00Z,90.56,99.94,60.74,30,100,0.01
9454,106,2025-06-02T00:00:00Z,75.28,100.0,58.39,30,98,0.01
9455,106,2025-06-03T00:00:00Z,100.0,93.94,58.08,30,96,0.01
9456,106,2025-06-04T00:00:00Z,100.0,100.0,66.08,30,98,0.0
9457,106,2025-06-05T00:00:00Z,79.13,100.0,71.69,30,96,0.01
9458,106,2025-06-06T00:00:00Z,91.28,100.0,56.05,30,100,0.01
9459,106,2025-06-07T00:00:00Z,100.0,93.21,59.26,30,96,0.01
9460,106,2025-06-08T00:00:00Z,88.31,100.0,63.47,30,100,0.01
9461,106,2025-06-09T00:00:00Z,85.34,81.25,69.41,38,100,0.03
9462,106,2025-06-10T00:00:00Z,89.28,81.49,55.31,32,98,0.02
9463,106,2025-06-11T00:00:00Z,87.43,82.26,66.56,30,100,0.01
9464,106,2025-06-12T00:00:00Z,67.93,78.3,66.31,30,100,0.04
9465,106,2025-06-13T00:00:00Z,94.25,79.16,56.17,36,100,0.02
9466,106,2025-06-14T00:00:00Z,100.0,75.89,54.32,30,100,0.01
9467,106,2025-06-15T00:00:00Z,87.49,86.41,60.4,30,98,0.01
9468,106,2025-06-16T00:00:00Z,87.53,95.79,70.67,30,100,0.01
9469,106,2025-06-17T00:00:00Z,100.0,77.95,61.72,33,96,0.01
9470,106,2025-06-18T00:00:00Z,91.37,76.09,65.7,30,98,0.02
9471,106,2025-06-19T00:00:00Z,78.23,89.25,54.15,30,100,0.02
9472,106,2025-06-20T00:00:00Z,100.0,100.0,56.66,30,100,0.0
9473,106,2025-06-21T00:00:00Z,100.0,100.0,65.53,30,100,0.0
9474,106,2025-06-22T00:00:00Z,100.0,100.0,53.69,30,100,0.0
9475,106,2025-06-23T00:00:00Z,91.02,80.21,70.93,30,98,0.01
9476,106,2025-06-24T00:00:00Z,95.5,100.0,66.53,30,100,0.0
9477,106,2025-06-25T00:00:00Z,100.0,98.26,70.06,30,100,0.0
9478,106,2025-06-26T00:00:00Z,86.81,80.8,58.39,30,98,0.02
9479,106,2025-06-27T00:00:00Z,100.0,100.0,60.34,39,100,0.01
9480,106,2025-06-28T00:00:00Z,76.67,75.9,66.48,30,100,0.03
9481,106,2025-06-29T00:00:00Z,75.88,83.9,58.47,30,100,0.02
9482,106,2025-06-30T00:00:00Z,99.64,98.44,54.72,30,100,0.0
9483,106,2025-07-01T00:00:00Z,97.4,78.34,75.46,33,100,0.01
9484,106,2025-07-02T00:00:00Z,100.0,81.02,65.12,30,96,0.01
9485,106,2025-07-03T00:00:00Z,82.42,80.17,62.53,30,100,0.02
9486,106,2025-07-04T00:00:00Z,100.0,62.64,58.19,30,100,0.02
9487,106,2025-07-05T00:00:00Z,97.92,96.76,56.57,30,98,0.01
9488,106,2025-07-06T00:00:00Z,87.78,86.92,67.79,33,100,0.01
9489,106,2025-07-07T00:00:00Z,94.95,91.18,57.54,30,100,0.01
9490,106,2025-07-08T00:00:00Z,100.0,73.03,70.76,36,100,0.02
9491,106,2025-07-09T00:00:00Z,100.0,100.0,76.46,33,100,0.0
9492,106,2025-07-10T00:00:00Z,87.29,83.61,59.62,32,100,0.02
9493,106,2025-07-11T00:00:00Z,76.65,96.06,54.87,33,98,0.02
9494,106,2025-07-12T00:00:00Z,98.08,99.44,73.81,33,100,0.01
9495,106,2025-07-13T00:00:00Z,89.18,82.45,65.51,30,95,0.02
9496,106,2025-07-14T00:00:00Z,86.15,86.59,66.4,36,100,0.02
9497,106,2025-07-15T00:00:00Z,93.72,100.0,71.7,33,98,0.01
9498,106,2025-07-16T00:00:00Z,88.65,95.53,55.15,30,96,0.01
9499,106,2025-07-17T00:00:00Z,84.85,69.64,59.89,36,100,0.04
9500,106,2025-07-18T00:00:00Z,90.28,100.0,59.99,30,95,0.01
9501,106,2025-07-19T00:00:00Z,100.0,85.94,57.32,30,100,0.01
9502,106,2025-07-20T00:00:00Z,93.9,94.01,53.55,33,98,0.01
9503,106,2025-07-21T00:00:00Z,87.31,94.3,61.52,30,100,0.01
9504,106,2025-07-22T00:00:00Z,100.0,69.73,75.53,30,100,0.01
9505,106,2025-07-23T00:00:00Z,97.54,92.84,72.79,30,100,0.01
9506,106,2025-07-24T00:00:00Z,92.27,74.09,54.81,33,92,0.03
9507,106,2025-07-25T00:00:00Z,79.11,100.0,61.1,30,98,0.01
9508,106,2025-07-26T00:00:00Z,90.4,80.97,75.69,30,100,0.01
9509,106,2025-07-27T00:00:00Z,100.0,74.98,71.97,36,98,0.02
9510,106,2025-07-28T00:00:00Z,82.75,99.87,69.39,30,96,0.01
9511,106,2025-07-29T00:00:00Z,85.18,0.0,37.81,100,7,96.74
9512,106,2025-07-30T00:00:00Z,81.72,0.0,35.21,100,0,98.04
9513,106,2025-07-31T00:00:00Z,81.19,0.0,34.51,100,0,98.09
9514,106,2025-08-01T00:00:00Z,96.45,89.86,54.51,30,100,0.01
9515,106,2025-08-02T00:00:00Z,99.15,87.21,31.11,45,91,0.02
9516,106,2025-08-03T00:00:00Z,81.77,2.37,35.0,100,15,95.55
9517,106,2025-08-04T00:00:00Z,79.79,0.0,34.37,99,0,98.11
9518,106,2025-08-05T00:00:00Z,80.98,0.0,34.37,100,8,97.21
9519,106,2025-08-06T00:00:00Z,81.51,4.32,34.93,100,9,96.45
9520,106,2025-08-07T00:00:00Z,81.15,0.0,34.58,100,0,98.1
9521,106,2025-08-08T00:00:00Z,80.85,0.0,34.58,100,0,98.12
9522,106,2025-08-09T00:00:00Z,80.57,0.0,35.14,100,14,96.34
9523,106,2025-08-10T00:00:00Z,83.22,0.0,35.07,100,0,97.89
9524,106,2025-08-11T00:00:00Z,79.86,0.0,34.72,99,17,95.68
9525,106,2025-08-12T00:00:00Z,80.27,0.0,34.65,100,16,96.03
9526,106,2025-08-13T00:00:00Z,80.61,0.0,35.33,100,31,91.83
9527,106,2025-08-14T00:00:00Z,97.4,95.63,62.77,30,100,0.01
9528,106,2025-08-15T00:00:00Z,91.11,15.7,36.06,85,46,40.53
9529,106,2025-08-16T00:00:00Z,90.45,0.0,34.1,100,32,86.73
9530,106,2025-08-17T00:00:00Z,100.0,77.2,71.44,30,98,0.01
9531,106,2025-08-18T00:00:00Z,92.12,32.93,36.43,74,75,3.79
9532,106,2025-08-19T00:00:00Z,88.71,0.0,33.96,65,45,31.31
9533,106,2025-08-20T00:00:00Z,83.72,0.0,34.86,100,24,93.18
9534,106,2025-08-21T00:00:00Z,79.73,0.0,34.51,100,0,98.23
9535,106,2025-08-22T00:00:00Z,81.37,0.0,34.37,100,4,97.66
9536,106,2025-08-23T00:00:00Z,80.27,0.0,34.17,100,0,98.18
9537,106,2025-08-24T00:00:00Z,79.36,0.0,34.79,100,0,98.26
9538,106,2025-08-25T00:00:00Z,94.41,40.32,30.26,50,77,0.56
9539,106,2025-08-26T00:00:00Z,88.19,0.0,34.36,86,63,40.14
9540,106,2025-08-27T00:00:00Z,81.73,0.0,34.51,100,30,91.79
9541,107,2025-05-30T00:00:00Z,100.0,75.55,70.21,36,100,0.01
9542,107,2025-05-31T00:00:00Z,86.25,100.0,58.92,38,100,0.01
9543,107,2025-06-01T00:00:00Z,96.96,62.02,56.72,30,95,0.03
9544,107,2025-06-02T00:00:00Z,83.1,87.47,56.3,33,100,0.02
9545,107,2025-06-03T00:00:00Z,96.19,100.0,65.69,30,98,0.0
9546,107,2025-06-04T00:00:00Z,100.0,100.0,65.7,33,98,0.0
9547,107,2025-06-05T00:00:00Z,96.27,100.0,55.7,30,100,0.0
9548,107,2025-06-06T00:00:00Z,88.99,100.0,54.11,30,100,0.01
9549,107,2025-06-07T00:00:00Z,85.65,87.04,58.84,30,100,0.01
9550,107,2025-06-08T00:00:00Z,89.54,85.29,67.05,30,98,0.01
9551,107,2025-06-09T00:00:00Z,99.7,100.0,64.34,30,100,0.0
9552,107,2025-06-10T00:00:00Z,80.63,100.0,54.02,30,98,0.01
9553,107,2025-06-11T00:00:00Z,93.65,100.0,61.19,36,100,0.01
9554,107,2025-06-12T00:00:00Z,89.44,92.46,57.32,30,100,0.01
9555,107,2025-06-13T00:00:00Z,100.0,98.57,62.59,30,98,0.0
9556,107,2025-06-14T00:00:00Z,77.73,100.0,61.23,30,100,0.01
9557,107,2025-06-15T00:00:00Z,85.68,85.99,59.25,30,100,0.01
9558,107,2025-06-16T00:00:00Z,100.0,70.11,64.8,30,100,0.01
9559,107,2025-06-17T00:00:00Z,100.0,80.95,65.59,30,100,0.01
9560,107,2025-06-18T00:00:00Z,82.7,93.55,59.94,30,98,0.01
9561,107,2025-06-19T00:00:00Z,93.3,100.0,66.88,33,100,0.01
9562,107,2025-06-20T00:00:00Z,83.83,82.93,58.87,33,96,0.02
9563,107,2025-06-21T00:00:00Z,96.66,100.0,60.42,30,100,0.0
9564,107,2025-06-22T00:00:00Z,93.09,100.0,74.83,32,100,0.01
9565,107,2025-06-23T00:00:00Z,100.0,100.0,60.27,32,100,0.0
9566,107,2025-06-24T00:00:00Z,99.59,100.0,56.91,30,100,0.0
9567,107,2025-06-25T00:00:00Z,91.78,95.0,73.27,33,100,0.01
9568,107,2025-06-26T00:00:00Z,100.0,100.0,66.17,30,96,0.0
9569,107,2025-06-27T00:00:00Z,96.31,100.0,74.42,30,100,0.0
9570,107,2025-06-28T00:00:00Z,100.0,100.0,58.58,30,96,0.0
9571,107,2025-06-29T00:00:00Z,89.58,100.0,60.93,30,100,0.01
9572,107,2025-06-30T00:00:00Z,95.1,100.0,59.25,33,98,0.01
9573,107,2025-07-01T00:00:00Z,96.05,100.0,71.29,30,100,0.0
9574,107,2025-07-02T00:00:00Z,92.92,100.0,75.48,30,100,0.01
9575,107,2025-07-03T00:00:00Z,100.0,100.0,76.58,30,100,0.0
9576,107,2025-07-04T00:00:00Z,99.16,100.0,62.86,30,98,0.0
9577,107,2025-07-05T00:00:00Z,72.34,100.0,59.51,30,100,0.01
9578,107,2025-07-06T00:00:00Z,93.22,100.0,54.17,30,100,0.01
9579,107,2025-07-07T00:00:00Z,100.0,100.0,59.06,30,98,0.0
9580,107,2025-07-08T00:00:00Z,100.0,90.74,76.69,30,100,0.01
9581,107,2025-07-09T00:00:00Z,84.0,100.0,53.81,35,100,0.01
9582,107,2025-07-10T00:00:00Z,76.81,100.0,67.34,33,100,0.01
9583,107,2025-07-11T00:00:00Z,99.11,100.0,66.1,30,100,0.0
9584,107,2025-07-12T00:00:00Z,95.43,72.89,60.68,30,100,0.01
9585,107,2025-07-13T00:00:00Z,89.16,98.37,55.21,30,100,0.01
9586,107,2025-07-14T00:00:00Z,79.49,97.96,54.52,33,100,0.01
9587,107,2025-07-15T00:00:00Z,92.93,69.49,57.82,30,100,0.02
9588,107,2025-07-16T00:00:00Z,100.0,88.85,73.77,30,100,0.01
9589,107,2025-07-17T00:00:00Z,73.7,100.0,56.67,30,95,0.02
9590,107,2025-07-18T00:00:00Z,97.04,93.75,75.51,30,100,0.01
9591,107,2025-07-19T00:00:00Z,96.74,100.0,68.58,30,100,0.0
9592,107,2025-07-20T00:00:00Z,86.51,98.14,53.61,33,100,0.01
9593,107,2025-07-21T00:00:00Z,100.0,100.0,60.57,30,100,0.0
9594,107,2025-07-22T00:00:00Z,98.48,66.7,58.83,30,100,0.02
9595,107,2025-07-23T00:00:00Z,96.13,100.0,63.34,30,100,0.0
9596,107,2025-07-24T00:00:00Z,100.0,100.0,65.45,30,100,0.0
9597,107,2025-07-25T00:00:00Z,97.99,100.0,74.24,30,100,0.0
9598,107,2025-07-26T00:00:00Z,80.52,100.0,55.55,33,100,0.01
9599,107,2025-07-27T00:00:00Z,86.81,92.8,52.95,30,100,0.01
9600,107,2025-07-28T00:00:00Z,100.0,100.0,63.74,30,100,0.0
9601,107,2025-07-29T00:00:00Z,85.28,55.97,30.95,61,68,1.42
9602,107,2025-07-30T00:00:00Z,78.6,0.0,25.9,74,29,74.27
9603,107,2025-07-31T00:00:00Z,78.87,49.67,25.76,54,33,8.78
9604,107,2025-08-01T00:00:00Z,78.05,47.93,26.11,86,21,57.2
9605,107,2025-08-02T00:00:00Z,78.13,33.27,21.11,60,30,24.28
9606,107,2025-08-03T00:00:00Z,77.75,0.0,22.08,65,0,88.21
9607,107,2025-08-04T00:00:00Z,78.27,23.08,25.9,77,21,67.56
9608,107,2025-08-05T00:00:00Z,82.12,0.0,28.22,56,20,56.31
9609,107,2025-08-06T00:00:00Z,88.43,65.74,32.66,51,71,0.39
9610,107,2025-08-07T00:00:00Z,79.26,40.19,25.76,93,35,56.46
9611,107,2025-08-08T00:00:00Z,78.09,0.0,26.18,78,0,94.13
9612,107,2025-08-09T00:00:00Z,77.91,38.36,20.97,71,43,21.08
9613,107,2025-08-10T00:00:00Z,77.28,5.88,21.53,75,16,83.21
9614,107,2025-08-11T00:00:00Z,89.79,57.37,17.26,37,72,0.21
9615,107,2025-08-12T00:00:00Z,77.71,32.11,25.21,62,41,18.24
9616,107,2025-08-13T00:00:00Z,78.82,64.41,26.03,61,31,8.26
9617,107,2025-08-14T00:00:00Z,100.0,100.0,55.29,30,98,0.0
9618,107,2025-08-15T00:00:00Z,87.62,63.15,29.18,51,45,1.63
9619,107,2025-08-16T00:00:00Z,77.87,32.25,21.11,70,14,57.85
9620,107,2025-08-17T00:00:00Z,77.78,6.99,21.94,75,13,84.31
9621,107,2025-08-18T00:00:00Z,78.98,5.1,25.97,67,36,51.67
9622,107,2025-08-19T00:00:00Z,89.6,50.34,21.55,42,46,1.37
9623,107,2025-08-20T00:00:00Z,99.05,100.0,71.63,30,96,0.0
9624,107,2025-08-21T00:00:00Z,95.98,94.03,13.33,35,92,0.01
9625,107,2025-08-22T00:00:00Z,78.37,13.11,25.76,78,48,45.94
9626,107,2025-08-23T00:00:00Z,76.95,40.32,22.29,78,6,71.49
9627,107,2025-08-24T00:00:00Z,76.96,5.57,21.6,63,42,40.35
9628,107,2025-08-25T00:00:00Z,79.07,0.0,25.42,71,28,71.23
9629,107,2025-08-26T00:00:00Z,82.69,54.79,28.8,53,61,1.48
9630,107,2025-08-27T00:00:00Z,100.0,85.9,59.85,30,100,0.01
9631,108,2025-05-30T00:00:00Z,100.0,100.0,70.43,30,100,0.0
9632,108,2025-05-31T00:00:00Z,90.57,81.41,60.58,30,95,0.02
9633,108,2025-06-01T00:00:00Z,95.53,100.0,69.94,30,100,0.0
9634,108,2025-06-02T00:00:00Z,96.54,84.19,69.94,30,100,0.01
9635,108,2025-06-03T00:00:00Z,100.0,100.0,65.08,35,100,0.01
9636,108,2025-06-04T00:00:00Z,89.49,94.34,62.54,30,98,0.01
9637,108,2025-06-05T00:00:00Z,96.33,98.48,63.19,30,100,0.0
9638,108,2025-06-06T00:00:00Z,96.92,100.0,64.53,30,95,0.01
9639,108,2025-06-07T00:00:00Z,99.72,100.0,53.62,30,100,0.0
9640,108,2025-06-08T00:00:00Z,100.0,100.0,67.08,30,96,0.0
9641,108,2025-06-09T00:00:00Z,87.17,100.0,58.32,33,100,0.01
9642,108,2025-06-10T00:00:00Z,67.63,100.0,54.0,30,100,0.02
9643,108,2025-06-11T00:00:00Z,100.0,84.52,64.74,30,100,0.01
9644,108,2025-06-12T00:00:00Z,96.97,89.85,57.9,30,100,0.01
9645,108,2025-06-13T00:00:00Z,98.68,89.42,71.34,30,100,0.01
9646,108,2025-06-14T00:00:00Z,90.47,100.0,63.0,36,100,0.01
9647,108,2025-06-15T00:00:00Z,87.59,100.0,60.19,30,100,0.01
9648,108,2025-06-16T00:00:00Z,87.12,88.36,67.47,30,100,0.01
9649,108,2025-06-17T00:00:00Z,100.0,69.17,54.28,30,100,0.01
9650,108,2025-06-18T00:00:00Z,100.0,100.0,61.27,30,100,0.0
9651,108,2025-06-19T00:00:00Z,89.76,86.11,54.85,30,100,0.01
9652,108,2025-06-20T00:00:00Z,87.24,86.28,56.38,33,100,0.01
9653,108,2025-06-21T00:00:00Z,100.0,94.24,55.27,33,100,0.01
9654,108,2025-06-22T00:00:00Z,99.67,91.5,56.45,30,100,0.01
9655,108,2025-06-23T00:00:00Z,100.0,100.0,60.7,32,100,0.0
9656,108,2025-06-24T00:00:00Z,89.26,73.82,70.56,30,100,0.02
9657,108,2025-06-25T00:00:00Z,91.78,100.0,58.38,30,100,0.01
9658,108,2025-06-26T00:00:00Z,98.64,100.0,60.66,30,100,0.0
9659,108,2025-06-27T00:00:00Z,100.0,94.45,58.43,30,100,0.0
9660,108,2025-06-28T00:00:00Z,100.0,89.13,76.02,30,100,0.01
9661,108,2025-06-29T00:00:00Z,94.7,100.0,53.46,30,98,0.01
9662,108,2025-06-30T00:00:00Z,78.28,95.4,53.67,32,96,0.02
9663,108,2025-07-01T00:00:00Z,100.0,100.0,65.83,30,95,0.0
9664,108,2025-07-02T00:00:00Z,100.0,100.0,56.57,30,100,0.0
9665,108,2025-07-03T00:00:00Z,77.32,74.49,73.9,30,100,0.03
9666,108,2025-07-04T00:00:00Z,96.17,100.0,69.22,30,100,0.0
9667,108,2025-07-05T00:00:00Z,100.0,100.0,64.02,30,100,0.0
9668,108,2025-07-06T00:00:00Z,71.33,77.32,55.58,30,100,0.04
9669,108,2025-07-07T00:00:00Z,92.62,86.86,74.01,30,100,0.01
9670,108,2025-07-08T00:00:00Z,97.46,100.0,62.7,30,100,0.0
9671,108,2025-07-09T00:00:00Z,88.67,95.66,61.09,30,100,0.01
9672,108,2025-07-10T00:00:00Z,88.25,100.0,62.46,30,100,0.01
9673,108,2025-07-11T00:00:00Z,100.0,100.0,58.48,30,100,0.0
9674,108,2025-07-12T00:00:00Z,86.9,100.0,75.9,30,100,0.01
9675,108,2025-07-13T00:00:00Z,64.73,100.0,58.91,30,98,0.02
9676,108,2025-07-14T00:00:00Z,91.37,81.9,63.73,30,100,0.01
9677,108,2025-07-15T00:00:00Z,97.45,75.15,53.37,30,100,0.01
9678,108,2025-07-16T00:00:00Z,100.0,74.93,60.05,30,100,0.01
9679,108,2025-07-17T00:00:00Z,100.0,87.12,76.13,30,100,0.01
9680,108,2025-07-18T00:00:00Z,87.08,100.0,61.67,30,100,0.01
9681,108,2025-07-19T00:00:00Z,86.83,100.0,63.91,33,100,0.01
9682,108,2025-07-20T00:00:00Z,82.97,98.85,76.8,32,100,0.01
9683,108,2025-07-21T00:00:00Z,100.0,100.0,69.35,30,100,0.0
9684,108,2025-07-22T00:00:00Z,76.46,85.03,60.44,32,98,0.03
9685,108,2025-07-23T00:00:00Z,75.57,100.0,53.82,36,100,0.02
9686,108,2025-07-24T00:00:00Z,93.21,94.53,66.34,30,100,0.01
9687,108,2025-07-25T00:00:00Z,99.74,72.97,55.86,30,100,0.01
9688,108,2025-07-26T00:00:00Z,78.4,97.38,58.74,30,100,0.01
9689,108,2025-07-27T00:00:00Z,92.07,100.0,57.31,30,100,0.01
9690,108,2025-07-28T00:00:00Z,96.3,100.0,66.97,30,100,0.0
9691,108,2025-07-29T00:00:00Z,95.49,93.03,36.11,30,93,0.01
9692,108,2025-07-30T00:00:00Z,81.27,22.25,35.28,66,49,19.1
9693,108,2025-07-31T00:00:00Z,83.29,16.31,34.51,70,41,33.92
9694,108,2025-08-01T00:00:00Z,81.44,22.61,34.72,88,45,51.34
9695,108,2025-08-02T00:00:00Z,79.96,8.39,35.16,69,35,51.41
9696,108,2025-08-03T00:00:00Z,87.27,83.48,73.85,30,100,0.01
9697,108,2025-08-04T00:00:00Z,82.64,63.41,75.7,30,100,0.04
9698,108,2025-08-05T00:00:00Z,86.18,10.96,36.45,54,42,16.7
9699,108,2025-08-06T00:00:00Z,80.09,66.14,34.93,81,82,2.0
9700,108,2025-08-07T00:00:00Z,96.94,94.59,26.67,30,92,0.01
9701,108,2025-08-08T00:00:00Z,92.58,91.33,71.66,30,100,0.01
9702,108,2025-08-09T00:00:00Z,93.59,87.46,37.41,49,82,0.06
9703,108,2025-08-10T00:00:00Z,80.32,29.06,34.37,92,38,60.87
9704,108,2025-08-11T00:00:00Z,76.58,25.72,35.07,75,41,39.94
9705,108,2025-08-12T00:00:00Z,78.65,8.26,34.31,61,32,44.94
9706,108,2025-08-13T00:00:00Z,79.62,9.56,34.24,81,42,59.79
9707,108,2025-08-14T00:00:00Z,81.21,6.48,34.24,68,18,70.28
9708,108,2025-08-15T00:00:00Z,79.2,17.13,33.96,78,21,72.8
9709,108,2025-08-16T00:00:00Z,79.37,45.5,34.24,74,24,36.63
9710,108,2025-08-17T00:00:00Z,90.36,39.06,34.22,57,73,1.33
9711,108,2025-08-18T00:00:00Z,87.6,42.54,32.44,48,62,1.34
9712,108,2025-08-19T00:00:00Z,77.97,49.86,25.21,63,82,1.46
9713,108,2025-08-20T00:00:00Z,79.25,4.59,25.42,61,57,20.81
9714,108,2025-08-21T00:00:00Z,77.59,74.43,25.21,68,57,2.59
9715,108,2025-08-22T00:00:00Z,78.83,12.22,25.0,68,85,6.91
9716,108,2025-08-23T00:00:00Z,94.22,90.74,9.2,46,79,0.05
9717,108,2025-08-24T00:00:00Z,91.41,84.45,55.57,30,100,0.01
9718,108,2025-08-25T00:00:00Z,93.88,79.42,39.11,41,87,0.04
9719,108,2025-08-26T00:00:00Z,80.67,1.5,33.82,70,66,23.26
9720,108,2025-08-27T00:00:00Z,81.24,0.0,35.07,69,41,50.71
9721,109,2025-05-30T00:00:00Z,99.54,100.0,61.84,30,100,0.0
9722,109,2025-05-31T00:00:00Z,76.44,100.0,56.05,30,100,0.01
9723,109,2025-06-01T00:00:00Z,100.0,83.68,75.93,30,100,0.01
9724,109,2025-06-02T00:00:00Z,97.7,86.78,55.59,30,100,0.01
9725,109,2025-06-03T00:00:00Z,94.05,89.3,73.38,30,100,0.01
9726,109,2025-06-04T00:00:00Z,100.0,97.58,54.05,36,100,0.01
9727,109,2025-06-05T00:00:00Z,100.0,96.64,54.67,33,100,0.01
9728,109,2025-06-06T00:00:00Z,100.0,81.1,75.1,30,100,0.01
9729,109,2025-06-07T00:00:00Z,93.26,100.0,64.39,33,100,0.01
9730,109,2025-06-08T00:00:00Z,78.56,95.53,59.6,33,100,0.02
9731,109,2025-06-09T00:00:00Z,90.95,89.32,64.39,30,98,0.01
9732,109,2025-06-10T00:00:00Z,85.64,84.4,52.95,30,100,0.01
9733,109,2025-06-11T00:00:00Z,100.0,80.42,58.35,30,100,0.01
9734,109,2025-06-12T00:00:00Z,97.23,100.0,64.08,30,98,0.0
9735,109,2025-06-13T00:00:00Z,100.0,100.0,63.16,30,100,0.0
9736,109,2025-06-14T00:00:00Z,95.83,97.35,63.08,30,100,0.01
9737,109,2025-06-15T00:00:00Z,100.0,92.48,56.05,33,100,0.01
9738,109,2025-06-16T00:00:00Z,100.0,100.0,55.59,30,96,0.0
9739,109,2025-06-17T00:00:00Z,87.86,100.0,60.69,30,100,0.01
9740,109,2025-06-18T00:00:00Z,90.5,72.83,70.28,30,100,0.02
9741,109,2025-06-19T00:00:00Z,97.16,100.0,54.76,30,100,0.0
9742,109,2025-06-20T00:00:00Z,92.86,100.0,76.43,33,98,0.01
9743,109,2025-06-21T00:00:00Z,94.31,86.05,64.57,30,100,0.01
9744,109,2025-06-22T00:00:00Z,98.8,76.83,56.49,33,100,0.01
9745,109,2025-06-23T00:00:00Z,77.57,75.42,61.04,30,100,0.03
9746,109,2025-06-24T00:00:00Z,87.15,100.0,61.52,33,91,0.01
9747,109,2025-06-25T00:00:00Z,100.0,100.0,72.07,30,100,0.0
9748,109,2025-06-26T00:00:00Z,84.35,93.54,54.58,33,100,0.01
9749,109,2025-06-27T00:00:00Z,92.88,99.33,71.35,35,100,0.01
9750,109,2025-06-28T00:00:00Z,96.96,88.7,61.93,30,100,0.01
9751,109,2025-06-29T00:00:00Z,98.36,91.02,53.75,30,100,0.01
9752,109,2025-06-30T00:00:00Z,89.54,100.0,64.32,30,100,0.01
9753,109,2025-07-01T00:00:00Z,100.0,91.95,54.76,30,100,0.01
9754,109,2025-07-02T00:00:00Z,83.8,85.74,55.11,36,100,0.02
9755,109,2025-07-03T00:00:00Z,100.0,94.73,68.58,33,100,0.01
9756,109,2025-07-04T00:00:00Z,100.0,55.0,71.12,30,100,0.02
9757,109,2025-07-05T00:00:00Z,89.71,100.0,63.0,30,100,0.01
9758,109,2025-07-06T00:00:00Z,100.0,95.58,58.62,30,100,0.0
9759,109,2025-07-07T00:00:00Z,85.93,94.56,59.09,30,100,0.01
9760,109,2025-07-08T00:00:00Z,84.96,100.0,58.1,30,100,0.01
9761,109,2025-07-09T00:00:00Z,100.0,81.8,58.52,30,100,0.01
9762,109,2025-07-10T00:00:00Z,100.0,100.0,54.26,30,100,0.0
9763,109,2025-07-11T00:00:00Z,92.28,87.66,68.32,30,100,0.01
9764,109,2025-07-12T00:00:00Z,98.79,88.89,61.88,33,96,0.01
9765,109,2025-07-13T00:00:00Z,84.92,100.0,65.87,30,98,0.01
9766,109,2025-07-14T00:00:00Z,97.87,100.0,58.55,30,100,0.0
9767,109,2025-07-15T00:00:00Z,87.74,98.67,62.62,33,100,0.01
9768,109,2025-07-16T00:00:00Z,100.0,79.91,61.51,30,100,0.01
9769,109,2025-07-17T00:00:00Z,74.01,82.15,71.17,30,100,0.03
9770,109,2025-07-18T00:00:00Z,100.0,76.81,62.59,30,100,0.01
9771,109,2025-07-19T00:00:00Z,100.0,89.03,68.45,30,100,0.01
9772,109,2025-07-20T00:00:00Z,89.37,100.0,64.9,30,100,0.01
9773,109,2025-07-21T00:00:00Z,100.0,72.63,63.68,30,100,0.01
9774,109,2025-07-22T00:00:00Z,85.62,91.57,53.26,32,100,0.01
9775,109,2025-07-23T00:00:00Z,85.79,86.9,69.81,30,100,0.01
9776,109,2025-07-24T00:00:00Z,91.1,71.19,59.24,33,96,0.03
9777,109,2025-07-25T00:00:00Z,100.0,100.0,63.48,30,98,0.0
9778,109,2025-07-26T00:00:00Z,69.84,87.95,54.18,33,100,0.03
9779,109,2025-07-27T00:00:00Z,84.33,71.64,59.38,30,100,0.03
9780,109,2025-07-28T00:00:00Z,100.0,89.19,56.5,30,95,0.01
9781,109,2025-07-29T00:00:00Z,85.97,3.61,30.76,81,57,39.34
9782,109,2025-07-30T00:00:00Z,78.53,0.0,25.07,100,45,86.1
9783,109,2025-07-31T00:00:00Z,77.75,23.9,25.35,100,25,87.06
9784,109,2025-08-01T00:00:00Z,78.29,0.0,25.14,96,40,86.36
9785,109,2025-08-02T00:00:00Z,77.21,0.0,20.42,94,17,94.93
9786,109,2025-08-03T00:00:00Z,78.01,12.7,21.81,94,24,88.41
9787,109,2025-08-04T00:00:00Z,77.98,0.0,25.83,100,34,91.69
9788,109,2025-08-05T00:00:00Z,79.53,0.0,25.35,100,0,98.24
9789,109,2025-08-06T00:00:00Z,79.42,0.0,26.11,100,37,89.84
9790,109,2025-08-07T00:00:00Z,84.16,0.0,28.23,91,56,61.12
9791,109,2025-08-08T00:00:00Z,95.67,90.82,60.99,33,100,0.01
9792,109,2025-08-09T00:00:00Z,93.63,49.26,10.0,42,88,0.15
9793,109,2025-08-10T00:00:00Z,78.8,0.0,22.36,100,13,96.8
9794,109,2025-08-11T00:00:00Z,77.63,0.0,25.69,100,23,95.11
9795,109,2025-08-12T00:00:00Z,78.75,0.0,26.18,100,0,98.31
9796,109,2025-08-13T00:00:00Z,77.91,0.0,25.62,90,12,94.81
9797,109,2025-08-14T00:00:00Z,83.27,24.75,30.09,100,56,51.16
9798,109,2025-08-15T00:00:00Z,100.0,100.0,66.05,32,95,0.01
9799,109,2025-08-16T00:00:00Z,78.97,0.0,22.12,100,13,96.78
9800,109,2025-08-17T00:00:00Z,77.61,0.0,21.32,96,22,94.16
9801,109,2025-08-18T00:00:00Z,77.99,0.0,24.58,100,16,96.45
9802,109,2025-08-19T00:00:00Z,77.99,5.62,25.49,89,20,90.16
9803,109,2025-08-20T00:00:00Z,79.1,0.0,26.46,91,4,96.46
9804,109,2025-08-21T00:00:00Z,90.05,52.38,24.24,49,66,0.7
9805,109,2025-08-22T00:00:00Z,78.75,0.0,26.25,100,33,91.78
9806,109,2025-08-23T00:00:00Z,77.55,7.7,21.18,100,3,97.5
9807,109,2025-08-24T00:00:00Z,77.6,0.0,21.6,100,45,86.64
9808,109,2025-08-25T00:00:00Z,79.03,0.0,26.04,68,31,64.07
9809,109,2025-08-26T00:00:00Z,79.22,0.0,25.83,93,62,62.69
9810,109,2025-08-27T00:00:00Z,78.26,0.0,25.62,100,4,97.99
9811,110,2025-05-30T00:00:00Z,97.92,95.88,52.98,39,100,0.01
9812,110,2025-05-31T00:00:00Z,98.36,95.85,58.87,36,98,0.01
9813,110,2025-06-01T00:00:00Z,98.83,77.56,73.41,36,100,0.01
9814,110,2025-06-02T00:00:00Z,81.76,97.8,68.75,39,98,0.02
9815,110,2025-06-03T00:00:00Z,73.32,81.88,54.01,39,100,0.05
9816,110,2025-06-04T00:00:00Z,100.0,98.95,53.86,39,98,0.01
9817,110,2025-06-05T00:00:00Z,100.0,76.83,74.35,39,98,0.02
9818,110,2025-06-06T00:00:00Z,100.0,82.78,61.34,36,100,0.01
9819,110,2025-06-07T00:00:00Z,99.67,100.0,52.89,36,100,0.01
9820,110,2025-06-08T00:00:00Z,82.36,67.75,64.51,39,98,0.06
9821,110,2025-06-09T00:00:00Z,94.94,78.24,65.65,36,100,0.02
9822,110,2025-06-10T00:00:00Z,93.73,62.63,58.04,36,100,0.03
9823,110,2025-06-11T00:00:00Z,100.0,79.44,62.76,36,98,0.01
9824,110,2025-06-12T00:00:00Z,83.33,78.14,56.97,36,100,0.03
9825,110,2025-06-13T00:00:00Z,96.54,94.71,59.97,39,98,0.01
9826,110,2025-06-14T00:00:00Z,87.89,98.08,54.98,36,100,0.01
9827,110,2025-06-15T00:00:00Z,98.8,96.06,64.43,39,98,0.01
9828,110,2025-06-16T00:00:00Z,97.96,93.09,52.98,39,100,0.01
9829,110,2025-06-17T00:00:00Z,92.16,100.0,66.73,45,94,0.02
9830,110,2025-06-18T00:00:00Z,83.23,100.0,52.72,39,100,0.01
9831,110,2025-06-19T00:00:00Z,100.0,83.32,59.56,36,100,0.01
9832,110,2025-06-20T00:00:00Z,88.6,70.07,69.57,36,100,0.03
9833,110,2025-06-21T00:00:00Z,93.53,88.69,57.44,36,100,0.01
9834,110,2025-06-22T00:00:00Z,87.17,83.47,62.74,42,98,0.03
9835,110,2025-06-23T00:00:00Z,100.0,70.42,57.96,36,98,0.02
9836,110,2025-06-24T00:00:00Z,82.26,70.59,60.56,39,95,0.06
9837,110,2025-06-25T00:00:00Z,91.97,100.0,71.59,36,100,0.01
9838,110,2025-06-26T00:00:00Z,89.62,74.39,58.49,38,96,0.03
9839,110,2025-06-27T00:00:00Z,80.33,77.46,61.12,42,96,0.06
9840,110,2025-06-28T00:00:00Z,89.55,100.0,76.68,45,96,0.02
9841,110,2025-06-29T00:00:00Z,95.56,89.46,57.59,36,100,0.01
9842,110,2025-06-30T00:00:00Z,94.75,89.08,60.0,36,100,0.01
9843,110,2025-07-01T00:00:00Z,95.58,81.94,63.31,39,100,0.02
9844,110,2025-07-02T00:00:00Z,94.52,79.29,53.83,39,95,0.02
9845,110,2025-07-03T00:00:00Z,100.0,77.82,60.09,36,100,0.01
9846,110,2025-07-04T00:00:00Z,97.63,95.3,67.81,42,100,0.01
9847,110,2025-07-05T00:00:00Z,86.54,87.8,58.12,36,100,0.02
9848,110,2025-07-06T00:00:00Z,70.35,89.9,70.78,42,100,0.05
9849,110,2025-07-07T00:00:00Z,93.37,55.0,68.6,36,96,0.05
9850,110,2025-07-08T00:00:00Z,84.92,71.22,71.36,36,100,0.04
9851,110,2025-07-09T00:00:00Z,89.74,88.99,58.76,36,100,0.01
9852,110,2025-07-10T00:00:00Z,100.0,88.47,55.09,48,98,0.02
9853,110,2025-07-11T00:00:00Z,84.62,100.0,74.79,36,100,0.01
9854,110,2025-07-12T00:00:00Z,100.0,81.02,65.83,39,96,0.02
9855,110,2025-07-13T00:00:00Z,97.33,94.02,68.52,39,98,0.01
9856,110,2025-07-14T00:00:00Z,95.94,58.28,73.25,45,100,0.06
9857,110,2025-07-15T00:00:00Z,88.2,82.01,52.72,41,100,0.03
9858,110,2025-07-16T00:00:00Z,100.0,92.74,69.3,39,98,0.01
9859,110,2025-07-17T00:00:00Z,92.72,73.85,69.79,36,100,0.02
9860,110,2025-07-18T00:00:00Z,100.0,100.0,70.92,36,100,0.01
9861,110,2025-07-19T00:00:00Z,87.16,76.93,62.46,39,100,0.03
9862,110,2025-07-20T00:00:00Z,84.69,73.73,59.21,36,98,0.04
9863,110,2025-07-21T00:00:00Z,89.57,95.55,70.37,39,100,0.01
9864,110,2025-07-22T00:00:00Z,86.36,95.69,66.36,36,98,0.01
9865,110,2025-07-23T00:00:00Z,51.71,91.0,67.37,36,98,0.09
9866,110,2025-07-24T00:00:00Z,74.07,80.1,63.68,36,100,0.04
9867,110,2025-07-25T00:00:00Z,100.0,79.65,56.09,36,96,0.01
9868,110,2025-07-26T00:00:00Z,81.82,93.03,53.07,36,100,0.02
9869,110,2025-07-27T00:00:00Z,76.16,79.1,71.67,36,96,0.05
9870,110,2025-07-28T00:00:00Z,88.9,84.4,54.6,36,98,0.02
9871,110,2025-07-29T00:00:00Z,99.38,74.11,12.31,70,89,0.21
9872,110,2025-07-30T00:00:00Z,82.08,0.0,29.16,100,0,98.01
9873,110,2025-07-31T00:00:00Z,88.61,84.71,67.51,36,100,0.02
9874,110,2025-08-01T00:00:00Z,84.17,0.0,28.07,100,7,96.9
9875,110,2025-08-02T00:00:00Z,77.87,0.0,21.87,100,7,97.72
9876,110,2025-08-03T00:00:00Z,78.19,0.0,21.81,100,0,98.35
9877,110,2025-08-04T00:00:00Z,79.16,0.0,24.79,100,0,98.27
9878,110,2025-08-05T00:00:00Z,81.57,0.0,26.46,100,0,98.06
9879,110,2025-08-06T00:00:00Z,79.82,0.0,25.9,100,8,97.36
9880,110,2025-08-07T00:00:00Z,78.45,0.0,26.11,100,0,98.33
9881,110,2025-08-08T00:00:00Z,95.34,29.06,12.44,54,92,0.5
9882,110,2025-08-09T00:00:00Z,86.28,0.0,25.73,100,47,79.18
9883,110,2025-08-10T00:00:00Z,75.62,0.0,21.6,100,0,98.55
9884,110,2025-08-11T00:00:00Z,79.41,0.0,25.97,100,0,98.25
9885,110,2025-08-12T00:00:00Z,79.45,0.0,25.35,100,0,98.25
9886,110,2025-08-13T00:00:00Z,79.52,0.0,25.69,100,0,98.24
9887,110,2025-08-14T00:00:00Z,79.44,0.0,26.18,100,0,98.25
9888,110,2025-08-15T00:00:00Z,78.79,0.0,25.76,100,0,98.31
9889,110,2025-08-16T00:00:00Z,77.06,0.0,21.81,100,4,98.11
9890,110,2025-08-17T00:00:00Z,89.39,0.0,15.9,100,40,82.21
9891,110,2025-08-18T00:00:00Z,94.93,51.09,12.08,51,84,0.27
9892,110,2025-08-19T00:00:00Z,78.13,0.0,24.86,100,0,98.36
9893,110,2025-08-20T00:00:00Z,78.76,0.0,25.28,100,11,97.1
9894,110,2025-08-21T00:00:00Z,80.97,0.0,27.92,100,0,98.11
9895,110,2025-08-22T00:00:00Z,100.0,80.74,69.65,42,100,0.02
9896,110,2025-08-23T00:00:00Z,77.77,0.0,22.81,100,0,98.39
9897,110,2025-08-24T00:00:00Z,77.67,0.0,21.32,100,0,98.4
9898,110,2025-08-25T00:00:00Z,79.36,0.0,25.49,100,0,98.26
9899,110,2025-08-26T00:00:00Z,77.44,0.0,25.56,100,0,98.41
9900,110,2025-08-27T00:00:00Z,77.36,0.0,24.79,100,0,98.42
9901,111,2025-05-30T00:00:00Z,80.29,76.9,55.49,36,100,0.04
9902,111,2025-05-31T00:00:00Z,100.0,93.02,58.7,36,100,0.01
9903,111,2025-06-01T00:00:00Z,83.68,100.0,66.45,39,100,0.01
9904,111,2025-06-02T00:00:00Z,100.0,91.08,65.5,39,96,0.01
9905,111,2025-06-03T00:00:00Z,88.88,71.11,56.96,39,100,0.04
9906,111,2025-06-04T00:00:00Z,88.38,84.41,61.12,39,100,0.02
9907,111,2025-06-05T00:00:00Z,100.0,66.32,53.36,42,100,0.03
9908,111,2025-06-06T00:00:00Z,88.98,70.53,68.55,42,95,0.06
9909,111,2025-06-07T00:00:00Z,71.53,47.0,74.98,39,96,0.27
9910,111,2025-06-08T00:00:00Z,79.65,100.0,64.04,36,100,0.01
9911,111,2025-06-09T00:00:00Z,100.0,100.0,58.4,36,100,0.01
9912,111,2025-06-10T00:00:00Z,84.24,86.64,58.45,39,100,0.02
9913,111,2025-06-11T00:00:00Z,100.0,73.27,58.33,36,100,0.02
9914,111,2025-06-12T00:00:00Z,94.41,100.0,53.22,36,100,0.01
9915,111,2025-06-13T00:00:00Z,93.83,90.66,70.24,39,100,0.01
9916,111,2025-06-14T00:00:00Z,90.78,100.0,63.53,42,98,0.01
9917,111,2025-06-15T00:00:00Z,100.0,82.3,58.79,39,100,0.01
9918,111,2025-06-16T00:00:00Z,100.0,95.88,67.1,42,98,0.01
9919,111,2025-06-17T00:00:00Z,79.92,84.19,65.34,36,100,0.03
9920,111,2025-06-18T00:00:00Z,100.0,93.84,56.6,36,100,0.01
9921,111,2025-06-19T00:00:00Z,100.0,66.55,66.97,39,98,0.03
9922,111,2025-06-20T00:00:00Z,100.0,78.92,67.66,39,100,0.01
9923,111,2025-06-21T00:00:00Z,91.29,85.77,57.13,36,100,0.01
9924,111,2025-06-22T00:00:00Z,94.43,89.36,64.68,39,100,0.01
9925,111,2025-06-23T00:00:00Z,95.24,76.58,60.55,36,100,0.02
9926,111,2025-06-24T00:00:00Z,100.0,100.0,67.87,42,100,0.01
9927,111,2025-06-25T00:00:00Z,97.69,73.23,67.05,39,100,0.02
9928,111,2025-06-26T00:00:00Z,73.24,79.29,59.49,39,94,0.08
9929,111,2025-06-27T00:00:00Z,100.0,100.0,56.37,42,98,0.01
9930,111,2025-06-28T00:00:00Z,100.0,100.0,73.26,42,98,0.01
9931,111,2025-06-29T00:00:00Z,100.0,89.54,68.03,45,100,0.01
9932,111,2025-06-30T00:00:00Z,100.0,87.5,56.85,39,94,0.01
9933,111,2025-07-01T00:00:00Z,100.0,91.14,68.08,39,100,0.01
9934,111,2025-07-02T00:00:00Z,93.47,96.55,66.04,36,91,0.01
9935,111,2025-07-03T00:00:00Z,95.48,82.82,71.19,45,100,0.02
9936,111,2025-07-04T00:00:00Z,100.0,63.95,73.74,36,100,0.02
9937,111,2025-07-05T00:00:00Z,95.99,73.48,64.06,36,100,0.02
9938,111,2025-07-06T00:00:00Z,100.0,79.71,54.12,42,98,0.02
9939,111,2025-07-07T00:00:00Z,100.0,75.84,73.5,39,100,0.02
9940,111,2025-07-08T00:00:00Z,88.18,100.0,60.25,39,91,0.02
9941,111,2025-07-09T00:00:00Z,97.72,89.02,61.21,39,100,0.01
9942,111,2025-07-10T00:00:00Z,78.51,77.06,60.26,44,100,0.06
9943,111,2025-07-11T00:00:00Z,87.99,100.0,52.67,36,100,0.01
9944,111,2025-07-12T00:00:00Z,95.35,73.94,71.72,39,96,0.03
9945,111,2025-07-13T00:00:00Z,91.6,73.27,56.52,36,100,0.02
9946,111,2025-07-14T00:00:00Z,90.19,100.0,56.09,36,98,0.01
9947,111,2025-07-15T00:00:00Z,87.56,61.21,53.62,36,93,0.07
9948,111,2025-07-16T00:00:00Z,100.0,89.39,59.31,36,100,0.01
9949,111,2025-07-17T00:00:00Z,100.0,100.0,63.3,39,100,0.01
9950,111,2025-07-18T00:00:00Z,89.78,84.93,53.0,42,100,0.02
9951,111,2025-07-19T00:00:00Z,100.0,88.76,72.68,39,100,0.01
9952,111,2025-07-20T00:00:00Z,100.0,98.12,67.79,36,100,0.01
9953,111,2025-07-21T00:00:00Z,100.0,81.57,61.21,36,100,0.01
9954,111,2025-07-22T00:00:00Z,91.89,100.0,71.02,39,95,0.01
9955,111,2025-07-23T00:00:00Z,88.02,68.37,72.08,38,100,0.04
9956,111,2025-07-24T00:00:00Z,100.0,95.23,61.83,42,96,0.01
9957,111,2025-07-25T00:00:00Z,96.72,58.2,58.75,36,98,0.04
9958,111,2025-07-26T00:00:00Z,100.0,72.2,58.36,36,100,0.02
9959,111,2025-07-27T00:00:00Z,100.0,100.0,54.99,36,100,0.01
9960,111,2025-07-28T00:00:00Z,100.0,90.09,63.93,36,100,0.01
9961,111,2025-07-29T00:00:00Z,84.47,0.0,31.24,100,8,96.7
9962,111,2025-07-30T00:00:00Z,78.29,0.0,25.83,100,22,95.19
9963,111,2025-07-31T00:00:00Z,79.21,0.0,26.11,100,0,98.27
9964,111,2025-08-01T00:00:00Z,82.26,0.0,28.25,100,15,95.84
9965,111,2025-08-02T00:00:00Z,93.15,24.38,18.12,89,72,13.09
9966,111,2025-08-03T00:00:00Z,78.23,0.0,21.39,100,0,98.35
9967,111,2025-08-04T00:00:00Z,78.51,0.0,24.79,100,0,98.33
9968,111,2025-08-05T00:00:00Z,77.56,0.0,26.11,100,15,96.68
9969,111,2025-08-06T00:00:00Z,80.51,0.0,25.14,100,2,97.97
9970,111,2025-08-07T00:00:00Z,80.2,0.0,25.83,100,0,98.18
9971,111,2025-08-08T00:00:00Z,78.82,0.0,26.04,100,13,96.8
9972,111,2025-08-09T00:00:00Z,82.97,0.77,23.85,100,54,75.41
9973,111,2025-08-10T00:00:00Z,68.24,84.32,76.13,36,100,0.05
9974,111,2025-08-11T00:00:00Z,100.0,100.0,60.97,41,100,0.01
9975,111,2025-08-12T00:00:00Z,77.61,0.0,26.01,100,0,98.4
9976,111,2025-08-13T00:00:00Z,78.18,0.0,25.42,100,0,98.36
9977,111,2025-08-14T00:00:00Z,80.16,0.0,25.83,100,0,98.19
9978,111,2025-08-15T00:00:00Z,79.89,0.0,25.07,100,0,98.21
9979,111,2025-08-16T00:00:00Z,76.37,0.0,21.32,100,0,98.5
9980,111,2025-08-17T00:00:00Z,77.4,0.0,21.67,100,0,98.42
9981,111,2025-08-18T00:00:00Z,81.16,0.0,25.42,100,0,98.1
9982,111,2025-08-19T00:00:00Z,92.36,8.16,11.75,64,74,5.71
9983,111,2025-08-20T00:00:00Z,77.73,0.0,25.69,100,0,98.39
9984,111,2025-08-21T00:00:00Z,79.3,0.0,25.28,100,0,98.26
9985,111,2025-08-22T00:00:00Z,80.06,0.0,25.76,100,0,98.2
9986,111,2025-08-23T00:00:00Z,82.16,0.0,23.83,100,0,98.0
9987,111,2025-08-24T00:00:00Z,100.0,88.06,52.97,36,100,0.01
9988,111,2025-08-25T00:00:00Z,78.55,0.0,26.01,100,0,98.33
9989,111,2025-08-26T00:00:00Z,80.74,0.0,25.62,100,0,98.14
9990,111,2025-08-27T00:00:00Z,77.72,0.0,25.49,100,0,98.39
9991,112,2025-05-30T00:00:00Z,100.0,100.0,61.91,30,100,0.0
9992,112,2025-05-31T00:00:00Z,94.27,75.18,66.69,30,100,0.01
9993,112,2025-06-01T00:00:00Z,96.25,100.0,60.44,30,100,0.0
9994,112,2025-06-02T00:00:00Z,91.25,100.0,75.46,33,100,0.01
9995,112,2025-06-03T00:00:00Z,97.44,92.76,58.69,30,100,0.01
9996,112,2025-06-04T00:00:00Z,100.0,100.0,67.1,30,100,0.0
9997,112,2025-06-05T00:00:00Z,99.89,100.0,71.46,30,94,0.01
9998,112,2025-06-06T00:00:00Z,96.55,85.2,63.9,30,98,0.01
9999,112,2025-06-07T00:00:00Z,98.06,62.83,62.97,30,100,0.02
10000,112,2025-06-08T00:00:00Z,100.0,100.0,64.5,30,100,0.0
10001,112,2025-06-09T00:00:00Z,87.72,99.27,54.16,30,100,0.01
10002,112,2025-06-10T00:00:00Z,100.0,69.57,64.63,30,100,0.01
10003,112,2025-06-11T00:00:00Z,94.2,100.0,71.06,30,100,0.0
10004,112,2025-06-12T00:00:00Z,75.11,100.0,66.46,30,96,0.02
10005,112,2025-06-13T00:00:00Z,96.3,91.57,66.0,36,100,0.01
10006,112,2025-06-14T00:00:00Z,100.0,93.76,63.43,30,100,0.0
10007,112,2025-06-15T00:00:00Z,92.31,100.0,65.1,30,100,0.01
10008,112,2025-06-16T00:00:00Z,78.04,100.0,76.29,30,100,0.01
10009,112,2025-06-17T00:00:00Z,86.48,99.92,60.31,30,100,0.01
10010,112,2025-06-18T00:00:00Z,97.92,100.0,55.64,30,98,0.0
10011,112,2025-06-19T00:00:00Z,89.28,78.12,56.55,30,100,0.02
10012,112,2025-06-20T00:00:00Z,92.49,95.63,67.58,30,95,0.01
10013,112,2025-06-21T00:00:00Z,94.12,96.45,56.88,30,100,0.01
10014,112,2025-06-22T00:00:00Z,100.0,100.0,61.07,32,100,0.0
10015,112,2025-06-23T00:00:00Z,100.0,100.0,57.08,30,100,0.0
10016,112,2025-06-24T00:00:00Z,75.68,100.0,60.17,30,100,0.01
10017,112,2025-06-25T00:00:00Z,100.0,100.0,54.36,33,100,0.0
10018,112,2025-06-26T00:00:00Z,93.92,100.0,73.15,30,100,0.01
10019,112,2025-06-27T00:00:00Z,85.94,88.26,55.18,30,100,0.01
10020,112,2025-06-28T00:00:00Z,93.09,97.35,53.04,30,100,0.01
10021,112,2025-06-29T00:00:00Z,100.0,71.39,59.79,33,100,0.01
10022,112,2025-06-30T00:00:00Z,81.68,88.19,61.54,30,100,0.01
10023,112,2025-07-01T00:00:00Z,100.0,97.68,73.1,33,100,0.0
10024,112,2025-07-02T00:00:00Z,100.0,100.0,73.52,33,98,0.0
10025,112,2025-07-03T00:00:00Z,79.21,87.38,54.11,30,100,0.02
10026,112,2025-07-04T00:00:00Z,89.49,86.7,65.65,30,100,0.01
10027,112,2025-07-05T00:00:00Z,100.0,100.0,65.48,30,98,0.0
10028,112,2025-07-06T00:00:00Z,96.01,100.0,58.26,36,95,0.01
10029,112,2025-07-07T00:00:00Z,98.61,97.08,66.49,30,100,0.0
10030,112,2025-07-08T00:00:00Z,100.0,100.0,69.65,32,100,0.0
10031,112,2025-07-09T00:00:00Z,87.82,97.36,60.09,30,98,0.01
10032,112,2025-07-10T00:00:00Z,100.0,100.0,67.13,30,100,0.0
10033,112,2025-07-11T00:00:00Z,94.29,100.0,67.48,30,100,0.0
10034,112,2025-07-12T00:00:00Z,90.22,99.68,58.69,30,98,0.01
10035,112,2025-07-13T00:00:00Z,97.67,87.61,52.75,30,98,0.01
10036,112,2025-07-14T00:00:00Z,91.4,92.12,56.22,30,100,0.01
10037,112,2025-07-15T00:00:00Z,95.62,85.78,74.19,33,96,0.01
10038,112,2025-07-16T00:00:00Z,100.0,95.73,72.82,30,100,0.0
10039,112,2025-07-17T00:00:00Z,93.7,96.22,64.91,32,96,0.01
10040,112,2025-07-18T00:00:00Z,86.93,89.93,70.04,30,98,0.01
10041,112,2025-07-19T00:00:00Z,92.51,92.95,76.8,30,95,0.01
10042,112,2025-07-20T00:00:00Z,99.6,100.0,66.72,32,98,0.0
10043,112,2025-07-21T00:00:00Z,92.48,82.96,52.87,33,100,0.01
10044,112,2025-07-22T00:00:00Z,82.55,97.19,52.95,30,98,0.01
10045,112,2025-07-23T00:00:00Z,100.0,92.93,75.78,30,100,0.0
10046,112,2025-07-24T00:00:00Z,100.0,86.83,65.75,30,100,0.01
10047,112,2025-07-25T00:00:00Z,97.88,100.0,53.01,33,100,0.0
10048,112,2025-07-26T00:00:00Z,78.67,83.93,63.36,30,100,0.02
10049,112,2025-07-27T00:00:00Z,71.77,92.51,56.98,30,98,0.02
10050,112,2025-07-28T00:00:00Z,100.0,100.0,65.29,30,100,0.0
10051,112,2025-07-29T00:00:00Z,85.95,70.71,30.1,48,67,0.37
10052,112,2025-07-30T00:00:00Z,77.17,6.96,25.07,83,40,69.91
10053,112,2025-07-31T00:00:00Z,92.34,39.57,22.48,51,83,0.5
10054,112,2025-08-01T00:00:00Z,86.48,100.0,61.54,30,100,0.01
10055,112,2025-08-02T00:00:00Z,84.36,40.43,26.77,52,52,3.51
10056,112,2025-08-03T00:00:00Z,75.82,13.29,21.87,78,24,76.09
10057,112,2025-08-04T00:00:00Z,77.9,0.0,25.35,56,0,81.23
10058,112,2025-08-05T00:00:00Z,77.81,0.0,25.14,70,19,79.57
10059,112,2025-08-06T00:00:00Z,78.91,0.0,25.21,64,33,56.09
10060,112,2025-08-07T00:00:00Z,78.25,36.17,25.14,88,7,82.79
10061,112,2025-08-08T00:00:00Z,94.38,100.0,11.72,54,81,0.05
10062,112,2025-08-09T00:00:00Z,85.13,75.56,24.31,40,77,0.12
10063,112,2025-08-10T00:00:00Z,77.91,17.8,22.08,52,38,19.98
10064,112,2025-08-11T00:00:00Z,89.8,57.9,22.81,41,79,0.18
10065,112,2025-08-12T00:00:00Z,96.06,65.44,16.05,33,92,0.03
10066,112,2025-08-13T00:00:00Z,79.76,0.0,25.28,51,27,43.09
10067,112,2025-08-14T00:00:00Z,76.81,31.67,25.35,100,28,81.65
10068,112,2025-08-15T00:00:00Z,79.42,0.0,25.35,59,0,82.77
10069,112,2025-08-16T00:00:00Z,79.34,0.0,22.36,82,11,91.7
10070,112,2025-08-17T00:00:00Z,79.52,0.0,22.01,67,25,68.86
10071,112,2025-08-18T00:00:00Z,80.35,54.96,26.04,74,27,24.49
10072,112,2025-08-19T00:00:00Z,79.15,9.04,25.97,52,27,36.6
10073,112,2025-08-20T00:00:00Z,84.53,64.41,30.05,67,11,20.87
10074,112,2025-08-21T00:00:00Z,86.94,49.16,29.15,42,75,0.39
10075,112,2025-08-22T00:00:00Z,89.23,48.28,23.26,44,73,0.45
10076,112,2025-08-23T00:00:00Z,83.71,29.2,24.03,59,79,2.27
10077,112,2025-08-24T00:00:00Z,76.57,37.98,21.04,79,51,23.91
10078,112,2025-08-25T00:00:00Z,78.35,39.03,25.42,82,35,42.34
10079,112,2025-08-26T00:00:00Z,77.69,4.77,25.14,61,35,45.88
10080,112,2025-08-27T00:00:00Z,78.01,39.1,25.76,58,43,10.58
10081,113,2025-05-30T00:00:00Z,96.42,96.38,55.25,34,100,0.01
10082,113,2025-05-31T00:00:00Z,100.0,100.0,55.21,34,100,0.0
10083,113,2025-06-01T00:00:00Z,93.27,100.0,63.88,37,100,0.01
10084,113,2025-06-02T00:00:00Z,97.29,99.81,65.21,37,96,0.01
10085,113,2025-06-03T00:00:00Z,100.0,89.69,65.45,34,100,0.01
10086,113,2025-06-04T00:00:00Z,100.0,80.82,55.15,37,96,0.01
10087,113,2025-06-05T00:00:00Z,100.0,85.26,62.89,37,98,0.01
10088,113,2025-06-06T00:00:00Z,100.0,60.85,74.6,34,96,0.03
10089,113,2025-06-07T00:00:00Z,100.0,100.0,75.26,34,98,0.01
10090,113,2025-06-08T00:00:00Z,79.24,93.24,72.01,37,100,0.02
10091,113,2025-06-09T00:00:00Z,96.19,90.58,66.85,34,96,0.01
10092,113,2025-06-10T00:00:00Z,87.65,80.45,52.87,34,98,0.02
10093,113,2025-06-11T00:00:00Z,86.43,100.0,58.58,34,100,0.01
10094,113,2025-06-12T00:00:00Z,88.5,88.92,63.83,34,96,0.02
10095,113,2025-06-13T00:00:00Z,100.0,88.56,67.26,42,98,0.01
10096,113,2025-06-14T00:00:00Z,87.69,51.33,56.15,37,100,0.07
10097,113,2025-06-15T00:00:00Z,76.07,77.64,68.05,46,98,0.09
10098,113,2025-06-16T00:00:00Z,100.0,100.0,60.37,37,100,0.01
10099,113,2025-06-17T00:00:00Z,84.24,90.13,60.41,40,94,0.03
10100,113,2025-06-18T00:00:00Z,100.0,86.73,71.76,39,100,0.01
10101,113,2025-06-19T00:00:00Z,95.84,97.4,56.1,37,100,0.01
10102,113,2025-06-20T00:00:00Z,82.67,90.78,56.03,37,98,0.02
10103,113,2025-06-21T00:00:00Z,96.98,83.13,54.66,34,95,0.01
10104,113,2025-06-22T00:00:00Z,88.72,100.0,64.93,34,95,0.01
10105,113,2025-06-23T00:00:00Z,98.4,82.82,57.69,37,100,0.01
10106,113,2025-06-24T00:00:00Z,95.97,94.49,57.84,37,100,0.01
10107,113,2025-06-25T00:00:00Z,100.0,100.0,75.07,34,96,0.01
10108,113,2025-06-26T00:00:00Z,100.0,100.0,75.68,34,98,0.01
10109,113,2025-06-27T00:00:00Z,84.52,89.17,69.61,37,100,0.02
10110,113,2025-06-28T00:00:00Z,93.08,89.06,63.85,37,100,0.01
10111,113,2025-06-29T00:00:00Z,87.31,78.45,56.28,40,96,0.04
10112,113,2025-06-30T00:00:00Z,77.72,100.0,54.27,34,100,0.01
10113,113,2025-07-01T00:00:00Z,100.0,64.04,64.92,37,100,0.02
10114,113,2025-07-02T00:00:00Z,100.0,99.85,52.91,34,100,0.0
10115,113,2025-07-03T00:00:00Z,93.07,90.48,63.02,36,100,0.01
10116,113,2025-07-04T00:00:00Z,97.02,79.01,53.2,37,95,0.02
10117,113,2025-07-05T00:00:00Z,79.02,84.49,71.1,34,100,0.03
10118,113,2025-07-06T00:00:00Z,81.81,97.32,53.2,34,96,0.02
10119,113,2025-07-07T00:00:00Z,92.45,69.8,53.64,40,100,0.03
10120,113,2025-07-08T00:00:00Z,100.0,86.93,68.87,34,100,0.01
10121,113,2025-07-09T00:00:00Z,96.24,98.18,60.49,34,100,0.01
10122,113,2025-07-10T00:00:00Z,93.68,81.53,74.22,37,95,0.02
10123,113,2025-07-11T00:00:00Z,88.83,97.95,68.75,34,94,0.01
10124,113,2025-07-12T00:00:00Z,100.0,99.72,68.14,34,100,0.0
10125,113,2025-07-13T00:00:00Z,100.0,87.21,70.08,37,98,0.01
10126,113,2025-07-14T00:00:00Z,85.23,63.26,54.67,34,100,0.04
10127,113,2025-07-15T00:00:00Z,100.0,81.65,66.55,34,96,0.01
10128,113,2025-07-16T00:00:00Z,89.72,100.0,64.89,46,100,0.02
10129,113,2025-07-17T00:00:00Z,99.42,100.0,53.28,34,100,0.0
10130,113,2025-07-18T00:00:00Z,84.14,83.79,57.14,46,100,0.04
10131,113,2025-07-19T00:00:00Z,100.0,74.59,55.56,34,96,0.02
10132,113,2025-07-20T00:00:00Z,89.46,68.42,53.97,37,100,0.03
10133,113,2025-07-21T00:00:00Z,100.0,92.32,71.62,34,93,0.01
10134,113,2025-07-22T00:00:00Z,83.67,69.31,65.13,34,96,0.04
10135,113,2025-07-23T00:00:00Z,100.0,93.64,63.97,37,98,0.01
10136,113,2025-07-24T00:00:00Z,100.0,85.24,72.59,37,100,0.01
10137,113,2025-07-25T00:00:00Z,83.77,88.71,55.83,34,100,0.02
10138,113,2025-07-26T00:00:00Z,93.41,74.59,66.18,40,100,0.03
10139,113,2025-07-27T00:00:00Z,89.45,100.0,58.7,34,100,0.01
10140,113,2025-07-28T00:00:00Z,98.7,88.46,71.97,34,100,0.01
10141,113,2025-07-29T00:00:00Z,85.89,0.0,30.67,100,35,87.6
10142,113,2025-07-30T00:00:00Z,78.22,0.0,25.21,100,2,98.18
10143,113,2025-07-31T00:00:00Z,81.92,0.0,25.69,100,0,98.02
10144,113,2025-08-01T00:00:00Z,79.22,0.0,24.79,100,5,97.79
10145,113,2025-08-02T00:00:00Z,75.71,0.0,22.08,100,0,98.54
10146,113,2025-08-03T00:00:00Z,79.71,0.0,23.49,100,7,97.5
10147,113,2025-08-04T00:00:00Z,100.0,82.71,68.86,37,100,0.01
10148,113,2025-08-05T00:00:00Z,84.04,0.0,28.52,100,0,97.81
10149,113,2025-08-06T00:00:00Z,79.53,0.0,25.62,100,0,98.24
10150,113,2025-08-07T00:00:00Z,78.81,0.0,25.28,100,0,98.3
10151,113,2025-08-08T00:00:00Z,79.93,0.0,25.62,100,0,98.21
10152,113,2025-08-09T00:00:00Z,77.04,0.0,22.08,100,8,97.7
10153,113,2025-08-10T00:00:00Z,76.36,0.0,22.08,100,0,98.5
10154,113,2025-08-11T00:00:00Z,78.06,0.0,25.49,100,0,98.37
10155,113,2025-08-12T00:00:00Z,78.03,0.0,25.42,100,5,97.91
10156,113,2025-08-13T00:00:00Z,80.19,0.0,25.14,100,0,98.18
10157,113,2025-08-14T00:00:00Z,93.29,42.88,12.16,54,85,0.45
10158,113,2025-08-15T00:00:00Z,83.97,0.0,27.98,100,0,97.82
10159,113,2025-08-16T00:00:00Z,77.05,0.0,22.43,100,0,98.44
10160,113,2025-08-17T00:00:00Z,76.0,0.0,21.11,100,0,98.52
10161,113,2025-08-18T00:00:00Z,96.36,24.48,12.89,49,87,0.54
10162,113,2025-08-19T00:00:00Z,93.6,0.0,12.75,53,59,7.94
10163,113,2025-08-20T00:00:00Z,87.86,0.0,30.05,100,0,97.36
10164,113,2025-08-21T00:00:00Z,100.0,78.39,59.0,46,100,0.02
10165,113,2025-08-22T00:00:00Z,85.33,0.0,30.63,100,36,87.37
10166,113,2025-08-23T00:00:00Z,77.27,0.0,22.08,100,14,96.88
10167,113,2025-08-24T00:00:00Z,77.78,0.0,21.53,100,13,96.96
10168,113,2025-08-25T00:00:00Z,81.14,0.0,25.07,100,0,98.1
10169,113,2025-08-26T00:00:00Z,78.88,0.0,24.65,100,40,88.65
10170,113,2025-08-27T00:00:00Z,77.13,0.0,25.0,100,11,97.32
10171,114,2025-05-30T00:00:00Z,98.96,100.0,61.57,30,98,0.0
10172,114,2025-05-31T00:00:00Z,100.0,98.72,69.61,30,100,0.0
10173,114,2025-06-01T00:00:00Z,88.06,71.09,52.73,30,100,0.02
10174,114,2025-06-02T00:00:00Z,97.19,93.02,70.58,33,100,0.01
10175,114,2025-06-03T00:00:00Z,100.0,97.67,53.14,30,100,0.0
10176,114,2025-06-04T00:00:00Z,88.63,92.37,53.54,33,100,0.01
10177,114,2025-06-05T00:00:00Z,90.71,100.0,67.71,33,100,0.01
10178,114,2025-06-06T00:00:00Z,97.73,100.0,59.75,36,96,0.01
10179,114,2025-06-07T00:00:00Z,89.32,86.93,69.92,30,100,0.01
10180,114,2025-06-08T00:00:00Z,99.25,92.26,62.55,30,100,0.01
10181,114,2025-06-09T00:00:00Z,89.84,95.37,54.98,30,100,0.01
10182,114,2025-06-10T00:00:00Z,95.37,89.43,55.8,30,100,0.01
10183,114,2025-06-11T00:00:00Z,92.69,100.0,76.06,30,100,0.01
10184,114,2025-06-12T00:00:00Z,95.17,83.79,70.89,33,98,0.01
10185,114,2025-06-13T00:00:00Z,97.5,100.0,53.85,30,100,0.0
10186,114,2025-06-14T00:00:00Z,85.4,100.0,57.17,33,95,0.01
10187,114,2025-06-15T00:00:00Z,94.13,100.0,54.05,32,100,0.01
10188,114,2025-06-16T00:00:00Z,91.2,100.0,62.56,30,100,0.01
10189,114,2025-06-17T00:00:00Z,69.67,86.49,53.91,30,100,0.03
10190,114,2025-06-18T00:00:00Z,93.25,100.0,67.05,33,100,0.01
10191,114,2025-06-19T00:00:00Z,98.56,97.74,69.55,33,100,0.01
10192,114,2025-06-20T00:00:00Z,78.55,82.78,68.92,30,100,0.02
10193,114,2025-06-21T00:00:00Z,87.13,82.89,73.33,30,100,0.01
10194,114,2025-06-22T00:00:00Z,83.41,100.0,56.26,33,100,0.01
10195,114,2025-06-23T00:00:00Z,100.0,100.0,61.32,30,100,0.0
10196,114,2025-06-24T00:00:00Z,75.76,86.88,54.72,30,100,0.02
10197,114,2025-06-25T00:00:00Z,96.98,89.46,75.43,33,100,0.01
10198,114,2025-06-26T00:00:00Z,84.8,100.0,70.03,32,100,0.01
10199,114,2025-06-27T00:00:00Z,90.02,99.12,53.95,30,100,0.01
10200,114,2025-06-28T00:00:00Z,87.55,87.31,66.25,30,100,0.01
10201,114,2025-06-29T00:00:00Z,100.0,98.35,60.61,30,100,0.0
10202,114,2025-06-30T00:00:00Z,79.46,100.0,59.14,30,100,0.01
10203,114,2025-07-01T00:00:00Z,93.14,65.69,54.15,36,98,0.03
10204,114,2025-07-02T00:00:00Z,91.49,72.66,60.53,33,96,0.02
10205,114,2025-07-03T00:00:00Z,92.82,92.54,76.31,30,98,0.01
10206,114,2025-07-04T00:00:00Z,100.0,100.0,70.61,33,96,0.01
10207,114,2025-07-05T00:00:00Z,99.57,84.95,55.61,36,100,0.01
10208,114,2025-07-06T00:00:00Z,90.63,100.0,69.96,33,100,0.01
10209,114,2025-07-07T00:00:00Z,86.26,100.0,57.95,30,100,0.01
10210,114,2025-07-08T00:00:00Z,83.83,100.0,71.17,30,100,0.01
10211,114,2025-07-09T00:00:00Z,87.59,100.0,60.62,30,98,0.01
10212,114,2025-07-10T00:00:00Z,93.01,92.74,65.77,33,98,0.01
10213,114,2025-07-11T00:00:00Z,99.66,96.98,58.56,30,98,0.0
10214,114,2025-07-12T00:00:00Z,87.57,94.88,63.99,30,96,0.01
10215,114,2025-07-13T00:00:00Z,98.84,93.31,68.87,33,100,0.01
10216,114,2025-07-14T00:00:00Z,97.1,72.04,58.87,30,100,0.01
10217,114,2025-07-15T00:00:00Z,98.48,100.0,62.33,30,96,0.0
10218,114,2025-07-16T00:00:00Z,98.38,100.0,54.59,33,93,0.01
10219,114,2025-07-17T00:00:00Z,97.07,73.99,66.97,30,100,0.01
10220,114,2025-07-18T00:00:00Z,100.0,54.23,74.85,30,98,0.03
10221,114,2025-07-19T00:00:00Z,100.0,92.09,69.1,33,96,0.01
10222,114,2025-07-20T00:00:00Z,99.39,100.0,73.2,36,100,0.01
10223,114,2025-07-21T00:00:00Z,100.0,91.19,64.24,33,98,0.01
10224,114,2025-07-22T00:00:00Z,92.57,100.0,55.36,30,100,0.01
10225,114,2025-07-23T00:00:00Z,85.98,100.0,58.93,30,100,0.01
10226,114,2025-07-24T00:00:00Z,79.32,100.0,55.73,30,96,0.01
10227,114,2025-07-25T00:00:00Z,77.21,98.63,69.19,30,100,0.01
10228,114,2025-07-26T00:00:00Z,86.59,90.49,73.52,33,100,0.01
10229,114,2025-07-27T00:00:00Z,95.61,80.03,75.64,30,100,0.01
10230,114,2025-07-28T00:00:00Z,95.56,91.49,73.26,33,95,0.01
10231,114,2025-07-29T00:00:00Z,87.79,12.52,37.05,88,47,50.99
10232,114,2025-07-30T00:00:00Z,80.58,0.0,34.72,100,26,93.53
10233,114,2025-07-31T00:00:00Z,81.91,14.32,34.86,70,19,64.15
10234,114,2025-08-01T00:00:00Z,81.02,10.47,35.62,96,44,74.84
10235,114,2025-08-02T00:00:00Z,82.57,0.0,36.04,100,6,97.27
10236,114,2025-08-03T00:00:00Z,81.75,0.0,33.75,73,45,51.06
10237,114,2025-08-04T00:00:00Z,84.91,0.0,33.33,74,53,38.8
10238,114,2025-08-05T00:00:00Z,100.0,91.08,72.18,33,93,0.01
10239,114,2025-08-06T00:00:00Z,84.18,4.72,36.08,100,38,84.58
10240,114,2025-08-07T00:00:00Z,80.72,0.0,34.72,95,0,97.5
10241,114,2025-08-08T00:00:00Z,83.04,0.0,35.21,80,30,75.91
10242,114,2025-08-09T00:00:00Z,81.27,0.0,34.65,100,34,90.35
10243,114,2025-08-10T00:00:00Z,81.9,0.0,35.0,92,11,94.66
10244,114,2025-08-11T00:00:00Z,81.8,0.0,33.89,96,27,91.05
10245,114,2025-08-12T00:00:00Z,81.64,0.0,34.44,100,20,94.87
10246,114,2025-08-13T00:00:00Z,82.14,0.0,34.86,100,21,94.5
10247,114,2025-08-14T00:00:00Z,93.82,55.31,26.25,56,80,0.39
10248,114,2025-08-15T00:00:00Z,80.73,0.0,34.49,100,27,93.17
10249,114,2025-08-16T00:00:00Z,80.84,0.0,34.93,86,28,84.79
10250,114,2025-08-17T00:00:00Z,80.68,0.0,34.24,85,26,85.39
10251,114,2025-08-18T00:00:00Z,100.0,85.1,28.33,39,94,0.02
10252,114,2025-08-19T00:00:00Z,90.77,54.4,36.92,54,59,1.18
10253,114,2025-08-20T00:00:00Z,80.19,0.0,35.49,90,25,89.48
10254,114,2025-08-21T00:00:00Z,80.35,0.0,33.61,100,10,97.02
10255,114,2025-08-22T00:00:00Z,79.24,28.74,34.51,100,46,64.3
10256,114,2025-08-23T00:00:00Z,79.94,0.0,33.82,90,42,78.63
10257,114,2025-08-24T00:00:00Z,81.57,0.0,34.72,91,36,82.94
10258,114,2025-08-25T00:00:00Z,81.14,0.0,35.07,84,15,90.32
10259,114,2025-08-26T00:00:00Z,82.27,0.0,35.42,100,49,80.79
10260,114,2025-08-27T00:00:00Z,82.77,29.7,34.79,92,22,74.9
10261,115,2025-05-30T00:00:00Z,100.0,94.19,66.61,30,100,0.0
10262,115,2025-05-31T00:00:00Z,100.0,72.17,61.31,30,100,0.01
10263,115,2025-06-01T00:00:00Z,92.51,95.42,56.6,33,93,0.01
10264,115,2025-06-02T00:00:00Z,86.07,91.83,60.45,30,96,0.01
10265,115,2025-06-03T00:00:00Z,91.03,100.0,57.85,35,100,0.01
10266,115,2025-06-04T00:00:00Z,100.0,100.0,60.87,30,100,0.0
10267,115,2025-06-05T00:00:00Z,83.75,75.12,72.19,33,96,0.03
10268,115,2025-06-06T00:00:00Z,85.69,91.25,71.29,30,100,0.01
10269,115,2025-06-07T00:00:00Z,93.47,100.0,64.99,30,98,0.01
10270,115,2025-06-08T00:00:00Z,100.0,100.0,63.94,30,100,0.0
10271,115,2025-06-09T00:00:00Z,86.42,100.0,68.07,30,95,0.01
10272,115,2025-06-10T00:00:00Z,93.03,91.54,66.58,36,98,0.01
10273,115,2025-06-11T00:00:00Z,88.13,100.0,54.28,30,100,0.01
10274,115,2025-06-12T00:00:00Z,88.24,67.8,57.65,30,100,0.02
10275,115,2025-06-13T00:00:00Z,86.76,100.0,73.87,30,100,0.01
10276,115,2025-06-14T00:00:00Z,95.01,100.0,61.7,33,100,0.01
10277,115,2025-06-15T00:00:00Z,94.17,84.07,58.38,33,96,0.01
10278,115,2025-06-16T00:00:00Z,84.97,100.0,59.48,32,100,0.01
10279,115,2025-06-17T00:00:00Z,100.0,90.32,69.57,36,100,0.01
10280,115,2025-06-18T00:00:00Z,80.97,90.16,61.96,33,100,0.02
10281,115,2025-06-19T00:00:00Z,100.0,100.0,67.63,36,95,0.01
10282,115,2025-06-20T00:00:00Z,86.92,84.06,61.08,33,100,0.02
10283,115,2025-06-21T00:00:00Z,99.32,100.0,56.13,30,95,0.0
10284,115,2025-06-22T00:00:00Z,98.71,72.04,69.87,35,98,0.02
10285,115,2025-06-23T00:00:00Z,92.81,96.13,66.06,30,100,0.01
10286,115,2025-06-24T00:00:00Z,96.66,90.66,72.04,33,98,0.01
10287,115,2025-06-25T00:00:00Z,89.96,100.0,64.02,30,100,0.01
10288,115,2025-06-26T00:00:00Z,76.43,98.38,53.95,30,96,0.02
10289,115,2025-06-27T00:00:00Z,76.56,100.0,62.11,33,100,0.01
10290,115,2025-06-28T00:00:00Z,80.67,82.56,64.49,33,95,0.03
10291,115,2025-06-29T00:00:00Z,93.35,79.61,63.11,30,98,0.01
10292,115,2025-06-30T00:00:00Z,95.48,77.79,66.94,33,100,0.01
10293,115,2025-07-01T00:00:00Z,97.93,85.45,56.24,30,100,0.01
10294,115,2025-07-02T00:00:00Z,84.82,100.0,70.93,30,98,0.01
10295,115,2025-07-03T00:00:00Z,98.09,100.0,75.11,38,100,0.01
10296,115,2025-07-04T00:00:00Z,83.75,100.0,53.68,30,100,0.01
10297,115,2025-07-05T00:00:00Z,95.32,79.95,56.36,30,100,0.01
10298,115,2025-07-06T00:00:00Z,100.0,100.0,57.57,30,100,0.0
10299,115,2025-07-07T00:00:00Z,100.0,81.31,76.2,33,98,0.01
10300,115,2025-07-08T00:00:00Z,100.0,100.0,53.9,30,98,0.0
10301,115,2025-07-09T00:00:00Z,100.0,78.0,69.92,30,98,0.01
10302,115,2025-07-10T00:00:00Z,91.11,70.69,58.37,30,100,0.02
10303,115,2025-07-11T00:00:00Z,82.44,90.99,61.02,30,100,0.01
10304,115,2025-07-12T00:00:00Z,91.31,90.7,56.26,30,100,0.01
10305,115,2025-07-13T00:00:00Z,98.85,100.0,64.34,30,100,0.0
10306,115,2025-07-14T00:00:00Z,83.65,92.12,53.64,30,100,0.01
10307,115,2025-07-15T00:00:00Z,100.0,92.81,66.39,38,100,0.01
10308,115,2025-07-16T00:00:00Z,92.06,100.0,59.89,30,98,0.01
10309,115,2025-07-17T00:00:00Z,90.09,73.72,67.67,30,100,0.02
10310,115,2025-07-18T00:00:00Z,87.66,97.72,66.6,30,100,0.01
10311,115,2025-07-19T00:00:00Z,90.68,96.98,59.01,30,93,0.01
10312,115,2025-07-20T00:00:00Z,98.53,83.44,59.26,30,98,0.01
10313,115,2025-07-21T00:00:00Z,100.0,91.46,59.49,32,100,0.01
10314,115,2025-07-22T00:00:00Z,96.08,85.09,64.48,30,100,0.01
10315,115,2025-07-23T00:00:00Z,100.0,99.82,65.59,30,100,0.0
10316,115,2025-07-24T00:00:00Z,100.0,62.09,56.97,33,100,0.02
10317,115,2025-07-25T00:00:00Z,100.0,98.45,67.18,30,100,0.0
10318,115,2025-07-26T00:00:00Z,87.43,94.15,73.9,30,100,0.01
10319,115,2025-07-27T00:00:00Z,91.36,100.0,57.35,30,100,0.01
10320,115,2025-07-28T00:00:00Z,95.84,88.37,53.03,30,100,0.01
10321,115,2025-07-29T00:00:00Z,86.32,0.0,30.76,95,7,95.41
10322,115,2025-07-30T00:00:00Z,77.87,0.0,25.76,100,0,98.38
10323,115,2025-07-31T00:00:00Z,78.66,0.0,25.69,100,14,96.67
10324,115,2025-08-01T00:00:00Z,84.79,8.79,29.61,100,38,81.89
10325,115,2025-08-02T00:00:00Z,87.83,38.82,24.62,70,53,8.36
10326,115,2025-08-03T00:00:00Z,78.16,0.0,21.87,100,13,96.9
10327,115,2025-08-04T00:00:00Z,75.85,0.0,25.69,100,8,97.83
10328,115,2025-08-05T00:00:00Z,76.98,0.0,24.72,100,30,93.41
10329,115,2025-08-06T00:00:00Z,78.36,2.46,24.1,91,26,89.51
10330,115,2025-08-07T00:00:00Z,78.9,18.16,25.83,89,8,90.63
10331,115,2025-08-08T00:00:00Z,78.68,0.0,25.14,100,10,97.25
10332,115,2025-08-09T00:00:00Z,88.38,29.74,18.79,86,71,11.94
10333,115,2025-08-10T00:00:00Z,89.79,47.44,24.74,72,77,1.95
10334,115,2025-08-11T00:00:00Z,78.16,0.0,25.28,100,41,88.51
10335,115,2025-08-12T00:00:00Z,80.22,0.0,25.9,100,33,91.2
10336,115,2025-08-13T00:00:00Z,77.85,0.0,25.69,100,28,93.75
10337,115,2025-08-14T00:00:00Z,79.11,0.0,25.69,100,15,96.42
10338,115,2025-08-15T00:00:00Z,78.85,0.0,25.28,96,46,82.02
10339,115,2025-08-16T00:00:00Z,77.4,0.0,22.29,100,23,95.17
10340,115,2025-08-17T00:00:00Z,76.94,0.0,20.62,100,39,90.05
10341,115,2025-08-18T00:00:00Z,78.86,0.0,26.46,100,21,95.29
10342,115,2025-08-19T00:00:00Z,79.08,0.0,26.25,100,0,98.28
10343,115,2025-08-20T00:00:00Z,79.43,6.57,25.69,76,11,85.52
10344,115,2025-08-21T00:00:00Z,80.81,0.0,26.18,97,29,91.13
10345,115,2025-08-22T00:00:00Z,78.69,0.0,25.97,100,25,94.35
10346,115,2025-08-23T00:00:00Z,87.96,37.94,18.48,67,70,3.24
10347,115,2025-08-24T00:00:00Z,88.86,95.37,57.59,30,100,0.01
10348,115,2025-08-25T00:00:00Z,90.15,0.0,34.7,70,61,20.46
10349,115,2025-08-26T00:00:00Z,79.92,0.0,34.31,100,15,96.28
10350,115,2025-08-27T00:00:00Z,80.52,0.0,34.86,98,12,96.28
10351,116,2025-05-30T00:00:00Z,100.0,81.25,53.4,30,100,0.01
10352,116,2025-05-31T00:00:00Z,88.55,100.0,66.8,30,100,0.01
10353,116,2025-06-01T00:00:00Z,85.43,100.0,62.14,33,100,0.01
10354,116,2025-06-02T00:00:00Z,100.0,100.0,63.95,30,98,0.0
10355,116,2025-06-03T00:00:00Z,93.91,84.03,66.57,33,100,0.01
10356,116,2025-06-04T00:00:00Z,100.0,100.0,55.84,30,98,0.0
10357,116,2025-06-05T00:00:00Z,92.65,100.0,75.02,30,100,0.01
10358,116,2025-06-06T00:00:00Z,100.0,77.27,55.89,30,96,0.01
10359,116,2025-06-07T00:00:00Z,93.31,100.0,62.82,33,98,0.01
10360,116,2025-06-08T00:00:00Z,100.0,100.0,56.53,30,100,0.0
10361,116,2025-06-09T00:00:00Z,100.0,96.37,60.8,33,100,0.01
10362,116,2025-06-10T00:00:00Z,96.13,100.0,56.1,33,100,0.01
10363,116,2025-06-11T00:00:00Z,98.39,92.24,55.67,30,100,0.01
10364,116,2025-06-12T00:00:00Z,100.0,100.0,60.03,30,100,0.0
10365,116,2025-06-13T00:00:00Z,82.45,100.0,61.54,30,98,0.01
10366,116,2025-06-14T00:00:00Z,92.27,100.0,68.04,30,95,0.01
10367,116,2025-06-15T00:00:00Z,100.0,87.48,64.2,30,100,0.01
10368,116,2025-06-16T00:00:00Z,93.29,96.38,57.82,30,100,0.01
10369,116,2025-06-17T00:00:00Z,81.91,95.48,57.49,30,100,0.01
10370,116,2025-06-18T00:00:00Z,93.18,100.0,75.68,30,100,0.01
10371,116,2025-06-19T00:00:00Z,98.3,98.19,59.29,30,100,0.0
10372,116,2025-06-20T00:00:00Z,99.29,93.65,57.6,33,95,0.01
10373,116,2025-06-21T00:00:00Z,91.12,95.77,65.57,30,100,0.01
10374,116,2025-06-22T00:00:00Z,87.15,87.87,64.45,30,96,0.01
10375,116,2025-06-23T00:00:00Z,100.0,100.0,70.73,30,100,0.0
10376,116,2025-06-24T00:00:00Z,95.51,81.02,52.88,30,100,0.01
10377,116,2025-06-25T00:00:00Z,100.0,83.41,75.5,30,100,0.01
10378,116,2025-06-26T00:00:00Z,100.0,83.99,67.9,30,100,0.01
10379,116,2025-06-27T00:00:00Z,90.36,94.37,61.37,33,100,0.01
10380,116,2025-06-28T00:00:00Z,83.25,66.34,56.9,30,95,0.04
10381,116,2025-06-29T00:00:00Z,89.54,100.0,72.77,30,100,0.01
10382,116,2025-06-30T00:00:00Z,77.35,89.13,63.19,32,100,0.02
10383,116,2025-07-01T00:00:00Z,100.0,79.59,68.16,30,100,0.01
10384,116,2025-07-02T00:00:00Z,80.66,95.39,54.26,34,100,0.01
10385,116,2025-07-03T00:00:00Z,80.35,96.68,62.77,30,98,0.01
10386,116,2025-07-04T00:00:00Z,79.33,100.0,62.13,33,100,0.01
10387,116,2025-07-05T00:00:00Z,95.57,95.59,53.61,30,96,0.01
10388,116,2025-07-06T00:00:00Z,82.01,80.36,73.84,30,100,0.02
10389,116,2025-07-07T00:00:00Z,80.91,83.65,60.96,33,100,0.02
10390,116,2025-07-08T00:00:00Z,100.0,100.0,63.35,30,100,0.0
10391,116,2025-07-09T00:00:00Z,76.17,81.38,58.82,30,100,0.03
10392,116,2025-07-10T00:00:00Z,100.0,100.0,54.26,30,100,0.0
10393,116,2025-07-11T00:00:00Z,97.49,100.0,59.14,30,100,0.0
10394,116,2025-07-12T00:00:00Z,100.0,74.84,71.87,30,95,0.01
10395,116,2025-07-13T00:00:00Z,86.35,100.0,62.64,30,100,0.01
10396,116,2025-07-14T00:00:00Z,98.99,100.0,70.36,39,100,0.01
10397,116,2025-07-15T00:00:00Z,98.7,100.0,60.55,30,100,0.0
10398,116,2025-07-16T00:00:00Z,91.6,97.83,73.59,30,100,0.01
10399,116,2025-07-17T00:00:00Z,99.0,100.0,67.1,30,100,0.0
10400,116,2025-07-18T00:00:00Z,100.0,100.0,64.54,30,100,0.0
10401,116,2025-07-19T00:00:00Z,93.94,77.49,65.54,30,100,0.01
10402,116,2025-07-20T00:00:00Z,100.0,100.0,53.45,30,96,0.0
10403,116,2025-07-21T00:00:00Z,84.71,100.0,71.13,30,100,0.01
10404,116,2025-07-22T00:00:00Z,97.72,97.55,74.16,30,95,0.01
10405,116,2025-07-23T00:00:00Z,91.8,100.0,53.84,33,100,0.01
10406,116,2025-07-24T00:00:00Z,89.91,90.26,61.08,30,100,0.01
10407,116,2025-07-25T00:00:00Z,88.59,94.58,56.05,30,100,0.01
10408,116,2025-07-26T00:00:00Z,85.97,87.0,73.82,30,100,0.01
10409,116,2025-07-27T00:00:00Z,85.08,91.57,56.41,30,100,0.01
10410,116,2025-07-28T00:00:00Z,94.82,92.66,61.22,30,100,0.01
10411,116,2025-07-29T00:00:00Z,90.86,65.03,11.59,43,80,0.14
10412,116,2025-07-30T00:00:00Z,78.78,7.08,25.62,73,4,87.63
10413,116,2025-07-31T00:00:00Z,79.31,0.0,25.49,66,28,64.44
10414,116,2025-08-01T00:00:00Z,78.3,11.24,25.69,89,35,77.3
10415,116,2025-08-02T00:00:00Z,83.35,24.18,25.84,41,35,8.13
10416,116,2025-08-03T00:00:00Z,85.7,100.0,65.28,33,100,0.01
10417,116,2025-08-04T00:00:00Z,87.3,18.21,31.04,64,46,17.46
10418,116,2025-08-05T00:00:00Z,80.62,4.36,26.39,96,60,63.53
10419,116,2025-08-06T00:00:00Z,80.44,0.0,25.49,72,49,46.21
10420,116,2025-08-07T00:00:00Z,78.91,5.4,25.83,70,0,88.48
10421,116,2025-08-08T00:00:00Z,78.47,6.17,25.28,70,5,85.57
10422,116,2025-08-09T00:00:00Z,76.57,7.57,22.15,73,29,68.97
10423,116,2025-08-10T00:00:00Z,92.02,60.89,13.52,48,67,0.4
10424,116,2025-08-11T00:00:00Z,93.29,100.0,62.84,30,100,0.01
10425,116,2025-08-12T00:00:00Z,87.01,46.07,31.64,56,64,1.74
10426,116,2025-08-13T00:00:00Z,79.08,16.62,24.86,68,48,28.11
10427,116,2025-08-14T00:00:00Z,90.18,63.54,13.33,49,94,0.11
10428,116,2025-08-15T00:00:00Z,85.75,52.55,30.29,63,51,4.07
10429,116,2025-08-16T00:00:00Z,76.27,0.0,22.01,70,11,86.25
10430,116,2025-08-17T00:00:00Z,93.33,68.92,9.23,48,67,0.27
10431,116,2025-08-18T00:00:00Z,78.82,21.49,25.05,94,13,89.93
10432,116,2025-08-19T00:00:00Z,80.29,22.36,25.49,76,17,69.03
10433,116,2025-08-20T00:00:00Z,93.79,90.11,13.33,32,100,0.01
10434,116,2025-08-21T00:00:00Z,90.22,61.34,34.25,57,58,1.16
10435,116,2025-08-22T00:00:00Z,79.9,0.0,34.37,73,0,91.57
10436,116,2025-08-23T00:00:00Z,80.91,3.81,33.96,64,0,83.78
10437,116,2025-08-24T00:00:00Z,81.62,0.0,33.82,64,33,52.72
10438,116,2025-08-25T00:00:00Z,92.52,25.52,33.16,38,66,0.93
10439,116,2025-08-26T00:00:00Z,95.36,71.18,11.11,30,75,0.05
10440,116,2025-08-27T00:00:00Z,78.28,0.0,26.67,81,17,89.05
10441,117,2025-05-30T00:00:00Z,100.0,85.22,73.24,33,100,0.01
10442,117,2025-05-31T00:00:00Z,92.81,100.0,54.33,30,100,0.01
10443,117,2025-06-01T00:00:00Z,95.78,94.28,69.13,30,100,0.01
10444,117,2025-06-02T00:00:00Z,98.42,68.38,75.51,30,98,0.02
10445,117,2025-06-03T00:00:00Z,93.73,99.27,76.25,33,100,0.01
10446,117,2025-06-04T00:00:00Z,100.0,100.0,71.59,30,100,0.0
10447,117,2025-06-05T00:00:00Z,100.0,100.0,70.4,30,100,0.0
10448,117,2025-06-06T00:00:00Z,93.55,100.0,67.89,30,100,0.01
10449,117,2025-06-07T00:00:00Z,100.0,100.0,60.05,30,100,0.0
10450,117,2025-06-08T00:00:00Z,100.0,100.0,61.55,30,100,0.0
10451,117,2025-06-09T00:00:00Z,100.0,88.02,59.01,33,100,0.01
10452,117,2025-06-10T00:00:00Z,88.14,82.63,64.92,30,100,0.01
10453,117,2025-06-11T00:00:00Z,100.0,100.0,54.51,30,100,0.0
10454,117,2025-06-12T00:00:00Z,100.0,100.0,67.51,30,100,0.0
10455,117,2025-06-13T00:00:00Z,80.79,100.0,56.21,30,100,0.01
10456,117,2025-06-14T00:00:00Z,94.01,100.0,73.28,32,95,0.01
10457,117,2025-06-15T00:00:00Z,75.7,100.0,70.9,32,91,0.02
10458,117,2025-06-16T00:00:00Z,87.03,100.0,60.49,36,100,0.01
10459,117,2025-06-17T00:00:00Z,92.86,95.11,65.75,30,95,0.01
10460,117,2025-06-18T00:00:00Z,94.93,100.0,58.71,30,95,0.01
10461,117,2025-06-19T00:00:00Z,89.97,74.63,57.92,30,100,0.02
10462,117,2025-06-20T00:00:00Z,91.68,84.78,70.7,30,100,0.01
10463,117,2025-06-21T00:00:00Z,82.58,80.52,55.85,36,100,0.03
10464,117,2025-06-22T00:00:00Z,100.0,80.25,68.64,33,100,0.01
10465,117,2025-06-23T00:00:00Z,100.0,100.0,68.16,33,100,0.0
10466,117,2025-06-24T00:00:00Z,90.03,78.12,59.36,30,100,0.01
10467,117,2025-06-25T00:00:00Z,100.0,100.0,64.6,30,100,0.0
10468,117,2025-06-26T00:00:00Z,83.46,97.54,65.77,30,100,0.01
10469,117,2025-06-27T00:00:00Z,100.0,92.86,70.1,33,96,0.01
10470,117,2025-06-28T00:00:00Z,93.61,100.0,65.78,30,100,0.01
10471,117,2025-06-29T00:00:00Z,100.0,84.26,53.86,30,98,0.01
10472,117,2025-06-30T00:00:00Z,76.31,100.0,76.54,30,100,0.01
10473,117,2025-07-01T00:00:00Z,85.07,100.0,63.95,30,95,0.01
10474,117,2025-07-02T00:00:00Z,97.07,77.86,55.82,30,100,0.01
10475,117,2025-07-03T00:00:00Z,100.0,77.01,65.69,30,100,0.01
10476,117,2025-07-04T00:00:00Z,87.14,100.0,61.16,30,100,0.01
10477,117,2025-07-05T00:00:00Z,100.0,85.42,54.41,30,100,0.01
10478,117,2025-07-06T00:00:00Z,90.76,95.97,66.98,30,100,0.01
10479,117,2025-07-07T00:00:00Z,92.4,100.0,53.09,30,100,0.01
10480,117,2025-07-08T00:00:00Z,96.07,84.31,59.87,30,100,0.01
10481,117,2025-07-09T00:00:00Z,78.61,97.87,69.03,30,96,0.01
10482,117,2025-07-10T00:00:00Z,94.1,100.0,62.53,33,100,0.01
10483,117,2025-07-11T00:00:00Z,100.0,88.7,66.69,30,100,0.01
10484,117,2025-07-12T00:00:00Z,100.0,100.0,55.85,30,100,0.0
10485,117,2025-07-13T00:00:00Z,83.62,100.0,63.26,30,96,0.01
10486,117,2025-07-14T00:00:00Z,100.0,100.0,63.85,30,100,0.0
10487,117,2025-07-15T00:00:00Z,100.0,100.0,69.37,30,100,0.0
10488,117,2025-07-16T00:00:00Z,100.0,100.0,65.16,30,100,0.0
10489,117,2025-07-17T00:00:00Z,95.99,80.99,59.38,30,100,0.01
10490,117,2025-07-18T00:00:00Z,95.94,80.27,63.74,36,100,0.01
10491,117,2025-07-19T00:00:00Z,100.0,100.0,65.22,30,100,0.0
10492,117,2025-07-20T00:00:00Z,89.86,100.0,68.24,30,98,0.01
10493,117,2025-07-21T00:00:00Z,83.74,89.78,55.86,30,96,0.02
10494,117,2025-07-22T00:00:00Z,99.91,100.0,71.84,30,100,0.0
10495,117,2025-07-23T00:00:00Z,100.0,92.17,67.52,30,100,0.01
10496,117,2025-07-24T00:00:00Z,86.77,92.58,59.92,30,100,0.01
10497,117,2025-07-25T00:00:00Z,92.51,88.17,66.77,33,96,0.01
10498,117,2025-07-26T00:00:00Z,96.87,87.07,53.88,30,100,0.01
10499,117,2025-07-27T00:00:00Z,94.56,81.1,66.39,30,100,0.01
10500,117,2025-07-28T00:00:00Z,100.0,100.0,57.51,30,100,0.0
10501,117,2025-07-29T00:00:00Z,86.03,57.82,30.76,63,57,2.45
10502,117,2025-07-30T00:00:00Z,79.54,64.04,25.35,89,51,14.82
10503,117,2025-07-31T00:00:00Z,78.53,24.13,24.72,77,16,71.68
10504,117,2025-08-01T00:00:00Z,78.66,40.53,26.39,77,32,36.95
10505,117,2025-08-02T00:00:00Z,94.71,95.22,10.0,30,100,0.01
10506,117,2025-08-03T00:00:00Z,96.32,100.0,52.84,30,96,0.01
10507,117,2025-08-04T00:00:00Z,85.33,21.05,30.0,52,22,25.2
10508,117,2025-08-05T00:00:00Z,79.34,0.0,26.6,66,34,57.27
10509,117,2025-08-06T00:00:00Z,78.94,4.83,25.97,72,0,89.84
10510,117,2025-08-07T00:00:00Z,78.52,0.0,26.32,70,5,88.33
10511,117,2025-08-08T00:00:00Z,79.19,28.8,25.35,77,0,81.89
10512,117,2025-08-09T00:00:00Z,77.35,0.0,22.22,76,10,89.96
10513,117,2025-08-10T00:00:00Z,77.67,9.99,21.87,57,0,75.71
10514,117,2025-08-11T00:00:00Z,77.9,18.9,25.9,65,32,41.31
10515,117,2025-08-12T00:00:00Z,79.37,0.0,25.76,68,7,85.34
10516,117,2025-08-13T00:00:00Z,93.44,74.7,11.79,39,71,0.1
10517,117,2025-08-14T00:00:00Z,83.77,64.14,30.43,57,54,1.74
10518,117,2025-08-15T00:00:00Z,78.31,39.08,25.14,85,37,44.31
10519,117,2025-08-16T00:00:00Z,76.28,48.62,20.9,93,47,37.08
10520,117,2025-08-17T00:00:00Z,77.14,49.46,21.74,59,0,42.68
10521,117,2025-08-18T00:00:00Z,78.33,48.64,25.97,84,32,39.6
10522,117,2025-08-19T00:00:00Z,78.43,23.43,25.97,78,27,61.58
10523,117,2025-08-20T00:00:00Z,78.92,31.63,25.69,57,46,11.0
10524,117,2025-08-21T00:00:00Z,79.39,16.83,25.83,83,29,70.83
10525,117,2025-08-22T00:00:00Z,78.56,41.46,26.53,65,25,28.17
10526,117,2025-08-23T00:00:00Z,93.82,81.06,10.62,40,71,0.08
10527,117,2025-08-24T00:00:00Z,79.58,26.18,23.73,60,57,9.31
10528,117,2025-08-25T00:00:00Z,78.68,0.0,25.97,70,6,87.72
10529,117,2025-08-26T00:00:00Z,78.98,16.75,25.42,54,15,46.78
10530,117,2025-08-27T00:00:00Z,78.88,40.27,25.9,69,42,18.02
10531,118,2025-05-30T00:00:00Z,99.55,99.58,71.79,32,100,0.0
10532,118,2025-05-31T00:00:00Z,100.0,91.49,56.83,32,100,0.01
10533,118,2025-06-01T00:00:00Z,74.21,100.0,73.24,32,100,0.02
10534,118,2025-06-02T00:00:00Z,98.69,75.94,68.38,32,100,0.01
10535,118,2025-06-03T00:00:00Z,86.15,100.0,75.9,32,100,0.01
10536,118,2025-06-04T00:00:00Z,100.0,77.57,55.3,35,100,0.01
10537,118,2025-06-05T00:00:00Z,100.0,88.0,59.56,35,100,0.01
10538,118,2025-06-06T00:00:00Z,94.97,91.87,55.33,35,100,0.01
10539,118,2025-06-07T00:00:00Z,98.3,89.01,59.15,32,95,0.01
10540,118,2025-06-08T00:00:00Z,80.62,95.58,70.9,35,98,0.02
10541,118,2025-06-09T00:00:00Z,100.0,100.0,58.21,32,100,0.0
10542,118,2025-06-10T00:00:00Z,100.0,72.62,67.38,32,98,0.01
10543,118,2025-06-11T00:00:00Z,100.0,70.92,72.65,32,94,0.02
10544,118,2025-06-12T00:00:00Z,79.73,89.53,67.4,35,100,0.02
10545,118,2025-06-13T00:00:00Z,94.22,60.45,68.63,35,100,0.03
10546,118,2025-06-14T00:00:00Z,99.05,100.0,52.81,32,98,0.0
10547,118,2025-06-15T00:00:00Z,100.0,100.0,68.03,32,100,0.0
10548,118,2025-06-16T00:00:00Z,100.0,75.9,72.81,32,98,0.01
10549,118,2025-06-17T00:00:00Z,100.0,76.88,61.8,32,100,0.01
10550,118,2025-06-18T00:00:00Z,92.52,100.0,54.88,32,100,0.01
10551,118,2025-06-19T00:00:00Z,86.88,99.18,55.49,38,100,0.01
10552,118,2025-06-20T00:00:00Z,100.0,92.38,60.15,32,98,0.01
10553,118,2025-06-21T00:00:00Z,97.39,96.28,63.83,32,95,0.01
10554,118,2025-06-22T00:00:00Z,87.96,84.02,67.73,35,98,0.02
10555,118,2025-06-23T00:00:00Z,89.91,83.2,75.32,35,100,0.02
10556,118,2025-06-24T00:00:00Z,85.94,77.02,64.31,32,94,0.03
10557,118,2025-06-25T00:00:00Z,100.0,95.29,74.6,41,100,0.01
10558,118,2025-06-26T00:00:00Z,92.31,89.77,58.82,34,100,0.01
10559,118,2025-06-27T00:00:00Z,90.04,94.87,53.48,35,100,0.01
10560,118,2025-06-28T00:00:00Z,88.14,81.77,55.18,32,100,0.02
10561,118,2025-06-29T00:00:00Z,88.83,75.96,74.06,32,100,0.02
10562,118,2025-06-30T00:00:00Z,96.43,79.02,65.36,32,98,0.01
10563,118,2025-07-01T00:00:00Z,85.7,76.05,62.95,35,100,0.03
10564,118,2025-07-02T00:00:00Z,100.0,90.27,62.18,35,95,0.01
10565,118,2025-07-03T00:00:00Z,82.19,71.4,58.5,32,100,0.03
10566,118,2025-07-04T00:00:00Z,93.88,98.25,54.72,35,100,0.01
10567,118,2025-07-05T00:00:00Z,91.76,66.47,67.51,35,93,0.04
10568,118,2025-07-06T00:00:00Z,96.57,80.76,61.37,32,100,0.01
10569,118,2025-07-07T00:00:00Z,96.54,95.65,61.56,35,85,0.02
10570,118,2025-07-08T00:00:00Z,98.77,100.0,56.95,32,100,0.0
10571,118,2025-07-09T00:00:00Z,96.48,76.5,68.46,40,98,0.02
10572,118,2025-07-10T00:00:00Z,100.0,98.72,65.74,32,100,0.0
10573,118,2025-07-11T00:00:00Z,98.86,98.2,60.76,32,98,0.01
10574,118,2025-07-12T00:00:00Z,100.0,99.59,63.55,34,98,0.01
10575,118,2025-07-13T00:00:00Z,87.17,75.44,63.25,35,91,0.04
10576,118,2025-07-14T00:00:00Z,95.65,77.37,76.09,32,100,0.01
10577,118,2025-07-15T00:00:00Z,91.07,100.0,73.27,35,100,0.01
10578,118,2025-07-16T00:00:00Z,84.6,91.67,54.18,41,98,0.02
10579,118,2025-07-17T00:00:00Z,80.48,91.92,75.14,35,100,0.02
10580,118,2025-07-18T00:00:00Z,86.14,69.23,59.58,35,100,0.03
10581,118,2025-07-19T00:00:00Z,83.92,97.5,63.99,32,96,0.01
10582,118,2025-07-20T00:00:00Z,100.0,100.0,66.39,32,100,0.0
10583,118,2025-07-21T00:00:00Z,92.39,98.82,69.04,38,100,0.01
10584,118,2025-07-22T00:00:00Z,100.0,99.82,69.45,32,96,0.01
10585,118,2025-07-23T00:00:00Z,90.14,93.68,61.71,32,100,0.01
10586,118,2025-07-24T00:00:00Z,100.0,100.0,74.17,32,100,0.0
10587,118,2025-07-25T00:00:00Z,91.88,88.03,56.21,32,100,0.01
10588,118,2025-07-26T00:00:00Z,97.89,83.03,70.65,32,96,0.01
10589,118,2025-07-27T00:00:00Z,96.63,99.88,72.49,32,100,0.0
10590,118,2025-07-28T00:00:00Z,88.76,76.91,67.02,34,100,0.02
10591,118,2025-07-29T00:00:00Z,94.47,0.0,35.42,58,73,5.25
10592,118,2025-07-30T00:00:00Z,90.04,0.0,23.96,80,32,66.77
10593,118,2025-07-31T00:00:00Z,78.25,0.0,26.46,100,0,98.35
10594,118,2025-08-01T00:00:00Z,80.04,0.0,26.53,100,0,98.2
10595,118,2025-08-02T00:00:00Z,78.28,0.0,22.43,100,0,98.35
10596,118,2025-08-03T00:00:00Z,79.78,0.0,21.74,100,18,95.73
10597,118,2025-08-04T00:00:00Z,86.42,0.0,25.42,99,13,95.12
10598,118,2025-08-05T00:00:00Z,91.88,34.83,27.75,88,41,31.93
10599,118,2025-08-06T00:00:00Z,77.45,0.0,25.28,100,0,98.41
10600,118,2025-08-07T00:00:00Z,80.55,0.0,26.18,100,0,98.15
10601,118,2025-08-08T00:00:00Z,78.13,0.0,25.49,100,0,98.36
10602,118,2025-08-09T00:00:00Z,75.11,0.0,21.53,100,0,98.59
10603,118,2025-08-10T00:00:00Z,78.05,0.0,21.39,100,0,98.37
10604,118,2025-08-11T00:00:00Z,87.51,0.0,24.78,100,72,50.61
10605,118,2025-08-12T00:00:00Z,96.02,63.91,12.0,58,91,0.16
10606,118,2025-08-13T00:00:00Z,78.9,0.0,25.97,100,23,94.81
10607,118,2025-08-14T00:00:00Z,79.6,0.0,24.1,100,0,98.24
10608,118,2025-08-15T00:00:00Z,84.69,0.0,27.24,100,10,96.32
10609,118,2025-08-16T00:00:00Z,100.0,100.0,70.86,34,96,0.01
10610,118,2025-08-17T00:00:00Z,88.51,100.0,62.71,38,100,0.01
10611,118,2025-08-18T00:00:00Z,84.09,0.0,34.72,100,0,97.8
10612,118,2025-08-19T00:00:00Z,82.08,0.0,34.31,100,0,98.01
10613,118,2025-08-20T00:00:00Z,80.67,0.0,33.96,100,0,98.14
10614,118,2025-08-21T00:00:00Z,80.9,0.0,34.24,100,0,98.12
10615,118,2025-08-22T00:00:00Z,81.57,0.0,34.79,100,0,98.06
10616,118,2025-08-23T00:00:00Z,79.89,0.0,35.14,100,0,98.21
10617,118,2025-08-24T00:00:00Z,80.42,0.0,33.54,100,0,98.16
10618,118,2025-08-25T00:00:00Z,82.06,0.0,35.56,100,0,98.01
10619,118,2025-08-26T00:00:00Z,81.76,0.0,34.03,100,0,98.04
10620,118,2025-08-27T00:00:00Z,81.22,0.0,35.14,100,0,98.09
10621,119,2025-05-30T00:00:00Z,100.0,93.59,66.33,30,95,0.01
10622,119,2025-05-31T00:00:00Z,90.22,75.9,60.21,30,100,0.02
10623,119,2025-06-01T00:00:00Z,89.97,88.97,62.31,30,100,0.01
10624,119,2025-06-02T00:00:00Z,97.5,100.0,52.9,30,100,0.0
10625,119,2025-06-03T00:00:00Z,100.0,100.0,54.85,30,100,0.0
10626,119,2025-06-04T00:00:00Z,100.0,84.92,66.14,30,100,0.01
10627,119,2025-06-05T00:00:00Z,100.0,97.32,54.99,30,98,0.0
10628,119,2025-06-06T00:00:00Z,82.27,100.0,64.09,30,100,0.01
10629,119,2025-06-07T00:00:00Z,81.85,95.22,61.87,33,100,0.01
10630,119,2025-06-08T00:00:00Z,79.98,100.0,57.82,30,100,0.01
10631,119,2025-06-09T00:00:00Z,91.95,100.0,58.61,33,95,0.01
10632,119,2025-06-10T00:00:00Z,100.0,100.0,59.36,30,100,0.0
10633,119,2025-06-11T00:00:00Z,93.67,100.0,75.0,30,100,0.01
10634,119,2025-06-12T00:00:00Z,100.0,100.0,75.51,33,100,0.0
10635,119,2025-06-13T00:00:00Z,96.7,79.48,64.52,32,100,0.01
10636,119,2025-06-14T00:00:00Z,95.56,100.0,57.63,30,100,0.0
10637,119,2025-06-15T00:00:00Z,100.0,87.03,61.86,30,100,0.01
10638,119,2025-06-16T00:00:00Z,97.18,90.08,75.29,30,100,0.01
10639,119,2025-06-17T00:00:00Z,98.2,89.29,63.17,30,100,0.01
10640,119,2025-06-18T00:00:00Z,100.0,72.28,54.22,30,100,0.01
10641,119,2025-06-19T00:00:00Z,100.0,100.0,69.79,30,100,0.0
10642,119,2025-06-20T00:00:00Z,100.0,86.58,66.66,30,100,0.01
10643,119,2025-06-21T00:00:00Z,100.0,100.0,71.23,30,95,0.0
10644,119,2025-06-22T00:00:00Z,100.0,93.35,54.33,30,100,0.0
10645,119,2025-06-23T00:00:00Z,90.97,94.54,74.8,30,98,0.01
10646,119,2025-06-24T00:00:00Z,100.0,86.33,71.99,32,100,0.01
10647,119,2025-06-25T00:00:00Z,95.11,100.0,70.06,30,93,0.01
10648,119,2025-06-26T00:00:00Z,90.8,91.53,59.11,30,100,0.01
10649,119,2025-06-27T00:00:00Z,85.02,94.26,64.83,30,100,0.01
10650,119,2025-06-28T00:00:00Z,99.96,85.61,60.55,30,100,0.01
10651,119,2025-06-29T00:00:00Z,92.31,100.0,71.11,33,98,0.01
10652,119,2025-06-30T00:00:00Z,100.0,100.0,53.2,30,100,0.0
10653,119,2025-07-01T00:00:00Z,100.0,100.0,67.53,33,100,0.0
10654,119,2025-07-02T00:00:00Z,90.0,84.24,56.95,30,98,0.01
10655,119,2025-07-03T00:00:00Z,100.0,89.64,67.86,30,100,0.01
10656,119,2025-07-04T00:00:00Z,97.7,84.18,69.78,30,95,0.01
10657,119,2025-07-05T00:00:00Z,100.0,84.67,57.42,30,100,0.01
10658,119,2025-07-06T00:00:00Z,90.21,82.43,61.96,30,100,0.01
10659,119,2025-07-07T00:00:00Z,93.16,100.0,53.68,30,100,0.01
10660,119,2025-07-08T00:00:00Z,92.87,98.21,55.3,30,98,0.01
10661,119,2025-07-09T00:00:00Z,100.0,75.54,65.87,32,100,0.01
10662,119,2025-07-10T00:00:00Z,86.7,100.0,54.87,30,100,0.01
10663,119,2025-07-11T00:00:00Z,100.0,98.12,69.56,30,100,0.0
10664,119,2025-07-12T00:00:00Z,100.0,72.23,62.46,30,96,0.01
10665,119,2025-07-13T00:00:00Z,95.02,100.0,56.2,32,100,0.01
10666,119,2025-07-14T00:00:00Z,88.35,81.18,68.75,30,100,0.01
10667,119,2025-07-15T00:00:00Z,100.0,98.92,62.31,30,100,0.0
10668,119,2025-07-16T00:00:00Z,97.93,100.0,67.56,30,100,0.0
10669,119,2025-07-17T00:00:00Z,78.59,72.83,73.41,30,100,0.03
10670,119,2025-07-18T00:00:00Z,97.21,87.91,52.87,33,100,0.01
10671,119,2025-07-19T00:00:00Z,88.99,80.81,69.65,30,100,0.01
10672,119,2025-07-20T00:00:00Z,100.0,100.0,61.02,30,100,0.0
10673,119,2025-07-21T00:00:00Z,80.68,77.77,60.69,30,98,0.03
10674,119,2025-07-22T00:00:00Z,89.82,87.65,62.43,30,100,0.01
10675,119,2025-07-23T00:00:00Z,93.13,83.99,57.85,30,100,0.01
10676,119,2025-07-24T00:00:00Z,99.5,99.07,53.61,30,95,0.01
10677,119,2025-07-25T00:00:00Z,100.0,100.0,69.98,33,98,0.0
10678,119,2025-07-26T00:00:00Z,94.43,100.0,56.21,30,100,0.0
10679,119,2025-07-27T00:00:00Z,100.0,100.0,68.51,30,100,0.0
10680,119,2025-07-28T00:00:00Z,99.01,100.0,56.9,30,95,0.01
10681,119,2025-07-29T00:00:00Z,85.22,53.93,31.81,54,74,0.76
10682,119,2025-07-30T00:00:00Z,78.14,0.08,25.49,74,8,89.37
10683,119,2025-07-31T00:00:00Z,79.37,32.87,25.0,74,56,16.2
10684,119,2025-08-01T00:00:00Z,83.12,47.55,29.54,79,54,11.74
10685,119,2025-08-02T00:00:00Z,95.18,80.82,9.67,36,89,0.03
10686,119,2025-08-03T00:00:00Z,77.12,57.78,21.74,83,44,19.99
10687,119,2025-08-04T00:00:00Z,77.7,46.27,25.97,65,41,13.17
10688,119,2025-08-05T00:00:00Z,84.41,0.0,30.09,61,31,47.24
10689,119,2025-08-06T00:00:00Z,100.0,100.0,67.92,30,100,0.0
10690,119,2025-08-07T00:00:00Z,96.23,100.0,12.0,32,90,0.01
10691,119,2025-08-08T00:00:00Z,79.0,20.43,25.49,73,8,77.09
10692,119,2025-08-09T00:00:00Z,100.0,100.0,54.55,30,100,0.0
10693,119,2025-08-10T00:00:00Z,84.97,63.61,26.47,45,67,0.43
10694,119,2025-08-11T00:00:00Z,79.07,0.0,26.32,62,22,66.07
10695,119,2025-08-12T00:00:00Z,93.03,82.19,12.35,41,94,0.03
10696,119,2025-08-13T00:00:00Z,80.53,30.74,25.62,64,60,8.2
10697,119,2025-08-14T00:00:00Z,78.43,29.99,25.49,91,79,16.64
10698,119,2025-08-15T00:00:00Z,78.28,47.14,25.56,69,38,17.37
10699,119,2025-08-16T00:00:00Z,99.71,84.49,10.48,33,100,0.01
10700,119,2025-08-17T00:00:00Z,100.0,89.2,9.33,32,100,0.01
10701,119,2025-08-18T00:00:00Z,78.52,37.57,25.07,69,52,13.14
10702,119,2025-08-19T00:00:00Z,78.79,0.0,25.97,66,0,88.3
10703,119,2025-08-20T00:00:00Z,78.77,0.0,25.62,72,0,91.54
10704,119,2025-08-21T00:00:00Z,79.68,11.72,25.97,66,45,32.24
10705,119,2025-08-22T00:00:00Z,78.92,0.0,25.9,63,55,28.58
10706,119,2025-08-23T00:00:00Z,77.79,19.31,21.81,72,1,83.31
10707,119,2025-08-24T00:00:00Z,77.36,0.0,21.46,63,14,77.06
10708,119,2025-08-25T00:00:00Z,79.35,0.0,26.59,72,20,79.45
10709,119,2025-08-26T00:00:00Z,97.69,89.11,12.0,33,100,0.01
10710,119,2025-08-27T00:00:00Z,79.07,1.72,25.56,80,10,90.7
10711,120,2025-05-30T00:00:00Z,96.88,91.54,58.53,30,98,0.01
10712,120,2025-05-31T00:00:00Z,100.0,100.0,76.46,30,100,0.0
10713,120,2025-06-01T00:00:00Z,100.0,99.86,64.05,33,100,0.0
10714,120,2025-06-02T00:00:00Z,100.0,100.0,73.47,30,100,0.0
10715,120,2025-06-03T00:00:00Z,99.23,86.17,53.88,30,98,0.01
10716,120,2025-06-04T00:00:00Z,91.96,100.0,56.71,30,98,0.01
10717,120,2025-06-05T00:00:00Z,100.0,93.05,74.57,30,100,0.0
10718,120,2025-06-06T00:00:00Z,84.38,98.53,68.17,30,96,0.01
10719,120,2025-06-07T00:00:00Z,100.0,100.0,58.9,30,100,0.0
10720,120,2025-06-08T00:00:00Z,75.83,100.0,68.56,30,100,0.01
10721,120,2025-06-09T00:00:00Z,94.58,65.96,73.33,30,100,0.02
10722,120,2025-06-10T00:00:00Z,96.46,100.0,70.81,33,100,0.01
10723,120,2025-06-11T00:00:00Z,87.15,100.0,71.92,30,100,0.01
10724,120,2025-06-12T00:00:00Z,96.16,88.04,75.18,30,100,0.01
10725,120,2025-06-13T00:00:00Z,100.0,100.0,53.42,30,100,0.0
10726,120,2025-06-14T00:00:00Z,81.53,100.0,56.46,33,98,0.01
10727,120,2025-06-15T00:00:00Z,84.01,86.4,67.09,30,100,0.01
10728,120,2025-06-16T00:00:00Z,92.62,66.94,62.61,30,100,0.02
10729,120,2025-06-17T00:00:00Z,100.0,90.3,63.32,30,100,0.01
10730,120,2025-06-18T00:00:00Z,100.0,74.36,53.51,30,100,0.01
10731,120,2025-06-19T00:00:00Z,90.76,99.54,54.37,30,100,0.01
10732,120,2025-06-20T00:00:00Z,99.5,100.0,68.63,30,100,0.0
10733,120,2025-06-21T00:00:00Z,96.12,90.92,58.56,30,96,0.01
10734,120,2025-06-22T00:00:00Z,98.87,61.58,54.27,30,100,0.02
10735,120,2025-06-23T00:00:00Z,100.0,100.0,73.53,30,100,0.0
10736,120,2025-06-24T00:00:00Z,90.63,57.2,62.73,30,100,0.03
10737,120,2025-06-25T00:00:00Z,96.89,100.0,54.0,30,100,0.0
10738,120,2025-06-26T00:00:00Z,97.46,74.98,55.31,30,100,0.01
10739,120,2025-06-27T00:00:00Z,82.37,100.0,55.22,33,100,0.01
10740,120,2025-06-28T00:00:00Z,91.52,99.64,63.79,30,100,0.01
10741,120,2025-06-29T00:00:00Z,100.0,100.0,75.39,30,100,0.0
10742,120,2025-06-30T00:00:00Z,94.64,100.0,65.96,30,100,0.0
10743,120,2025-07-01T00:00:00Z,97.18,96.26,59.39,30,100,0.0
10744,120,2025-07-02T00:00:00Z,85.19,86.11,63.44,30,100,0.01
10745,120,2025-07-03T00:00:00Z,85.88,100.0,64.23,30,98,0.01
10746,120,2025-07-04T00:00:00Z,100.0,100.0,61.47,32,100,0.0
10747,120,2025-07-05T00:00:00Z,89.53,100.0,67.97,30,100,0.01
10748,120,2025-07-06T00:00:00Z,100.0,100.0,53.61,30,100,0.0
10749,120,2025-07-07T00:00:00Z,100.0,83.48,54.17,30,100,0.01
10750,120,2025-07-08T00:00:00Z,85.9,84.51,74.23,30,100,0.01
10751,120,2025-07-09T00:00:00Z,100.0,100.0,57.17,30,100,0.0
10752,120,2025-07-10T00:00:00Z,89.41,100.0,67.99,30,100,0.01
10753,120,2025-07-11T00:00:00Z,94.6,100.0,58.67,30,100,0.0
10754,120,2025-07-12T00:00:00Z,79.42,100.0,72.68,30,100,0.01
10755,120,2025-07-13T00:00:00Z,97.79,100.0,59.54,32,100,0.0
10756,120,2025-07-14T00:00:00Z,100.0,100.0,61.92,30,100,0.0
10757,120,2025-07-15T00:00:00Z,100.0,64.12,73.69,33,100,0.02
10758,120,2025-07-16T00:00:00Z,91.29,100.0,59.78,36,100,0.01
10759,120,2025-07-17T00:00:00Z,100.0,99.38,58.05,30,100,0.0
10760,120,2025-07-18T00:00:00Z,100.0,100.0,70.71,30,100,0.0
10761,120,2025-07-19T00:00:00Z,95.94,85.38,60.34,30,96,0.01
10762,120,2025-07-20T00:00:00Z,100.0,98.4,53.96,33,100,0.0
10763,120,2025-07-21T00:00:00Z,91.77,97.01,73.13,30,100,0.01
10764,120,2025-07-22T00:00:00Z,90.44,100.0,66.16,30,100,0.01
10765,120,2025-07-23T00:00:00Z,92.92,97.84,59.95,30,100,0.01
10766,120,2025-07-24T00:00:00Z,98.94,88.3,58.6,30,100,0.01
10767,120,2025-07-25T00:00:00Z,100.0,92.16,59.17,30,100,0.01
10768,120,2025-07-26T00:00:00Z,100.0,100.0,58.33,30,100,0.0
10769,120,2025-07-27T00:00:00Z,90.76,93.25,65.13,30,100,0.01
10770,120,2025-07-28T00:00:00Z,90.28,98.71,59.23,32,94,0.01
10771,120,2025-07-29T00:00:00Z,90.84,56.51,27.42,42,61,0.48
10772,120,2025-07-30T00:00:00Z,78.31,30.49,25.62,63,47,15.38
10773,120,2025-07-31T00:00:00Z,77.62,15.35,25.69,80,0,90.93
10774,120,2025-08-01T00:00:00Z,78.88,62.16,25.35,72,27,18.84
10775,120,2025-08-02T00:00:00Z,77.6,23.72,21.32,72,0,81.63
10776,120,2025-08-03T00:00:00Z,77.72,24.03,21.87,75,31,52.57
10777,120,2025-08-04T00:00:00Z,77.67,46.44,25.56,71,17,41.8
10778,120,2025-08-05T00:00:00Z,78.56,16.4,26.04,73,0,85.77
10779,120,2025-08-06T00:00:00Z,78.44,32.29,25.76,55,47,9.42
10780,120,2025-08-07T00:00:00Z,79.3,38.55,25.28,64,0,58.25
10781,120,2025-08-08T00:00:00Z,88.42,86.16,23.85,58,39,1.29
10782,120,2025-08-09T00:00:00Z,94.19,100.0,53.48,30,100,0.0
10783,120,2025-08-10T00:00:00Z,77.76,13.99,21.4,61,29,44.08
10784,120,2025-08-11T00:00:00Z,95.62,66.35,13.33,30,100,0.02
10785,120,2025-08-12T00:00:00Z,87.54,74.05,57.35,32,100,0.02
10786,120,2025-08-13T00:00:00Z,80.96,31.84,27.29,85,41,43.25
10787,120,2025-08-14T00:00:00Z,79.05,0.0,25.62,73,11,86.73
10788,120,2025-08-15T00:00:00Z,78.37,6.97,25.69,74,25,72.96
10789,120,2025-08-16T00:00:00Z,77.87,24.29,21.67,81,35,56.1
10790,120,2025-08-17T00:00:00Z,77.73,15.86,21.74,53,21,40.35
10791,120,2025-08-18T00:00:00Z,78.4,23.97,25.9,67,40,29.76
10792,120,2025-08-19T00:00:00Z,78.15,72.0,25.83,63,43,4.08
10793,120,2025-08-20T00:00:00Z,78.3,55.23,26.32,69,15,32.43
10794,120,2025-08-21T00:00:00Z,97.56,82.82,10.91,30,87,0.02
10795,120,2025-08-22T00:00:00Z,92.9,87.38,20.22,42,55,0.17
10796,120,2025-08-23T00:00:00Z,77.15,26.69,22.01,77,26,59.74
10797,120,2025-08-24T00:00:00Z,77.31,0.0,21.53,85,27,86.81
10798,120,2025-08-25T00:00:00Z,77.86,20.6,25.69,73,0,84.07
10799,120,2025-08-26T00:00:00Z,77.58,0.0,26.32,78,4,93.09
10800,120,2025-08-27T00:00:00Z,84.9,61.12,28.38,56,22,8.09
10801,121,2025-05-30T00:00:00Z,92.56,100.0,54.11,30,100,0.01
10802,121,2025-05-31T00:00:00Z,99.71,97.99,63.28,32,98,0.01
10803,121,2025-06-01T00:00:00Z,89.76,87.57,55.64,30,96,0.01
10804,121,2025-06-02T00:00:00Z,82.83,86.48,59.39,32,100,0.02
10805,121,2025-06-03T00:00:00Z,85.88,76.27,55.55,30,100,0.02
10806,121,2025-06-04T00:00:00Z,100.0,85.2,66.08,33,98,0.01
10807,121,2025-06-05T00:00:00Z,95.78,76.57,63.58,36,95,0.02
10808,121,2025-06-06T00:00:00Z,82.86,96.06,66.72,30,100,0.01
10809,121,2025-06-07T00:00:00Z,90.66,100.0,70.45,33,100,0.01
10810,121,2025-06-08T00:00:00Z,80.87,100.0,65.27,30,100,0.01
10811,121,2025-06-09T00:00:00Z,100.0,96.29,64.71,30,100,0.0
10812,121,2025-06-10T00:00:00Z,94.74,100.0,68.58,33,100,0.01
10813,121,2025-06-11T00:00:00Z,93.19,88.51,64.13,33,100,0.01
10814,121,2025-06-12T00:00:00Z,77.19,100.0,67.46,32,100,0.01
10815,121,2025-06-13T00:00:00Z,100.0,94.37,68.51,30,98,0.01
10816,121,2025-06-14T00:00:00Z,100.0,100.0,57.19,30,100,0.0
10817,121,2025-06-15T00:00:00Z,100.0,100.0,62.6,30,100,0.0
10818,121,2025-06-16T00:00:00Z,82.84,100.0,65.49,33,96,0.01
10819,121,2025-06-17T00:00:00Z,93.52,67.0,54.73,33,98,0.03
10820,121,2025-06-18T00:00:00Z,87.97,92.53,72.98,33,100,0.01
10821,121,2025-06-19T00:00:00Z,97.41,86.08,75.19,30,100,0.01
10822,121,2025-06-20T00:00:00Z,100.0,100.0,64.08,30,98,0.0
10823,121,2025-06-21T00:00:00Z,100.0,87.57,54.21,33,100,0.01
10824,121,2025-06-22T00:00:00Z,91.19,100.0,53.12,33,98,0.01
10825,121,2025-06-23T00:00:00Z,93.56,89.04,54.51,30,95,0.01
10826,121,2025-06-24T00:00:00Z,89.15,100.0,54.63,33,98,0.01
10827,121,2025-06-25T00:00:00Z,94.46,75.3,73.43,33,94,0.02
10828,121,2025-06-26T00:00:00Z,82.62,86.34,61.25,32,93,0.02
10829,121,2025-06-27T00:00:00Z,88.22,100.0,74.07,33,100,0.01
10830,121,2025-06-28T00:00:00Z,84.19,75.36,60.09,30,96,0.03
10831,121,2025-06-29T00:00:00Z,89.45,100.0,76.13,30,100,0.01
10832,121,2025-06-30T00:00:00Z,90.24,100.0,62.38,32,100,0.01
10833,121,2025-07-01T00:00:00Z,100.0,75.18,60.79,30,100,0.01
10834,121,2025-07-02T00:00:00Z,86.41,78.47,53.28,30,100,0.02
10835,121,2025-07-03T00:00:00Z,100.0,86.33,69.02,30,100,0.01
10836,121,2025-07-04T00:00:00Z,91.47,100.0,55.83,30,100,0.01
10837,121,2025-07-05T00:00:00Z,100.0,100.0,54.61,30,100,0.0
10838,121,2025-07-06T00:00:00Z,100.0,100.0,65.87,30,98,0.0
10839,121,2025-07-07T00:00:00Z,78.47,79.33,55.57,30,100,0.02
10840,121,2025-07-08T00:00:00Z,95.78,88.18,65.65,30,100,0.01
10841,121,2025-07-09T00:00:00Z,85.44,61.28,58.27,30,96,0.04
10842,121,2025-07-10T00:00:00Z,98.57,60.94,54.37,33,100,0.02
10843,121,2025-07-11T00:00:00Z,78.93,84.4,63.37,30,98,0.02
10844,121,2025-07-12T00:00:00Z,96.07,98.9,53.59,36,100,0.01
10845,121,2025-07-13T00:00:00Z,100.0,100.0,72.52,30,100,0.0
10846,121,2025-07-14T00:00:00Z,100.0,57.4,55.98,30,100,0.02
10847,121,2025-07-15T00:00:00Z,96.29,81.03,59.98,36,100,0.01
10848,121,2025-07-16T00:00:00Z,90.45,77.92,59.12,33,100,0.02
10849,121,2025-07-17T00:00:00Z,78.43,91.94,56.44,30,95,0.02
10850,121,2025-07-18T00:00:00Z,90.85,100.0,61.83,30,100,0.01
10851,121,2025-07-19T00:00:00Z,80.09,100.0,64.44,33,100,0.01
10852,121,2025-07-20T00:00:00Z,100.0,86.46,57.54,30,100,0.01
10853,121,2025-07-21T00:00:00Z,97.92,100.0,69.3,33,100,0.0
10854,121,2025-07-22T00:00:00Z,93.84,90.77,71.09,30,100,0.01
10855,121,2025-07-23T00:00:00Z,96.66,100.0,62.85,30,100,0.0
10856,121,2025-07-24T00:00:00Z,83.77,100.0,62.88,30,100,0.01
10857,121,2025-07-25T00:00:00Z,83.19,100.0,73.88,30,100,0.01
10858,121,2025-07-26T00:00:00Z,68.2,96.99,54.21,33,100,0.02
10859,121,2025-07-27T00:00:00Z,100.0,75.08,63.69,30,100,0.01
10860,121,2025-07-28T00:00:00Z,67.39,79.17,71.84,30,100,0.04
10861,121,2025-07-29T00:00:00Z,86.75,8.72,30.86,92,9,91.56
10862,121,2025-07-30T00:00:00Z,77.86,0.0,25.49,100,0,98.38
10863,121,2025-07-31T00:00:00Z,79.9,0.0,26.32,100,0,98.21
10864,121,2025-08-01T00:00:00Z,79.26,0.0,25.69,100,0,98.27
10865,121,2025-08-02T00:00:00Z,77.98,0.0,22.92,91,5,96.48
10866,121,2025-08-03T00:00:00Z,93.45,0.0,9.87,62,76,6.0
10867,121,2025-08-04T00:00:00Z,90.67,59.21,36.26,51,60,0.78
10868,121,2025-08-05T00:00:00Z,82.45,0.0,34.44,100,43,84.91
10869,121,2025-08-06T00:00:00Z,80.98,13.24,34.79,100,0,96.84
10870,121,2025-08-07T00:00:00Z,80.98,0.0,34.86,100,30,92.06
10871,121,2025-08-08T00:00:00Z,80.84,0.0,35.21,100,3,97.83
10872,121,2025-08-09T00:00:00Z,83.49,0.0,34.58,100,19,94.66
10873,121,2025-08-10T00:00:00Z,80.82,0.0,34.24,93,0,97.18
10874,121,2025-08-11T00:00:00Z,80.28,0.0,35.28,100,29,92.66
10875,121,2025-08-12T00:00:00Z,80.55,0.0,35.21,100,21,94.9
10876,121,2025-08-13T00:00:00Z,87.98,22.36,32.97,71,21,47.92
10877,121,2025-08-14T00:00:00Z,97.93,78.88,54.03,30,100,0.01
10878,121,2025-08-15T00:00:00Z,90.67,44.35,34.8,69,65,3.18
10879,121,2025-08-16T00:00:00Z,82.85,0.0,34.79,100,52,77.86
10880,121,2025-08-17T00:00:00Z,78.8,0.0,34.65,100,32,92.13
10881,121,2025-08-18T00:00:00Z,93.73,27.4,35.65,78,59,11.38
10882,121,2025-08-19T00:00:00Z,100.0,78.51,65.21,32,100,0.01
10883,121,2025-08-20T00:00:00Z,85.67,0.69,31.55,71,30,61.03
10884,121,2025-08-21T00:00:00Z,80.17,0.0,25.35,100,12,96.74
10885,121,2025-08-22T00:00:00Z,92.28,21.66,22.44,65,40,17.08
10886,121,2025-08-23T00:00:00Z,78.95,0.0,35.28,100,23,94.8
10887,121,2025-08-24T00:00:00Z,81.78,14.22,33.12,100,14,93.36
10888,121,2025-08-25T00:00:00Z,83.34,0.0,35.28,89,23,88.32
10889,121,2025-08-26T00:00:00Z,80.5,0.0,35.35,100,48,82.85
10890,121,2025-08-27T00:00:00Z,83.94,20.92,34.5,100,41,71.42
10891,122,2025-05-30T00:00:00Z,93.5,91.75,53.4,36,100,0.01
10892,122,2025-05-31T00:00:00Z,70.59,97.77,63.41,39,100,0.03
10893,122,2025-06-01T00:00:00Z,89.92,79.72,66.18,39,100,0.02
10894,122,2025-06-02T00:00:00Z,94.72,82.24,56.3,36,100,0.01
10895,122,2025-06-03T00:00:00Z,78.03,88.3,55.38,36,98,0.03
10896,122,2025-06-04T00:00:00Z,100.0,94.26,54.59,36,98,0.01
10897,122,2025-06-05T00:00:00Z,92.24,87.01,60.08,36,96,0.02
10898,122,2025-06-06T00:00:00Z,86.31,83.41,58.88,42,100,0.03
10899,122,2025-06-07T00:00:00Z,100.0,85.76,71.7,39,96,0.01
10900,122,2025-06-08T00:00:00Z,100.0,67.84,55.16,41,100,0.03
10901,122,2025-06-09T00:00:00Z,100.0,100.0,71.0,42,100,0.01
10902,122,2025-06-10T00:00:00Z,67.49,88.04,68.83,36,96,0.05
10903,122,2025-06-11T00:00:00Z,87.1,89.69,56.96,39,98,0.02
10904,122,2025-06-12T00:00:00Z,65.0,89.9,59.42,42,100,0.07
10905,122,2025-06-13T00:00:00Z,67.0,89.39,65.11,39,100,0.05
10906,122,2025-06-14T00:00:00Z,79.07,96.34,59.72,42,100,0.03
10907,122,2025-06-15T00:00:00Z,100.0,69.19,74.34,36,100,0.02
10908,122,2025-06-16T00:00:00Z,100.0,76.37,75.62,48,100,0.03
10909,122,2025-06-17T00:00:00Z,93.67,68.13,58.59,36,100,0.03
10910,122,2025-06-18T00:00:00Z,93.5,91.14,61.37,45,100,0.02
10911,122,2025-06-19T00:00:00Z,82.63,100.0,61.29,39,98,0.02
10912,122,2025-06-20T00:00:00Z,83.06,99.77,61.63,39,100,0.02
10913,122,2025-06-21T00:00:00Z,81.36,74.84,67.88,38,96,0.05
10914,122,2025-06-22T00:00:00Z,100.0,87.43,67.63,36,98,0.01
10915,122,2025-06-23T00:00:00Z,97.72,86.11,70.32,39,100,0.01
10916,122,2025-06-24T00:00:00Z,91.03,79.51,67.87,39,100,0.02
10917,122,2025-06-25T00:00:00Z,100.0,71.9,53.44,42,98,0.03
10918,122,2025-06-26T00:00:00Z,93.66,96.82,53.69,39,98,0.01
10919,122,2025-06-27T00:00:00Z,88.2,100.0,58.01,39,100,0.01
10920,122,2025-06-28T00:00:00Z,98.26,100.0,73.54,36,94,0.01
10921,122,2025-06-29T00:00:00Z,95.32,100.0,66.42,36,100,0.01
10922,122,2025-06-30T00:00:00Z,85.61,82.64,57.93,39,98,0.03
10923,122,2025-07-01T00:00:00Z,92.24,66.25,55.22,39,94,0.05
10924,122,2025-07-02T00:00:00Z,99.79,81.83,72.58,42,100,0.02
10925,122,2025-07-03T00:00:00Z,100.0,91.34,55.42,42,98,0.01
10926,122,2025-07-04T00:00:00Z,100.0,80.03,58.75,39,100,0.01
10927,122,2025-07-05T00:00:00Z,90.53,47.0,54.45,36,98,0.08
10928,122,2025-07-06T00:00:00Z,97.71,99.78,69.49,36,100,0.01
10929,122,2025-07-07T00:00:00Z,99.77,47.0,69.57,39,98,0.06
10930,122,2025-07-08T00:00:00Z,86.18,100.0,54.7,42,98,0.02
10931,122,2025-07-09T00:00:00Z,96.09,78.84,54.16,36,100,0.02
10932,122,2025-07-10T00:00:00Z,97.69,97.94,53.7,38,100,0.01
10933,122,2025-07-11T00:00:00Z,93.76,79.93,59.0,44,98,0.03
10934,122,2025-07-12T00:00:00Z,91.1,100.0,56.74,36,100,0.01
10935,122,2025-07-13T00:00:00Z,100.0,99.58,69.47,39,100,0.01
10936,122,2025-07-14T00:00:00Z,94.25,57.35,53.92,41,100,0.05
10937,122,2025-07-15T00:00:00Z,86.84,63.5,53.06,42,100,0.06
10938,122,2025-07-16T00:00:00Z,93.36,94.43,68.29,36,98,0.01
10939,122,2025-07-17T00:00:00Z,100.0,73.31,71.31,42,96,0.03
10940,122,2025-07-18T00:00:00Z,98.17,86.76,60.27,36,100,0.01
10941,122,2025-07-19T00:00:00Z,100.0,67.22,60.0,36,100,0.02
10942,122,2025-07-20T00:00:00Z,100.0,57.1,55.16,36,100,0.03
10943,122,2025-07-21T00:00:00Z,93.11,100.0,73.43,39,98,0.01
10944,122,2025-07-22T00:00:00Z,100.0,95.52,66.71,43,96,0.01
10945,122,2025-07-23T00:00:00Z,93.76,94.92,63.12,39,100,0.01
10946,122,2025-07-24T00:00:00Z,91.79,64.78,58.29,39,100,0.04
10947,122,2025-07-25T00:00:00Z,100.0,81.15,73.89,39,98,0.01
10948,122,2025-07-26T00:00:00Z,100.0,75.96,52.71,39,100,0.02
10949,122,2025-07-27T00:00:00Z,89.33,83.28,56.45,42,93,0.04
10950,122,2025-07-28T00:00:00Z,100.0,83.74,72.96,39,95,0.02
10951,122,2025-07-29T00:00:00Z,84.58,0.0,36.38,100,22,93.53
10952,122,2025-07-30T00:00:00Z,82.19,0.0,34.79,100,0,98.0
10953,122,2025-07-31T00:00:00Z,82.29,0.0,35.35,100,0,97.99
10954,122,2025-08-01T00:00:00Z,79.46,0.0,35.14,100,0,98.25
10955,122,2025-08-02T00:00:00Z,80.46,0.0,35.56,100,0,98.16
10956,122,2025-08-03T00:00:00Z,95.69,0.98,34.02,80,64,22.73
10957,122,2025-08-04T00:00:00Z,100.0,100.0,72.82,36,100,0.01
10958,122,2025-08-05T00:00:00Z,91.28,38.87,12.06,68,56,5.53
10959,122,2025-08-06T00:00:00Z,77.98,0.0,25.42,100,0,98.37
10960,122,2025-08-07T00:00:00Z,77.49,0.0,26.46,100,0,98.41
10961,122,2025-08-08T00:00:00Z,79.48,0.0,25.83,100,0,98.25
10962,122,2025-08-09T00:00:00Z,79.66,0.0,21.04,100,0,98.23
10963,122,2025-08-10T00:00:00Z,78.52,0.0,21.46,100,0,98.33
10964,122,2025-08-11T00:00:00Z,78.98,0.0,25.35,100,0,98.29
10965,122,2025-08-12T00:00:00Z,78.2,0.0,25.42,100,0,98.35
10966,122,2025-08-13T00:00:00Z,86.26,0.0,29.07,100,0,97.56
10967,122,2025-08-14T00:00:00Z,100.0,91.59,71.85,36,100,0.01
10968,122,2025-08-15T00:00:00Z,87.63,0.0,36.43,100,0,97.39
10969,122,2025-08-16T00:00:00Z,82.12,0.0,35.07,100,0,98.0
10970,122,2025-08-17T00:00:00Z,81.14,0.0,34.17,100,0,98.1
10971,122,2025-08-18T00:00:00Z,81.55,0.0,34.65,100,0,98.06
10972,122,2025-08-19T00:00:00Z,80.73,0.0,34.17,100,0,98.14
10973,122,2025-08-20T00:00:00Z,93.72,61.07,30.62,74,53,3.43
10974,122,2025-08-21T00:00:00Z,100.0,98.17,59.56,36,100,0.01
10975,122,2025-08-22T00:00:00Z,84.56,0.0,37.52,100,25,92.57
10976,122,2025-08-23T00:00:00Z,81.57,0.0,35.35,100,0,98.06
10977,122,2025-08-24T00:00:00Z,81.25,0.0,35.14,100,0,98.09
10978,122,2025-08-25T00:00:00Z,98.24,29.21,27.04,79,85,2.68
10979,122,2025-08-26T00:00:00Z,96.93,38.54,40.23,100,56,23.36
10980,122,2025-08-27T00:00:00Z,81.78,0.0,34.93,100,0,98.04
10981,123,2025-05-30T00:00:00Z,95.71,78.48,74.37,30,100,0.01
10982,123,2025-05-31T00:00:00Z,94.92,95.91,72.75,30,100,0.01
10983,123,2025-06-01T00:00:00Z,81.68,100.0,70.84,30,100,0.01
10984,123,2025-06-02T00:00:00Z,100.0,100.0,55.55,30,100,0.0
10985,123,2025-06-03T00:00:00Z,86.29,100.0,55.63,32,100,0.01
10986,123,2025-06-04T00:00:00Z,92.44,83.76,57.57,30,100,0.01
10987,123,2025-06-05T00:00:00Z,83.56,100.0,54.32,30,100,0.01
10988,123,2025-06-06T00:00:00Z,89.79,82.75,57.34,30,98,0.01
10989,123,2025-06-07T00:00:00Z,100.0,80.84,56.54,30,96,0.01
10990,123,2025-06-08T00:00:00Z,71.85,94.46,61.59,33,100,0.02
10991,123,2025-06-09T00:00:00Z,85.18,83.6,53.57,30,100,0.02
10992,123,2025-06-10T00:00:00Z,74.43,74.59,54.46,32,100,0.04
10993,123,2025-06-11T00:00:00Z,94.77,89.58,57.3,30,100,0.01
10994,123,2025-06-12T00:00:00Z,87.01,98.78,72.07,30,100,0.01
10995,123,2025-06-13T00:00:00Z,97.84,100.0,74.09,30,100,0.0
10996,123,2025-06-14T00:00:00Z,100.0,100.0,74.82,30,100,0.0
10997,123,2025-06-15T00:00:00Z,87.37,100.0,62.0,30,100,0.01
10998,123,2025-06-16T00:00:00Z,84.11,94.49,52.9,30,100,0.01
10999,123,2025-06-17T00:00:00Z,100.0,90.86,71.55,30,100,0.01
11000,123,2025-06-18T00:00:00Z,92.44,77.85,55.34,36,95,0.02
11001,123,2025-06-19T00:00:00Z,100.0,100.0,74.09,30,98,0.0
11002,123,2025-06-20T00:00:00Z,87.96,91.17,54.32,30,98,0.01
11003,123,2025-06-21T00:00:00Z,100.0,100.0,58.63,30,100,0.0
11004,123,2025-06-22T00:00:00Z,81.86,97.7,67.26,30,100,0.01
11005,123,2025-06-23T00:00:00Z,88.25,75.73,59.35,30,98,0.02
11006,123,2025-06-24T00:00:00Z,84.22,100.0,59.88,33,100,0.01
11007,123,2025-06-25T00:00:00Z,100.0,100.0,58.41,33,100,0.0
11008,123,2025-06-26T00:00:00Z,100.0,100.0,65.32,30,100,0.0
11009,123,2025-06-27T00:00:00Z,97.87,92.33,61.9,33,100,0.01
11010,123,2025-06-28T00:00:00Z,80.29,100.0,71.66,30,100,0.01
11011,123,2025-06-29T00:00:00Z,85.28,79.35,55.51,33,100,0.02
11012,123,2025-06-30T00:00:00Z,82.37,85.88,55.03,30,100,0.02
11013,123,2025-07-01T00:00:00Z,92.62,100.0,53.27,30,100,0.01
11014,123,2025-07-02T00:00:00Z,100.0,90.02,57.37,30,100,0.01
11015,123,2025-07-03T00:00:00Z,97.31,91.52,66.6,30,98,0.01
11016,123,2025-07-04T00:00:00Z,100.0,94.35,69.15,30,100,0.0
11017,123,2025-07-05T00:00:00Z,97.17,94.08,63.08,30,100,0.01
11018,123,2025-07-06T00:00:00Z,95.51,95.63,72.52,30,100,0.01
11019,123,2025-07-07T00:00:00Z,82.73,82.82,67.57,33,100,0.02
11020,123,2025-07-08T00:00:00Z,100.0,98.85,75.3,30,100,0.0
11021,123,2025-07-09T00:00:00Z,100.0,94.12,76.85,33,98,0.01
11022,123,2025-07-10T00:00:00Z,93.85,100.0,60.8,32,98,0.01
11023,123,2025-07-11T00:00:00Z,88.56,100.0,74.14,30,95,0.01
11024,123,2025-07-12T00:00:00Z,97.78,96.08,64.37,30,100,0.0
11025,123,2025-07-13T00:00:00Z,100.0,100.0,68.2,30,100,0.0
11026,123,2025-07-14T00:00:00Z,92.45,100.0,76.34,30,100,0.01
11027,123,2025-07-15T00:00:00Z,89.62,100.0,55.21,30,100,0.01
11028,123,2025-07-16T00:00:00Z,100.0,73.96,69.38,30,100,0.01
11029,123,2025-07-17T00:00:00Z,98.04,90.65,61.79,30,100,0.01
11030,123,2025-07-18T00:00:00Z,100.0,100.0,54.06,30,100,0.0
11031,123,2025-07-19T00:00:00Z,80.52,100.0,63.81,30,100,0.01
11032,123,2025-07-20T00:00:00Z,100.0,100.0,69.46,35,100,0.01
11033,123,2025-07-21T00:00:00Z,92.96,78.74,65.3,30,98,0.01
11034,123,2025-07-22T00:00:00Z,99.32,100.0,62.32,30,100,0.0
11035,123,2025-07-23T00:00:00Z,98.42,100.0,66.53,33,96,0.01
11036,123,2025-07-24T00:00:00Z,85.12,100.0,65.1,30,94,0.01
11037,123,2025-07-25T00:00:00Z,98.85,89.68,61.05,30,98,0.01
11038,123,2025-07-26T00:00:00Z,88.09,100.0,61.4,30,100,0.01
11039,123,2025-07-27T00:00:00Z,100.0,95.45,59.09,33,100,0.01
11040,123,2025-07-28T00:00:00Z,91.97,97.14,74.71,30,100,0.01
11041,123,2025-07-29T00:00:00Z,97.22,94.94,66.48,30,100,0.01
11042,123,2025-07-30T00:00:00Z,93.56,66.74,26.83,48,69,0.27
11043,123,2025-07-31T00:00:00Z,77.98,21.16,25.35,77,6,82.84
11044,123,2025-08-01T00:00:00Z,78.41,38.53,25.42,90,22,69.81
11045,123,2025-08-02T00:00:00Z,76.3,0.0,21.6,88,50,72.42
11046,123,2025-08-03T00:00:00Z,78.48,5.22,22.15,92,0,96.73
11047,123,2025-08-04T00:00:00Z,87.2,0.0,25.58,51,59,9.54
11048,123,2025-08-05T00:00:00Z,93.12,85.46,21.25,42,81,0.05
11049,123,2025-08-06T00:00:00Z,76.93,0.0,24.93,78,0,94.45
11050,123,2025-08-07T00:00:00Z,77.91,22.53,24.93,72,0,82.11
11051,123,2025-08-08T00:00:00Z,78.02,0.0,25.83,79,26,82.33
11052,123,2025-08-09T00:00:00Z,74.94,4.04,21.67,98,58,74.48
11053,123,2025-08-10T00:00:00Z,84.7,17.23,23.44,57,43,16.05
11054,123,2025-08-11T00:00:00Z,89.56,45.34,36.09,55,77,0.78
11055,123,2025-08-12T00:00:00Z,91.64,47.92,34.4,65,60,2.66
11056,123,2025-08-13T00:00:00Z,100.0,79.97,69.8,30,100,0.01
11057,123,2025-08-14T00:00:00Z,91.11,80.39,35.81,52,72,0.19
11058,123,2025-08-15T00:00:00Z,81.69,80.57,34.93,68,40,3.81
11059,123,2025-08-16T00:00:00Z,81.86,0.0,34.65,82,43,66.31
11060,123,2025-08-17T00:00:00Z,81.25,6.7,34.58,100,26,91.45
11061,123,2025-08-18T00:00:00Z,80.43,22.7,33.61,76,56,23.7
11062,123,2025-08-19T00:00:00Z,80.54,16.24,33.96,66,50,22.85
11063,123,2025-08-20T00:00:00Z,82.57,9.03,35.76,93,36,78.42
11064,123,2025-08-21T00:00:00Z,81.86,0.0,34.93,84,36,75.9
11065,123,2025-08-22T00:00:00Z,88.7,34.72,35.47,54,62,2.45
11066,123,2025-08-23T00:00:00Z,97.71,100.0,66.48,30,100,0.0
11067,123,2025-08-24T00:00:00Z,81.74,28.94,35.41,90,19,76.95
11068,123,2025-08-25T00:00:00Z,82.07,0.0,34.31,78,13,87.29
11069,123,2025-08-26T00:00:00Z,80.47,6.17,33.96,74,16,79.74
11070,123,2025-08-27T00:00:00Z,81.04,0.0,34.31,88,30,84.92
11071,124,2025-05-30T00:00:00Z,100.0,100.0,61.47,30,100,0.0
11072,124,2025-05-31T00:00:00Z,99.73,99.61,70.04,30,100,0.0
11073,124,2025-06-01T00:00:00Z,85.57,100.0,59.6,30,100,0.01
11074,124,2025-06-02T00:00:00Z,78.18,100.0,53.55,33,100,0.01
11075,124,2025-06-03T00:00:00Z,100.0,100.0,69.89,30,100,0.0
11076,124,2025-06-04T00:00:00Z,93.23,100.0,72.29,30,100,0.01
11077,124,2025-06-05T00:00:00Z,82.5,97.7,62.9,30,100,0.01
11078,124,2025-06-06T00:00:00Z,87.72,100.0,64.23,30,100,0.01
11079,124,2025-06-07T00:00:00Z,97.33,100.0,68.93,30,98,0.0
11080,124,2025-06-08T00:00:00Z,78.27,91.58,53.05,30,100,0.02
11081,124,2025-06-09T00:00:00Z,91.01,85.17,57.99,30,100,0.01
11082,124,2025-06-10T00:00:00Z,100.0,100.0,58.71,30,95,0.0
11083,124,2025-06-11T00:00:00Z,83.85,85.44,55.63,30,95,0.02
11084,124,2025-06-12T00:00:00Z,100.0,100.0,57.53,30,100,0.0
11085,124,2025-06-13T00:00:00Z,70.88,87.39,57.57,30,100,0.03
11086,124,2025-06-14T00:00:00Z,95.03,100.0,56.63,30,100,0.0
11087,124,2025-06-15T00:00:00Z,86.89,61.8,60.94,30,100,0.03
11088,124,2025-06-16T00:00:00Z,98.59,81.85,60.22,30,100,0.01
11089,124,2025-06-17T00:00:00Z,92.17,88.97,74.44,33,100,0.01
11090,124,2025-06-18T00:00:00Z,98.17,100.0,54.83,30,100,0.0
11091,124,2025-06-19T00:00:00Z,69.37,100.0,56.1,30,100,0.02
11092,124,2025-06-20T00:00:00Z,100.0,97.07,61.65,30,100,0.0
11093,124,2025-06-21T00:00:00Z,100.0,98.58,54.95,33,100,0.0
11094,124,2025-06-22T00:00:00Z,88.0,100.0,58.66,30,98,0.01
11095,124,2025-06-23T00:00:00Z,98.85,83.92,67.86,36,100,0.01
11096,124,2025-06-24T00:00:00Z,100.0,88.39,69.28,30,100,0.01
11097,124,2025-06-25T00:00:00Z,100.0,100.0,59.46,30,100,0.0
11098,124,2025-06-26T00:00:00Z,100.0,99.29,71.65,30,100,0.0
11099,124,2025-06-27T00:00:00Z,79.47,82.82,53.68,30,100,0.02
11100,124,2025-06-28T00:00:00Z,92.14,98.92,67.72,30,100,0.01
11101,124,2025-06-29T00:00:00Z,100.0,91.32,72.47,30,98,0.01
11102,124,2025-06-30T00:00:00Z,100.0,90.52,68.44,32,100,0.01
11103,124,2025-07-01T00:00:00Z,91.36,100.0,52.89,30,100,0.01
11104,124,2025-07-02T00:00:00Z,100.0,78.95,53.98,30,100,0.01
11105,124,2025-07-03T00:00:00Z,100.0,92.46,53.45,33,98,0.01
11106,124,2025-07-04T00:00:00Z,90.11,81.02,75.08,33,100,0.02
11107,124,2025-07-05T00:00:00Z,100.0,87.64,72.81,30,100,0.01
11108,124,2025-07-06T00:00:00Z,100.0,61.6,53.69,30,100,0.02
11109,124,2025-07-07T00:00:00Z,94.02,92.15,68.76,30,100,0.01
11110,124,2025-07-08T00:00:00Z,80.7,96.25,62.27,30,100,0.01
11111,124,2025-07-09T00:00:00Z,94.35,95.44,71.46,35,100,0.01
11112,124,2025-07-10T00:00:00Z,89.33,75.63,59.57,30,100,0.02
11113,124,2025-07-11T00:00:00Z,100.0,83.05,54.54,30,100,0.01
11114,124,2025-07-12T00:00:00Z,98.21,100.0,53.17,30,100,0.0
11115,124,2025-07-13T00:00:00Z,100.0,100.0,53.57,30,100,0.0
11116,124,2025-07-14T00:00:00Z,100.0,100.0,57.57,32,100,0.0
11117,124,2025-07-15T00:00:00Z,100.0,84.72,56.53,32,100,0.01
11118,124,2025-07-16T00:00:00Z,87.29,97.1,56.43,30,98,0.01
11119,124,2025-07-17T00:00:00Z,100.0,90.48,56.17,30,98,0.01
11120,124,2025-07-18T00:00:00Z,100.0,100.0,60.47,30,100,0.0
11121,124,2025-07-19T00:00:00Z,97.34,91.15,74.15,32,100,0.01
11122,124,2025-07-20T00:00:00Z,100.0,100.0,76.54,30,100,0.0
11123,124,2025-07-21T00:00:00Z,81.8,76.29,58.87,30,100,0.02
11124,124,2025-07-22T00:00:00Z,100.0,100.0,72.97,30,100,0.0
11125,124,2025-07-23T00:00:00Z,97.99,95.21,62.2,33,100,0.01
11126,124,2025-07-24T00:00:00Z,87.46,88.64,63.69,30,100,0.01
11127,124,2025-07-25T00:00:00Z,89.18,78.75,75.35,30,100,0.01
11128,124,2025-07-26T00:00:00Z,94.72,57.17,61.92,30,100,0.03
11129,124,2025-07-27T00:00:00Z,100.0,87.23,66.9,30,100,0.01
11130,124,2025-07-28T00:00:00Z,93.89,100.0,70.34,30,100,0.01
11131,124,2025-07-29T00:00:00Z,86.67,21.58,38.0,50,45,7.97
11132,124,2025-07-30T00:00:00Z,81.54,0.0,35.21,65,2,84.85
11133,124,2025-07-31T00:00:00Z,81.41,5.19,35.56,62,29,49.8
11134,124,2025-08-01T00:00:00Z,81.72,13.15,34.37,77,0,88.16
11135,124,2025-08-02T00:00:00Z,80.71,0.0,34.72,93,0,97.19
11136,124,2025-08-03T00:00:00Z,83.39,0.0,34.31,67,22,67.93
11137,124,2025-08-04T00:00:00Z,81.47,7.83,35.49,100,59,66.0
11138,124,2025-08-05T00:00:00Z,80.66,19.91,34.34,94,23,84.03
11139,124,2025-08-06T00:00:00Z,87.02,90.05,54.85,33,100,0.01
11140,124,2025-08-07T00:00:00Z,80.61,15.65,35.14,92,10,91.4
11141,124,2025-08-08T00:00:00Z,80.83,35.84,34.93,56,36,12.84
11142,124,2025-08-09T00:00:00Z,80.74,40.95,33.96,58,48,6.95
11143,124,2025-08-10T00:00:00Z,81.89,0.0,34.37,73,27,71.82
11144,124,2025-08-11T00:00:00Z,81.3,48.24,33.82,72,53,8.91
11145,124,2025-08-12T00:00:00Z,80.81,0.52,34.93,100,38,88.48
11146,124,2025-08-13T00:00:00Z,81.46,33.52,35.62,59,53,7.42
11147,124,2025-08-14T00:00:00Z,80.96,8.59,34.37,77,55,37.25
11148,124,2025-08-15T00:00:00Z,80.22,17.4,34.58,79,31,61.85
11149,124,2025-08-16T00:00:00Z,93.25,78.73,36.97,41,79,0.07
11150,124,2025-08-17T00:00:00Z,79.94,46.06,34.37,76,27,34.76
11151,124,2025-08-18T00:00:00Z,79.32,3.04,33.68,89,49,69.05
11152,124,2025-08-19T00:00:00Z,80.79,0.0,35.0,73,0,91.22
11153,124,2025-08-20T00:00:00Z,80.41,14.67,34.31,78,15,78.96
11154,124,2025-08-21T00:00:00Z,80.74,0.0,34.86,89,23,89.59
11155,124,2025-08-22T00:00:00Z,88.86,70.94,33.02,61,31,4.03
11156,124,2025-08-23T00:00:00Z,69.3,100.0,55.32,30,100,0.02
11157,124,2025-08-24T00:00:00Z,89.62,66.94,35.42,39,77,0.13
11158,124,2025-08-25T00:00:00Z,81.63,18.45,35.07,74,43,37.06
11159,124,2025-08-26T00:00:00Z,81.29,35.52,33.89,66,50,11.66
11160,124,2025-08-27T00:00:00Z,80.54,57.13,35.35,63,77,1.23
11161,125,2025-05-30T00:00:00Z,92.58,95.8,75.76,30,100,0.01
11162,125,2025-05-31T00:00:00Z,100.0,99.36,65.18,33,100,0.0
11163,125,2025-06-01T00:00:00Z,97.29,86.39,70.62,33,100,0.01
11164,125,2025-06-02T00:00:00Z,94.57,92.69,54.57,30,96,0.01
11165,125,2025-06-03T00:00:00Z,99.57,55.0,60.27,36,100,0.03
11166,125,2025-06-04T00:00:00Z,100.0,100.0,55.2,30,98,0.0
11167,125,2025-06-05T00:00:00Z,96.27,75.07,52.81,33,98,0.02
11168,125,2025-06-06T00:00:00Z,85.65,100.0,56.49,36,100,0.01
11169,125,2025-06-07T00:00:00Z,91.95,95.32,54.95,30,100,0.01
11170,125,2025-06-08T00:00:00Z,97.57,84.95,63.78,30,100,0.01
11171,125,2025-06-09T00:00:00Z,96.5,69.68,64.84,30,100,0.01
11172,125,2025-06-10T00:00:00Z,96.89,71.31,63.03,33,100,0.02
11173,125,2025-06-11T00:00:00Z,84.29,96.26,62.75,30,96,0.01
11174,125,2025-06-12T00:00:00Z,100.0,94.71,71.31,30,100,0.0
11175,125,2025-06-13T00:00:00Z,90.56,100.0,72.73,33,100,0.01
11176,125,2025-06-14T00:00:00Z,93.43,100.0,53.28,33,100,0.01
11177,125,2025-06-15T00:00:00Z,99.44,85.83,76.45,33,100,0.01
11178,125,2025-06-16T00:00:00Z,88.74,79.72,62.73,30,100,0.01
11179,125,2025-06-17T00:00:00Z,89.68,79.38,55.44,33,95,0.02
11180,125,2025-06-18T00:00:00Z,71.45,83.4,57.55,33,98,0.04
11181,125,2025-06-19T00:00:00Z,95.8,87.33,57.93,30,100,0.01
11182,125,2025-06-20T00:00:00Z,90.08,82.19,53.22,30,100,0.01
11183,125,2025-06-21T00:00:00Z,100.0,93.62,70.62,30,100,0.0
11184,125,2025-06-22T00:00:00Z,90.05,79.95,58.16,30,98,0.02
11185,125,2025-06-23T00:00:00Z,95.56,100.0,68.39,30,100,0.0
11186,125,2025-06-24T00:00:00Z,78.41,100.0,52.66,30,100,0.01
11187,125,2025-06-25T00:00:00Z,90.07,92.38,71.45,33,98,0.01
11188,125,2025-06-26T00:00:00Z,99.92,77.53,58.28,30,100,0.01
11189,125,2025-06-27T00:00:00Z,100.0,92.91,55.56,30,100,0.0
11190,125,2025-06-28T00:00:00Z,96.59,89.79,74.52,30,100,0.01
11191,125,2025-06-29T00:00:00Z,100.0,86.21,70.58,30,100,0.01
11192,125,2025-06-30T00:00:00Z,89.58,90.43,69.61,30,100,0.01
11193,125,2025-07-01T00:00:00Z,92.74,67.3,64.79,33,98,0.03
11194,125,2025-07-02T00:00:00Z,96.89,100.0,70.62,38,98,0.01
11195,125,2025-07-03T00:00:00Z,95.43,66.48,58.88,30,100,0.02
11196,125,2025-07-04T00:00:00Z,100.0,82.69,53.56,33,98,0.01
11197,125,2025-07-05T00:00:00Z,85.1,84.53,75.02,36,98,0.02
11198,125,2025-07-06T00:00:00Z,100.0,79.36,58.15,33,98,0.01
11199,125,2025-07-07T00:00:00Z,73.31,90.03,67.71,30,100,0.02
11200,125,2025-07-08T00:00:00Z,100.0,100.0,64.05,30,100,0.0
11201,125,2025-07-09T00:00:00Z,93.93,100.0,59.05,30,98,0.01
11202,125,2025-07-10T00:00:00Z,77.8,99.41,52.74,30,98,0.01
11203,125,2025-07-11T00:00:00Z,89.75,80.31,64.02,30,100,0.01
11204,125,2025-07-12T00:00:00Z,100.0,84.98,76.17,30,100,0.01
11205,125,2025-07-13T00:00:00Z,100.0,99.49,58.06,30,98,0.0
11206,125,2025-07-14T00:00:00Z,98.44,99.55,58.79,30,100,0.0
11207,125,2025-07-15T00:00:00Z,95.7,86.98,64.13,36,100,0.01
11208,125,2025-07-16T00:00:00Z,87.42,98.66,68.96,30,100,0.01
11209,125,2025-07-17T00:00:00Z,96.32,100.0,64.7,36,100,0.01
11210,125,2025-07-18T00:00:00Z,100.0,100.0,59.13,30,100,0.0
11211,125,2025-07-19T00:00:00Z,99.93,92.78,67.88,30,100,0.0
11212,125,2025-07-20T00:00:00Z,100.0,91.88,55.33,30,96,0.01
11213,125,2025-07-21T00:00:00Z,100.0,87.6,72.03,30,96,0.01
11214,125,2025-07-22T00:00:00Z,97.72,85.71,54.04,35,100,0.01
11215,125,2025-07-23T00:00:00Z,100.0,100.0,56.13,30,98,0.0
11216,125,2025-07-24T00:00:00Z,73.57,82.34,61.71,36,100,0.04
11217,125,2025-07-25T00:00:00Z,82.56,100.0,64.68,33,98,0.01
11218,125,2025-07-26T00:00:00Z,100.0,100.0,58.59,30,98,0.0
11219,125,2025-07-27T00:00:00Z,86.7,98.52,67.95,30,100,0.01
11220,125,2025-07-28T00:00:00Z,91.62,83.17,55.21,30,95,0.01
11221,125,2025-07-29T00:00:00Z,86.71,0.0,38.0,100,47,78.82
11222,125,2025-07-30T00:00:00Z,85.12,0.0,35.37,100,0,97.69
11223,125,2025-07-31T00:00:00Z,94.74,95.73,72.8,35,100,0.01
11224,125,2025-08-01T00:00:00Z,84.02,0.0,35.47,100,27,92.05
11225,125,2025-08-02T00:00:00Z,81.66,0.0,35.28,100,5,97.51
11226,125,2025-08-03T00:00:00Z,81.33,0.0,35.35,100,0,98.08
11227,125,2025-08-04T00:00:00Z,81.02,0.0,34.37,100,0,98.11
11228,125,2025-08-05T00:00:00Z,80.08,0.0,34.44,100,0,98.19
11229,125,2025-08-06T00:00:00Z,97.24,46.07,28.89,49,73,0.44
11230,125,2025-08-07T00:00:00Z,91.32,74.94,72.74,30,100,0.02
11231,125,2025-08-08T00:00:00Z,85.8,0.0,35.19,91,9,93.82
11232,125,2025-08-09T00:00:00Z,93.82,20.97,33.9,58,51,6.91
11233,125,2025-08-10T00:00:00Z,88.29,2.51,35.82,100,37,83.69
11234,125,2025-08-11T00:00:00Z,79.22,0.0,34.31,100,0,98.27
11235,125,2025-08-12T00:00:00Z,81.62,0.0,33.75,100,18,95.34
11236,125,2025-08-13T00:00:00Z,82.26,0.0,34.79,100,37,88.46
11237,125,2025-08-14T00:00:00Z,80.54,0.0,35.69,100,28,92.91
11238,125,2025-08-15T00:00:00Z,80.54,0.0,34.17,100,43,86.09
11239,125,2025-08-16T00:00:00Z,81.79,0.0,34.44,100,0,98.04
11240,125,2025-08-17T00:00:00Z,80.64,0.0,33.75,100,16,95.96
11241,125,2025-08-18T00:00:00Z,94.5,76.24,32.41,45,67,0.16
11242,125,2025-08-19T00:00:00Z,91.44,79.73,73.62,33,100,0.02
11243,125,2025-08-20T00:00:00Z,80.73,0.0,34.88,100,0,98.14
11244,125,2025-08-21T00:00:00Z,81.95,0.0,34.79,100,0,98.02
11245,125,2025-08-22T00:00:00Z,80.84,0.0,34.31,100,0,98.13
11246,125,2025-08-23T00:00:00Z,81.31,0.0,34.31,100,0,98.08
11247,125,2025-08-24T00:00:00Z,81.97,0.0,34.93,100,0,98.02
11248,125,2025-08-25T00:00:00Z,80.66,0.0,34.58,100,0,98.14
11249,125,2025-08-26T00:00:00Z,80.62,0.0,33.89,100,3,97.85
11250,125,2025-08-27T00:00:00Z,80.72,0.0,33.61,100,0,98.14
11251,126,2025-05-30T00:00:00Z,100.0,72.5,68.0,33,100,0.01
11252,126,2025-05-31T00:00:00Z,94.95,100.0,71.63,30,100,0.0
11253,126,2025-06-01T00:00:00Z,100.0,91.16,62.95,30,100,0.01
11254,126,2025-06-02T00:00:00Z,86.95,96.73,58.37,33,96,0.01
11255,126,2025-06-03T00:00:00Z,100.0,94.37,74.07,33,98,0.01
11256,126,2025-06-04T00:00:00Z,96.26,100.0,58.99,30,98,0.0
11257,126,2025-06-05T00:00:00Z,99.5,87.98,54.15,30,100,0.01
11258,126,2025-06-06T00:00:00Z,98.92,98.25,61.47,30,100,0.0
11259,126,2025-06-07T00:00:00Z,90.18,100.0,54.57,30,100,0.01
11260,126,2025-06-08T00:00:00Z,91.28,100.0,63.39,33,100,0.01
11261,126,2025-06-09T00:00:00Z,79.46,76.61,56.6,30,100,0.03
11262,126,2025-06-10T00:00:00Z,100.0,100.0,65.83,30,100,0.0
11263,126,2025-06-11T00:00:00Z,93.55,100.0,71.13,30,94,0.01
11264,126,2025-06-12T00:00:00Z,79.35,100.0,62.53,35,100,0.01
11265,126,2025-06-13T00:00:00Z,100.0,75.9,56.47,30,100,0.01
11266,126,2025-06-14T00:00:00Z,86.74,97.47,71.14,32,100,0.01
11267,126,2025-06-15T00:00:00Z,100.0,64.46,68.98,30,100,0.02
11268,126,2025-06-16T00:00:00Z,100.0,100.0,65.78,30,96,0.0
11269,126,2025-06-17T00:00:00Z,92.6,100.0,74.94,32,96,0.01
11270,126,2025-06-18T00:00:00Z,99.47,91.75,64.25,30,100,0.01
11271,126,2025-06-19T00:00:00Z,97.76,100.0,62.18,30,100,0.0
11272,126,2025-06-20T00:00:00Z,100.0,74.7,59.98,30,100,0.01
11273,126,2025-06-21T00:00:00Z,100.0,91.08,55.06,30,100,0.01
11274,126,2025-06-22T00:00:00Z,86.28,97.09,57.72,30,100,0.01
11275,126,2025-06-23T00:00:00Z,84.41,80.06,64.89,30,100,0.02
11276,126,2025-06-24T00:00:00Z,81.62,100.0,53.15,30,100,0.01
11277,126,2025-06-25T00:00:00Z,95.28,90.03,54.58,35,100,0.01
11278,126,2025-06-26T00:00:00Z,88.59,100.0,69.75,30,100,0.01
11279,126,2025-06-27T00:00:00Z,100.0,100.0,66.17,30,100,0.0
11280,126,2025-06-28T00:00:00Z,87.53,97.32,57.18,32,95,0.01
11281,126,2025-06-29T00:00:00Z,100.0,100.0,70.2,30,100,0.0
11282,126,2025-06-30T00:00:00Z,87.15,100.0,63.03,33,100,0.01
11283,126,2025-07-01T00:00:00Z,100.0,87.04,61.52,30,100,0.01
11284,126,2025-07-02T00:00:00Z,100.0,88.56,72.23,33,100,0.01
11285,126,2025-07-03T00:00:00Z,95.32,75.57,58.81,30,96,0.02
11286,126,2025-07-04T00:00:00Z,80.08,65.54,58.36,30,100,0.04
11287,126,2025-07-05T00:00:00Z,96.25,100.0,58.12,30,100,0.0
11288,126,2025-07-06T00:00:00Z,98.12,87.82,76.6,30,100,0.01
11289,126,2025-07-07T00:00:00Z,71.63,88.1,56.62,30,100,0.02
11290,126,2025-07-08T00:00:00Z,77.82,95.83,62.44,30,100,0.01
11291,126,2025-07-09T00:00:00Z,100.0,78.86,52.79,30,100,0.01
11292,126,2025-07-10T00:00:00Z,100.0,100.0,69.59,33,100,0.0
11293,126,2025-07-11T00:00:00Z,100.0,100.0,59.4,30,100,0.0
11294,126,2025-07-12T00:00:00Z,100.0,85.4,58.2,30,100,0.01
11295,126,2025-07-13T00:00:00Z,87.31,95.19,58.74,30,98,0.01
11296,126,2025-07-14T00:00:00Z,95.0,100.0,53.27,36,100,0.01
11297,126,2025-07-15T00:00:00Z,82.0,100.0,69.61,32,100,0.01
11298,126,2025-07-16T00:00:00Z,89.55,100.0,52.84,30,95,0.01
11299,126,2025-07-17T00:00:00Z,85.65,100.0,52.8,30,100,0.01
11300,126,2025-07-18T00:00:00Z,90.96,100.0,66.9,35,100,0.01
11301,126,2025-07-19T00:00:00Z,89.1,100.0,57.3,30,98,0.01
11302,126,2025-07-20T00:00:00Z,100.0,94.07,74.96,30,100,0.0
11303,126,2025-07-21T00:00:00Z,100.0,57.34,62.01,30,98,0.02
11304,126,2025-07-22T00:00:00Z,100.0,97.48,74.11,32,100,0.0
11305,126,2025-07-23T00:00:00Z,89.87,78.04,64.65,30,100,0.01
11306,126,2025-07-24T00:00:00Z,96.51,53.4,60.44,35,98,0.04
11307,126,2025-07-25T00:00:00Z,99.73,88.18,57.41,32,100,0.01
11308,126,2025-07-26T00:00:00Z,83.29,89.14,63.04,30,98,0.01
11309,126,2025-07-27T00:00:00Z,87.43,100.0,53.74,33,100,0.01
11310,126,2025-07-28T00:00:00Z,100.0,100.0,56.51,30,100,0.0
11311,126,2025-07-29T00:00:00Z,86.05,25.43,36.95,87,65,20.6
11312,126,2025-07-30T00:00:00Z,95.95,31.53,36.24,58,85,0.79
11313,126,2025-07-31T00:00:00Z,89.6,100.0,58.58,30,98,0.01
11314,126,2025-08-01T00:00:00Z,81.27,51.02,26.37,75,34,21.34
11315,126,2025-08-02T00:00:00Z,79.01,0.0,22.15,100,1,98.2
11316,126,2025-08-03T00:00:00Z,77.0,11.01,22.01,85,23,84.02
11317,126,2025-08-04T00:00:00Z,75.64,43.91,25.28,84,35,43.83
11318,126,2025-08-05T00:00:00Z,79.32,0.0,25.97,77,30,76.03
11319,126,2025-08-06T00:00:00Z,79.37,0.0,25.9,88,14,93.16
11320,126,2025-08-07T00:00:00Z,77.73,38.73,25.76,91,7,84.22
11321,126,2025-08-08T00:00:00Z,78.22,22.47,26.32,74,17,68.57
11322,126,2025-08-09T00:00:00Z,97.63,85.29,10.0,32,91,0.01
11323,126,2025-08-10T00:00:00Z,92.76,88.93,54.87,36,100,0.01
11324,126,2025-08-11T00:00:00Z,85.3,29.02,35.61,83,28,53.85
11325,126,2025-08-12T00:00:00Z,83.0,13.47,35.28,79,24,70.08
11326,126,2025-08-13T00:00:00Z,94.53,43.64,32.22,43,77,0.32
11327,126,2025-08-14T00:00:00Z,80.12,1.04,34.51,82,52,56.77
11328,126,2025-08-15T00:00:00Z,80.99,25.49,34.86,83,43,44.05
11329,126,2025-08-16T00:00:00Z,79.95,0.0,35.42,100,43,86.44
11330,126,2025-08-17T00:00:00Z,80.26,23.45,35.0,85,18,77.71
11331,126,2025-08-18T00:00:00Z,82.14,34.41,35.21,98,29,72.04
11332,126,2025-08-19T00:00:00Z,83.15,31.15,34.65,60,41,13.55
11333,126,2025-08-20T00:00:00Z,79.15,28.07,33.75,90,38,60.33
11334,126,2025-08-21T00:00:00Z,85.3,0.0,34.46,100,17,94.71
11335,126,2025-08-22T00:00:00Z,72.62,78.03,61.07,33,95,0.05
11336,126,2025-08-23T00:00:00Z,95.57,69.44,41.52,32,83,0.04
11337,126,2025-08-24T00:00:00Z,82.31,7.25,34.79,67,9,76.21
11338,126,2025-08-25T00:00:00Z,81.6,0.0,35.21,93,0,97.07
11339,126,2025-08-26T00:00:00Z,85.98,13.9,32.97,87,16,82.71
11340,126,2025-08-27T00:00:00Z,66.63,87.34,57.72,30,100,0.03
11341,127,2025-05-30T00:00:00Z,94.53,73.06,55.18,36,96,0.03
11342,127,2025-05-31T00:00:00Z,100.0,95.89,75.57,36,98,0.01
11343,127,2025-06-01T00:00:00Z,89.06,100.0,55.83,45,100,0.02
11344,127,2025-06-02T00:00:00Z,91.05,72.5,72.84,36,98,0.03
11345,127,2025-06-03T00:00:00Z,100.0,100.0,66.09,36,100,0.01
11346,127,2025-06-04T00:00:00Z,100.0,68.24,69.98,42,95,0.03
11347,127,2025-06-05T00:00:00Z,95.45,94.81,64.26,44,100,0.01
11348,127,2025-06-06T00:00:00Z,98.55,67.94,63.68,42,100,0.03
11349,127,2025-06-07T00:00:00Z,92.11,85.26,57.57,39,100,0.02
11350,127,2025-06-08T00:00:00Z,78.62,67.61,65.51,36,100,0.06
11351,127,2025-06-09T00:00:00Z,100.0,89.34,57.31,36,100,0.01
11352,127,2025-06-10T00:00:00Z,100.0,98.64,70.87,41,100,0.01
11353,127,2025-06-11T00:00:00Z,92.28,100.0,54.44,36,98,0.01
11354,127,2025-06-12T00:00:00Z,90.55,93.28,56.12,39,100,0.01
11355,127,2025-06-13T00:00:00Z,97.33,61.18,64.32,39,96,0.04
11356,127,2025-06-14T00:00:00Z,97.63,100.0,70.47,36,100,0.01
11357,127,2025-06-15T00:00:00Z,84.53,93.67,55.85,39,98,0.02
11358,127,2025-06-16T00:00:00Z,92.52,60.56,67.62,36,100,0.04
11359,127,2025-06-17T00:00:00Z,100.0,100.0,55.32,39,100,0.01
11360,127,2025-06-18T00:00:00Z,94.46,78.66,66.79,39,100,0.02
11361,127,2025-06-19T00:00:00Z,95.45,55.0,68.54,36,93,0.06
11362,127,2025-06-20T00:00:00Z,97.36,100.0,61.8,39,96,0.01
11363,127,2025-06-21T00:00:00Z,86.94,66.54,59.11,36,100,0.04
11364,127,2025-06-22T00:00:00Z,97.31,91.67,53.87,36,100,0.01
11365,127,2025-06-23T00:00:00Z,96.84,66.11,54.63,39,98,0.03
11366,127,2025-06-24T00:00:00Z,87.06,74.12,53.68,39,98,0.04
11367,127,2025-06-25T00:00:00Z,100.0,75.69,58.75,36,100,0.01
11368,127,2025-06-26T00:00:00Z,86.02,100.0,58.3,39,100,0.01
11369,127,2025-06-27T00:00:00Z,100.0,94.03,67.82,36,100,0.01
11370,127,2025-06-28T00:00:00Z,88.53,55.0,56.32,39,100,0.07
11371,127,2025-06-29T00:00:00Z,81.98,58.47,72.7,39,98,0.09
11372,127,2025-06-30T00:00:00Z,89.46,88.34,60.23,38,96,0.02
11373,127,2025-07-01T00:00:00Z,100.0,72.35,69.07,39,98,0.02
11374,127,2025-07-02T00:00:00Z,82.79,95.31,58.39,39,100,0.02
11375,127,2025-07-03T00:00:00Z,100.0,92.43,75.85,42,100,0.01
11376,127,2025-07-04T00:00:00Z,87.25,73.58,67.33,36,100,0.03
11377,127,2025-07-05T00:00:00Z,93.43,85.76,69.3,36,100,0.01
11378,127,2025-07-06T00:00:00Z,95.68,64.07,66.61,39,100,0.03
11379,127,2025-07-07T00:00:00Z,100.0,100.0,59.65,36,100,0.01
11380,127,2025-07-08T00:00:00Z,100.0,95.33,61.52,39,100,0.01
11381,127,2025-07-09T00:00:00Z,100.0,61.2,76.56,36,98,0.03
11382,127,2025-07-10T00:00:00Z,80.36,85.96,76.24,36,100,0.02
11383,127,2025-07-11T00:00:00Z,93.97,82.35,53.71,36,100,0.01
11384,127,2025-07-12T00:00:00Z,97.32,100.0,59.71,36,100,0.01
11385,127,2025-07-13T00:00:00Z,95.9,82.96,53.82,36,98,0.01
11386,127,2025-07-14T00:00:00Z,100.0,100.0,65.54,39,100,0.01
11387,127,2025-07-15T00:00:00Z,87.44,86.14,75.56,36,100,0.02
11388,127,2025-07-16T00:00:00Z,96.78,100.0,61.72,36,98,0.01
11389,127,2025-07-17T00:00:00Z,92.99,92.17,58.74,39,96,0.02
11390,127,2025-07-18T00:00:00Z,100.0,63.59,62.4,39,96,0.03
11391,127,2025-07-19T00:00:00Z,100.0,100.0,64.2,45,95,0.01
11392,127,2025-07-20T00:00:00Z,94.39,77.3,54.65,39,98,0.02
11393,127,2025-07-21T00:00:00Z,96.94,83.3,53.59,45,100,0.02
11394,127,2025-07-22T00:00:00Z,82.73,79.89,56.75,36,98,0.03
11395,127,2025-07-23T00:00:00Z,98.01,80.25,64.69,36,98,0.01
11396,127,2025-07-24T00:00:00Z,86.24,66.65,57.14,42,100,0.06
11397,127,2025-07-25T00:00:00Z,98.77,98.77,72.86,38,100,0.01
11398,127,2025-07-26T00:00:00Z,93.04,83.16,55.96,42,98,0.02
11399,127,2025-07-27T00:00:00Z,85.46,72.63,54.56,42,98,0.05
11400,127,2025-07-28T00:00:00Z,95.37,85.99,59.74,36,98,0.01
11401,127,2025-07-29T00:00:00Z,85.76,0.0,30.86,100,36,87.12
11402,127,2025-07-30T00:00:00Z,81.25,0.0,26.04,100,0,98.09
11403,127,2025-07-31T00:00:00Z,80.28,0.0,25.83,100,0,98.18
11404,127,2025-08-01T00:00:00Z,78.63,0.0,26.04,100,0,98.32
11405,127,2025-08-02T00:00:00Z,74.99,0.0,21.6,100,0,98.59
11406,127,2025-08-03T00:00:00Z,77.73,0.0,21.79,100,0,98.39
11407,127,2025-08-04T00:00:00Z,98.97,100.0,65.01,36,96,0.01
11408,127,2025-08-05T00:00:00Z,95.81,85.41,66.12,42,98,0.02
11409,127,2025-08-06T00:00:00Z,81.82,0.0,35.7,100,0,98.03
11410,127,2025-08-07T00:00:00Z,80.88,0.0,34.03,100,0,98.12
11411,127,2025-08-08T00:00:00Z,80.6,0.0,34.58,100,0,98.15
11412,127,2025-08-09T00:00:00Z,80.01,0.0,35.0,100,0,98.2
11413,127,2025-08-10T00:00:00Z,82.82,0.0,34.37,100,0,97.93
11414,127,2025-08-11T00:00:00Z,80.56,0.0,35.56,100,0,98.15
11415,127,2025-08-12T00:00:00Z,82.93,0.0,34.79,100,0,97.92
11416,127,2025-08-13T00:00:00Z,80.73,0.0,34.1,100,0,98.14
11417,127,2025-08-14T00:00:00Z,96.51,56.68,35.93,66,74,0.79
11418,127,2025-08-15T00:00:00Z,82.25,0.0,33.61,100,0,97.99
11419,127,2025-08-16T00:00:00Z,81.36,0.0,34.51,100,0,98.08
11420,127,2025-08-17T00:00:00Z,83.83,0.0,34.44,100,0,97.83
11421,127,2025-08-18T00:00:00Z,81.58,0.0,35.07,100,0,98.06
11422,127,2025-08-19T00:00:00Z,78.75,0.0,34.86,100,0,98.31
11423,127,2025-08-20T00:00:00Z,81.55,0.0,34.17,100,0,98.06
11424,127,2025-08-21T00:00:00Z,83.58,0.0,34.58,100,0,97.86
11425,127,2025-08-22T00:00:00Z,83.6,0.0,34.79,100,0,97.85
11426,127,2025-08-23T00:00:00Z,85.38,0.0,34.24,100,0,97.66
11427,127,2025-08-24T00:00:00Z,97.16,93.48,53.98,36,93,0.01
11428,127,2025-08-25T00:00:00Z,93.17,42.66,37.19,97,59,18.32
11429,127,2025-08-26T00:00:00Z,79.4,0.0,34.93,100,0,98.25
11430,127,2025-08-27T00:00:00Z,83.24,0.0,34.44,100,0,97.89
11431,128,2025-05-30T00:00:00Z,98.76,86.22,71.3,44,100,0.02
11432,128,2025-05-31T00:00:00Z,95.33,91.63,69.83,32,96,0.01
11433,128,2025-06-01T00:00:00Z,90.01,71.72,75.95,35,100,0.03
11434,128,2025-06-02T00:00:00Z,80.78,98.13,69.12,35,98,0.02
11435,128,2025-06-03T00:00:00Z,100.0,100.0,59.18,35,100,0.01
11436,128,2025-06-04T00:00:00Z,81.93,94.67,69.87,35,100,0.02
11437,128,2025-06-05T00:00:00Z,78.19,68.62,57.01,37,100,0.06
11438,128,2025-06-06T00:00:00Z,100.0,56.57,68.07,35,98,0.03
11439,128,2025-06-07T00:00:00Z,89.84,96.44,54.6,32,100,0.01
11440,128,2025-06-08T00:00:00Z,100.0,42.67,75.32,32,100,0.04
11441,128,2025-06-09T00:00:00Z,99.66,100.0,53.93,35,100,0.01
11442,128,2025-06-10T00:00:00Z,100.0,100.0,54.85,35,98,0.01
11443,128,2025-06-11T00:00:00Z,83.48,97.27,55.51,32,100,0.01
11444,128,2025-06-12T00:00:00Z,100.0,82.08,62.6,35,98,0.01
11445,128,2025-06-13T00:00:00Z,100.0,100.0,61.69,35,96,0.01
11446,128,2025-06-14T00:00:00Z,100.0,100.0,69.75,32,98,0.0
11447,128,2025-06-15T00:00:00Z,99.26,97.56,56.89,32,96,0.01
11448,128,2025-06-16T00:00:00Z,100.0,89.48,62.81,34,100,0.01
11449,128,2025-06-17T00:00:00Z,94.81,74.86,61.41,32,98,0.02
11450,128,2025-06-18T00:00:00Z,93.55,98.56,62.52,32,100,0.01
11451,128,2025-06-19T00:00:00Z,82.0,86.39,58.35,38,100,0.03
11452,128,2025-06-20T00:00:00Z,100.0,81.89,70.58,32,100,0.01
11453,128,2025-06-21T00:00:00Z,100.0,100.0,55.75,32,98,0.0
11454,128,2025-06-22T00:00:00Z,100.0,49.53,75.55,32,100,0.03
11455,128,2025-06-23T00:00:00Z,84.54,58.82,68.2,32,100,0.05
11456,128,2025-06-24T00:00:00Z,90.1,96.46,59.09,32,100,0.01
11457,128,2025-06-25T00:00:00Z,100.0,100.0,75.91,32,98,0.0
11458,128,2025-06-26T00:00:00Z,89.61,96.87,53.03,32,100,0.01
11459,128,2025-06-27T00:00:00Z,100.0,87.01,63.97,32,91,0.01
11460,128,2025-06-28T00:00:00Z,87.52,100.0,71.47,32,96,0.01
11461,128,2025-06-29T00:00:00Z,92.16,84.3,71.56,32,98,0.01
11462,128,2025-06-30T00:00:00Z,91.25,70.42,54.06,35,100,0.03
11463,128,2025-07-01T00:00:00Z,100.0,80.3,76.59,35,100,0.01
11464,128,2025-07-02T00:00:00Z,95.37,100.0,75.85,35,98,0.01
11465,128,2025-07-03T00:00:00Z,95.89,66.3,62.34,35,100,0.02
11466,128,2025-07-04T00:00:00Z,100.0,56.92,71.93,32,100,0.02
11467,128,2025-07-05T00:00:00Z,100.0,93.84,64.37,32,100,0.01
11468,128,2025-07-06T00:00:00Z,90.07,100.0,56.57,32,100,0.01
11469,128,2025-07-07T00:00:00Z,96.37,85.68,62.33,32,100,0.01
11470,128,2025-07-08T00:00:00Z,88.37,92.79,55.58,32,100,0.01
11471,128,2025-07-09T00:00:00Z,82.97,93.76,61.92,32,98,0.01
11472,128,2025-07-10T00:00:00Z,100.0,80.73,71.5,32,98,0.01
11473,128,2025-07-11T00:00:00Z,85.83,83.16,59.56,38,100,0.02
11474,128,2025-07-12T00:00:00Z,88.12,74.58,68.37,32,95,0.03
11475,128,2025-07-13T00:00:00Z,100.0,100.0,63.28,32,100,0.0
11476,128,2025-07-14T00:00:00Z,98.9,100.0,54.0,32,98,0.0
11477,128,2025-07-15T00:00:00Z,75.45,100.0,60.32,32,98,0.02
11478,128,2025-07-16T00:00:00Z,100.0,74.21,61.61,32,98,0.01
11479,128,2025-07-17T00:00:00Z,84.16,82.66,66.87,38,100,0.03
11480,128,2025-07-18T00:00:00Z,100.0,80.18,69.02,32,100,0.01
11481,128,2025-07-19T00:00:00Z,99.15,100.0,54.94,32,98,0.0
11482,128,2025-07-20T00:00:00Z,98.39,79.34,59.63,32,100,0.01
11483,128,2025-07-21T00:00:00Z,84.43,72.42,54.62,37,93,0.05
11484,128,2025-07-22T00:00:00Z,100.0,100.0,73.95,32,100,0.0
11485,128,2025-07-23T00:00:00Z,100.0,65.64,55.69,38,96,0.03
11486,128,2025-07-24T00:00:00Z,97.87,90.49,75.74,32,100,0.01
11487,128,2025-07-25T00:00:00Z,91.69,57.81,73.71,32,98,0.04
11488,128,2025-07-26T00:00:00Z,85.44,90.62,69.28,32,96,0.02
11489,128,2025-07-27T00:00:00Z,100.0,94.35,55.76,32,100,0.01
11490,128,2025-07-28T00:00:00Z,81.2,84.04,59.28,32,100,0.02
11491,128,2025-07-29T00:00:00Z,85.77,0.0,30.48,100,19,94.06
11492,128,2025-07-30T00:00:00Z,89.67,0.0,25.67,73,44,42.47
11493,128,2025-07-31T00:00:00Z,78.86,0.0,25.21,100,0,98.3
11494,128,2025-08-01T00:00:00Z,77.19,0.0,25.21,100,0,98.43
11495,128,2025-08-02T00:00:00Z,78.04,0.0,21.39,100,0,98.37
11496,128,2025-08-03T00:00:00Z,87.58,0.0,20.62,80,56,40.64
11497,128,2025-08-04T00:00:00Z,87.23,0.0,30.39,100,28,90.36
11498,128,2025-08-05T00:00:00Z,78.69,0.0,25.69,100,0,98.31
11499,128,2025-08-06T00:00:00Z,79.75,0.0,25.76,100,0,98.22
11500,128,2025-08-07T00:00:00Z,77.99,0.0,25.76,100,0,98.37
11501,128,2025-08-08T00:00:00Z,78.16,0.0,25.49,100,0,98.36
11502,128,2025-08-09T00:00:00Z,78.03,0.0,22.15,100,0,98.37
11503,128,2025-08-10T00:00:00Z,78.3,0.0,21.39,100,16,96.39
11504,128,2025-08-11T00:00:00Z,93.95,27.32,11.67,72,81,2.87
11505,128,2025-08-12T00:00:00Z,95.5,81.5,12.12,41,96,0.02
11506,128,2025-08-13T00:00:00Z,79.22,0.0,25.9,100,23,94.73
11507,128,2025-08-14T00:00:00Z,78.63,0.0,24.93,100,15,96.51
11508,128,2025-08-15T00:00:00Z,78.76,0.0,25.69,100,6,97.73
11509,128,2025-08-16T00:00:00Z,77.2,0.0,21.67,100,40,89.47
11510,128,2025-08-17T00:00:00Z,80.76,0.0,23.14,100,2,97.94
11511,128,2025-08-18T00:00:00Z,98.6,95.85,54.0,38,100,0.01
11512,128,2025-08-19T00:00:00Z,93.11,0.21,25.13,76,40,47.41
11513,128,2025-08-20T00:00:00Z,88.84,0.0,25.85,99,52,71.06
11514,128,2025-08-21T00:00:00Z,100.0,97.6,54.07,35,100,0.01
11515,128,2025-08-22T00:00:00Z,97.36,91.24,37.92,58,80,0.09
11516,128,2025-08-23T00:00:00Z,81.85,0.0,34.24,100,3,97.72
11517,128,2025-08-24T00:00:00Z,81.49,0.0,35.21,100,0,98.07
11518,128,2025-08-25T00:00:00Z,79.79,0.0,34.79,100,4,97.83
11519,128,2025-08-26T00:00:00Z,80.53,0.0,36.46,100,4,97.75
11520,128,2025-08-27T00:00:00Z,82.04,0.0,35.0,100,0,98.01
11521,129,2025-05-30T00:00:00Z,100.0,100.0,66.18,30,100,0.0
11522,129,2025-05-31T00:00:00Z,100.0,77.05,70.76,33,98,0.01
11523,129,2025-06-01T00:00:00Z,85.41,100.0,61.88,30,100,0.01
11524,129,2025-06-02T00:00:00Z,97.3,100.0,58.88,30,100,0.0
11525,129,2025-06-03T00:00:00Z,100.0,88.78,75.71,30,98,0.01
11526,129,2025-06-04T00:00:00Z,100.0,100.0,76.46,30,100,0.0
11527,129,2025-06-05T00:00:00Z,100.0,73.52,64.48,30,92,0.02
11528,129,2025-06-06T00:00:00Z,100.0,100.0,55.19,30,95,0.0
11529,129,2025-06-07T00:00:00Z,95.82,99.71,67.3,30,100,0.0
11530,129,2025-06-08T00:00:00Z,97.52,92.57,60.97,30,100,0.01
11531,129,2025-06-09T00:00:00Z,100.0,81.2,65.59,33,100,0.01
11532,129,2025-06-10T00:00:00Z,68.97,100.0,54.73,30,100,0.02
11533,129,2025-06-11T00:00:00Z,100.0,97.1,56.29,30,100,0.0
11534,129,2025-06-12T00:00:00Z,80.34,100.0,70.3,32,100,0.01
11535,129,2025-06-13T00:00:00Z,90.29,100.0,53.28,30,100,0.01
11536,129,2025-06-14T00:00:00Z,95.48,77.05,70.36,33,100,0.01
11537,129,2025-06-15T00:00:00Z,84.67,87.08,71.93,36,95,0.02
11538,129,2025-06-16T00:00:00Z,84.47,100.0,57.8,30,100,0.01
11539,129,2025-06-17T00:00:00Z,100.0,95.03,72.83,35,100,0.01
11540,129,2025-06-18T00:00:00Z,100.0,100.0,55.4,30,100,0.0
11541,129,2025-06-19T00:00:00Z,100.0,100.0,72.43,30,100,0.0
11542,129,2025-06-20T00:00:00Z,92.73,61.04,59.55,30,100,0.03
11543,129,2025-06-21T00:00:00Z,100.0,92.81,72.4,30,100,0.0
11544,129,2025-06-22T00:00:00Z,100.0,100.0,65.24,30,100,0.0
11545,129,2025-06-23T00:00:00Z,88.69,100.0,55.06,30,100,0.01
11546,129,2025-06-24T00:00:00Z,82.25,81.63,61.91,30,100,0.02
11547,129,2025-06-25T00:00:00Z,89.02,77.65,68.36,30,100,0.02
11548,129,2025-06-26T00:00:00Z,99.56,83.81,74.85,30,100,0.01
11549,129,2025-06-27T00:00:00Z,98.43,95.38,73.48,33,98,0.01
11550,129,2025-06-28T00:00:00Z,95.84,92.32,60.99,30,100,0.01
11551,129,2025-06-29T00:00:00Z,92.14,100.0,67.74,30,100,0.01
11552,129,2025-06-30T00:00:00Z,93.54,100.0,58.27,30,100,0.01
11553,129,2025-07-01T00:00:00Z,100.0,100.0,73.34,30,96,0.0
11554,129,2025-07-02T00:00:00Z,100.0,79.8,69.73,33,98,0.01
11555,129,2025-07-03T00:00:00Z,100.0,100.0,58.7,33,100,0.0
11556,129,2025-07-04T00:00:00Z,100.0,88.16,64.78,35,100,0.01
11557,129,2025-07-05T00:00:00Z,100.0,72.11,69.26,30,96,0.01
11558,129,2025-07-06T00:00:00Z,82.76,55.0,56.38,33,98,0.07
11559,129,2025-07-07T00:00:00Z,90.01,100.0,68.62,30,100,0.01
11560,129,2025-07-08T00:00:00Z,78.24,69.77,74.36,33,94,0.06
11561,129,2025-07-09T00:00:00Z,91.31,100.0,67.83,30,100,0.01
11562,129,2025-07-10T00:00:00Z,94.26,100.0,52.9,33,100,0.01
11563,129,2025-07-11T00:00:00Z,100.0,80.14,64.62,33,100,0.01
11564,129,2025-07-12T00:00:00Z,76.57,97.6,53.46,32,100,0.01
11565,129,2025-07-13T00:00:00Z,85.64,87.26,55.41,30,98,0.01
11566,129,2025-07-14T00:00:00Z,87.63,84.62,60.15,32,98,0.02
11567,129,2025-07-15T00:00:00Z,89.86,100.0,65.34,30,94,0.01
11568,129,2025-07-16T00:00:00Z,99.27,89.21,60.97,30,100,0.01
11569,129,2025-07-17T00:00:00Z,100.0,62.53,53.58,30,100,0.02
11570,129,2025-07-18T00:00:00Z,100.0,90.88,64.99,33,95,0.01
11571,129,2025-07-19T00:00:00Z,92.44,100.0,75.83,33,100,0.01
11572,129,2025-07-20T00:00:00Z,100.0,100.0,58.29,30,98,0.0
11573,129,2025-07-21T00:00:00Z,100.0,100.0,66.16,33,100,0.0
11574,129,2025-07-22T00:00:00Z,97.11,88.74,70.24,30,100,0.01
11575,129,2025-07-23T00:00:00Z,83.38,100.0,69.53,30,100,0.01
11576,129,2025-07-24T00:00:00Z,85.05,78.61,69.21,30,100,0.02
11577,129,2025-07-25T00:00:00Z,98.6,80.97,72.26,30,100,0.01
11578,129,2025-07-26T00:00:00Z,92.41,100.0,65.6,30,100,0.01
11579,129,2025-07-27T00:00:00Z,92.22,100.0,53.77,30,100,0.01
11580,129,2025-07-28T00:00:00Z,100.0,68.28,75.38,30,100,0.01
11581,129,2025-07-29T00:00:00Z,85.57,0.0,29.9,57,55,16.68
11582,129,2025-07-30T00:00:00Z,77.92,12.12,25.69,90,0,95.34
11583,129,2025-07-31T00:00:00Z,78.78,15.32,24.58,89,0,94.2
11584,129,2025-08-01T00:00:00Z,79.22,0.0,26.32,70,0,90.37
11585,129,2025-08-02T00:00:00Z,77.39,0.0,21.94,89,2,96.68
11586,129,2025-08-03T00:00:00Z,77.42,0.0,21.18,88,17,92.82
11587,129,2025-08-04T00:00:00Z,78.89,21.92,25.35,100,0,96.0
11588,129,2025-08-05T00:00:00Z,79.04,29.92,24.93,70,50,19.02
11589,129,2025-08-06T00:00:00Z,78.12,30.78,26.11,86,6,84.85
11590,129,2025-08-07T00:00:00Z,88.06,55.62,24.91,51,69,0.66
11591,129,2025-08-08T00:00:00Z,95.25,79.15,12.67,40,76,0.07
11592,129,2025-08-09T00:00:00Z,77.09,0.0,21.81,99,4,97.99
11593,129,2025-08-10T00:00:00Z,76.74,0.0,20.56,67,15,80.74
11594,129,2025-08-11T00:00:00Z,78.87,0.0,25.9,95,0,97.72
11595,129,2025-08-12T00:00:00Z,78.43,0.0,26.04,87,4,95.68
11596,129,2025-08-13T00:00:00Z,77.97,0.0,24.93,84,30,83.78
11597,129,2025-08-14T00:00:00Z,79.21,21.53,24.17,96,0,94.97
11598,129,2025-08-15T00:00:00Z,77.97,0.0,25.62,100,9,97.47
11599,129,2025-08-16T00:00:00Z,77.4,0.0,21.32,100,34,91.91
11600,129,2025-08-17T00:00:00Z,77.86,0.0,21.87,95,29,91.35
11601,129,2025-08-18T00:00:00Z,85.24,52.63,29.21,79,11,45.58
11602,129,2025-08-19T00:00:00Z,97.23,82.41,67.02,30,98,0.01
11603,129,2025-08-20T00:00:00Z,91.93,70.32,16.3,41,68,0.17
11604,129,2025-08-21T00:00:00Z,85.65,13.69,28.89,67,48,22.97
11605,129,2025-08-22T00:00:00Z,100.0,71.26,71.07,30,98,0.01
11606,129,2025-08-23T00:00:00Z,86.01,9.53,26.88,81,48,44.47
11607,129,2025-08-24T00:00:00Z,78.13,13.58,21.6,82,20,81.32
11608,129,2025-08-25T00:00:00Z,78.93,14.97,25.69,96,35,81.22
11609,129,2025-08-26T00:00:00Z,78.03,0.0,25.14,84,0,95.85
11610,129,2025-08-27T00:00:00Z,77.53,0.0,25.56,79,23,84.73
11611,130,2025-05-30T00:00:00Z,100.0,100.0,68.63,30,100,0.0
11612,130,2025-05-31T00:00:00Z,100.0,97.35,71.79,30,96,0.01
11613,130,2025-06-01T00:00:00Z,100.0,96.8,68.87,30,100,0.0
11614,130,2025-06-02T00:00:00Z,100.0,98.57,56.61,30,100,0.0
11615,130,2025-06-03T00:00:00Z,100.0,73.81,66.04,30,100,0.01
11616,130,2025-06-04T00:00:00Z,100.0,89.28,58.5,30,100,0.01
11617,130,2025-06-05T00:00:00Z,95.13,86.2,60.02,35,100,0.01
11618,130,2025-06-06T00:00:00Z,90.33,81.41,75.93,30,100,0.01
11619,130,2025-06-07T00:00:00Z,89.15,100.0,76.17,33,100,0.01
11620,130,2025-06-08T00:00:00Z,97.6,100.0,63.04,36,100,0.01
11621,130,2025-06-09T00:00:00Z,80.88,100.0,60.32,30,100,0.01
11622,130,2025-06-10T00:00:00Z,82.21,100.0,60.63,33,100,0.01
11623,130,2025-06-11T00:00:00Z,93.07,62.92,58.07,33,100,0.03
11624,130,2025-06-12T00:00:00Z,85.89,77.81,53.72,30,100,0.02
11625,130,2025-06-13T00:00:00Z,100.0,100.0,59.65,30,100,0.0
11626,130,2025-06-14T00:00:00Z,100.0,100.0,67.68,30,100,0.0
11627,130,2025-06-15T00:00:00Z,98.53,100.0,70.1,33,95,0.01
11628,130,2025-06-16T00:00:00Z,89.51,96.21,69.0,30,100,0.01
11629,130,2025-06-17T00:00:00Z,89.36,74.7,55.4,32,100,0.02
11630,130,2025-06-18T00:00:00Z,85.79,92.63,68.36,33,100,0.01
11631,130,2025-06-19T00:00:00Z,100.0,91.2,75.93,33,98,0.01
11632,130,2025-06-20T00:00:00Z,100.0,100.0,70.15,30,100,0.0
11633,130,2025-06-21T00:00:00Z,100.0,87.75,74.25,30,100,0.01
11634,130,2025-06-22T00:00:00Z,91.18,100.0,59.34,30,100,0.01
11635,130,2025-06-23T00:00:00Z,92.35,98.09,76.18,33,100,0.01
11636,130,2025-06-24T00:00:00Z,100.0,77.86,65.66,30,98,0.01
11637,130,2025-06-25T00:00:00Z,99.09,91.25,63.76,30,98,0.01
11638,130,2025-06-26T00:00:00Z,92.12,100.0,69.62,30,100,0.01
11639,130,2025-06-27T00:00:00Z,89.31,100.0,54.51,30,100,0.01
11640,130,2025-06-28T00:00:00Z,95.46,100.0,57.44,30,95,0.01
11641,130,2025-06-29T00:00:00Z,78.52,100.0,54.5,30,100,0.01
11642,130,2025-06-30T00:00:00Z,96.64,100.0,55.27,30,100,0.0
11643,130,2025-07-01T00:00:00Z,86.84,100.0,72.72,33,100,0.01
11644,130,2025-07-02T00:00:00Z,86.24,90.0,65.02,30,100,0.01
11645,130,2025-07-03T00:00:00Z,84.14,99.03,61.48,36,100,0.01
11646,130,2025-07-04T00:00:00Z,100.0,100.0,68.45,33,100,0.0
11647,130,2025-07-05T00:00:00Z,98.64,94.45,53.45,30,100,0.0
11648,130,2025-07-06T00:00:00Z,93.21,97.2,53.71,30,100,0.01
11649,130,2025-07-07T00:00:00Z,94.65,73.89,55.6,30,100,0.01
11650,130,2025-07-08T00:00:00Z,79.34,94.46,61.33,30,98,0.01
11651,130,2025-07-09T00:00:00Z,100.0,94.3,60.35,30,100,0.0
11652,130,2025-07-10T00:00:00Z,91.74,100.0,61.78,30,100,0.01
11653,130,2025-07-11T00:00:00Z,97.38,60.14,58.29,30,98,0.02
11654,130,2025-07-12T00:00:00Z,93.24,100.0,73.8,30,100,0.01
11655,130,2025-07-13T00:00:00Z,100.0,97.98,67.85,33,100,0.0
11656,130,2025-07-14T00:00:00Z,83.25,73.01,53.53,30,98,0.03
11657,130,2025-07-15T00:00:00Z,99.71,67.87,65.63,30,100,0.01
11658,130,2025-07-16T00:00:00Z,80.79,96.71,58.5,30,100,0.01
11659,130,2025-07-17T00:00:00Z,99.19,84.82,62.5,36,100,0.01
11660,130,2025-07-18T00:00:00Z,97.89,81.21,56.21,30,98,0.01
11661,130,2025-07-19T00:00:00Z,87.86,93.94,55.21,30,100,0.01
11662,130,2025-07-20T00:00:00Z,97.6,99.75,52.93,33,98,0.01
11663,130,2025-07-21T00:00:00Z,96.38,75.86,52.91,33,100,0.01
11664,130,2025-07-22T00:00:00Z,100.0,75.1,71.25,30,100,0.01
11665,130,2025-07-23T00:00:00Z,94.84,90.43,58.56,30,98,0.01
11666,130,2025-07-24T00:00:00Z,87.92,100.0,69.32,30,100,0.01
11667,130,2025-07-25T00:00:00Z,87.48,89.49,67.9,30,100,0.01
11668,130,2025-07-26T00:00:00Z,95.11,76.39,67.65,30,100,0.01
11669,130,2025-07-27T00:00:00Z,87.95,91.38,62.95,30,100,0.01
11670,130,2025-07-28T00:00:00Z,95.0,94.71,53.15,33,98,0.01
11671,130,2025-07-29T00:00:00Z,85.6,0.0,31.81,72,63,24.78
11672,130,2025-07-30T00:00:00Z,79.25,0.0,25.28,86,6,94.77
11673,130,2025-07-31T00:00:00Z,78.06,0.0,25.97,84,36,79.2
11674,130,2025-08-01T00:00:00Z,78.81,0.0,26.11,100,16,96.3
11675,130,2025-08-02T00:00:00Z,77.68,0.0,21.46,99,18,95.91
11676,130,2025-08-03T00:00:00Z,76.68,4.49,21.74,100,28,93.0
11677,130,2025-08-04T00:00:00Z,78.35,0.0,25.35,87,32,84.58
11678,130,2025-08-05T00:00:00Z,83.37,0.0,28.92,95,41,81.48
11679,130,2025-08-06T00:00:00Z,93.88,73.9,73.93,30,100,0.01
11680,130,2025-08-07T00:00:00Z,100.0,100.0,71.06,30,100,0.0
11681,130,2025-08-08T00:00:00Z,80.43,0.0,26.82,85,45,69.6
11682,130,2025-08-09T00:00:00Z,76.98,0.0,21.46,93,0,97.66
11683,130,2025-08-10T00:00:00Z,78.12,0.0,21.74,100,7,97.69
11684,130,2025-08-11T00:00:00Z,78.82,0.0,25.56,98,0,98.09
11685,130,2025-08-12T00:00:00Z,79.29,0.0,26.81,96,27,92.02
11686,130,2025-08-13T00:00:00Z,78.23,29.37,26.11,100,31,79.63
11687,130,2025-08-14T00:00:00Z,78.36,0.0,25.21,97,2,97.82
11688,130,2025-08-15T00:00:00Z,96.18,62.14,10.3,33,94,0.03
11689,130,2025-08-16T00:00:00Z,100.0,100.0,73.92,36,100,0.01
11690,130,2025-08-17T00:00:00Z,86.85,0.0,35.68,66,36,45.45
11691,130,2025-08-18T00:00:00Z,80.66,0.0,35.0,96,14,95.38
11692,130,2025-08-19T00:00:00Z,81.19,0.0,34.31,100,30,91.99
11693,130,2025-08-20T00:00:00Z,93.5,65.85,28.8,45,67,0.26
11694,130,2025-08-21T00:00:00Z,84.17,5.73,30.13,77,29,67.53
11695,130,2025-08-22T00:00:00Z,79.06,21.8,25.69,100,0,95.99
11696,130,2025-08-23T00:00:00Z,78.01,0.0,21.87,91,0,97.23
11697,130,2025-08-24T00:00:00Z,77.84,0.0,21.11,96,41,86.04
11698,130,2025-08-25T00:00:00Z,93.24,60.65,10.79,39,73,0.17
11699,130,2025-08-26T00:00:00Z,90.39,67.76,56.83,30,100,0.02
11700,130,2025-08-27T00:00:00Z,89.19,17.2,26.52,54,50,8.26
11701,131,2025-05-30T00:00:00Z,89.49,100.0,62.27,30,100,0.01
11702,131,2025-05-31T00:00:00Z,98.03,100.0,67.12,30,100,0.0
11703,131,2025-06-01T00:00:00Z,100.0,63.27,55.25,30,100,0.02
11704,131,2025-06-02T00:00:00Z,89.4,100.0,69.06,33,100,0.01
11705,131,2025-06-03T00:00:00Z,80.42,59.73,62.23,30,100,0.05
11706,131,2025-06-04T00:00:00Z,100.0,69.52,59.4,30,100,0.01
11707,131,2025-06-05T00:00:00Z,100.0,100.0,66.62,30,98,0.0
11708,131,2025-06-06T00:00:00Z,100.0,63.63,72.33,30,98,0.02
11709,131,2025-06-07T00:00:00Z,75.06,100.0,61.21,36,98,0.02
11710,131,2025-06-08T00:00:00Z,76.17,100.0,70.37,32,98,0.02
11711,131,2025-06-09T00:00:00Z,89.54,84.91,56.55,30,100,0.01
11712,131,2025-06-10T00:00:00Z,93.5,83.88,64.34,30,100,0.01
11713,131,2025-06-11T00:00:00Z,100.0,100.0,61.01,30,98,0.0
11714,131,2025-06-12T00:00:00Z,92.46,96.63,58.67,33,92,0.01
11715,131,2025-06-13T00:00:00Z,91.58,100.0,58.83,30,100,0.01
11716,131,2025-06-14T00:00:00Z,98.25,89.05,66.42,36,100,0.01
11717,131,2025-06-15T00:00:00Z,89.78,87.37,67.86,30,100,0.01
11718,131,2025-06-16T00:00:00Z,73.4,100.0,66.97,30,100,0.01
11719,131,2025-06-17T00:00:00Z,100.0,68.77,57.49,33,98,0.02
11720,131,2025-06-18T00:00:00Z,86.53,93.09,54.44,33,100,0.01
11721,131,2025-06-19T00:00:00Z,100.0,100.0,60.07,30,100,0.0
11722,131,2025-06-20T00:00:00Z,100.0,86.35,63.15,30,100,0.01
11723,131,2025-06-21T00:00:00Z,82.05,100.0,56.43,33,100,0.01
11724,131,2025-06-22T00:00:00Z,100.0,100.0,61.96,30,98,0.0
11725,131,2025-06-23T00:00:00Z,83.02,100.0,66.78,33,100,0.01
11726,131,2025-06-24T00:00:00Z,91.76,90.3,60.77,33,100,0.01
11727,131,2025-06-25T00:00:00Z,100.0,74.48,75.38,33,100,0.01
11728,131,2025-06-26T00:00:00Z,96.18,100.0,58.11,33,100,0.01
11729,131,2025-06-27T00:00:00Z,100.0,100.0,56.99,30,100,0.0
11730,131,2025-06-28T00:00:00Z,100.0,87.19,63.3,30,100,0.01
11731,131,2025-06-29T00:00:00Z,95.97,77.31,54.73,30,100,0.01
11732,131,2025-06-30T00:00:00Z,87.47,64.09,63.24,30,100,0.03
11733,131,2025-07-01T00:00:00Z,94.08,86.48,56.88,30,98,0.01
11734,131,2025-07-02T00:00:00Z,100.0,100.0,71.82,30,100,0.0
11735,131,2025-07-03T00:00:00Z,98.27,98.51,53.24,33,100,0.01
11736,131,2025-07-04T00:00:00Z,86.2,78.2,67.95,30,100,0.02
11737,131,2025-07-05T00:00:00Z,99.82,100.0,74.95,30,100,0.0
11738,131,2025-07-06T00:00:00Z,100.0,95.71,63.0,32,96,0.01
11739,131,2025-07-07T00:00:00Z,95.46,100.0,57.05,33,98,0.01
11740,131,2025-07-08T00:00:00Z,82.7,100.0,66.86,30,100,0.01
11741,131,2025-07-09T00:00:00Z,100.0,100.0,58.49,30,100,0.0
11742,131,2025-07-10T00:00:00Z,100.0,97.85,76.06,30,100,0.0
11743,131,2025-07-11T00:00:00Z,100.0,75.06,65.08,36,90,0.02
11744,131,2025-07-12T00:00:00Z,81.26,84.96,75.38,33,100,0.02
11745,131,2025-07-13T00:00:00Z,67.68,100.0,72.87,39,95,0.04
11746,131,2025-07-14T00:00:00Z,76.46,100.0,68.71,30,100,0.01
11747,131,2025-07-15T00:00:00Z,89.13,90.03,65.94,30,100,0.01
11748,131,2025-07-16T00:00:00Z,100.0,100.0,54.87,30,100,0.0
11749,131,2025-07-17T00:00:00Z,75.23,67.8,62.09,30,100,0.05
11750,131,2025-07-18T00:00:00Z,98.94,85.19,72.47,30,100,0.01
11751,131,2025-07-19T00:00:00Z,87.44,100.0,62.91,33,100,0.01
11752,131,2025-07-20T00:00:00Z,100.0,92.59,57.17,30,96,0.01
11753,131,2025-07-21T00:00:00Z,100.0,74.88,66.6,30,100,0.01
11754,131,2025-07-22T00:00:00Z,94.63,92.36,58.85,30,100,0.01
11755,131,2025-07-23T00:00:00Z,100.0,57.21,65.86,30,100,0.02
11756,131,2025-07-24T00:00:00Z,90.96,77.76,57.94,30,100,0.01
11757,131,2025-07-25T00:00:00Z,100.0,95.47,64.1,33,100,0.01
11758,131,2025-07-26T00:00:00Z,100.0,100.0,63.83,30,100,0.0
11759,131,2025-07-27T00:00:00Z,93.18,85.22,68.15,30,100,0.01
11760,131,2025-07-28T00:00:00Z,70.6,100.0,63.51,30,98,0.02
11761,131,2025-07-29T00:00:00Z,84.91,31.17,32.48,100,18,83.31
11762,131,2025-07-30T00:00:00Z,76.95,12.47,25.07,94,23,89.5
11763,131,2025-07-31T00:00:00Z,78.56,0.0,26.67,85,23,88.31
11764,131,2025-08-01T00:00:00Z,78.85,0.0,26.74,71,38,60.29
11765,131,2025-08-02T00:00:00Z,76.94,0.0,22.43,100,25,94.8
11766,131,2025-08-03T00:00:00Z,80.87,0.0,22.93,92,16,93.56
11767,131,2025-08-04T00:00:00Z,100.0,79.17,72.38,30,100,0.01
11768,131,2025-08-05T00:00:00Z,99.11,86.98,11.11,30,96,0.01
11769,131,2025-08-06T00:00:00Z,78.95,0.0,26.02,100,28,93.42
11770,131,2025-08-07T00:00:00Z,100.0,98.11,65.13,33,100,0.0
11771,131,2025-08-08T00:00:00Z,80.3,0.0,26.28,95,4,97.03
11772,131,2025-08-09T00:00:00Z,77.43,0.0,21.46,90,0,97.15
11773,131,2025-08-10T00:00:00Z,75.96,0.0,21.04,100,0,98.53
11774,131,2025-08-11T00:00:00Z,77.84,0.0,26.04,100,0,98.38
11775,131,2025-08-12T00:00:00Z,78.33,0.0,25.0,100,0,98.34
11776,131,2025-08-13T00:00:00Z,79.7,0.0,25.35,100,29,92.86
11777,131,2025-08-14T00:00:00Z,99.49,59.94,12.46,49,75,0.21
11778,131,2025-08-15T00:00:00Z,78.8,0.0,25.97,100,0,98.3
11779,131,2025-08-16T00:00:00Z,77.77,0.0,21.81,91,12,95.13
11780,131,2025-08-17T00:00:00Z,77.26,0.0,20.49,86,0,96.43
11781,131,2025-08-18T00:00:00Z,79.03,0.0,25.42,83,0,95.38
11782,131,2025-08-19T00:00:00Z,79.03,0.0,25.83,100,4,97.91
11783,131,2025-08-20T00:00:00Z,79.51,0.0,25.28,100,0,98.24
11784,131,2025-08-21T00:00:00Z,77.61,0.0,25.62,93,7,96.61
11785,131,2025-08-22T00:00:00Z,79.51,0.0,25.21,100,41,87.81
11786,131,2025-08-23T00:00:00Z,77.39,0.0,21.18,100,1,98.34
11787,131,2025-08-24T00:00:00Z,80.53,34.46,22.6,93,0,89.8
11788,131,2025-08-25T00:00:00Z,84.0,100.0,69.37,30,100,0.01
11789,131,2025-08-26T00:00:00Z,88.8,4.96,31.11,55,31,29.14
11790,131,2025-08-27T00:00:00Z,79.59,0.0,25.14,100,0,98.24
11791,132,2025-05-30T00:00:00Z,96.99,100.0,57.47,33,100,0.01
11792,132,2025-05-31T00:00:00Z,95.87,71.22,72.12,30,100,0.01
11793,132,2025-06-01T00:00:00Z,80.24,99.05,54.18,30,98,0.01
11794,132,2025-06-02T00:00:00Z,96.75,100.0,71.05,32,100,0.0
11795,132,2025-06-03T00:00:00Z,94.84,100.0,60.7,30,100,0.0
11796,132,2025-06-04T00:00:00Z,100.0,77.86,74.95,30,100,0.01
11797,132,2025-06-05T00:00:00Z,86.3,100.0,58.88,33,98,0.01
11798,132,2025-06-06T00:00:00Z,100.0,98.73,64.11,36,100,0.01
11799,132,2025-06-07T00:00:00Z,69.57,100.0,63.3,33,100,0.02
11800,132,2025-06-08T00:00:00Z,91.84,70.02,53.77,30,100,0.02
11801,132,2025-06-09T00:00:00Z,100.0,100.0,64.5,30,100,0.0
11802,132,2025-06-10T00:00:00Z,100.0,89.06,72.07,33,100,0.01
11803,132,2025-06-11T00:00:00Z,89.89,76.8,58.26,30,100,0.02
11804,132,2025-06-12T00:00:00Z,78.4,100.0,66.55,30,100,0.01
11805,132,2025-06-13T00:00:00Z,85.05,81.23,56.29,33,96,0.02
11806,132,2025-06-14T00:00:00Z,94.97,100.0,58.27,35,100,0.01
11807,132,2025-06-15T00:00:00Z,91.73,100.0,63.39,30,100,0.01
11808,132,2025-06-16T00:00:00Z,89.45,97.39,72.38,30,98,0.01
11809,132,2025-06-17T00:00:00Z,83.7,85.06,59.97,30,96,0.02
11810,132,2025-06-18T00:00:00Z,100.0,93.5,69.22,30,98,0.01
11811,132,2025-06-19T00:00:00Z,70.45,64.06,75.44,36,100,0.1
11812,132,2025-06-20T00:00:00Z,100.0,82.99,73.67,30,95,0.01
11813,132,2025-06-21T00:00:00Z,100.0,100.0,57.57,30,100,0.0
11814,132,2025-06-22T00:00:00Z,100.0,91.92,62.99,30,100,0.01
11815,132,2025-06-23T00:00:00Z,85.57,95.36,57.39,36,98,0.01
11816,132,2025-06-24T00:00:00Z,82.02,100.0,56.21,33,98,0.01
11817,132,2025-06-25T00:00:00Z,100.0,100.0,74.62,30,100,0.0
11818,132,2025-06-26T00:00:00Z,91.04,81.95,58.43,36,98,0.02
11819,132,2025-06-27T00:00:00Z,91.87,100.0,72.19,30,95,0.01
11820,132,2025-06-28T00:00:00Z,91.88,99.91,60.02,30,93,0.01
11821,132,2025-06-29T00:00:00Z,98.09,100.0,72.78,39,100,0.01
11822,132,2025-06-30T00:00:00Z,99.83,100.0,57.55,30,100,0.0
11823,132,2025-07-01T00:00:00Z,100.0,90.17,73.37,35,100,0.01
11824,132,2025-07-02T00:00:00Z,89.04,91.04,62.61,30,100,0.01
11825,132,2025-07-03T00:00:00Z,90.96,96.7,65.22,30,100,0.01
11826,132,2025-07-04T00:00:00Z,93.91,89.76,53.78,30,100,0.01
11827,132,2025-07-05T00:00:00Z,98.04,71.48,73.55,30,100,0.01
11828,132,2025-07-06T00:00:00Z,100.0,79.8,76.62,39,98,0.02
11829,132,2025-07-07T00:00:00Z,88.86,91.59,54.3,30,96,0.01
11830,132,2025-07-08T00:00:00Z,95.41,79.14,52.88,36,100,0.02
11831,132,2025-07-09T00:00:00Z,100.0,73.79,75.54,33,96,0.02
11832,132,2025-07-10T00:00:00Z,100.0,72.48,73.96,30,98,0.01
11833,132,2025-07-11T00:00:00Z,94.61,97.17,63.06,33,98,0.01
11834,132,2025-07-12T00:00:00Z,94.01,80.96,75.11,30,100,0.01
11835,132,2025-07-13T00:00:00Z,100.0,76.27,74.72,30,96,0.01
11836,132,2025-07-14T00:00:00Z,89.04,75.46,62.72,30,100,0.02
11837,132,2025-07-15T00:00:00Z,89.79,100.0,63.71,32,100,0.01
11838,132,2025-07-16T00:00:00Z,100.0,75.72,74.34,33,98,0.01
11839,132,2025-07-17T00:00:00Z,76.13,90.38,53.9,33,100,0.02
11840,132,2025-07-18T00:00:00Z,100.0,76.36,67.43,30,100,0.01
11841,132,2025-07-19T00:00:00Z,93.94,100.0,73.94,30,100,0.01
11842,132,2025-07-20T00:00:00Z,88.47,47.0,58.32,33,100,0.07
11843,132,2025-07-21T00:00:00Z,89.57,84.17,70.4,30,96,0.01
11844,132,2025-07-22T00:00:00Z,84.33,81.27,73.1,33,100,0.02
11845,132,2025-07-23T00:00:00Z,100.0,88.83,54.97,30,96,0.01
11846,132,2025-07-24T00:00:00Z,93.76,88.08,66.94,33,100,0.01
11847,132,2025-07-25T00:00:00Z,83.56,100.0,57.43,30,100,0.01
11848,132,2025-07-26T00:00:00Z,100.0,81.07,75.32,30,100,0.01
11849,132,2025-07-27T00:00:00Z,100.0,96.63,72.92,30,100,0.0
11850,132,2025-07-28T00:00:00Z,97.8,93.06,66.51,30,96,0.01
11851,132,2025-07-29T00:00:00Z,86.4,0.0,32.0,98,15,94.32
11852,132,2025-07-30T00:00:00Z,79.62,0.0,25.56,100,0,98.23
11853,132,2025-07-31T00:00:00Z,87.84,7.85,27.3,68,24,54.34
11854,132,2025-08-01T00:00:00Z,91.73,22.98,24.31,59,60,4.9
11855,132,2025-08-02T00:00:00Z,76.94,0.0,21.87,100,0,98.45
11856,132,2025-08-03T00:00:00Z,75.94,0.0,21.67,100,0,98.53
11857,132,2025-08-04T00:00:00Z,80.58,0.0,25.42,100,0,98.15
11858,132,2025-08-05T00:00:00Z,83.34,0.0,27.96,95,17,93.6
11859,132,2025-08-06T00:00:00Z,92.74,0.0,20.43,53,76,3.71
11860,132,2025-08-07T00:00:00Z,77.69,0.0,25.76,87,7,95.19
11861,132,2025-08-08T00:00:00Z,79.03,0.0,24.79,100,0,98.29
11862,132,2025-08-09T00:00:00Z,78.07,0.0,21.46,100,0,98.36
11863,132,2025-08-10T00:00:00Z,76.02,0.0,22.01,100,0,98.52
11864,132,2025-08-11T00:00:00Z,78.41,0.0,24.93,100,1,98.25
11865,132,2025-08-12T00:00:00Z,77.85,0.0,24.86,100,0,98.38
11866,132,2025-08-13T00:00:00Z,77.52,0.0,25.69,100,0,98.41
11867,132,2025-08-14T00:00:00Z,88.43,0.0,27.59,100,38,84.27
11868,132,2025-08-15T00:00:00Z,100.0,91.21,72.74,32,95,0.01
11869,132,2025-08-16T00:00:00Z,87.85,42.83,22.76,64,61,3.5
11870,132,2025-08-17T00:00:00Z,87.7,0.0,20.73,87,65,39.77
11871,132,2025-08-18T00:00:00Z,100.0,100.0,55.67,33,100,0.0
11872,132,2025-08-19T00:00:00Z,94.74,36.21,12.08,62,78,1.26
11873,132,2025-08-20T00:00:00Z,79.94,0.0,25.9,100,20,95.27
11874,132,2025-08-21T00:00:00Z,84.78,0.0,28.0,100,36,87.66
11875,132,2025-08-22T00:00:00Z,67.79,100.0,64.07,33,100,0.02
11876,132,2025-08-23T00:00:00Z,90.02,5.17,21.23,67,71,9.64
11877,132,2025-08-24T00:00:00Z,74.37,0.0,21.53,99,12,97.4
11878,132,2025-08-25T00:00:00Z,78.72,0.0,25.35,100,14,96.66
11879,132,2025-08-26T00:00:00Z,79.47,0.0,25.76,100,28,93.25
11880,132,2025-08-27T00:00:00Z,79.77,0.0,26.04,100,24,94.33
11881,133,2025-05-30T00:00:00Z,94.38,91.48,61.12,47,100,0.02
11882,133,2025-05-31T00:00:00Z,100.0,88.66,58.22,46,100,0.02
11883,133,2025-06-01T00:00:00Z,96.78,92.74,64.96,41,98,0.01
11884,133,2025-06-02T00:00:00Z,100.0,52.92,75.2,38,98,0.04
11885,133,2025-06-03T00:00:00Z,100.0,100.0,62.39,38,96,0.01
11886,133,2025-06-04T00:00:00Z,97.13,79.91,57.67,38,100,0.02
11887,133,2025-06-05T00:00:00Z,76.15,98.89,57.85,38,100,0.02
11888,133,2025-06-06T00:00:00Z,83.17,100.0,56.55,38,100,0.01
11889,133,2025-06-07T00:00:00Z,95.5,87.03,55.53,38,98,0.01
11890,133,2025-06-08T00:00:00Z,97.73,100.0,58.58,41,100,0.01
11891,133,2025-06-09T00:00:00Z,88.73,94.57,57.58,44,98,0.02
11892,133,2025-06-10T00:00:00Z,96.13,69.52,74.25,44,100,0.04
11893,133,2025-06-11T00:00:00Z,77.33,66.78,67.6,41,100,0.08
11894,133,2025-06-12T00:00:00Z,95.0,82.21,54.44,38,100,0.02
11895,133,2025-06-13T00:00:00Z,100.0,93.52,73.56,38,98,0.01
11896,133,2025-06-14T00:00:00Z,86.56,50.76,65.55,41,92,0.15
11897,133,2025-06-15T00:00:00Z,95.1,100.0,66.18,38,100,0.01
11898,133,2025-06-16T00:00:00Z,94.66,100.0,57.08,44,100,0.01
11899,133,2025-06-17T00:00:00Z,98.73,68.88,63.7,41,98,0.03
11900,133,2025-06-18T00:00:00Z,95.9,100.0,53.15,38,100,0.01
11901,133,2025-06-19T00:00:00Z,91.68,100.0,73.61,47,100,0.02
11902,133,2025-06-20T00:00:00Z,95.91,92.51,56.97,47,98,0.02
11903,133,2025-06-21T00:00:00Z,99.55,88.07,69.92,38,98,0.01
11904,133,2025-06-22T00:00:00Z,99.5,92.87,54.54,41,98,0.01
11905,133,2025-06-23T00:00:00Z,97.22,82.88,59.1,38,100,0.01
11906,133,2025-06-24T00:00:00Z,70.35,98.96,58.77,38,96,0.03
11907,133,2025-06-25T00:00:00Z,68.0,73.02,63.48,41,100,0.1
11908,133,2025-06-26T00:00:00Z,100.0,63.22,67.79,38,100,0.03
11909,133,2025-06-27T00:00:00Z,100.0,73.11,64.4,38,100,0.02
11910,133,2025-06-28T00:00:00Z,99.22,80.97,62.37,38,98,0.01
11911,133,2025-06-29T00:00:00Z,100.0,57.6,76.63,38,100,0.03
11912,133,2025-06-30T00:00:00Z,89.17,66.65,61.27,44,100,0.06
11913,133,2025-07-01T00:00:00Z,97.18,84.91,56.0,41,98,0.02
11914,133,2025-07-02T00:00:00Z,97.35,70.48,60.02,44,100,0.03
11915,133,2025-07-03T00:00:00Z,100.0,90.06,65.64,38,100,0.01
11916,133,2025-07-04T00:00:00Z,89.41,100.0,60.21,41,98,0.01
11917,133,2025-07-05T00:00:00Z,88.73,100.0,73.65,38,98,0.01
11918,133,2025-07-06T00:00:00Z,97.81,97.49,54.26,38,98,0.01
11919,133,2025-07-07T00:00:00Z,89.78,100.0,64.66,40,100,0.01
11920,133,2025-07-08T00:00:00Z,89.17,72.99,76.65,38,96,0.04
11921,133,2025-07-09T00:00:00Z,90.18,82.08,54.09,47,98,0.04
11922,133,2025-07-10T00:00:00Z,81.57,53.12,57.19,41,100,0.12
11923,133,2025-07-11T00:00:00Z,86.68,93.0,67.82,41,100,0.02
11924,133,2025-07-12T00:00:00Z,97.25,71.01,67.32,41,100,0.03
11925,133,2025-07-13T00:00:00Z,92.07,80.44,62.2,44,100,0.03
11926,133,2025-07-14T00:00:00Z,100.0,100.0,76.12,38,98,0.01
11927,133,2025-07-15T00:00:00Z,89.39,70.0,69.59,38,98,0.04
11928,133,2025-07-16T00:00:00Z,88.62,83.41,56.05,38,98,0.02
11929,133,2025-07-17T00:00:00Z,89.0,90.62,72.21,38,100,0.02
11930,133,2025-07-18T00:00:00Z,100.0,85.14,58.81,38,95,0.01
11931,133,2025-07-19T00:00:00Z,85.87,69.53,58.49,38,94,0.06
11932,133,2025-07-20T00:00:00Z,73.21,88.16,66.43,44,98,0.06
11933,133,2025-07-21T00:00:00Z,96.44,60.09,72.3,44,100,0.05
11934,133,2025-07-22T00:00:00Z,100.0,75.44,59.66,41,96,0.02
11935,133,2025-07-23T00:00:00Z,86.66,100.0,61.23,38,100,0.01
11936,133,2025-07-24T00:00:00Z,90.99,78.13,60.57,44,100,0.03
11937,133,2025-07-25T00:00:00Z,100.0,100.0,54.66,38,100,0.01
11938,133,2025-07-26T00:00:00Z,88.68,75.12,75.34,44,100,0.04
11939,133,2025-07-27T00:00:00Z,86.15,39.0,53.26,44,100,0.2
11940,133,2025-07-28T00:00:00Z,100.0,67.35,63.2,46,100,0.04
11941,133,2025-07-29T00:00:00Z,86.13,0.0,31.05,100,0,97.57
11942,133,2025-07-30T00:00:00Z,78.78,0.0,26.25,100,0,98.31
11943,133,2025-07-31T00:00:00Z,77.82,0.0,26.25,100,0,98.38
11944,133,2025-08-01T00:00:00Z,78.32,0.0,25.56,100,0,98.34
11945,133,2025-08-02T00:00:00Z,77.64,0.0,22.22,100,0,98.4
11946,133,2025-08-03T00:00:00Z,76.11,0.0,21.81,100,0,98.51
11947,133,2025-08-04T00:00:00Z,80.19,0.0,25.49,100,0,98.18
11948,133,2025-08-05T00:00:00Z,91.93,0.0,18.8,100,37,82.54
11949,133,2025-08-06T00:00:00Z,98.54,100.0,57.26,43,98,0.01
11950,133,2025-08-07T00:00:00Z,94.08,1.83,25.61,80,29,63.93
11951,133,2025-08-08T00:00:00Z,79.2,0.0,26.04,100,0,98.27
11952,133,2025-08-09T00:00:00Z,76.84,0.0,21.74,100,1,98.38
11953,133,2025-08-10T00:00:00Z,77.82,0.0,21.87,100,0,98.38
11954,133,2025-08-11T00:00:00Z,78.81,0.0,25.9,100,0,98.3
11955,133,2025-08-12T00:00:00Z,79.91,0.0,25.56,100,0,98.21
11956,133,2025-08-13T00:00:00Z,79.3,0.0,25.42,100,0,98.26
11957,133,2025-08-14T00:00:00Z,79.93,0.0,25.42,100,0,98.21
11958,133,2025-08-15T00:00:00Z,79.1,0.0,25.14,100,0,98.28
11959,133,2025-08-16T00:00:00Z,84.68,0.0,22.53,100,32,89.72
11960,133,2025-08-17T00:00:00Z,87.52,76.21,54.44,38,95,0.04
11961,133,2025-08-18T00:00:00Z,82.63,0.0,28.46,100,15,95.76
11962,133,2025-08-19T00:00:00Z,100.0,56.57,13.33,52,79,0.23
11963,133,2025-08-20T00:00:00Z,100.0,77.1,28.89,48,98,0.03
11964,133,2025-08-21T00:00:00Z,82.13,0.0,36.18,100,0,98.0
11965,133,2025-08-22T00:00:00Z,81.05,0.0,34.58,100,0,98.11
11966,133,2025-08-23T00:00:00Z,82.61,0.0,34.65,100,0,97.96
11967,133,2025-08-24T00:00:00Z,83.52,0.0,35.7,100,0,97.86
11968,133,2025-08-25T00:00:00Z,74.57,100.0,67.71,38,100,0.02
11969,133,2025-08-26T00:00:00Z,98.8,31.5,11.43,62,61,2.85
11970,133,2025-08-27T00:00:00Z,79.36,0.0,24.86,100,0,98.26
11971,134,2025-05-30T00:00:00Z,99.8,74.47,73.03,33,96,0.02
11972,134,2025-05-31T00:00:00Z,86.9,91.57,63.5,30,98,0.01
11973,134,2025-06-01T00:00:00Z,87.48,70.24,75.66,35,100,0.03
11974,134,2025-06-02T00:00:00Z,89.29,64.25,66.22,33,96,0.04
11975,134,2025-06-03T00:00:00Z,95.93,85.4,58.97,33,98,0.01
11976,134,2025-06-04T00:00:00Z,91.33,94.46,53.42,30,98,0.01
11977,134,2025-06-05T00:00:00Z,95.85,96.42,67.83,32,96,0.01
11978,134,2025-06-06T00:00:00Z,100.0,100.0,72.45,30,100,0.0
11979,134,2025-06-07T00:00:00Z,100.0,79.79,58.26,30,100,0.01
11980,134,2025-06-08T00:00:00Z,91.59,100.0,53.45,30,100,0.01
11981,134,2025-06-09T00:00:00Z,100.0,83.51,60.6,30,100,0.01
11982,134,2025-06-10T00:00:00Z,96.01,93.16,72.41,30,100,0.01
11983,134,2025-06-11T00:00:00Z,100.0,100.0,53.26,36,96,0.01
11984,134,2025-06-12T00:00:00Z,83.12,85.49,56.29,30,98,0.02
11985,134,2025-06-13T00:00:00Z,86.13,85.72,71.81,35,100,0.02
11986,134,2025-06-14T00:00:00Z,86.58,59.17,54.77,30,98,0.04
11987,134,2025-06-15T00:00:00Z,90.55,79.17,67.76,30,100,0.01
11988,134,2025-06-16T00:00:00Z,100.0,67.18,68.87,32,98,0.02
11989,134,2025-06-17T00:00:00Z,100.0,88.9,57.5,33,100,0.01
11990,134,2025-06-18T00:00:00Z,100.0,100.0,53.47,33,96,0.01
11991,134,2025-06-19T00:00:00Z,100.0,100.0,54.17,30,98,0.0
11992,134,2025-06-20T00:00:00Z,88.16,100.0,57.77,30,100,0.01
11993,134,2025-06-21T00:00:00Z,100.0,94.5,63.35,30,100,0.0
11994,134,2025-06-22T00:00:00Z,94.04,100.0,55.34,33,100,0.01
11995,134,2025-06-23T00:00:00Z,84.86,77.6,58.74,33,100,0.02
11996,134,2025-06-24T00:00:00Z,99.75,65.61,67.09,33,100,0.02
11997,134,2025-06-25T00:00:00Z,100.0,100.0,67.52,30,100,0.0
11998,134,2025-06-26T00:00:00Z,100.0,57.58,58.38,30,98,0.02
11999,134,2025-06-27T00:00:00Z,83.61,85.72,64.87,35,98,0.02
12000,134,2025-06-28T00:00:00Z,100.0,100.0,60.87,36,100,0.01
12001,134,2025-06-29T00:00:00Z,86.77,78.33,60.59,33,100,0.02
12002,134,2025-06-30T00:00:00Z,96.49,60.97,68.72,30,100,0.02
12003,134,2025-07-01T00:00:00Z,72.57,100.0,61.14,33,100,0.02
12004,134,2025-07-02T00:00:00Z,100.0,89.38,74.31,30,98,0.01
12005,134,2025-07-03T00:00:00Z,88.5,95.54,74.45,33,100,0.01
12006,134,2025-07-04T00:00:00Z,97.73,100.0,57.27,30,100,0.0
12007,134,2025-07-05T00:00:00Z,85.41,96.0,73.35,33,100,0.01
12008,134,2025-07-06T00:00:00Z,90.68,57.2,57.46,30,100,0.03
12009,134,2025-07-07T00:00:00Z,90.19,73.85,74.74,32,89,0.03
12010,134,2025-07-08T00:00:00Z,77.08,90.38,52.85,33,98,0.02
12011,134,2025-07-09T00:00:00Z,84.53,96.03,66.41,30,98,0.01
12012,134,2025-07-10T00:00:00Z,91.55,84.03,65.83,33,100,0.01
12013,134,2025-07-11T00:00:00Z,99.36,78.83,53.11,30,100,0.01
12014,134,2025-07-12T00:00:00Z,99.55,80.18,64.79,30,100,0.01
12015,134,2025-07-13T00:00:00Z,100.0,77.49,74.16,30,98,0.01
12016,134,2025-07-14T00:00:00Z,75.05,99.78,54.57,30,100,0.01
12017,134,2025-07-15T00:00:00Z,84.23,100.0,66.62,30,100,0.01
12018,134,2025-07-16T00:00:00Z,84.3,93.53,61.33,30,98,0.01
12019,134,2025-07-17T00:00:00Z,100.0,100.0,75.93,33,96,0.01
12020,134,2025-07-18T00:00:00Z,98.2,79.08,75.32,33,98,0.01
12021,134,2025-07-19T00:00:00Z,100.0,73.1,54.3,30,100,0.01
12022,134,2025-07-20T00:00:00Z,100.0,83.91,53.69,35,100,0.01
12023,134,2025-07-21T00:00:00Z,98.59,96.53,68.7,30,98,0.01
12024,134,2025-07-22T00:00:00Z,90.46,100.0,73.44,39,100,0.01
12025,134,2025-07-23T00:00:00Z,100.0,85.59,67.15,30,100,0.01
12026,134,2025-07-24T00:00:00Z,87.88,100.0,58.52,30,93,0.01
12027,134,2025-07-25T00:00:00Z,85.6,94.91,56.72,30,98,0.01
12028,134,2025-07-26T00:00:00Z,100.0,80.06,65.72,33,100,0.01
12029,134,2025-07-27T00:00:00Z,100.0,94.01,76.52,30,100,0.0
12030,134,2025-07-28T00:00:00Z,100.0,82.15,55.79,30,96,0.01
12031,134,2025-07-29T00:00:00Z,86.11,0.0,30.95,100,36,86.93
12032,134,2025-07-30T00:00:00Z,79.47,0.0,25.69,100,8,97.41
12033,134,2025-07-31T00:00:00Z,78.31,0.0,25.69,100,0,98.34
12034,134,2025-08-01T00:00:00Z,78.08,0.0,25.28,100,26,94.25
12035,134,2025-08-02T00:00:00Z,78.44,0.0,22.08,100,0,98.33
12036,134,2025-08-03T00:00:00Z,77.26,0.0,22.15,100,0,98.43
12037,134,2025-08-04T00:00:00Z,78.62,0.0,25.42,100,18,95.96
12038,134,2025-08-05T00:00:00Z,77.79,0.0,24.79,100,8,97.61
12039,134,2025-08-06T00:00:00Z,87.11,0.0,26.33,96,40,80.29
12040,134,2025-08-07T00:00:00Z,97.83,88.54,68.44,33,100,0.01
12041,134,2025-08-08T00:00:00Z,94.54,64.86,12.78,45,92,0.07
12042,134,2025-08-09T00:00:00Z,76.22,0.0,21.25,100,0,98.51
12043,134,2025-08-10T00:00:00Z,77.31,0.0,21.6,100,0,98.42
12044,134,2025-08-11T00:00:00Z,78.33,0.0,26.04,100,0,98.34
12045,134,2025-08-12T00:00:00Z,78.58,0.0,25.21,100,0,98.32
12046,134,2025-08-13T00:00:00Z,79.72,0.0,24.93,100,0,98.23
12047,134,2025-08-14T00:00:00Z,78.57,0.0,25.42,100,0,98.32
12048,134,2025-08-15T00:00:00Z,78.99,0.0,25.14,100,10,97.21
12049,134,2025-08-16T00:00:00Z,76.31,0.0,22.08,100,0,98.5
12050,134,2025-08-17T00:00:00Z,80.55,0.0,22.62,100,0,98.15
12051,134,2025-08-18T00:00:00Z,95.07,9.0,36.67,61,65,6.27
12052,134,2025-08-19T00:00:00Z,85.65,0.0,32.73,100,21,93.51
12053,134,2025-08-20T00:00:00Z,99.73,79.12,63.14,33,100,0.01
12054,134,2025-08-21T00:00:00Z,80.84,0.0,26.37,100,14,96.3
12055,134,2025-08-22T00:00:00Z,76.86,0.0,25.0,100,0,98.46
12056,134,2025-08-23T00:00:00Z,76.17,0.0,22.01,100,0,98.51
12057,134,2025-08-24T00:00:00Z,77.62,0.0,21.87,100,51,82.77
12058,134,2025-08-25T00:00:00Z,100.0,62.01,10.67,30,98,0.02
12059,134,2025-08-26T00:00:00Z,85.97,0.0,30.61,97,31,87.78
12060,134,2025-08-27T00:00:00Z,79.06,0.0,25.97,99,0,98.18
12061,135,2025-05-30T00:00:00Z,93.92,89.63,62.66,45,100,0.02
12062,135,2025-05-31T00:00:00Z,92.63,100.0,56.74,42,100,0.01
12063,135,2025-06-01T00:00:00Z,97.18,61.79,52.79,45,100,0.05
12064,135,2025-06-02T00:00:00Z,92.25,47.0,69.99,45,89,0.19
12065,135,2025-06-03T00:00:00Z,99.63,87.24,61.38,48,98,0.02
12066,135,2025-06-04T00:00:00Z,100.0,60.62,66.29,45,100,0.04
12067,135,2025-06-05T00:00:00Z,84.63,44.53,70.82,45,100,0.18
12068,135,2025-06-06T00:00:00Z,93.53,79.21,71.1,42,100,0.02
12069,135,2025-06-07T00:00:00Z,87.1,61.7,54.06,47,100,0.09
12070,135,2025-06-08T00:00:00Z,78.47,76.89,62.83,42,98,0.06
12071,135,2025-06-09T00:00:00Z,99.07,66.05,58.28,48,100,0.04
12072,135,2025-06-10T00:00:00Z,88.02,66.23,58.92,45,98,0.07
12073,135,2025-06-11T00:00:00Z,93.74,79.78,74.0,47,98,0.03
12074,135,2025-06-12T00:00:00Z,100.0,78.38,60.81,45,100,0.02
12075,135,2025-06-13T00:00:00Z,100.0,77.6,66.48,48,100,0.03
12076,135,2025-06-14T00:00:00Z,93.47,75.2,56.54,54,98,0.06
12077,135,2025-06-15T00:00:00Z,82.82,71.0,60.68,48,98,0.09
12078,135,2025-06-16T00:00:00Z,70.9,71.55,58.59,45,98,0.13
12079,135,2025-06-17T00:00:00Z,100.0,76.63,70.85,42,100,0.02
12080,135,2025-06-18T00:00:00Z,90.55,78.28,70.18,42,85,0.06
12081,135,2025-06-19T00:00:00Z,93.91,73.9,62.05,45,98,0.04
12082,135,2025-06-20T00:00:00Z,100.0,100.0,63.65,42,98,0.01
12083,135,2025-06-21T00:00:00Z,92.96,47.99,61.89,42,100,0.09
12084,135,2025-06-22T00:00:00Z,94.55,60.33,58.11,48,96,0.09
12085,135,2025-06-23T00:00:00Z,100.0,64.71,75.21,42,100,0.03
12086,135,2025-06-24T00:00:00Z,84.16,96.62,57.11,42,98,0.02
12087,135,2025-06-25T00:00:00Z,100.0,74.34,56.9,42,96,0.03
12088,135,2025-06-26T00:00:00Z,100.0,73.34,66.68,47,100,0.03
12089,135,2025-06-27T00:00:00Z,98.27,73.23,52.84,48,98,0.04
12090,135,2025-06-28T00:00:00Z,100.0,63.01,54.74,42,98,0.04
12091,135,2025-06-29T00:00:00Z,93.66,100.0,69.37,42,98,0.01
12092,135,2025-06-30T00:00:00Z,100.0,94.65,62.53,42,98,0.01
12093,135,2025-07-01T00:00:00Z,86.75,92.64,55.36,42,98,0.02
12094,135,2025-07-02T00:00:00Z,98.3,96.1,67.16,42,100,0.01
12095,135,2025-07-03T00:00:00Z,99.83,77.61,59.39,42,100,0.02
12096,135,2025-07-04T00:00:00Z,95.62,93.39,55.55,48,98,0.02
12097,135,2025-07-05T00:00:00Z,100.0,88.51,55.44,42,100,0.01
12098,135,2025-07-06T00:00:00Z,89.46,83.84,58.4,44,100,0.03
12099,135,2025-07-07T00:00:00Z,90.46,71.42,70.28,42,96,0.05
12100,135,2025-07-08T00:00:00Z,100.0,79.71,75.11,48,98,0.03
12101,135,2025-07-09T00:00:00Z,100.0,86.42,57.43,45,100,0.02
12102,135,2025-07-10T00:00:00Z,95.24,93.26,76.21,54,98,0.03
12103,135,2025-07-11T00:00:00Z,100.0,71.67,59.65,45,100,0.03
12104,135,2025-07-12T00:00:00Z,95.05,64.53,57.75,45,100,0.05
12105,135,2025-07-13T00:00:00Z,96.11,100.0,63.15,48,100,0.01
12106,135,2025-07-14T00:00:00Z,100.0,95.58,69.54,42,98,0.01
12107,135,2025-07-15T00:00:00Z,90.89,58.89,62.21,48,98,0.1
12108,135,2025-07-16T00:00:00Z,100.0,96.82,74.15,48,98,0.01
12109,135,2025-07-17T00:00:00Z,100.0,53.77,66.35,42,89,0.08
12110,135,2025-07-18T00:00:00Z,100.0,88.77,53.06,45,98,0.02
12111,135,2025-07-19T00:00:00Z,95.72,74.19,53.81,51,96,0.06
12112,135,2025-07-20T00:00:00Z,92.95,89.73,59.18,45,100,0.02
12113,135,2025-07-21T00:00:00Z,90.38,81.56,73.82,45,100,0.03
12114,135,2025-07-22T00:00:00Z,88.45,81.17,54.19,44,100,0.03
12115,135,2025-07-23T00:00:00Z,95.28,100.0,66.68,42,98,0.01
12116,135,2025-07-24T00:00:00Z,100.0,92.54,70.88,42,100,0.01
12117,135,2025-07-25T00:00:00Z,91.81,67.98,54.29,48,100,0.06
12118,135,2025-07-26T00:00:00Z,97.27,80.36,54.18,48,98,0.03
12119,135,2025-07-27T00:00:00Z,92.45,85.49,54.61,48,93,0.04
12120,135,2025-07-28T00:00:00Z,76.8,95.76,63.16,48,100,0.04
12121,135,2025-07-29T00:00:00Z,85.43,78.61,53.64,45,100,0.04
12122,135,2025-07-30T00:00:00Z,100.0,84.29,68.52,48,100,0.02
12123,135,2025-07-31T00:00:00Z,89.88,0.0,27.68,100,2,96.79
12124,135,2025-08-01T00:00:00Z,78.55,0.0,26.53,100,0,98.33
12125,135,2025-08-02T00:00:00Z,77.24,0.0,21.11,100,0,98.43
12126,135,2025-08-03T00:00:00Z,78.05,0.0,22.29,100,0,98.37
12127,135,2025-08-04T00:00:00Z,88.72,0.0,23.73,100,27,90.15
12128,135,2025-08-05T00:00:00Z,83.78,0.0,28.66,100,0,97.84
12129,135,2025-08-06T00:00:00Z,78.94,0.0,25.42,100,0,98.29
12130,135,2025-08-07T00:00:00Z,79.25,0.0,25.28,100,0,98.27
12131,135,2025-08-08T00:00:00Z,78.6,0.0,25.56,100,0,98.32
12132,135,2025-08-09T00:00:00Z,77.9,0.0,21.74,100,0,98.38
12133,135,2025-08-10T00:00:00Z,95.32,0.0,10.88,70,76,8.58
12134,135,2025-08-11T00:00:00Z,88.71,0.0,29.69,100,16,94.07
12135,135,2025-08-12T00:00:00Z,78.0,0.0,24.93,100,0,98.37
12136,135,2025-08-13T00:00:00Z,79.03,0.0,25.21,100,0,98.29
12137,135,2025-08-14T00:00:00Z,79.5,0.0,25.56,100,0,98.25
12138,135,2025-08-15T00:00:00Z,79.43,0.0,25.9,100,0,98.25
12139,135,2025-08-16T00:00:00Z,89.37,0.0,18.14,100,0,97.16
12140,135,2025-08-17T00:00:00Z,93.35,100.0,75.36,42,98,0.01
12141,135,2025-08-18T00:00:00Z,94.05,0.0,36.38,100,52,66.76
12142,135,2025-08-19T00:00:00Z,80.59,0.0,35.42,100,0,98.15
12143,135,2025-08-20T00:00:00Z,81.26,0.0,34.65,100,0,98.09
12144,135,2025-08-21T00:00:00Z,81.27,0.0,34.72,100,0,98.09
12145,135,2025-08-22T00:00:00Z,81.27,0.0,34.03,100,0,98.09
12146,135,2025-08-23T00:00:00Z,80.3,0.0,34.86,100,0,98.17
12147,135,2025-08-24T00:00:00Z,81.47,0.0,33.4,100,0,98.07
12148,135,2025-08-25T00:00:00Z,87.82,0.0,33.99,100,27,90.54
12149,135,2025-08-26T00:00:00Z,96.58,100.0,59.76,48,94,0.02
12150,135,2025-08-27T00:00:00Z,96.87,0.0,10.91,57,80,3.16
12151,136,2025-05-30T00:00:00Z,96.41,96.52,59.25,33,100,0.01
12152,136,2025-05-31T00:00:00Z,100.0,93.74,55.81,30,100,0.0
12153,136,2025-06-01T00:00:00Z,100.0,100.0,73.01,33,100,0.0
12154,136,2025-06-02T00:00:00Z,92.89,93.87,66.75,30,100,0.01
12155,136,2025-06-03T00:00:00Z,100.0,76.09,67.65,30,100,0.01
12156,136,2025-06-04T00:00:00Z,88.55,86.32,53.41,30,100,0.01
12157,136,2025-06-05T00:00:00Z,99.48,100.0,55.24,30,100,0.0
12158,136,2025-06-06T00:00:00Z,94.16,100.0,69.82,30,100,0.0
12159,136,2025-06-07T00:00:00Z,82.1,75.75,58.28,30,100,0.02
12160,136,2025-06-08T00:00:00Z,92.73,91.74,67.81,30,100,0.01
12161,136,2025-06-09T00:00:00Z,99.9,100.0,69.17,30,100,0.0
12162,136,2025-06-10T00:00:00Z,87.31,100.0,64.06,32,100,0.01
12163,136,2025-06-11T00:00:00Z,100.0,94.6,68.58,30,100,0.0
12164,136,2025-06-12T00:00:00Z,86.8,67.03,57.66,30,100,0.03
12165,136,2025-06-13T00:00:00Z,82.85,88.11,60.55,33,96,0.02
12166,136,2025-06-14T00:00:00Z,88.44,100.0,57.0,30,100,0.01
12167,136,2025-06-15T00:00:00Z,92.31,64.35,61.0,33,100,0.03
12168,136,2025-06-16T00:00:00Z,72.6,100.0,58.94,32,100,0.02
12169,136,2025-06-17T00:00:00Z,92.3,69.91,54.17,30,95,0.02
12170,136,2025-06-18T00:00:00Z,91.18,98.72,58.53,30,100,0.01
12171,136,2025-06-19T00:00:00Z,91.61,89.42,57.74,33,98,0.01
12172,136,2025-06-20T00:00:00Z,97.44,98.53,72.29,30,94,0.01
12173,136,2025-06-21T00:00:00Z,100.0,94.23,70.98,30,100,0.0
12174,136,2025-06-22T00:00:00Z,98.55,80.96,60.5,30,100,0.01
12175,136,2025-06-23T00:00:00Z,72.5,92.1,55.51,33,96,0.03
12176,136,2025-06-24T00:00:00Z,100.0,100.0,62.08,34,100,0.0
12177,136,2025-06-25T00:00:00Z,90.78,71.81,52.94,36,100,0.03
12178,136,2025-06-26T00:00:00Z,100.0,100.0,60.98,30,100,0.0
12179,136,2025-06-27T00:00:00Z,93.83,94.06,62.98,33,95,0.01
12180,136,2025-06-28T00:00:00Z,89.93,85.52,54.33,30,100,0.01
12181,136,2025-06-29T00:00:00Z,84.39,100.0,57.35,32,100,0.01
12182,136,2025-06-30T00:00:00Z,100.0,71.43,53.07,30,100,0.01
12183,136,2025-07-01T00:00:00Z,86.3,100.0,56.92,30,100,0.01
12184,136,2025-07-02T00:00:00Z,100.0,92.58,61.32,30,98,0.01
12185,136,2025-07-03T00:00:00Z,100.0,100.0,74.57,33,100,0.0
12186,136,2025-07-04T00:00:00Z,92.23,76.31,64.58,30,100,0.01
12187,136,2025-07-05T00:00:00Z,100.0,71.3,61.15,30,100,0.01
12188,136,2025-07-06T00:00:00Z,100.0,93.21,68.5,33,96,0.01
12189,136,2025-07-07T00:00:00Z,100.0,75.22,64.42,33,100,0.01
12190,136,2025-07-08T00:00:00Z,100.0,81.64,54.21,33,100,0.01
12191,136,2025-07-09T00:00:00Z,98.75,94.02,64.71,30,98,0.01
12192,136,2025-07-10T00:00:00Z,97.58,100.0,73.36,30,100,0.0
12193,136,2025-07-11T00:00:00Z,99.25,82.1,63.77,30,98,0.01
12194,136,2025-07-12T00:00:00Z,91.14,98.27,53.95,33,100,0.01
12195,136,2025-07-13T00:00:00Z,84.47,100.0,54.69,30,100,0.01
12196,136,2025-07-14T00:00:00Z,99.62,100.0,52.66,30,100,0.0
12197,136,2025-07-15T00:00:00Z,93.74,87.35,70.99,30,100,0.01
12198,136,2025-07-16T00:00:00Z,77.18,100.0,65.48,30,100,0.01
12199,136,2025-07-17T00:00:00Z,98.35,78.3,55.58,30,100,0.01
12200,136,2025-07-18T00:00:00Z,96.18,81.58,71.77,30,98,0.01
12201,136,2025-07-19T00:00:00Z,85.96,100.0,54.25,33,100,0.01
12202,136,2025-07-20T00:00:00Z,89.39,96.7,65.52,37,95,0.01
12203,136,2025-07-21T00:00:00Z,99.51,84.1,53.69,36,100,0.01
12204,136,2025-07-22T00:00:00Z,100.0,63.8,60.26,33,100,0.02
12205,136,2025-07-23T00:00:00Z,81.97,84.74,60.7,30,100,0.02
12206,136,2025-07-24T00:00:00Z,94.78,100.0,56.69,30,100,0.0
12207,136,2025-07-25T00:00:00Z,91.27,82.6,67.59,30,100,0.01
12208,136,2025-07-26T00:00:00Z,95.36,100.0,64.68,30,98,0.01
12209,136,2025-07-27T00:00:00Z,100.0,68.7,65.5,36,100,0.02
12210,136,2025-07-28T00:00:00Z,100.0,81.35,67.65,33,100,0.01
12211,136,2025-07-29T00:00:00Z,92.31,58.83,34.93,67,55,2.42
12212,136,2025-07-30T00:00:00Z,83.04,0.0,34.37,100,7,97.06
12213,136,2025-07-31T00:00:00Z,83.84,0.0,35.69,100,32,90.1
12214,136,2025-08-01T00:00:00Z,81.53,0.0,35.07,100,4,97.64
12215,136,2025-08-02T00:00:00Z,82.86,0.0,35.69,100,2,97.72
12216,136,2025-08-03T00:00:00Z,86.62,0.0,35.07,70,68,17.78
12217,136,2025-08-04T00:00:00Z,84.03,76.75,53.82,33,100,0.03
12218,136,2025-08-05T00:00:00Z,91.11,55.05,39.19,61,66,1.22
12219,136,2025-08-06T00:00:00Z,78.76,0.0,35.0,100,0,98.31
12220,136,2025-08-07T00:00:00Z,81.52,0.0,35.0,100,0,98.06
12221,136,2025-08-08T00:00:00Z,80.84,0.0,34.31,100,0,98.13
12222,136,2025-08-09T00:00:00Z,83.08,0.0,35.07,100,0,97.91
12223,136,2025-08-10T00:00:00Z,79.01,0.0,34.31,100,6,97.7
12224,136,2025-08-11T00:00:00Z,79.27,0.0,34.65,100,0,98.26
12225,136,2025-08-12T00:00:00Z,79.66,0.0,34.58,100,21,95.11
12226,136,2025-08-13T00:00:00Z,80.57,0.0,34.79,100,0,98.15
12227,136,2025-08-14T00:00:00Z,87.51,0.0,32.38,100,5,96.69
12228,136,2025-08-15T00:00:00Z,98.57,98.44,62.44,30,100,0.0
12229,136,2025-08-16T00:00:00Z,82.38,0.0,34.55,100,37,88.4
12230,136,2025-08-17T00:00:00Z,82.83,22.02,35.35,89,19,79.7
12231,136,2025-08-18T00:00:00Z,79.88,0.0,34.58,100,28,93.12
12232,136,2025-08-19T00:00:00Z,80.13,0.0,34.31,100,25,93.95
12233,136,2025-08-20T00:00:00Z,82.41,0.0,34.86,100,3,97.66
12234,136,2025-08-21T00:00:00Z,83.13,0.0,33.96,100,0,97.9
12235,136,2025-08-22T00:00:00Z,79.75,0.0,34.72,100,20,95.31
12236,136,2025-08-23T00:00:00Z,82.26,0.0,35.0,100,13,96.22
12237,136,2025-08-24T00:00:00Z,82.06,0.0,34.44,100,38,88.05
12238,136,2025-08-25T00:00:00Z,100.0,54.75,31.11,56,84,0.24
12239,136,2025-08-26T00:00:00Z,80.28,0.0,34.79,100,37,89.44
12240,136,2025-08-27T00:00:00Z,81.32,0.0,34.65,100,2,97.88
12241,137,2025-05-30T00:00:00Z,99.59,89.29,75.82,36,98,0.01
12242,137,2025-05-31T00:00:00Z,83.77,100.0,53.23,43,96,0.02
12243,137,2025-06-01T00:00:00Z,100.0,86.4,56.83,34,100,0.01
12244,137,2025-06-02T00:00:00Z,93.6,100.0,74.69,37,100,0.01
12245,137,2025-06-03T00:00:00Z,89.96,97.47,66.75,34,98,0.01
12246,137,2025-06-04T00:00:00Z,94.47,87.6,59.11,34,100,0.01
12247,137,2025-06-05T00:00:00Z,100.0,82.71,64.5,34,96,0.01
12248,137,2025-06-06T00:00:00Z,100.0,100.0,64.51,43,98,0.01
12249,137,2025-06-07T00:00:00Z,83.26,87.42,63.64,34,100,0.02
12250,137,2025-06-08T00:00:00Z,100.0,87.11,69.94,34,100,0.01
12251,137,2025-06-09T00:00:00Z,85.81,100.0,65.68,34,96,0.01
12252,137,2025-06-10T00:00:00Z,77.73,91.95,53.6,34,100,0.02
12253,137,2025-06-11T00:00:00Z,82.71,70.63,68.99,34,100,0.04
12254,137,2025-06-12T00:00:00Z,95.97,71.85,55.72,34,98,0.02
12255,137,2025-06-13T00:00:00Z,97.36,68.61,57.14,37,100,0.02
12256,137,2025-06-14T00:00:00Z,86.59,100.0,75.34,37,100,0.01
12257,137,2025-06-15T00:00:00Z,100.0,75.08,69.72,37,100,0.02
12258,137,2025-06-16T00:00:00Z,93.95,82.06,68.82,34,100,0.01
12259,137,2025-06-17T00:00:00Z,95.01,95.38,75.35,34,100,0.01
12260,137,2025-06-18T00:00:00Z,95.6,69.14,56.71,34,95,0.03
12261,137,2025-06-19T00:00:00Z,82.4,73.22,69.74,37,100,0.04
12262,137,2025-06-20T00:00:00Z,94.66,98.28,65.22,37,98,0.01
12263,137,2025-06-21T00:00:00Z,96.63,65.16,56.89,34,98,0.02
12264,137,2025-06-22T00:00:00Z,96.89,70.77,59.18,37,100,0.02
12265,137,2025-06-23T00:00:00Z,82.6,85.5,67.54,46,100,0.04
12266,137,2025-06-24T00:00:00Z,84.95,100.0,65.47,43,100,0.02
12267,137,2025-06-25T00:00:00Z,95.22,100.0,60.62,34,96,0.01
12268,137,2025-06-26T00:00:00Z,100.0,91.34,65.57,37,95,0.01
12269,137,2025-06-27T00:00:00Z,98.71,92.44,59.62,40,100,0.01
12270,137,2025-06-28T00:00:00Z,100.0,85.16,73.02,34,100,0.01
12271,137,2025-06-29T00:00:00Z,94.46,74.07,53.42,34,100,0.02
12272,137,2025-06-30T00:00:00Z,92.7,93.74,59.82,34,100,0.01
12273,137,2025-07-01T00:00:00Z,94.18,95.75,64.44,40,100,0.01
12274,137,2025-07-02T00:00:00Z,100.0,86.73,74.2,37,100,0.01
12275,137,2025-07-03T00:00:00Z,97.45,88.15,54.13,37,100,0.01
12276,137,2025-07-04T00:00:00Z,91.93,77.77,66.92,36,100,0.02
12277,137,2025-07-05T00:00:00Z,97.86,88.35,53.36,34,96,0.01
12278,137,2025-07-06T00:00:00Z,88.51,81.1,58.93,34,100,0.02
12279,137,2025-07-07T00:00:00Z,91.84,97.67,61.96,34,100,0.01
12280,137,2025-07-08T00:00:00Z,91.1,95.44,54.49,37,100,0.01
12281,137,2025-07-09T00:00:00Z,100.0,100.0,71.43,37,100,0.01
12282,137,2025-07-10T00:00:00Z,88.08,96.64,66.08,34,100,0.01
12283,137,2025-07-11T00:00:00Z,89.5,83.88,64.15,36,95,0.02
12284,137,2025-07-12T00:00:00Z,100.0,88.5,54.64,34,95,0.01
12285,137,2025-07-13T00:00:00Z,90.36,84.54,54.02,38,96,0.02
12286,137,2025-07-14T00:00:00Z,100.0,93.55,75.77,34,100,0.01
12287,137,2025-07-15T00:00:00Z,100.0,82.87,75.36,43,100,0.02
12288,137,2025-07-16T00:00:00Z,81.7,82.96,57.43,37,100,0.03
12289,137,2025-07-17T00:00:00Z,84.67,69.61,56.96,37,100,0.04
12290,137,2025-07-18T00:00:00Z,95.93,100.0,72.46,34,98,0.01
12291,137,2025-07-19T00:00:00Z,89.8,60.42,57.75,37,100,0.05
12292,137,2025-07-20T00:00:00Z,100.0,100.0,61.02,37,100,0.01
12293,137,2025-07-21T00:00:00Z,99.52,86.7,54.24,40,98,0.01
12294,137,2025-07-22T00:00:00Z,88.13,100.0,54.2,40,100,0.01
12295,137,2025-07-23T00:00:00Z,100.0,62.05,54.24,34,100,0.02
12296,137,2025-07-24T00:00:00Z,72.06,88.02,62.06,37,96,0.05
12297,137,2025-07-25T00:00:00Z,99.64,70.66,76.61,36,100,0.02
12298,137,2025-07-26T00:00:00Z,85.84,89.23,73.3,37,98,0.02
12299,137,2025-07-27T00:00:00Z,87.53,67.43,65.37,34,100,0.03
12300,137,2025-07-28T00:00:00Z,99.34,73.79,73.72,37,98,0.02
12301,137,2025-07-29T00:00:00Z,85.79,0.0,30.1,100,5,96.95
12302,137,2025-07-30T00:00:00Z,95.58,52.51,12.27,67,80,0.77
12303,137,2025-07-31T00:00:00Z,95.04,97.53,58.8,34,100,0.01
12304,137,2025-08-01T00:00:00Z,91.97,0.0,24.91,71,58,22.47
12305,137,2025-08-02T00:00:00Z,75.63,0.0,21.53,100,0,98.55
12306,137,2025-08-03T00:00:00Z,76.41,0.0,21.25,100,0,98.49
12307,137,2025-08-04T00:00:00Z,79.4,0.0,25.49,100,0,98.25
12308,137,2025-08-05T00:00:00Z,78.3,0.0,25.14,100,0,98.35
12309,137,2025-08-06T00:00:00Z,88.2,0.0,26.09,82,14,85.93
12310,137,2025-08-07T00:00:00Z,98.42,80.85,61.14,34,98,0.01
12311,137,2025-08-08T00:00:00Z,85.76,0.0,34.85,100,0,97.62
12312,137,2025-08-09T00:00:00Z,79.45,0.0,35.62,100,0,98.25
12313,137,2025-08-10T00:00:00Z,81.31,0.0,34.31,100,0,98.08
12314,137,2025-08-11T00:00:00Z,79.89,0.0,35.0,100,0,98.21
12315,137,2025-08-12T00:00:00Z,80.49,0.0,33.89,100,0,98.16
12316,137,2025-08-13T00:00:00Z,80.08,0.0,34.58,100,0,98.19
12317,137,2025-08-14T00:00:00Z,88.48,23.34,28.89,73,64,10.18
12318,137,2025-08-15T00:00:00Z,94.27,59.94,35.38,51,75,0.3
12319,137,2025-08-16T00:00:00Z,81.83,0.0,34.44,100,0,98.03
12320,137,2025-08-17T00:00:00Z,83.09,0.0,34.86,100,0,97.91
12321,137,2025-08-18T00:00:00Z,81.3,0.0,34.17,100,0,98.08
12322,137,2025-08-19T00:00:00Z,81.08,0.0,34.86,100,0,98.1
12323,137,2025-08-20T00:00:00Z,82.18,0.0,35.21,100,9,96.9
12324,137,2025-08-21T00:00:00Z,82.38,0.0,36.04,100,0,97.98
12325,137,2025-08-22T00:00:00Z,84.06,0.0,34.3,100,0,97.81
12326,137,2025-08-23T00:00:00Z,100.0,77.24,66.95,34,100,0.01
12327,137,2025-08-24T00:00:00Z,88.11,20.67,23.11,84,51,32.25
12328,137,2025-08-25T00:00:00Z,79.58,0.0,25.83,100,0,98.24
12329,137,2025-08-26T00:00:00Z,78.17,0.0,25.69,100,0,98.36
12330,137,2025-08-27T00:00:00Z,76.91,0.0,25.56,100,0,98.45
12331,138,2025-05-30T00:00:00Z,100.0,100.0,68.01,39,98,0.01
12332,138,2025-05-31T00:00:00Z,100.0,91.46,66.32,39,100,0.01
12333,138,2025-06-01T00:00:00Z,98.0,100.0,57.01,45,100,0.01
12334,138,2025-06-02T00:00:00Z,85.0,77.47,69.53,36,94,0.04
12335,138,2025-06-03T00:00:00Z,100.0,100.0,68.58,36,98,0.01
12336,138,2025-06-04T00:00:00Z,90.53,84.53,52.99,36,100,0.02
12337,138,2025-06-05T00:00:00Z,100.0,65.33,76.33,39,98,0.03
12338,138,2025-06-06T00:00:00Z,83.92,97.53,53.61,36,98,0.01
12339,138,2025-06-07T00:00:00Z,99.99,53.75,71.5,36,98,0.04
12340,138,2025-06-08T00:00:00Z,95.78,86.42,68.44,39,98,0.01
12341,138,2025-06-09T00:00:00Z,99.18,87.9,64.04,44,96,0.02
12342,138,2025-06-10T00:00:00Z,100.0,86.42,61.86,36,98,0.01
12343,138,2025-06-11T00:00:00Z,89.93,98.74,57.33,36,100,0.01
12344,138,2025-06-12T00:00:00Z,77.85,69.24,66.29,39,100,0.07
12345,138,2025-06-13T00:00:00Z,100.0,97.88,63.1,45,96,0.01
12346,138,2025-06-14T00:00:00Z,81.55,100.0,62.14,39,98,0.02
12347,138,2025-06-15T00:00:00Z,75.73,58.77,61.65,36,100,0.09
12348,138,2025-06-16T00:00:00Z,98.59,100.0,63.86,42,100,0.01
12349,138,2025-06-17T00:00:00Z,82.64,89.99,67.02,39,98,0.03
12350,138,2025-06-18T00:00:00Z,100.0,94.69,62.88,36,100,0.01
12351,138,2025-06-19T00:00:00Z,100.0,79.74,68.51,36,98,0.01
12352,138,2025-06-20T00:00:00Z,100.0,64.15,58.14,39,98,0.03
12353,138,2025-06-21T00:00:00Z,83.29,95.51,58.18,38,98,0.02
12354,138,2025-06-22T00:00:00Z,100.0,74.93,69.9,42,100,0.02
12355,138,2025-06-23T00:00:00Z,93.1,84.03,56.29,39,100,0.02
12356,138,2025-06-24T00:00:00Z,100.0,70.74,76.3,36,98,0.02
12357,138,2025-06-25T00:00:00Z,100.0,85.13,56.03,36,96,0.01
12358,138,2025-06-26T00:00:00Z,94.83,96.57,56.37,36,96,0.01
12359,138,2025-06-27T00:00:00Z,100.0,73.95,60.5,42,100,0.02
12360,138,2025-06-28T00:00:00Z,100.0,98.88,68.23,36,100,0.01
12361,138,2025-06-29T00:00:00Z,89.34,56.02,54.94,42,100,0.08
12362,138,2025-06-30T00:00:00Z,83.3,57.29,56.98,39,98,0.09
12363,138,2025-07-01T00:00:00Z,92.78,76.08,54.27,39,96,0.03
12364,138,2025-07-02T00:00:00Z,78.92,72.18,60.76,42,100,0.07
12365,138,2025-07-03T00:00:00Z,91.08,88.73,57.57,36,98,0.01
12366,138,2025-07-04T00:00:00Z,100.0,100.0,53.05,42,100,0.01
12367,138,2025-07-05T00:00:00Z,99.72,98.79,52.85,36,100,0.01
12368,138,2025-07-06T00:00:00Z,95.1,100.0,71.47,36,98,0.01
12369,138,2025-07-07T00:00:00Z,97.56,71.13,69.51,36,100,0.02
12370,138,2025-07-08T00:00:00Z,98.09,85.11,58.48,36,100,0.01
12371,138,2025-07-09T00:00:00Z,95.93,100.0,64.09,39,98,0.01
12372,138,2025-07-10T00:00:00Z,87.09,74.81,74.85,38,100,0.03
12373,138,2025-07-11T00:00:00Z,88.51,76.1,63.54,36,96,0.03
12374,138,2025-07-12T00:00:00Z,78.68,85.43,53.44,42,93,0.06
12375,138,2025-07-13T00:00:00Z,92.08,88.71,62.58,36,100,0.01
12376,138,2025-07-14T00:00:00Z,96.01,85.89,65.05,36,100,0.01
12377,138,2025-07-15T00:00:00Z,92.92,88.76,59.95,36,98,0.01
12378,138,2025-07-16T00:00:00Z,77.8,99.86,54.04,36,100,0.02
12379,138,2025-07-17T00:00:00Z,100.0,94.07,69.67,41,100,0.01
12380,138,2025-07-18T00:00:00Z,97.83,69.33,74.5,39,98,0.03
12381,138,2025-07-19T00:00:00Z,93.6,79.82,68.92,36,98,0.02
12382,138,2025-07-20T00:00:00Z,100.0,92.2,61.63,36,96,0.01
12383,138,2025-07-21T00:00:00Z,83.4,78.25,75.97,39,100,0.03
12384,138,2025-07-22T00:00:00Z,100.0,90.12,61.17,36,96,0.01
12385,138,2025-07-23T00:00:00Z,100.0,88.14,58.7,36,100,0.01
12386,138,2025-07-24T00:00:00Z,86.9,100.0,70.15,42,100,0.01
12387,138,2025-07-25T00:00:00Z,100.0,85.25,74.42,36,100,0.01
12388,138,2025-07-26T00:00:00Z,83.06,100.0,54.73,36,98,0.01
12389,138,2025-07-27T00:00:00Z,100.0,99.36,71.75,39,100,0.01
12390,138,2025-07-28T00:00:00Z,99.02,81.65,68.17,36,100,0.01
12391,138,2025-07-29T00:00:00Z,87.11,0.0,37.24,100,21,93.05
12392,138,2025-07-30T00:00:00Z,88.51,0.0,35.52,100,32,87.81
12393,138,2025-07-31T00:00:00Z,94.01,44.77,11.82,66,96,0.48
12394,138,2025-08-01T00:00:00Z,79.64,0.0,26.32,100,16,96.15
12395,138,2025-08-02T00:00:00Z,77.02,0.0,22.15,100,0,98.45
12396,138,2025-08-03T00:00:00Z,76.3,0.0,21.11,100,0,98.5
12397,138,2025-08-04T00:00:00Z,78.33,0.0,25.9,100,2,98.17
12398,138,2025-08-05T00:00:00Z,77.41,0.0,25.42,100,0,98.42
12399,138,2025-08-06T00:00:00Z,83.85,0.0,29.91,100,35,88.67
12400,138,2025-08-07T00:00:00Z,97.65,93.34,59.81,36,100,0.01
12401,138,2025-08-08T00:00:00Z,98.4,69.98,11.11,48,92,0.06
12402,138,2025-08-09T00:00:00Z,77.25,0.0,21.18,100,0,98.43
12403,138,2025-08-10T00:00:00Z,78.15,0.0,21.39,100,11,97.19
12404,138,2025-08-11T00:00:00Z,78.15,0.0,25.42,100,0,98.36
12405,138,2025-08-12T00:00:00Z,80.09,0.0,26.52,100,0,98.19
12406,138,2025-08-13T00:00:00Z,97.87,70.55,52.66,42,98,0.03
12407,138,2025-08-14T00:00:00Z,93.11,100.0,66.45,36,100,0.01
12408,138,2025-08-15T00:00:00Z,85.1,0.0,31.05,100,22,93.37
12409,138,2025-08-16T00:00:00Z,78.13,0.0,21.6,100,0,98.36
12410,138,2025-08-17T00:00:00Z,77.67,0.0,22.08,100,1,98.32
12411,138,2025-08-18T00:00:00Z,77.86,0.0,24.93,100,1,98.3
12412,138,2025-08-19T00:00:00Z,78.24,0.0,25.83,100,7,97.68
12413,138,2025-08-20T00:00:00Z,78.82,0.0,26.39,100,0,98.3
12414,138,2025-08-21T00:00:00Z,78.33,0.0,26.6,100,12,97.02
12415,138,2025-08-22T00:00:00Z,78.63,0.0,25.28,100,0,98.32
12416,138,2025-08-23T00:00:00Z,78.48,0.0,22.15,100,0,98.33
12417,138,2025-08-24T00:00:00Z,76.73,0.0,21.87,100,0,98.47
12418,138,2025-08-25T00:00:00Z,94.33,48.96,12.75,70,65,2.35
12419,138,2025-08-26T00:00:00Z,88.88,0.0,27.21,100,25,90.94
12420,138,2025-08-27T00:00:00Z,79.0,0.0,26.46,100,0,98.29
12421,139,2025-05-30T00:00:00Z,98.75,97.15,55.51,33,100,0.01
12422,139,2025-05-31T00:00:00Z,93.88,88.76,59.92,30,100,0.01
12423,139,2025-06-01T00:00:00Z,99.14,100.0,64.37,30,98,0.0
12424,139,2025-06-02T00:00:00Z,100.0,96.05,54.8,33,98,0.01
12425,139,2025-06-03T00:00:00Z,97.94,75.68,73.84,30,100,0.01
12426,139,2025-06-04T00:00:00Z,100.0,67.14,62.59,30,100,0.01
12427,139,2025-06-05T00:00:00Z,91.55,95.63,57.03,33,100,0.01
12428,139,2025-06-06T00:00:00Z,100.0,81.93,57.4,33,100,0.01
12429,139,2025-06-07T00:00:00Z,97.71,91.1,56.46,30,100,0.01
12430,139,2025-06-08T00:00:00Z,100.0,100.0,71.96,30,100,0.0
12431,139,2025-06-09T00:00:00Z,99.1,55.0,73.09,30,100,0.02
12432,139,2025-06-10T00:00:00Z,93.51,97.46,61.63,30,98,0.01
12433,139,2025-06-11T00:00:00Z,90.92,94.96,70.21,30,100,0.01
12434,139,2025-06-12T00:00:00Z,95.98,88.69,60.02,30,100,0.01
12435,139,2025-06-13T00:00:00Z,100.0,100.0,63.69,33,100,0.0
12436,139,2025-06-14T00:00:00Z,74.72,94.12,66.32,33,100,0.02
12437,139,2025-06-15T00:00:00Z,91.47,90.03,64.49,30,95,0.01
12438,139,2025-06-16T00:00:00Z,91.26,100.0,61.81,30,100,0.01
12439,139,2025-06-17T00:00:00Z,100.0,79.01,67.27,30,100,0.01
12440,139,2025-06-18T00:00:00Z,75.16,91.45,65.62,33,100,0.02
12441,139,2025-06-19T00:00:00Z,100.0,100.0,56.12,33,100,0.0
12442,139,2025-06-20T00:00:00Z,100.0,92.53,59.61,33,100,0.01
12443,139,2025-06-21T00:00:00Z,92.77,97.3,54.63,33,100,0.01
12444,139,2025-06-22T00:00:00Z,90.5,91.58,76.9,32,100,0.01
12445,139,2025-06-23T00:00:00Z,91.04,100.0,55.15,33,100,0.01
12446,139,2025-06-24T00:00:00Z,76.7,100.0,68.55,30,100,0.01
12447,139,2025-06-25T00:00:00Z,91.78,94.55,72.89,30,100,0.01
12448,139,2025-06-26T00:00:00Z,96.16,88.32,69.81,33,100,0.01
12449,139,2025-06-27T00:00:00Z,89.04,100.0,55.18,30,100,0.01
12450,139,2025-06-28T00:00:00Z,93.92,62.77,57.5,30,100,0.02
12451,139,2025-06-29T00:00:00Z,90.58,100.0,56.41,30,100,0.01
12452,139,2025-06-30T00:00:00Z,87.41,92.28,69.82,33,98,0.01
12453,139,2025-07-01T00:00:00Z,87.09,90.69,63.52,33,100,0.01
12454,139,2025-07-02T00:00:00Z,100.0,100.0,53.42,30,100,0.0
12455,139,2025-07-03T00:00:00Z,90.22,98.39,66.18,30,100,0.01
12456,139,2025-07-04T00:00:00Z,100.0,100.0,76.51,30,98,0.0
12457,139,2025-07-05T00:00:00Z,88.47,100.0,55.39,30,100,0.01
12458,139,2025-07-06T00:00:00Z,81.53,100.0,53.05,30,100,0.01
12459,139,2025-07-07T00:00:00Z,96.26,92.84,59.22,32,98,0.01
12460,139,2025-07-08T00:00:00Z,90.08,81.18,58.44,30,100,0.01
12461,139,2025-07-09T00:00:00Z,88.2,98.03,71.28,30,100,0.01
12462,139,2025-07-10T00:00:00Z,85.61,60.52,61.06,30,100,0.04
12463,139,2025-07-11T00:00:00Z,100.0,94.42,52.7,30,100,0.0
12464,139,2025-07-12T00:00:00Z,91.39,100.0,61.08,30,100,0.01
12465,139,2025-07-13T00:00:00Z,100.0,88.43,62.33,30,100,0.01
12466,139,2025-07-14T00:00:00Z,84.34,88.85,63.18,30,100,0.01
12467,139,2025-07-15T00:00:00Z,100.0,88.63,66.27,30,100,0.01
12468,139,2025-07-16T00:00:00Z,100.0,100.0,66.05,33,100,0.0
12469,139,2025-07-17T00:00:00Z,89.64,100.0,60.38,30,98,0.01
12470,139,2025-07-18T00:00:00Z,90.62,100.0,69.86,30,100,0.01
12471,139,2025-07-19T00:00:00Z,95.86,66.36,57.66,33,96,0.03
12472,139,2025-07-20T00:00:00Z,94.88,83.86,55.51,30,100,0.01
12473,139,2025-07-21T00:00:00Z,100.0,100.0,61.52,30,100,0.0
12474,139,2025-07-22T00:00:00Z,82.89,84.27,57.77,30,100,0.02
12475,139,2025-07-23T00:00:00Z,100.0,95.04,65.15,33,100,0.01
12476,139,2025-07-24T00:00:00Z,97.72,71.06,69.05,32,96,0.02
12477,139,2025-07-25T00:00:00Z,83.74,86.08,60.42,30,100,0.01
12478,139,2025-07-26T00:00:00Z,100.0,97.4,68.39,35,96,0.01
12479,139,2025-07-27T00:00:00Z,100.0,100.0,55.44,30,100,0.0
12480,139,2025-07-28T00:00:00Z,100.0,95.68,55.8,30,100,0.0
12481,139,2025-07-29T00:00:00Z,91.88,37.56,40.14,60,61,2.8
12482,139,2025-07-30T00:00:00Z,98.69,76.8,30.48,34,91,0.02
12483,139,2025-07-31T00:00:00Z,80.89,0.0,33.82,94,26,90.85
12484,139,2025-08-01T00:00:00Z,82.1,11.6,34.31,83,0,91.77
12485,139,2025-08-02T00:00:00Z,81.35,0.0,35.0,97,50,77.77
12486,139,2025-08-03T00:00:00Z,81.13,0.0,35.76,96,0,97.6
12487,139,2025-08-04T00:00:00Z,81.38,0.0,34.58,75,6,89.39
12488,139,2025-08-05T00:00:00Z,81.47,0.0,35.83,88,0,96.11
12489,139,2025-08-06T00:00:00Z,80.85,0.0,34.58,82,10,91.51
12490,139,2025-08-07T00:00:00Z,81.28,0.0,35.14,86,0,95.67
12491,139,2025-08-08T00:00:00Z,80.91,2.04,34.03,92,0,96.75
12492,139,2025-08-09T00:00:00Z,80.85,0.0,34.44,100,12,96.64
12493,139,2025-08-10T00:00:00Z,81.91,10.51,35.06,90,0,94.71
12494,139,2025-08-11T00:00:00Z,92.24,76.2,26.5,45,65,0.2
12495,139,2025-08-12T00:00:00Z,79.49,9.32,25.9,72,29,62.77
12496,139,2025-08-13T00:00:00Z,77.91,0.0,25.62,80,44,66.92
12497,139,2025-08-14T00:00:00Z,86.53,32.17,25.15,51,40,7.22
12498,139,2025-08-15T00:00:00Z,81.6,44.69,28.08,73,31,26.16
12499,139,2025-08-16T00:00:00Z,77.67,0.0,21.53,95,26,92.53
12500,139,2025-08-17T00:00:00Z,77.61,0.0,21.87,90,27,89.75
12501,139,2025-08-18T00:00:00Z,78.43,0.0,25.42,70,27,71.68
12502,139,2025-08-19T00:00:00Z,78.51,30.33,25.69,87,20,74.68
12503,139,2025-08-20T00:00:00Z,78.06,16.65,25.14,74,16,74.48
12504,139,2025-08-21T00:00:00Z,78.6,0.0,27.08,99,35,90.55
12505,139,2025-08-22T00:00:00Z,96.31,64.81,12.5,35,81,0.06
12506,139,2025-08-23T00:00:00Z,100.0,100.0,76.1,30,100,0.0
12507,139,2025-08-24T00:00:00Z,83.43,40.58,25.41,70,45,13.65
12508,139,2025-08-25T00:00:00Z,78.35,0.0,25.42,91,0,97.19
12509,139,2025-08-26T00:00:00Z,78.32,0.0,25.97,76,14,87.48
12510,139,2025-08-27T00:00:00Z,79.54,0.0,25.83,76,27,77.44
12511,140,2025-05-30T00:00:00Z,93.13,72.23,68.89,30,100,0.02
12512,140,2025-05-31T00:00:00Z,88.15,100.0,59.03,33,93,0.01
12513,140,2025-06-01T00:00:00Z,100.0,100.0,64.73,30,98,0.0
12514,140,2025-06-02T00:00:00Z,84.91,76.07,62.26,30,100,0.02
12515,140,2025-06-03T00:00:00Z,99.06,90.0,61.48,33,100,0.01
12516,140,2025-06-04T00:00:00Z,90.15,99.99,62.62,33,96,0.01
12517,140,2025-06-05T00:00:00Z,78.27,47.07,54.81,30,100,0.09
12518,140,2025-06-06T00:00:00Z,92.13,100.0,53.42,30,100,0.01
12519,140,2025-06-07T00:00:00Z,84.72,99.96,58.37,33,98,0.01
12520,140,2025-06-08T00:00:00Z,95.59,77.66,55.72,33,98,0.01
12521,140,2025-06-09T00:00:00Z,100.0,100.0,62.58,30,98,0.0
12522,140,2025-06-10T00:00:00Z,90.38,86.81,63.06,39,100,0.02
12523,140,2025-06-11T00:00:00Z,98.43,100.0,75.66,30,100,0.0
12524,140,2025-06-12T00:00:00Z,93.2,100.0,74.09,30,96,0.01
12525,140,2025-06-13T00:00:00Z,83.82,94.59,52.86,33,100,0.01
12526,140,2025-06-14T00:00:00Z,94.38,79.74,52.83,30,95,0.01
12527,140,2025-06-15T00:00:00Z,100.0,100.0,75.59,30,98,0.0
12528,140,2025-06-16T00:00:00Z,100.0,96.45,58.25,33,95,0.01
12529,140,2025-06-17T00:00:00Z,100.0,100.0,53.66,30,100,0.0
12530,140,2025-06-18T00:00:00Z,97.4,59.78,57.98,35,96,0.03
12531,140,2025-06-19T00:00:00Z,100.0,84.18,69.92,30,100,0.01
12532,140,2025-06-20T00:00:00Z,100.0,96.68,66.17,33,95,0.01
12533,140,2025-06-21T00:00:00Z,100.0,89.12,74.33,30,100,0.01
12534,140,2025-06-22T00:00:00Z,95.53,100.0,63.47,30,100,0.0
12535,140,2025-06-23T00:00:00Z,75.41,70.95,73.46,30,100,0.04
12536,140,2025-06-24T00:00:00Z,100.0,100.0,64.22,33,100,0.0
12537,140,2025-06-25T00:00:00Z,100.0,90.97,70.87,33,100,0.01
12538,140,2025-06-26T00:00:00Z,97.49,58.77,70.57,36,98,0.03
12539,140,2025-06-27T00:00:00Z,81.75,100.0,68.22,33,100,0.01
12540,140,2025-06-28T00:00:00Z,89.12,100.0,73.68,36,98,0.01
12541,140,2025-06-29T00:00:00Z,88.31,81.2,57.73,30,100,0.01
12542,140,2025-06-30T00:00:00Z,86.46,91.84,58.5,30,100,0.01
12543,140,2025-07-01T00:00:00Z,89.73,97.58,63.01,33,100,0.01
12544,140,2025-07-02T00:00:00Z,87.69,100.0,66.43,30,100,0.01
12545,140,2025-07-03T00:00:00Z,90.77,75.85,53.71,30,98,0.02
12546,140,2025-07-04T00:00:00Z,96.65,100.0,58.72,30,100,0.0
12547,140,2025-07-05T00:00:00Z,73.05,100.0,65.48,30,94,0.02
12548,140,2025-07-06T00:00:00Z,87.68,100.0,61.55,30,100,0.01
12549,140,2025-07-07T00:00:00Z,86.08,100.0,57.07,30,98,0.01
12550,140,2025-07-08T00:00:00Z,100.0,100.0,74.08,30,100,0.0
12551,140,2025-07-09T00:00:00Z,100.0,89.9,66.38,33,100,0.01
12552,140,2025-07-10T00:00:00Z,100.0,76.08,67.16,30,100,0.01
12553,140,2025-07-11T00:00:00Z,94.73,100.0,65.05,30,94,0.01
12554,140,2025-07-12T00:00:00Z,88.97,85.64,56.54,30,100,0.01
12555,140,2025-07-13T00:00:00Z,85.63,100.0,61.31,30,100,0.01
12556,140,2025-07-14T00:00:00Z,81.3,79.01,71.8,36,100,0.03
12557,140,2025-07-15T00:00:00Z,86.33,68.95,57.2,30,95,0.03
12558,140,2025-07-16T00:00:00Z,98.99,99.33,53.24,35,100,0.01
12559,140,2025-07-17T00:00:00Z,100.0,75.85,62.0,30,100,0.01
12560,140,2025-07-18T00:00:00Z,85.28,81.98,64.11,33,100,0.02
12561,140,2025-07-19T00:00:00Z,85.77,98.46,72.98,33,98,0.01
12562,140,2025-07-20T00:00:00Z,100.0,79.08,67.36,30,100,0.01
12563,140,2025-07-21T00:00:00Z,97.82,83.62,72.31,30,100,0.01
12564,140,2025-07-22T00:00:00Z,97.41,68.53,70.49,30,100,0.01
12565,140,2025-07-23T00:00:00Z,87.79,84.49,64.03,30,100,0.01
12566,140,2025-07-24T00:00:00Z,99.26,76.14,58.29,30,96,0.01
12567,140,2025-07-25T00:00:00Z,89.04,77.34,61.84,35,100,0.02
12568,140,2025-07-26T00:00:00Z,68.07,100.0,68.22,30,100,0.02
12569,140,2025-07-27T00:00:00Z,100.0,100.0,76.2,30,100,0.0
12570,140,2025-07-28T00:00:00Z,94.7,91.43,53.08,30,100,0.01
12571,140,2025-07-29T00:00:00Z,92.36,0.0,35.56,62,82,4.75
12572,140,2025-07-30T00:00:00Z,92.54,42.21,39.11,67,76,1.64
12573,140,2025-07-31T00:00:00Z,86.24,0.0,33.03,100,7,96.57
12574,140,2025-08-01T00:00:00Z,91.13,0.0,35.34,86,50,52.59
12575,140,2025-08-02T00:00:00Z,80.05,0.0,34.37,100,21,95.01
12576,140,2025-08-03T00:00:00Z,81.06,0.0,34.44,100,4,97.7
12577,140,2025-08-04T00:00:00Z,82.61,0.0,34.72,98,0,97.7
12578,140,2025-08-05T00:00:00Z,79.04,0.0,35.14,74,32,70.85
12579,140,2025-08-06T00:00:00Z,90.38,22.12,33.74,66,67,5.77
12580,140,2025-08-07T00:00:00Z,91.35,43.55,34.13,87,66,8.4
12581,140,2025-08-08T00:00:00Z,81.45,0.0,34.17,100,0,98.07
12582,140,2025-08-09T00:00:00Z,81.8,0.0,34.24,100,8,97.1
12583,140,2025-08-10T00:00:00Z,82.33,0.0,34.58,82,6,92.44
12584,140,2025-08-11T00:00:00Z,80.38,0.0,34.17,100,0,98.17
12585,140,2025-08-12T00:00:00Z,81.49,0.0,34.31,100,0,98.07
12586,140,2025-08-13T00:00:00Z,92.79,0.0,32.84,68,51,24.8
12587,140,2025-08-14T00:00:00Z,98.83,94.65,40.0,54,79,0.06
12588,140,2025-08-15T00:00:00Z,80.07,0.0,33.61,100,0,98.2
12589,140,2025-08-16T00:00:00Z,81.46,0.0,33.96,100,45,84.25
12590,140,2025-08-17T00:00:00Z,83.23,0.0,34.93,100,0,97.89
12591,140,2025-08-18T00:00:00Z,80.79,0.0,33.12,95,14,95.08
12592,140,2025-08-19T00:00:00Z,80.74,0.0,34.44,100,15,96.13
12593,140,2025-08-20T00:00:00Z,77.9,0.0,35.07,100,8,97.6
12594,140,2025-08-21T00:00:00Z,79.48,0.0,34.44,100,0,98.25
12595,140,2025-08-22T00:00:00Z,83.7,0.0,32.28,100,19,94.61
12596,140,2025-08-23T00:00:00Z,100.0,68.38,27.62,39,94,0.03
12597,140,2025-08-24T00:00:00Z,82.14,0.0,34.65,100,43,85.11
12598,140,2025-08-25T00:00:00Z,81.69,0.0,35.58,100,29,92.17
12599,140,2025-08-26T00:00:00Z,96.16,65.9,63.75,30,100,0.02
12600,140,2025-08-27T00:00:00Z,100.0,61.03,37.33,39,75,0.11
12601,141,2025-05-30T00:00:00Z,100.0,87.47,56.2,33,100,0.01
12602,141,2025-05-31T00:00:00Z,94.31,89.04,70.84,33,100,0.01
12603,141,2025-06-01T00:00:00Z,97.43,84.83,56.34,30,98,0.01
12604,141,2025-06-02T00:00:00Z,89.16,100.0,73.52,33,100,0.01
12605,141,2025-06-03T00:00:00Z,100.0,78.82,66.75,30,95,0.01
12606,141,2025-06-04T00:00:00Z,96.94,94.44,54.88,30,98,0.01
12607,141,2025-06-05T00:00:00Z,88.79,100.0,55.87,36,100,0.01
12608,141,2025-06-06T00:00:00Z,99.18,100.0,56.91,30,100,0.0
12609,141,2025-06-07T00:00:00Z,100.0,100.0,55.55,30,100,0.0
12610,141,2025-06-08T00:00:00Z,100.0,100.0,58.47,30,96,0.0
12611,141,2025-06-09T00:00:00Z,86.45,96.03,57.28,30,100,0.01
12612,141,2025-06-10T00:00:00Z,95.3,85.33,74.38,30,100,0.01
12613,141,2025-06-11T00:00:00Z,78.25,60.97,66.55,32,100,0.06
12614,141,2025-06-12T00:00:00Z,100.0,90.91,55.49,30,100,0.01
12615,141,2025-06-13T00:00:00Z,91.59,90.58,55.11,30,100,0.01
12616,141,2025-06-14T00:00:00Z,100.0,91.49,71.44,30,98,0.01
12617,141,2025-06-15T00:00:00Z,100.0,91.34,63.91,30,100,0.01
12618,141,2025-06-16T00:00:00Z,96.29,100.0,69.08,30,100,0.0
12619,141,2025-06-17T00:00:00Z,87.48,92.97,57.89,30,98,0.01
12620,141,2025-06-18T00:00:00Z,100.0,91.51,65.96,30,98,0.01
12621,141,2025-06-19T00:00:00Z,100.0,100.0,70.01,33,100,0.0
12622,141,2025-06-20T00:00:00Z,100.0,100.0,54.08,36,100,0.01
12623,141,2025-06-21T00:00:00Z,100.0,100.0,63.24,30,100,0.0
12624,141,2025-06-22T00:00:00Z,91.3,86.54,73.18,30,100,0.01
12625,141,2025-06-23T00:00:00Z,100.0,100.0,68.13,33,100,0.0
12626,141,2025-06-24T00:00:00Z,99.75,99.07,53.76,33,95,0.01
12627,141,2025-06-25T00:00:00Z,95.16,100.0,60.49,30,100,0.0
12628,141,2025-06-26T00:00:00Z,92.71,94.87,60.5,30,100,0.01
12629,141,2025-06-27T00:00:00Z,91.29,100.0,75.07,30,100,0.01
12630,141,2025-06-28T00:00:00Z,100.0,100.0,56.43,30,100,0.0
12631,141,2025-06-29T00:00:00Z,83.89,97.87,53.33,30,98,0.01
12632,141,2025-06-30T00:00:00Z,98.81,99.97,74.47,30,95,0.01
12633,141,2025-07-01T00:00:00Z,100.0,79.59,72.77,30,100,0.01
12634,141,2025-07-02T00:00:00Z,84.16,75.08,53.88,30,100,0.02
12635,141,2025-07-03T00:00:00Z,87.93,93.31,57.52,30,96,0.01
12636,141,2025-07-04T00:00:00Z,92.4,100.0,53.99,33,96,0.01
12637,141,2025-07-05T00:00:00Z,95.7,86.89,62.56,30,100,0.01
12638,141,2025-07-06T00:00:00Z,97.31,88.35,58.1,33,100,0.01
12639,141,2025-07-07T00:00:00Z,90.67,84.16,58.12,30,98,0.01
12640,141,2025-07-08T00:00:00Z,100.0,79.85,59.4,30,96,0.01
12641,141,2025-07-09T00:00:00Z,84.66,100.0,76.2,33,100,0.01
12642,141,2025-07-10T00:00:00Z,100.0,94.91,62.8,33,92,0.01
12643,141,2025-07-11T00:00:00Z,94.84,93.62,53.42,30,100,0.01
12644,141,2025-07-12T00:00:00Z,97.5,92.68,76.03,30,100,0.01
12645,141,2025-07-13T00:00:00Z,78.11,83.15,57.54,30,100,0.02
12646,141,2025-07-14T00:00:00Z,100.0,95.37,68.83,33,100,0.01
12647,141,2025-07-15T00:00:00Z,93.02,100.0,52.67,33,100,0.01
12648,141,2025-07-16T00:00:00Z,100.0,97.69,65.62,33,100,0.0
12649,141,2025-07-17T00:00:00Z,93.35,86.35,55.03,30,100,0.01
12650,141,2025-07-18T00:00:00Z,100.0,84.67,69.67,30,100,0.01
12651,141,2025-07-19T00:00:00Z,100.0,99.01,68.48,30,100,0.0
12652,141,2025-07-20T00:00:00Z,87.58,100.0,64.46,30,100,0.01
12653,141,2025-07-21T00:00:00Z,92.07,91.15,55.23,30,100,0.01
12654,141,2025-07-22T00:00:00Z,65.34,85.02,60.84,32,100,0.04
12655,141,2025-07-23T00:00:00Z,79.8,81.01,55.88,30,100,0.02
12656,141,2025-07-24T00:00:00Z,97.78,100.0,58.12,30,96,0.01
12657,141,2025-07-25T00:00:00Z,70.51,78.05,53.28,30,100,0.04
12658,141,2025-07-26T00:00:00Z,90.1,89.2,56.8,33,100,0.01
12659,141,2025-07-27T00:00:00Z,84.17,80.38,57.39,30,100,0.02
12660,141,2025-07-28T00:00:00Z,87.1,96.43,69.09,30,100,0.01
12661,141,2025-07-29T00:00:00Z,99.51,100.0,73.59,30,96,0.0
12662,141,2025-07-30T00:00:00Z,88.21,52.98,26.09,58,80,0.64
12663,141,2025-07-31T00:00:00Z,89.13,30.23,24.13,75,63,8.99
12664,141,2025-08-01T00:00:00Z,99.81,84.16,13.33,36,98,0.01
12665,141,2025-08-02T00:00:00Z,77.05,7.65,21.6,82,32,76.16
12666,141,2025-08-03T00:00:00Z,77.6,13.87,21.04,72,28,61.9
12667,141,2025-08-04T00:00:00Z,77.61,22.43,25.42,99,16,91.39
12668,141,2025-08-05T00:00:00Z,80.02,0.0,27.03,81,31,78.73
12669,141,2025-08-06T00:00:00Z,92.4,100.0,65.17,30,98,0.01
12670,141,2025-08-07T00:00:00Z,83.04,100.0,76.57,30,98,0.01
12671,141,2025-08-08T00:00:00Z,87.63,4.94,31.78,57,31,32.98
12672,141,2025-08-09T00:00:00Z,77.4,0.0,21.6,80,19,87.87
12673,141,2025-08-10T00:00:00Z,77.58,18.61,21.67,100,52,68.5
12674,141,2025-08-11T00:00:00Z,79.05,5.28,25.62,75,11,85.64
12675,141,2025-08-12T00:00:00Z,78.27,60.74,25.0,90,0,74.2
12676,141,2025-08-13T00:00:00Z,78.7,28.05,25.76,80,0,85.1
12677,141,2025-08-14T00:00:00Z,78.85,0.0,26.25,68,5,86.85
12678,141,2025-08-15T00:00:00Z,78.03,4.18,24.1,82,31,78.61
12679,141,2025-08-16T00:00:00Z,77.29,0.0,21.81,88,15,93.5
12680,141,2025-08-17T00:00:00Z,90.36,55.53,13.15,55,56,1.42
12681,141,2025-08-18T00:00:00Z,100.0,96.94,60.72,33,100,0.01
12682,141,2025-08-19T00:00:00Z,88.64,61.56,28.76,48,50,1.08
12683,141,2025-08-20T00:00:00Z,90.22,69.33,22.37,51,66,0.4
12684,141,2025-08-21T00:00:00Z,90.01,23.93,26.35,48,56,3.3
12685,141,2025-08-22T00:00:00Z,77.8,0.0,25.14,85,28,85.94
12686,141,2025-08-23T00:00:00Z,77.66,27.91,21.32,95,0,93.71
12687,141,2025-08-24T00:00:00Z,78.23,0.0,22.08,81,21,86.97
12688,141,2025-08-25T00:00:00Z,88.08,29.3,24.94,67,40,17.43
12689,141,2025-08-26T00:00:00Z,100.0,73.3,63.31,30,100,0.01
12690,141,2025-08-27T00:00:00Z,87.16,45.78,30.62,60,66,2.01
12691,142,2025-05-30T00:00:00Z,82.42,100.0,53.09,33,100,0.01
12692,142,2025-05-31T00:00:00Z,74.38,100.0,60.02,30,100,0.01
12693,142,2025-06-01T00:00:00Z,81.31,100.0,60.01,30,98,0.01
12694,142,2025-06-02T00:00:00Z,100.0,79.06,60.08,32,96,0.01
12695,142,2025-06-03T00:00:00Z,81.89,65.59,53.84,33,100,0.04
12696,142,2025-06-04T00:00:00Z,94.03,74.49,55.86,33,95,0.02
12697,142,2025-06-05T00:00:00Z,100.0,81.12,61.87,30,100,0.01
12698,142,2025-06-06T00:00:00Z,100.0,100.0,62.82,30,100,0.0
12699,142,2025-06-07T00:00:00Z,100.0,84.1,58.95,30,100,0.01
12700,142,2025-06-08T00:00:00Z,100.0,96.83,66.43,36,100,0.01
12701,142,2025-06-09T00:00:00Z,87.32,100.0,52.63,36,100,0.01
12702,142,2025-06-10T00:00:00Z,96.37,100.0,60.07,32,96,0.01
12703,142,2025-06-11T00:00:00Z,96.36,87.72,52.76,33,100,0.01
12704,142,2025-06-12T00:00:00Z,87.16,100.0,60.3,33,100,0.01
12705,142,2025-06-13T00:00:00Z,95.47,85.15,53.86,33,100,0.01
12706,142,2025-06-14T00:00:00Z,98.2,76.6,66.33,30,100,0.01
12707,142,2025-06-15T00:00:00Z,100.0,91.55,58.63,30,100,0.01
12708,142,2025-06-16T00:00:00Z,99.63,91.04,66.65,30,100,0.01
12709,142,2025-06-17T00:00:00Z,85.27,100.0,72.62,30,100,0.01
12710,142,2025-06-18T00:00:00Z,96.1,96.11,69.26,30,95,0.01
12711,142,2025-06-19T00:00:00Z,95.68,100.0,59.17,30,100,0.0
12712,142,2025-06-20T00:00:00Z,98.1,100.0,75.49,30,96,0.0
12713,142,2025-06-21T00:00:00Z,93.8,100.0,57.2,30,100,0.01
12714,142,2025-06-22T00:00:00Z,100.0,94.68,70.56,32,98,0.01
12715,142,2025-06-23T00:00:00Z,96.09,100.0,73.48,30,100,0.0
12716,142,2025-06-24T00:00:00Z,78.42,100.0,63.83,33,100,0.01
12717,142,2025-06-25T00:00:00Z,80.77,96.62,55.31,30,100,0.01
12718,142,2025-06-26T00:00:00Z,85.92,72.06,54.9,30,100,0.02
12719,142,2025-06-27T00:00:00Z,76.64,94.72,54.32,30,96,0.02
12720,142,2025-06-28T00:00:00Z,80.4,75.66,58.27,33,98,0.03
12721,142,2025-06-29T00:00:00Z,92.27,97.23,54.98,33,98,0.01
12722,142,2025-06-30T00:00:00Z,100.0,84.33,60.1,30,100,0.01
12723,142,2025-07-01T00:00:00Z,100.0,80.02,58.45,30,100,0.01
12724,142,2025-07-02T00:00:00Z,100.0,83.6,53.97,36,100,0.01
12725,142,2025-07-03T00:00:00Z,91.74,100.0,65.6,30,100,0.01
12726,142,2025-07-04T00:00:00Z,79.94,100.0,55.44,33,100,0.01
12727,142,2025-07-05T00:00:00Z,87.46,86.29,68.52,30,100,0.01
12728,142,2025-07-06T00:00:00Z,100.0,93.31,64.65,30,100,0.0
12729,142,2025-07-07T00:00:00Z,89.99,84.84,65.08,30,100,0.01
12730,142,2025-07-08T00:00:00Z,82.97,100.0,58.77,30,100,0.01
12731,142,2025-07-09T00:00:00Z,95.17,100.0,73.88,30,100,0.0
12732,142,2025-07-10T00:00:00Z,100.0,71.79,65.83,30,100,0.01
12733,142,2025-07-11T00:00:00Z,100.0,92.72,68.7,30,100,0.0
12734,142,2025-07-12T00:00:00Z,87.15,82.3,60.74,30,100,0.01
12735,142,2025-07-13T00:00:00Z,79.31,100.0,59.3,30,100,0.01
12736,142,2025-07-14T00:00:00Z,100.0,100.0,60.07,33,96,0.01
12737,142,2025-07-15T00:00:00Z,79.95,100.0,63.75,36,98,0.02
12738,142,2025-07-16T00:00:00Z,85.49,95.3,66.27,30,96,0.01
12739,142,2025-07-17T00:00:00Z,90.1,89.06,71.22,30,96,0.01
12740,142,2025-07-18T00:00:00Z,92.11,78.19,57.74,30,96,0.02
12741,142,2025-07-19T00:00:00Z,93.68,100.0,75.04,30,100,0.01
12742,142,2025-07-20T00:00:00Z,97.37,79.58,67.01,30,100,0.01
12743,142,2025-07-21T00:00:00Z,82.11,93.09,56.5,30,100,0.01
12744,142,2025-07-22T00:00:00Z,77.51,95.86,55.91,33,100,0.02
12745,142,2025-07-23T00:00:00Z,83.1,69.38,67.95,30,98,0.03
12746,142,2025-07-24T00:00:00Z,100.0,96.77,68.98,33,100,0.01
12747,142,2025-07-25T00:00:00Z,100.0,80.94,71.22,30,100,0.01
12748,142,2025-07-26T00:00:00Z,98.26,100.0,57.52,30,95,0.01
12749,142,2025-07-27T00:00:00Z,87.86,98.84,63.2,33,100,0.01
12750,142,2025-07-28T00:00:00Z,100.0,90.0,59.78,33,100,0.01
12751,142,2025-07-29T00:00:00Z,85.71,16.75,30.86,69,51,20.34
12752,142,2025-07-30T00:00:00Z,76.83,0.0,24.86,89,59,63.38
12753,142,2025-07-31T00:00:00Z,81.37,7.42,25.28,100,33,87.92
12754,142,2025-08-01T00:00:00Z,90.87,81.66,17.72,68,84,0.27
12755,142,2025-08-02T00:00:00Z,73.74,97.75,60.62,30,100,0.02
12756,142,2025-08-03T00:00:00Z,94.36,27.94,35.49,71,60,7.07
12757,142,2025-08-04T00:00:00Z,83.2,0.0,35.0,100,26,92.69
12758,142,2025-08-05T00:00:00Z,81.65,0.0,34.58,91,0,96.7
12759,142,2025-08-06T00:00:00Z,82.53,0.0,35.14,100,48,81.36
12760,142,2025-08-07T00:00:00Z,88.98,12.05,33.23,75,22,61.51
12761,142,2025-08-08T00:00:00Z,98.23,100.0,55.27,30,100,0.0
12762,142,2025-08-09T00:00:00Z,100.0,68.28,75.5,33,100,0.02
12763,142,2025-08-10T00:00:00Z,78.65,0.0,22.22,87,3,95.84
12764,142,2025-08-11T00:00:00Z,77.35,0.0,25.0,92,37,85.84
12765,142,2025-08-12T00:00:00Z,78.15,0.0,26.25,100,25,94.49
12766,142,2025-08-13T00:00:00Z,78.34,6.86,25.69,72,54,36.09
12767,142,2025-08-14T00:00:00Z,78.56,0.0,24.58,100,7,97.64
12768,142,2025-08-15T00:00:00Z,77.86,6.09,25.49,100,24,93.48
12769,142,2025-08-16T00:00:00Z,77.19,0.0,21.53,89,18,92.96
12770,142,2025-08-17T00:00:00Z,79.13,0.0,22.08,99,31,91.94
12771,142,2025-08-18T00:00:00Z,78.58,0.0,25.35,88,41,78.6
12772,142,2025-08-19T00:00:00Z,79.53,0.0,26.53,100,19,95.58
12773,142,2025-08-20T00:00:00Z,77.66,0.0,26.18,90,46,77.15
12774,142,2025-08-21T00:00:00Z,99.0,77.29,11.11,38,98,0.02
12775,142,2025-08-22T00:00:00Z,100.0,80.43,12.08,51,72,0.12
12776,142,2025-08-23T00:00:00Z,77.07,38.1,21.25,82,21,62.07
12777,142,2025-08-24T00:00:00Z,79.85,0.0,21.94,81,0,94.62
12778,142,2025-08-25T00:00:00Z,78.88,0.0,25.69,84,0,95.67
12779,142,2025-08-26T00:00:00Z,77.92,0.0,26.04,74,30,73.96
12780,142,2025-08-27T00:00:00Z,82.31,0.0,27.83,68,17,75.29
12781,143,2025-05-30T00:00:00Z,89.75,98.34,65.93,30,100,0.01
12782,143,2025-05-31T00:00:00Z,88.63,100.0,63.91,30,100,0.01
12783,143,2025-06-01T00:00:00Z,79.99,100.0,55.27,30,100,0.01
12784,143,2025-06-02T00:00:00Z,95.17,86.34,56.89,30,98,0.01
12785,143,2025-06-03T00:00:00Z,100.0,100.0,71.28,30,94,0.01
12786,143,2025-06-04T00:00:00Z,100.0,88.18,60.74,30,96,0.01
12787,143,2025-06-05T00:00:00Z,100.0,84.07,66.35,30,100,0.01
12788,143,2025-06-06T00:00:00Z,98.21,72.56,55.35,30,100,0.01
12789,143,2025-06-07T00:00:00Z,97.99,100.0,58.66,36,100,0.01
12790,143,2025-06-08T00:00:00Z,83.65,82.42,68.69,30,100,0.02
12791,143,2025-06-09T00:00:00Z,93.11,87.97,61.11,30,100,0.01
12792,143,2025-06-10T00:00:00Z,100.0,90.27,66.85,30,100,0.01
12793,143,2025-06-11T00:00:00Z,100.0,100.0,53.28,35,100,0.01
12794,143,2025-06-12T00:00:00Z,100.0,47.0,64.94,30,100,0.03
12795,143,2025-06-13T00:00:00Z,96.54,97.22,75.34,30,100,0.0
12796,143,2025-06-14T00:00:00Z,100.0,100.0,61.08,32,100,0.0
12797,143,2025-06-15T00:00:00Z,85.84,77.37,61.69,30,100,0.02
12798,143,2025-06-16T00:00:00Z,100.0,100.0,56.19,30,100,0.0
12799,143,2025-06-17T00:00:00Z,97.29,100.0,59.98,30,100,0.0
12800,143,2025-06-18T00:00:00Z,90.87,99.84,59.24,30,100,0.01
12801,143,2025-06-19T00:00:00Z,100.0,100.0,68.81,30,100,0.0
12802,143,2025-06-20T00:00:00Z,87.33,100.0,56.45,30,100,0.01
12803,143,2025-06-21T00:00:00Z,93.45,83.28,67.12,30,100,0.01
12804,143,2025-06-22T00:00:00Z,82.35,99.78,56.07,32,100,0.01
12805,143,2025-06-23T00:00:00Z,76.2,96.96,55.84,30,100,0.01
12806,143,2025-06-24T00:00:00Z,97.76,100.0,74.76,30,98,0.0
12807,143,2025-06-25T00:00:00Z,100.0,100.0,64.09,32,95,0.01
12808,143,2025-06-26T00:00:00Z,86.33,85.82,69.82,30,100,0.01
12809,143,2025-06-27T00:00:00Z,100.0,99.28,67.6,30,100,0.0
12810,143,2025-06-28T00:00:00Z,100.0,100.0,66.21,33,100,0.0
12811,143,2025-06-29T00:00:00Z,89.25,89.56,54.5,30,100,0.01
12812,143,2025-06-30T00:00:00Z,100.0,96.9,75.7,30,98,0.0
12813,143,2025-07-01T00:00:00Z,79.06,100.0,59.53,30,100,0.01
12814,143,2025-07-02T00:00:00Z,100.0,87.78,69.47,36,100,0.01
12815,143,2025-07-03T00:00:00Z,91.47,98.13,61.25,32,100,0.01
12816,143,2025-07-04T00:00:00Z,88.74,68.18,72.44,30,100,0.02
12817,143,2025-07-05T00:00:00Z,87.3,86.68,69.75,30,100,0.01
12818,143,2025-07-06T00:00:00Z,93.88,100.0,60.95,33,98,0.01
12819,143,2025-07-07T00:00:00Z,91.65,97.34,74.22,30,100,0.01
12820,143,2025-07-08T00:00:00Z,96.73,82.18,71.01,30,100,0.01
12821,143,2025-07-09T00:00:00Z,100.0,86.71,71.1,30,100,0.01
12822,143,2025-07-10T00:00:00Z,100.0,96.38,69.14,30,100,0.0
12823,143,2025-07-11T00:00:00Z,100.0,100.0,55.85,35,100,0.01
12824,143,2025-07-12T00:00:00Z,85.37,86.85,52.93,33,100,0.02
12825,143,2025-07-13T00:00:00Z,100.0,82.24,57.33,30,100,0.01
12826,143,2025-07-14T00:00:00Z,79.79,74.62,62.75,30,100,0.03
12827,143,2025-07-15T00:00:00Z,98.89,71.61,66.18,30,100,0.01
12828,143,2025-07-16T00:00:00Z,94.62,75.9,62.89,30,100,0.01
12829,143,2025-07-17T00:00:00Z,94.32,57.2,59.9,30,100,0.03
12830,143,2025-07-18T00:00:00Z,100.0,100.0,69.42,30,98,0.0
12831,143,2025-07-19T00:00:00Z,95.5,75.73,54.92,30,100,0.01
12832,143,2025-07-20T00:00:00Z,81.59,100.0,53.69,33,100,0.01
12833,143,2025-07-21T00:00:00Z,100.0,100.0,74.76,32,100,0.0
12834,143,2025-07-22T00:00:00Z,78.42,100.0,56.96,30,96,0.01
12835,143,2025-07-23T00:00:00Z,81.31,98.13,54.23,30,100,0.01
12836,143,2025-07-24T00:00:00Z,91.72,100.0,60.55,30,100,0.01
12837,143,2025-07-25T00:00:00Z,73.62,100.0,59.18,30,95,0.02
12838,143,2025-07-26T00:00:00Z,98.56,66.74,61.03,30,100,0.02
12839,143,2025-07-27T00:00:00Z,94.78,100.0,60.02,33,100,0.01
12840,143,2025-07-28T00:00:00Z,100.0,98.31,73.76,33,100,0.0
12841,143,2025-07-29T00:00:00Z,87.01,54.48,38.38,54,64,1.11
12842,143,2025-07-30T00:00:00Z,82.21,39.68,35.35,71,60,8.03
12843,143,2025-07-31T00:00:00Z,92.08,94.47,30.57,50,67,0.12
12844,143,2025-08-01T00:00:00Z,100.0,83.83,62.36,30,100,0.01
12845,143,2025-08-02T00:00:00Z,97.82,83.31,37.14,46,79,0.06
12846,143,2025-08-03T00:00:00Z,80.46,50.53,35.42,92,0,81.4
12847,143,2025-08-04T00:00:00Z,79.48,0.0,34.58,70,16,80.63
12848,143,2025-08-05T00:00:00Z,79.59,12.4,34.72,55,20,45.63
12849,143,2025-08-06T00:00:00Z,80.17,19.19,34.51,69,5,75.29
12850,143,2025-08-07T00:00:00Z,81.83,4.62,35.0,100,30,90.24
12851,143,2025-08-08T00:00:00Z,82.75,0.0,34.93,99,27,92.07
12852,143,2025-08-09T00:00:00Z,80.57,0.0,34.93,61,24,60.63
12853,143,2025-08-10T00:00:00Z,82.03,0.0,33.75,63,0,84.27
12854,143,2025-08-11T00:00:00Z,87.6,53.27,32.65,66,24,14.8
12855,143,2025-08-12T00:00:00Z,86.86,86.31,54.13,30,100,0.01
12856,143,2025-08-13T00:00:00Z,86.85,100.0,76.57,33,95,0.01
12857,143,2025-08-14T00:00:00Z,81.9,13.44,35.05,62,68,9.01
12858,143,2025-08-15T00:00:00Z,80.95,0.0,33.06,67,37,53.06
12859,143,2025-08-16T00:00:00Z,82.45,0.0,34.72,69,47,41.76
12860,143,2025-08-17T00:00:00Z,79.2,13.37,34.44,79,23,74.94
12861,143,2025-08-18T00:00:00Z,81.15,57.6,34.44,69,32,13.93
12862,143,2025-08-19T00:00:00Z,80.42,17.02,35.14,85,55,41.29
12863,143,2025-08-20T00:00:00Z,82.87,33.43,35.07,71,44,19.46
12864,143,2025-08-21T00:00:00Z,82.02,40.34,34.58,77,45,20.67
12865,143,2025-08-22T00:00:00Z,90.32,86.99,26.67,33,96,0.01
12866,143,2025-08-23T00:00:00Z,79.06,16.79,34.37,83,16,82.57
12867,143,2025-08-24T00:00:00Z,80.64,14.61,34.24,81,34,63.26
12868,143,2025-08-25T00:00:00Z,79.6,30.87,33.61,75,21,55.85
12869,143,2025-08-26T00:00:00Z,82.46,38.39,34.79,68,50,11.12
12870,143,2025-08-27T00:00:00Z,79.39,0.0,35.07,91,11,94.98
12871,144,2025-05-30T00:00:00Z,82.14,66.87,69.92,33,100,0.04
12872,144,2025-05-31T00:00:00Z,92.05,92.6,56.16,30,95,0.01
12873,144,2025-06-01T00:00:00Z,99.57,57.77,72.29,30,93,0.03
12874,144,2025-06-02T00:00:00Z,96.17,73.41,58.49,33,98,0.02
12875,144,2025-06-03T00:00:00Z,100.0,94.98,66.06,30,100,0.0
12876,144,2025-06-04T00:00:00Z,100.0,100.0,76.28,30,96,0.0
12877,144,2025-06-05T00:00:00Z,91.51,100.0,56.13,33,100,0.01
12878,144,2025-06-06T00:00:00Z,91.32,67.66,72.9,30,96,0.03
12879,144,2025-06-07T00:00:00Z,88.06,72.37,55.31,30,100,0.02
12880,144,2025-06-08T00:00:00Z,78.86,88.53,61.95,30,100,0.02
12881,144,2025-06-09T00:00:00Z,93.25,88.99,73.58,30,100,0.01
12882,144,2025-06-10T00:00:00Z,100.0,100.0,73.98,33,98,0.0
12883,144,2025-06-11T00:00:00Z,100.0,89.73,75.52,30,100,0.01
12884,144,2025-06-12T00:00:00Z,100.0,88.11,52.82,30,100,0.01
12885,144,2025-06-13T00:00:00Z,96.05,100.0,66.55,30,98,0.01
12886,144,2025-06-14T00:00:00Z,100.0,88.79,53.56,30,100,0.01
12887,144,2025-06-15T00:00:00Z,77.81,77.07,57.14,30,100,0.03
12888,144,2025-06-16T00:00:00Z,100.0,88.2,74.19,30,98,0.01
12889,144,2025-06-17T00:00:00Z,89.34,97.78,53.54,35,100,0.01
12890,144,2025-06-18T00:00:00Z,100.0,70.4,76.12,32,100,0.01
12891,144,2025-06-19T00:00:00Z,86.09,100.0,59.49,30,100,0.01
12892,144,2025-06-20T00:00:00Z,91.84,99.79,59.48,33,100,0.01
12893,144,2025-06-21T00:00:00Z,100.0,75.91,72.11,33,100,0.01
12894,144,2025-06-22T00:00:00Z,86.32,100.0,61.27,35,100,0.01
12895,144,2025-06-23T00:00:00Z,90.19,92.47,66.1,33,94,0.01
12896,144,2025-06-24T00:00:00Z,97.49,88.9,54.56,30,100,0.01
12897,144,2025-06-25T00:00:00Z,93.05,82.48,76.72,30,100,0.01
12898,144,2025-06-26T00:00:00Z,93.98,77.17,59.37,30,100,0.01
12899,144,2025-06-27T00:00:00Z,100.0,100.0,56.72,33,100,0.0
12900,144,2025-06-28T00:00:00Z,100.0,70.35,56.49,30,100,0.01
12901,144,2025-06-29T00:00:00Z,79.37,63.94,53.66,30,98,0.05
12902,144,2025-06-30T00:00:00Z,90.1,81.54,53.75,30,98,0.01
12903,144,2025-07-01T00:00:00Z,81.27,92.75,53.59,30,100,0.01
12904,144,2025-07-02T00:00:00Z,100.0,81.35,65.3,36,100,0.01
12905,144,2025-07-03T00:00:00Z,86.42,91.87,57.21,33,95,0.02
12906,144,2025-07-04T00:00:00Z,100.0,90.82,73.5,36,96,0.01
12907,144,2025-07-05T00:00:00Z,100.0,87.52,56.41,30,96,0.01
12908,144,2025-07-06T00:00:00Z,100.0,93.22,74.97,30,90,0.01
12909,144,2025-07-07T00:00:00Z,97.91,100.0,74.91,30,93,0.01
12910,144,2025-07-08T00:00:00Z,95.27,74.38,60.71,30,100,0.01
12911,144,2025-07-09T00:00:00Z,88.73,98.3,59.16,33,100,0.01
12912,144,2025-07-10T00:00:00Z,87.27,100.0,63.75,33,100,0.01
12913,144,2025-07-11T00:00:00Z,78.74,81.7,59.68,33,100,0.03
12914,144,2025-07-12T00:00:00Z,100.0,90.46,70.58,35,100,0.01
12915,144,2025-07-13T00:00:00Z,87.65,78.75,62.22,30,100,0.02
12916,144,2025-07-14T00:00:00Z,95.28,100.0,60.43,30,100,0.0
12917,144,2025-07-15T00:00:00Z,90.17,100.0,56.23,30,100,0.01
12918,144,2025-07-16T00:00:00Z,78.41,100.0,54.18,32,100,0.01
12919,144,2025-07-17T00:00:00Z,88.43,91.68,54.85,30,98,0.01
12920,144,2025-07-18T00:00:00Z,94.08,78.98,55.22,30,100,0.01
12921,144,2025-07-19T00:00:00Z,100.0,100.0,66.23,37,98,0.01
12922,144,2025-07-20T00:00:00Z,100.0,89.48,62.73,30,100,0.01
12923,144,2025-07-21T00:00:00Z,94.2,77.02,57.56,30,92,0.02
12924,144,2025-07-22T00:00:00Z,85.52,100.0,73.62,30,100,0.01
12925,144,2025-07-23T00:00:00Z,100.0,93.88,53.77,33,96,0.01
12926,144,2025-07-24T00:00:00Z,89.04,100.0,58.27,30,100,0.01
12927,144,2025-07-25T00:00:00Z,86.25,100.0,53.33,30,100,0.01
12928,144,2025-07-26T00:00:00Z,100.0,90.98,66.68,30,100,0.01
12929,144,2025-07-27T00:00:00Z,97.67,84.97,71.12,32,98,0.01
12930,144,2025-07-28T00:00:00Z,95.08,77.28,74.92,33,100,0.01
12931,144,2025-07-29T00:00:00Z,87.4,0.0,33.33,75,8,84.94
12932,144,2025-07-30T00:00:00Z,83.83,0.0,34.51,100,0,97.83
12933,144,2025-07-31T00:00:00Z,80.88,0.0,34.86,100,0,98.12
12934,144,2025-08-01T00:00:00Z,78.66,0.0,34.31,100,0,98.32
12935,144,2025-08-02T00:00:00Z,82.43,0.0,35.35,100,0,97.97
12936,144,2025-08-03T00:00:00Z,82.57,0.0,34.03,100,0,97.96
12937,144,2025-08-04T00:00:00Z,92.55,50.23,34.59,64,42,5.23
12938,144,2025-08-05T00:00:00Z,89.28,38.34,34.8,74,68,4.94
12939,144,2025-08-06T00:00:00Z,81.0,0.0,35.14,100,0,98.11
12940,144,2025-08-07T00:00:00Z,83.27,0.0,34.79,100,18,94.96
12941,144,2025-08-08T00:00:00Z,80.93,0.0,34.31,100,44,85.24
12942,144,2025-08-09T00:00:00Z,83.02,0.0,34.58,92,46,74.44
12943,144,2025-08-10T00:00:00Z,79.87,0.0,34.51,100,20,95.29
12944,144,2025-08-11T00:00:00Z,81.33,0.0,34.37,100,18,95.41
12945,144,2025-08-12T00:00:00Z,89.76,48.72,34.49,60,38,6.08
12946,144,2025-08-13T00:00:00Z,100.0,100.0,60.66,30,96,0.0
12947,144,2025-08-14T00:00:00Z,99.7,93.33,8.89,30,96,0.01
12948,144,2025-08-15T00:00:00Z,78.18,0.0,25.62,100,24,94.74
12949,144,2025-08-16T00:00:00Z,77.05,0.0,21.18,100,14,96.92
12950,144,2025-08-17T00:00:00Z,76.63,0.0,21.74,96,50,80.67
12951,144,2025-08-18T00:00:00Z,77.73,0.39,26.87,100,28,93.69
12952,144,2025-08-19T00:00:00Z,78.39,0.0,25.97,100,0,98.34
12953,144,2025-08-20T00:00:00Z,77.87,0.0,25.95,100,0,98.38
12954,144,2025-08-21T00:00:00Z,100.0,92.68,59.59,33,98,0.01
12955,144,2025-08-22T00:00:00Z,83.77,100.0,65.13,33,96,0.01
12956,144,2025-08-23T00:00:00Z,85.93,0.61,36.71,87,51,58.63
12957,144,2025-08-24T00:00:00Z,80.67,0.0,34.65,100,0,98.14
12958,144,2025-08-25T00:00:00Z,80.83,0.0,34.93,100,16,95.92
12959,144,2025-08-26T00:00:00Z,81.49,0.0,34.1,100,0,98.06
12960,144,2025-08-27T00:00:00Z,80.77,0.0,34.44,100,0,98.13
12961,145,2025-05-30T00:00:00Z,100.0,83.33,56.85,32,98,0.01
12962,145,2025-05-31T00:00:00Z,94.42,100.0,55.5,35,98,0.01
12963,145,2025-06-01T00:00:00Z,100.0,100.0,63.55,32,100,0.0
12964,145,2025-06-02T00:00:00Z,94.31,77.31,56.15,32,100,0.01
12965,145,2025-06-03T00:00:00Z,99.25,70.25,67.44,35,98,0.02
12966,145,2025-06-04T00:00:00Z,100.0,96.83,72.88,35,98,0.01
12967,145,2025-06-05T00:00:00Z,91.58,80.51,73.31,35,96,0.02
12968,145,2025-06-06T00:00:00Z,100.0,98.29,64.69,32,100,0.0
12969,145,2025-06-07T00:00:00Z,90.71,58.91,58.84,35,100,0.04
12970,145,2025-06-08T00:00:00Z,99.48,100.0,62.86,32,98,0.0
12971,145,2025-06-09T00:00:00Z,95.91,86.75,60.75,32,100,0.01
12972,145,2025-06-10T00:00:00Z,84.08,83.71,63.1,32,100,0.02
12973,145,2025-06-11T00:00:00Z,91.5,81.94,64.62,35,100,0.02
12974,145,2025-06-12T00:00:00Z,100.0,70.83,76.67,32,100,0.01
12975,145,2025-06-13T00:00:00Z,100.0,73.31,55.54,38,100,0.02
12976,145,2025-06-14T00:00:00Z,92.15,90.05,52.84,38,96,0.02
12977,145,2025-06-15T00:00:00Z,87.74,84.43,60.6,32,98,0.02
12978,145,2025-06-16T00:00:00Z,100.0,92.13,66.77,38,100,0.01
12979,145,2025-06-17T00:00:00Z,100.0,83.59,76.43,32,100,0.01
12980,145,2025-06-18T00:00:00Z,80.17,100.0,54.35,34,95,0.02
12981,145,2025-06-19T00:00:00Z,100.0,97.44,55.67,32,100,0.0
12982,145,2025-06-20T00:00:00Z,100.0,100.0,73.26,32,100,0.0
12983,145,2025-06-21T00:00:00Z,91.7,94.31,58.41,32,100,0.01
12984,145,2025-06-22T00:00:00Z,98.74,69.68,64.27,32,98,0.02
12985,145,2025-06-23T00:00:00Z,77.15,79.92,60.13,32,100,0.03
12986,145,2025-06-24T00:00:00Z,89.56,87.06,73.43,35,100,0.01
12987,145,2025-06-25T00:00:00Z,81.82,88.17,75.09,32,96,0.02
12988,145,2025-06-26T00:00:00Z,71.07,96.32,59.08,41,100,0.04
12989,145,2025-06-27T00:00:00Z,93.09,100.0,57.95,32,100,0.01
12990,145,2025-06-28T00:00:00Z,99.88,80.69,74.36,34,100,0.01
12991,145,2025-06-29T00:00:00Z,75.1,89.3,53.63,32,98,0.02
12992,145,2025-06-30T00:00:00Z,70.63,79.09,76.7,32,100,0.04
12993,145,2025-07-01T00:00:00Z,95.04,95.82,75.3,32,100,0.01
12994,145,2025-07-02T00:00:00Z,100.0,95.48,74.53,34,100,0.01
12995,145,2025-07-03T00:00:00Z,91.2,84.28,55.14,37,100,0.02
12996,145,2025-07-04T00:00:00Z,88.7,76.39,61.57,34,100,0.02
12997,145,2025-07-05T00:00:00Z,85.56,100.0,58.68,32,98,0.01
12998,145,2025-07-06T00:00:00Z,100.0,100.0,70.86,35,98,0.01
12999,145,2025-07-07T00:00:00Z,96.42,92.14,58.14,35,96,0.01
13000,145,2025-07-08T00:00:00Z,82.98,85.83,52.67,32,100,0.02
13001,145,2025-07-09T00:00:00Z,76.17,79.1,66.19,32,100,0.03
13002,145,2025-07-10T00:00:00Z,86.03,90.7,54.86,35,100,0.01
13003,145,2025-07-11T00:00:00Z,83.18,89.94,59.75,35,100,0.02
13004,145,2025-07-12T00:00:00Z,87.44,74.64,63.97,35,93,0.04
13005,145,2025-07-13T00:00:00Z,100.0,82.31,55.65,32,100,0.01
13006,145,2025-07-14T00:00:00Z,100.0,70.26,62.07,35,100,0.02
13007,145,2025-07-15T00:00:00Z,90.29,78.29,65.47,35,100,0.02
13008,145,2025-07-16T00:00:00Z,100.0,100.0,76.65,35,100,0.01
13009,145,2025-07-17T00:00:00Z,100.0,96.37,61.22,32,100,0.0
13010,145,2025-07-18T00:00:00Z,93.58,87.02,56.3,35,100,0.01
13011,145,2025-07-19T00:00:00Z,99.63,89.78,57.13,41,100,0.01
13012,145,2025-07-20T00:00:00Z,100.0,91.09,65.84,35,100,0.01
13013,145,2025-07-21T00:00:00Z,100.0,97.8,69.84,35,100,0.01
13014,145,2025-07-22T00:00:00Z,93.31,90.02,57.34,35,100,0.01
13015,145,2025-07-23T00:00:00Z,100.0,100.0,59.35,35,95,0.01
13016,145,2025-07-24T00:00:00Z,91.84,100.0,57.96,35,94,0.01
13017,145,2025-07-25T00:00:00Z,100.0,77.04,56.76,32,98,0.01
13018,145,2025-07-26T00:00:00Z,76.86,82.52,73.24,35,95,0.04
13019,145,2025-07-27T00:00:00Z,82.15,100.0,70.86,32,100,0.01
13020,145,2025-07-28T00:00:00Z,87.32,95.73,67.65,37,100,0.01
13021,145,2025-07-29T00:00:00Z,86.98,0.0,37.43,100,24,92.06
13022,145,2025-07-30T00:00:00Z,82.4,0.0,34.76,100,0,97.98
13023,145,2025-07-31T00:00:00Z,93.68,21.58,42.22,62,79,2.24
13024,145,2025-08-01T00:00:00Z,87.57,0.0,32.69,81,0,92.28
13025,145,2025-08-02T00:00:00Z,84.57,80.23,65.88,35,91,0.04
13026,145,2025-08-03T00:00:00Z,96.45,29.89,37.14,52,94,0.37
13027,145,2025-08-04T00:00:00Z,80.7,0.0,35.21,100,0,98.14
13028,145,2025-08-05T00:00:00Z,81.92,0.0,35.62,100,0,98.02
13029,145,2025-08-06T00:00:00Z,80.65,0.0,34.72,100,7,97.39
13030,145,2025-08-07T00:00:00Z,81.61,0.0,34.03,100,0,98.05
13031,145,2025-08-08T00:00:00Z,84.15,0.0,34.31,100,0,97.8
13032,145,2025-08-09T00:00:00Z,95.0,100.0,62.94,35,96,0.01
13033,145,2025-08-10T00:00:00Z,94.25,74.82,54.37,35,100,0.02
13034,145,2025-08-11T00:00:00Z,85.41,0.0,36.57,92,10,93.99
13035,145,2025-08-12T00:00:00Z,82.24,0.0,33.68,100,8,97.03
13036,145,2025-08-13T00:00:00Z,81.57,0.0,34.65,100,0,98.06
13037,145,2025-08-14T00:00:00Z,80.44,0.0,34.86,100,6,97.54
13038,145,2025-08-15T00:00:00Z,83.05,0.0,35.9,100,0,97.91
13039,145,2025-08-16T00:00:00Z,82.31,0.0,34.24,100,0,97.99
13040,145,2025-08-17T00:00:00Z,82.19,0.0,34.79,100,0,98.0
13041,145,2025-08-18T00:00:00Z,82.79,0.0,34.44,100,0,97.94
13042,145,2025-08-19T00:00:00Z,80.13,0.0,34.17,100,18,95.66
13043,145,2025-08-20T00:00:00Z,93.71,63.64,29.72,67,66,1.09
13044,145,2025-08-21T00:00:00Z,86.7,2.27,35.0,100,35,86.11
13045,145,2025-08-22T00:00:00Z,81.45,0.0,34.37,100,0,98.07
13046,145,2025-08-23T00:00:00Z,80.65,0.0,34.31,100,0,98.14
13047,145,2025-08-24T00:00:00Z,80.83,0.0,34.58,100,13,96.47
13048,145,2025-08-25T00:00:00Z,81.75,0.0,35.56,100,1,97.94
13049,145,2025-08-26T00:00:00Z,80.4,0.0,33.96,100,0,98.17
13050,145,2025-08-27T00:00:00Z,81.97,0.0,35.07,100,7,97.21
13051,146,2025-05-30T00:00:00Z,87.49,79.43,59.6,30,100,0.02
13052,146,2025-05-31T00:00:00Z,83.54,89.37,52.78,33,100,0.02
13053,146,2025-06-01T00:00:00Z,100.0,63.46,66.87,30,98,0.02
13054,146,2025-06-02T00:00:00Z,100.0,93.49,59.37,33,100,0.01
13055,146,2025-06-03T00:00:00Z,94.83,81.67,54.49,30,96,0.01
13056,146,2025-06-04T00:00:00Z,95.64,69.39,70.36,30,100,0.02
13057,146,2025-06-05T00:00:00Z,100.0,96.26,72.07,30,92,0.01
13058,146,2025-06-06T00:00:00Z,100.0,99.54,73.0,30,96,0.0
13059,146,2025-06-07T00:00:00Z,92.73,87.35,69.99,33,98,0.01
13060,146,2025-06-08T00:00:00Z,99.21,81.54,58.4,30,95,0.01
13061,146,2025-06-09T00:00:00Z,97.36,72.65,57.85,36,100,0.02
13062,146,2025-06-10T00:00:00Z,96.02,85.09,64.49,30,100,0.01
13063,146,2025-06-11T00:00:00Z,100.0,59.02,74.61,30,96,0.02
13064,146,2025-06-12T00:00:00Z,100.0,100.0,57.59,36,98,0.01
13065,146,2025-06-13T00:00:00Z,74.01,89.82,69.46,30,95,0.03
13066,146,2025-06-14T00:00:00Z,100.0,100.0,60.98,30,100,0.0
13067,146,2025-06-15T00:00:00Z,85.29,68.55,54.5,30,96,0.03
13068,146,2025-06-16T00:00:00Z,91.99,81.14,59.99,32,100,0.01
13069,146,2025-06-17T00:00:00Z,97.77,98.29,55.53,30,100,0.0
13070,146,2025-06-18T00:00:00Z,94.39,90.78,61.64,33,100,0.01
13071,146,2025-06-19T00:00:00Z,98.66,91.77,67.85,30,96,0.01
13072,146,2025-06-20T00:00:00Z,85.75,68.53,60.53,30,100,0.03
13073,146,2025-06-21T00:00:00Z,100.0,81.28,68.55,30,100,0.01
13074,146,2025-06-22T00:00:00Z,72.64,87.8,71.07,33,100,0.03
13075,146,2025-06-23T00:00:00Z,100.0,100.0,73.7,30,100,0.0
13076,146,2025-06-24T00:00:00Z,97.6,100.0,71.7,30,100,0.0
13077,146,2025-06-25T00:00:00Z,90.64,92.22,56.25,30,100,0.01
13078,146,2025-06-26T00:00:00Z,100.0,76.41,53.36,30,100,0.01
13079,146,2025-06-27T00:00:00Z,76.71,79.08,58.25,33,93,0.05
13080,146,2025-06-28T00:00:00Z,100.0,97.55,53.95,33,100,0.0
13081,146,2025-06-29T00:00:00Z,87.87,80.84,75.87,33,100,0.02
13082,146,2025-06-30T00:00:00Z,100.0,100.0,63.09,30,100,0.0
13083,146,2025-07-01T00:00:00Z,84.47,100.0,65.93,33,100,0.01
13084,146,2025-07-02T00:00:00Z,100.0,81.03,66.48,30,98,0.01
13085,146,2025-07-03T00:00:00Z,100.0,100.0,57.34,30,100,0.0
13086,146,2025-07-04T00:00:00Z,100.0,100.0,65.33,30,98,0.0
13087,146,2025-07-05T00:00:00Z,74.8,73.02,54.53,30,100,0.04
13088,146,2025-07-06T00:00:00Z,84.15,70.04,56.6,30,96,0.03
13089,146,2025-07-07T00:00:00Z,100.0,100.0,67.2,30,98,0.0
13090,146,2025-07-08T00:00:00Z,93.49,68.8,62.69,33,100,0.02
13091,146,2025-07-09T00:00:00Z,100.0,98.53,71.61,30,100,0.0
13092,146,2025-07-10T00:00:00Z,100.0,100.0,69.84,30,98,0.0
13093,146,2025-07-11T00:00:00Z,87.73,70.21,69.82,33,100,0.03
13094,146,2025-07-12T00:00:00Z,100.0,93.19,62.81,33,100,0.01
13095,146,2025-07-13T00:00:00Z,85.61,100.0,55.94,33,96,0.01
13096,146,2025-07-14T00:00:00Z,88.92,66.7,54.64,33,100,0.03
13097,146,2025-07-15T00:00:00Z,99.32,87.26,54.27,33,100,0.01
13098,146,2025-07-16T00:00:00Z,100.0,100.0,75.01,33,100,0.0
13099,146,2025-07-17T00:00:00Z,84.9,94.94,70.73,30,93,0.01
13100,146,2025-07-18T00:00:00Z,100.0,73.1,71.15,33,100,0.01
13101,146,2025-07-19T00:00:00Z,100.0,56.86,60.13,30,100,0.02
13102,146,2025-07-20T00:00:00Z,96.04,76.46,70.32,33,100,0.01
13103,146,2025-07-21T00:00:00Z,99.72,100.0,72.78,30,100,0.0
13104,146,2025-07-22T00:00:00Z,84.79,100.0,61.17,30,100,0.01
13105,146,2025-07-23T00:00:00Z,93.4,79.42,57.11,30,93,0.02
13106,146,2025-07-24T00:00:00Z,100.0,82.27,67.27,30,100,0.01
13107,146,2025-07-25T00:00:00Z,88.69,100.0,54.15,33,100,0.01
13108,146,2025-07-26T00:00:00Z,91.29,82.44,62.1,42,100,0.02
13109,146,2025-07-27T00:00:00Z,100.0,96.84,63.56,33,98,0.01
13110,146,2025-07-28T00:00:00Z,89.07,76.7,74.5,33,92,0.03
13111,146,2025-07-29T00:00:00Z,98.03,62.89,19.05,44,85,0.09
13112,146,2025-07-30T00:00:00Z,88.07,72.69,55.2,30,100,0.02
13113,146,2025-07-31T00:00:00Z,86.57,0.0,32.71,86,17,87.89
13114,146,2025-08-01T00:00:00Z,78.02,0.0,25.42,100,1,98.29
13115,146,2025-08-02T00:00:00Z,77.16,0.0,21.74,100,0,98.44
13116,146,2025-08-03T00:00:00Z,76.95,0.0,22.29,100,0,98.45
13117,146,2025-08-04T00:00:00Z,79.15,0.0,25.28,100,19,95.66
13118,146,2025-08-05T00:00:00Z,78.54,0.0,25.56,100,0,98.33
13119,146,2025-08-06T00:00:00Z,90.56,34.33,12.08,69,78,2.51
13120,146,2025-08-07T00:00:00Z,100.0,84.33,63.12,33,98,0.01
13121,146,2025-08-08T00:00:00Z,84.64,0.0,35.46,100,0,97.74
13122,146,2025-08-09T00:00:00Z,81.36,0.0,35.83,100,0,98.08
13123,146,2025-08-10T00:00:00Z,80.98,0.0,35.56,100,0,98.11
13124,146,2025-08-11T00:00:00Z,93.98,28.52,28.33,43,61,1.33
13125,146,2025-08-12T00:00:00Z,96.09,81.22,10.48,42,100,0.02
13126,146,2025-08-13T00:00:00Z,78.71,0.0,26.53,100,0,98.31
13127,146,2025-08-14T00:00:00Z,78.03,0.0,24.37,100,0,98.37
13128,146,2025-08-15T00:00:00Z,78.25,0.0,25.9,100,7,97.67
13129,146,2025-08-16T00:00:00Z,78.44,0.0,22.17,100,3,98.07
13130,146,2025-08-17T00:00:00Z,100.0,80.96,65.63,33,100,0.01
13131,146,2025-08-18T00:00:00Z,84.84,100.0,61.47,30,100,0.01
13132,146,2025-08-19T00:00:00Z,83.18,0.0,28.35,93,0,96.83
13133,146,2025-08-20T00:00:00Z,78.24,0.0,25.56,100,3,98.09
13134,146,2025-08-21T00:00:00Z,78.05,0.0,25.21,100,0,98.37
13135,146,2025-08-22T00:00:00Z,78.73,0.0,26.04,100,0,98.31
13136,146,2025-08-23T00:00:00Z,77.55,27.76,21.87,100,0,95.31
13137,146,2025-08-24T00:00:00Z,78.32,0.0,21.81,100,12,97.02
13138,146,2025-08-25T00:00:00Z,78.18,0.0,25.56,100,12,97.04
13139,146,2025-08-26T00:00:00Z,78.79,0.0,25.56,100,0,98.3
13140,146,2025-08-27T00:00:00Z,78.92,0.0,24.86,100,2,98.12
13141,147,2025-05-30T00:00:00Z,94.31,100.0,61.42,30,100,0.0
13142,147,2025-05-31T00:00:00Z,83.42,97.08,59.26,30,100,0.01
13143,147,2025-06-01T00:00:00Z,89.18,100.0,68.28,30,100,0.01
13144,147,2025-06-02T00:00:00Z,100.0,93.89,69.5,30,100,0.0
13145,147,2025-06-03T00:00:00Z,86.99,90.43,57.49,32,100,0.01
13146,147,2025-06-04T00:00:00Z,98.81,87.04,61.84,30,95,0.01
13147,147,2025-06-05T00:00:00Z,100.0,98.9,53.28,32,100,0.0
13148,147,2025-06-06T00:00:00Z,95.77,84.16,69.9,30,96,0.01
13149,147,2025-06-07T00:00:00Z,85.07,100.0,71.93,32,100,0.01
13150,147,2025-06-08T00:00:00Z,86.09,94.82,60.25,38,98,0.02
13151,147,2025-06-09T00:00:00Z,100.0,95.56,53.38,30,100,0.0
13152,147,2025-06-10T00:00:00Z,100.0,86.66,54.04,30,100,0.01
13153,147,2025-06-11T00:00:00Z,99.31,100.0,65.37,30,100,0.0
13154,147,2025-06-12T00:00:00Z,100.0,100.0,53.68,30,96,0.0
13155,147,2025-06-13T00:00:00Z,90.02,85.05,56.95,33,98,0.01
13156,147,2025-06-14T00:00:00Z,87.73,62.72,54.49,30,98,0.03
13157,147,2025-06-15T00:00:00Z,81.48,94.63,63.6,30,98,0.01
13158,147,2025-06-16T00:00:00Z,87.54,76.23,55.59,30,100,0.02
13159,147,2025-06-17T00:00:00Z,100.0,79.0,57.25,30,100,0.01
13160,147,2025-06-18T00:00:00Z,89.84,97.14,70.35,30,100,0.01
13161,147,2025-06-19T00:00:00Z,88.35,92.7,74.05,30,93,0.01
13162,147,2025-06-20T00:00:00Z,100.0,92.82,64.75,33,100,0.01
13163,147,2025-06-21T00:00:00Z,100.0,91.63,71.7,33,100,0.01
13164,147,2025-06-22T00:00:00Z,92.58,83.97,53.77,33,100,0.01
13165,147,2025-06-23T00:00:00Z,100.0,100.0,65.56,30,100,0.0
13166,147,2025-06-24T00:00:00Z,100.0,58.32,64.61,33,98,0.03
13167,147,2025-06-25T00:00:00Z,89.37,95.98,54.9,30,98,0.01
13168,147,2025-06-26T00:00:00Z,100.0,100.0,65.88,30,100,0.0
13169,147,2025-06-27T00:00:00Z,82.08,100.0,58.21,30,100,0.01
13170,147,2025-06-28T00:00:00Z,100.0,100.0,76.25,30,100,0.0
13171,147,2025-06-29T00:00:00Z,92.35,89.23,54.61,30,100,0.01
13172,147,2025-06-30T00:00:00Z,96.35,76.85,65.71,33,100,0.01
13173,147,2025-07-01T00:00:00Z,98.51,74.16,68.35,30,100,0.01
13174,147,2025-07-02T00:00:00Z,84.21,93.88,57.71,30,100,0.01
13175,147,2025-07-03T00:00:00Z,87.38,100.0,64.22,33,98,0.01
13176,147,2025-07-04T00:00:00Z,91.15,94.06,55.02,30,100,0.01
13177,147,2025-07-05T00:00:00Z,88.37,95.46,52.96,30,100,0.01
13178,147,2025-07-06T00:00:00Z,100.0,95.68,55.88,30,100,0.0
13179,147,2025-07-07T00:00:00Z,76.36,100.0,64.28,30,100,0.01
13180,147,2025-07-08T00:00:00Z,96.31,85.03,64.46,30,100,0.01
13181,147,2025-07-09T00:00:00Z,96.31,100.0,62.29,30,100,0.0
13182,147,2025-07-10T00:00:00Z,100.0,100.0,61.98,30,100,0.0
13183,147,2025-07-11T00:00:00Z,100.0,89.65,58.13,30,100,0.01
13184,147,2025-07-12T00:00:00Z,100.0,79.27,71.68,30,96,0.01
13185,147,2025-07-13T00:00:00Z,91.73,100.0,65.77,30,100,0.01
13186,147,2025-07-14T00:00:00Z,91.59,100.0,63.91,30,100,0.01
13187,147,2025-07-15T00:00:00Z,100.0,72.82,56.71,30,100,0.01
13188,147,2025-07-16T00:00:00Z,84.58,66.39,53.33,30,100,0.03
13189,147,2025-07-17T00:00:00Z,99.77,89.93,59.91,30,100,0.01
13190,147,2025-07-18T00:00:00Z,90.2,79.98,59.47,30,100,0.01
13191,147,2025-07-19T00:00:00Z,77.2,100.0,53.53,30,96,0.01
13192,147,2025-07-20T00:00:00Z,73.24,100.0,55.86,30,100,0.01
13193,147,2025-07-21T00:00:00Z,100.0,100.0,55.89,33,100,0.0
13194,147,2025-07-22T00:00:00Z,99.95,99.68,54.79,32,95,0.01
13195,147,2025-07-23T00:00:00Z,100.0,100.0,72.81,32,91,0.01
13196,147,2025-07-24T00:00:00Z,100.0,100.0,64.78,33,100,0.0
13197,147,2025-07-25T00:00:00Z,100.0,100.0,54.42,30,100,0.0
13198,147,2025-07-26T00:00:00Z,94.21,97.47,74.22,30,100,0.01
13199,147,2025-07-27T00:00:00Z,100.0,96.28,61.03,30,100,0.0
13200,147,2025-07-28T00:00:00Z,98.57,100.0,71.02,33,100,0.0
13201,147,2025-07-29T00:00:00Z,83.82,55.54,38.0,81,25,30.94
13202,147,2025-07-30T00:00:00Z,83.65,0.0,34.58,100,21,94.09
13203,147,2025-07-31T00:00:00Z,95.08,62.67,26.67,44,68,0.24
13204,147,2025-08-01T00:00:00Z,86.5,41.1,36.71,80,50,15.86
13205,147,2025-08-02T00:00:00Z,79.96,6.19,33.68,82,44,61.65
13206,147,2025-08-03T00:00:00Z,95.42,57.13,28.8,47,74,0.26
13207,147,2025-08-04T00:00:00Z,86.62,0.0,36.81,90,31,82.04
13208,147,2025-08-05T00:00:00Z,81.51,0.0,34.79,100,2,97.86
13209,147,2025-08-06T00:00:00Z,82.33,18.65,34.79,100,0,95.84
13210,147,2025-08-07T00:00:00Z,80.63,0.0,34.72,100,0,98.15
13211,147,2025-08-08T00:00:00Z,80.36,0.0,34.72,100,0,98.17
13212,147,2025-08-09T00:00:00Z,81.05,0.0,34.86,100,18,95.47
13213,147,2025-08-10T00:00:00Z,81.21,0.0,34.79,86,0,95.69
13214,147,2025-08-11T00:00:00Z,79.92,25.39,34.58,92,0,92.47
13215,147,2025-08-12T00:00:00Z,78.99,0.0,34.31,100,0,98.29
13216,147,2025-08-13T00:00:00Z,81.63,0.0,35.56,90,0,96.51
13217,147,2025-08-14T00:00:00Z,100.0,33.58,30.12,48,55,1.46
13218,147,2025-08-15T00:00:00Z,91.39,82.18,61.9,30,100,0.01
13219,147,2025-08-16T00:00:00Z,90.1,0.0,33.58,61,29,42.68
13220,147,2025-08-17T00:00:00Z,82.28,0.0,35.69,100,5,97.43
13221,147,2025-08-18T00:00:00Z,79.99,0.0,34.79,100,0,98.2
13222,147,2025-08-19T00:00:00Z,80.83,0.0,34.51,100,5,97.61
13223,147,2025-08-20T00:00:00Z,83.95,3.08,35.07,95,0,96.7
13224,147,2025-08-21T00:00:00Z,79.57,0.0,33.82,90,0,96.84
13225,147,2025-08-22T00:00:00Z,82.65,0.0,35.07,100,0,97.95
13226,147,2025-08-23T00:00:00Z,81.78,0.0,35.69,89,24,88.61
13227,147,2025-08-24T00:00:00Z,80.43,0.0,34.79,92,0,97.06
13228,147,2025-08-25T00:00:00Z,91.2,66.12,35.45,53,51,1.02
13229,147,2025-08-26T00:00:00Z,81.46,96.0,26.67,33,100,0.01
13230,147,2025-08-27T00:00:00Z,83.42,0.0,34.44,93,13,94.04
13231,148,2025-05-30T00:00:00Z,100.0,100.0,75.13,30,98,0.0
13232,148,2025-05-31T00:00:00Z,93.94,77.12,67.34,30,100,0.01
13233,148,2025-06-01T00:00:00Z,96.29,100.0,65.92,30,100,0.0
13234,148,2025-06-02T00:00:00Z,92.88,86.76,54.39,30,100,0.01
13235,148,2025-06-03T00:00:00Z,96.64,85.45,67.6,30,93,0.01
13236,148,2025-06-04T00:00:00Z,100.0,83.7,62.69,33,100,0.01
13237,148,2025-06-05T00:00:00Z,96.67,73.97,54.86,30,100,0.01
13238,148,2025-06-06T00:00:00Z,100.0,96.1,61.81,30,95,0.01
13239,148,2025-06-07T00:00:00Z,100.0,100.0,59.69,30,100,0.0
13240,148,2025-06-08T00:00:00Z,99.22,58.94,63.41,30,98,0.02
13241,148,2025-06-09T00:00:00Z,99.55,100.0,58.32,33,95,0.01
13242,148,2025-06-10T00:00:00Z,83.34,55.0,68.91,30,100,0.05
13243,148,2025-06-11T00:00:00Z,100.0,91.45,58.19,30,100,0.01
13244,148,2025-06-12T00:00:00Z,93.03,100.0,64.61,30,100,0.01
13245,148,2025-06-13T00:00:00Z,94.3,100.0,56.43,32,98,0.01
13246,148,2025-06-14T00:00:00Z,96.87,100.0,55.4,30,100,0.0
13247,148,2025-06-15T00:00:00Z,99.82,82.06,74.81,33,100,0.01
13248,148,2025-06-16T00:00:00Z,94.96,100.0,74.57,33,100,0.01
13249,148,2025-06-17T00:00:00Z,91.48,91.49,55.08,30,98,0.01
13250,148,2025-06-18T00:00:00Z,100.0,60.71,63.76,32,100,0.02
13251,148,2025-06-19T00:00:00Z,92.4,81.84,58.2,30,100,0.01
13252,148,2025-06-20T00:00:00Z,83.86,100.0,57.42,30,100,0.01
13253,148,2025-06-21T00:00:00Z,94.26,96.13,62.76,30,100,0.01
13254,148,2025-06-22T00:00:00Z,82.44,99.4,65.74,30,100,0.01
13255,148,2025-06-23T00:00:00Z,86.25,100.0,61.63,30,100,0.01
13256,148,2025-06-24T00:00:00Z,97.15,66.9,67.64,30,100,0.02
13257,148,2025-06-25T00:00:00Z,100.0,96.31,57.1,30,100,0.0
13258,148,2025-06-26T00:00:00Z,80.56,81.25,54.61,30,100,0.02
13259,148,2025-06-27T00:00:00Z,100.0,100.0,65.62,30,100,0.0
13260,148,2025-06-28T00:00:00Z,92.71,100.0,67.98,33,96,0.01
13261,148,2025-06-29T00:00:00Z,100.0,100.0,58.25,30,100,0.0
13262,148,2025-06-30T00:00:00Z,100.0,100.0,58.47,30,98,0.0
13263,148,2025-07-01T00:00:00Z,88.94,77.23,60.76,30,100,0.02
13264,148,2025-07-02T00:00:00Z,100.0,100.0,60.39,32,100,0.0
13265,148,2025-07-03T00:00:00Z,90.05,91.17,70.05,32,100,0.01
13266,148,2025-07-04T00:00:00Z,90.03,82.37,52.77,33,98,0.02
13267,148,2025-07-05T00:00:00Z,100.0,100.0,55.26,33,100,0.0
13268,148,2025-07-06T00:00:00Z,83.18,83.01,74.78,30,100,0.02
13269,148,2025-07-07T00:00:00Z,100.0,100.0,59.33,33,98,0.0
13270,148,2025-07-08T00:00:00Z,89.53,96.79,63.4,33,100,0.01
13271,148,2025-07-09T00:00:00Z,78.8,90.03,58.99,30,93,0.02
13272,148,2025-07-10T00:00:00Z,92.8,100.0,73.0,30,100,0.01
13273,148,2025-07-11T00:00:00Z,100.0,87.6,66.92,32,100,0.01
13274,148,2025-07-12T00:00:00Z,90.18,96.66,74.72,33,100,0.01
13275,148,2025-07-13T00:00:00Z,92.98,100.0,72.74,30,100,0.01
13276,148,2025-07-14T00:00:00Z,83.55,93.18,55.69,30,96,0.01
13277,148,2025-07-15T00:00:00Z,85.18,92.03,64.48,30,100,0.01
13278,148,2025-07-16T00:00:00Z,78.88,88.31,54.85,30,100,0.02
13279,148,2025-07-17T00:00:00Z,86.93,100.0,66.57,30,100,0.01
13280,148,2025-07-18T00:00:00Z,83.35,100.0,55.23,30,100,0.01
13281,148,2025-07-19T00:00:00Z,99.7,88.05,55.04,30,100,0.01
13282,148,2025-07-20T00:00:00Z,100.0,100.0,72.42,36,100,0.01
13283,148,2025-07-21T00:00:00Z,87.88,100.0,69.75,30,100,0.01
13284,148,2025-07-22T00:00:00Z,92.27,100.0,64.38,30,100,0.01
13285,148,2025-07-23T00:00:00Z,100.0,100.0,67.82,30,98,0.0
13286,148,2025-07-24T00:00:00Z,97.16,98.18,67.94,33,100,0.01
13287,148,2025-07-25T00:00:00Z,97.73,82.28,70.19,30,100,0.01
13288,148,2025-07-26T00:00:00Z,100.0,100.0,76.65,30,100,0.0
13289,148,2025-07-27T00:00:00Z,92.3,91.55,56.69,30,100,0.01
13290,148,2025-07-28T00:00:00Z,84.11,100.0,59.56,38,100,0.01
13291,148,2025-07-29T00:00:00Z,84.67,7.61,30.29,98,53,66.64
13292,148,2025-07-30T00:00:00Z,83.49,7.85,29.37,75,57,30.19
13293,148,2025-07-31T00:00:00Z,85.41,86.08,56.28,36,100,0.02
13294,148,2025-08-01T00:00:00Z,90.92,55.22,27.33,74,48,6.21
13295,148,2025-08-02T00:00:00Z,78.06,0.0,22.29,83,0,95.59
13296,148,2025-08-03T00:00:00Z,77.55,0.0,22.36,100,0,98.41
13297,148,2025-08-04T00:00:00Z,87.57,2.49,25.0,61,40,30.62
13298,148,2025-08-05T00:00:00Z,98.78,74.48,54.12,30,100,0.01
13299,148,2025-08-06T00:00:00Z,91.22,28.41,21.37,60,80,1.63
13300,148,2025-08-07T00:00:00Z,78.14,0.0,25.07,94,3,97.3
13301,148,2025-08-08T00:00:00Z,77.92,0.0,25.76,99,0,98.28
13302,148,2025-08-09T00:00:00Z,77.74,0.0,21.39,95,53,76.19
13303,148,2025-08-10T00:00:00Z,77.39,27.19,21.18,91,0,92.44
13304,148,2025-08-11T00:00:00Z,79.06,3.92,25.21,95,35,86.29
13305,148,2025-08-12T00:00:00Z,78.5,0.0,25.35,100,9,97.4
13306,148,2025-08-13T00:00:00Z,85.88,0.0,25.91,72,51,37.2
13307,148,2025-08-14T00:00:00Z,99.08,100.0,52.67,30,100,0.0
13308,148,2025-08-15T00:00:00Z,95.98,78.78,12.78,35,93,0.02
13309,148,2025-08-16T00:00:00Z,77.5,0.0,21.46,98,0,98.21
13310,148,2025-08-17T00:00:00Z,80.35,0.0,23.25,97,42,84.59
13311,148,2025-08-18T00:00:00Z,94.04,82.92,62.8,30,96,0.01
13312,148,2025-08-19T00:00:00Z,85.34,23.98,35.58,74,0,77.1
13313,148,2025-08-20T00:00:00Z,80.26,19.9,34.65,100,0,96.05
13314,148,2025-08-21T00:00:00Z,81.48,0.0,34.37,100,0,98.07
13315,148,2025-08-22T00:00:00Z,81.47,0.0,35.28,92,0,96.91
13316,148,2025-08-23T00:00:00Z,80.83,4.85,36.04,97,0,97.3
13317,148,2025-08-24T00:00:00Z,82.01,0.0,34.65,96,17,94.32
13318,148,2025-08-25T00:00:00Z,81.25,0.0,34.51,94,0,97.28
13319,148,2025-08-26T00:00:00Z,98.78,58.1,29.12,44,83,0.11
13320,148,2025-08-27T00:00:00Z,96.98,100.0,60.37,33,100,0.01
13321,149,2025-05-30T00:00:00Z,98.4,93.48,53.36,30,96,0.01
13322,149,2025-05-31T00:00:00Z,92.75,100.0,54.86,33,100,0.01
13323,149,2025-06-01T00:00:00Z,89.55,76.44,53.39,30,96,0.02
13324,149,2025-06-02T00:00:00Z,100.0,100.0,68.69,30,100,0.0
13325,149,2025-06-03T00:00:00Z,88.02,97.56,52.72,39,100,0.01
13326,149,2025-06-04T00:00:00Z,100.0,98.57,58.58,30,100,0.0
13327,149,2025-06-05T00:00:00Z,100.0,72.2,68.0,36,100,0.02
13328,149,2025-06-06T00:00:00Z,86.42,76.1,56.64,33,93,0.03
13329,149,2025-06-07T00:00:00Z,100.0,99.1,75.83,30,100,0.0
13330,149,2025-06-08T00:00:00Z,95.98,91.7,76.61,33,96,0.01
13331,149,2025-06-09T00:00:00Z,100.0,65.47,57.66,30,100,0.01
13332,149,2025-06-10T00:00:00Z,100.0,100.0,71.0,33,100,0.0
13333,149,2025-06-11T00:00:00Z,69.34,81.08,62.89,36,100,0.05
13334,149,2025-06-12T00:00:00Z,92.64,95.14,69.24,33,100,0.01
13335,149,2025-06-13T00:00:00Z,89.45,80.69,53.38,30,100,0.01
13336,149,2025-06-14T00:00:00Z,99.8,100.0,70.43,30,100,0.0
13337,149,2025-06-15T00:00:00Z,98.64,62.42,58.81,30,100,0.02
13338,149,2025-06-16T00:00:00Z,85.3,91.62,54.92,30,96,0.01
13339,149,2025-06-17T00:00:00Z,97.98,90.68,64.9,38,96,0.01
13340,149,2025-06-18T00:00:00Z,100.0,90.47,61.79,33,100,0.01
13341,149,2025-06-19T00:00:00Z,100.0,71.0,57.82,33,100,0.01
13342,149,2025-06-20T00:00:00Z,92.54,73.47,65.22,30,100,0.02
13343,149,2025-06-21T00:00:00Z,89.27,97.22,68.09,30,98,0.01
13344,149,2025-06-22T00:00:00Z,92.18,97.39,74.09,36,100,0.01
13345,149,2025-06-23T00:00:00Z,95.01,71.18,58.94,33,100,0.02
13346,149,2025-06-24T00:00:00Z,73.3,98.8,68.74,33,100,0.02
13347,149,2025-06-25T00:00:00Z,100.0,82.92,53.84,33,96,0.01
13348,149,2025-06-26T00:00:00Z,100.0,93.45,57.99,30,96,0.01
13349,149,2025-06-27T00:00:00Z,84.33,85.66,55.05,30,96,0.02
13350,149,2025-06-28T00:00:00Z,79.26,68.01,62.35,33,98,0.05
13351,149,2025-06-29T00:00:00Z,95.91,77.03,67.38,32,89,0.02
13352,149,2025-06-30T00:00:00Z,96.97,98.54,68.47,36,100,0.01
13353,149,2025-07-01T00:00:00Z,89.19,94.53,59.17,33,100,0.01
13354,149,2025-07-02T00:00:00Z,82.42,89.7,55.67,30,100,0.01
13355,149,2025-07-03T00:00:00Z,96.75,64.3,57.93,30,100,0.02
13356,149,2025-07-04T00:00:00Z,77.88,88.36,55.83,30,98,0.02
13357,149,2025-07-05T00:00:00Z,100.0,80.23,69.6,30,100,0.01
13358,149,2025-07-06T00:00:00Z,85.43,85.24,65.87,30,100,0.01
13359,149,2025-07-07T00:00:00Z,100.0,73.17,69.12,33,98,0.01
13360,149,2025-07-08T00:00:00Z,100.0,77.3,76.52,33,100,0.01
13361,149,2025-07-09T00:00:00Z,88.19,82.52,66.7,30,98,0.01
13362,149,2025-07-10T00:00:00Z,93.4,91.19,57.89,30,100,0.01
13363,149,2025-07-11T00:00:00Z,100.0,100.0,62.03,36,100,0.01
13364,149,2025-07-12T00:00:00Z,100.0,89.76,72.05,33,100,0.01
13365,149,2025-07-13T00:00:00Z,100.0,100.0,53.82,33,100,0.0
13366,149,2025-07-14T00:00:00Z,96.32,100.0,56.49,30,100,0.0
13367,149,2025-07-15T00:00:00Z,99.75,57.89,67.5,30,98,0.02
13368,149,2025-07-16T00:00:00Z,99.63,74.24,65.57,33,98,0.01
13369,149,2025-07-17T00:00:00Z,98.67,100.0,68.04,30,100,0.0
13370,149,2025-07-18T00:00:00Z,66.95,100.0,66.45,33,98,0.03
13371,149,2025-07-19T00:00:00Z,77.46,91.56,60.93,33,100,0.02
13372,149,2025-07-20T00:00:00Z,99.71,100.0,60.38,30,100,0.0
13373,149,2025-07-21T00:00:00Z,100.0,86.42,74.58,33,100,0.01
13374,149,2025-07-22T00:00:00Z,95.77,80.81,62.35,30,96,0.01
13375,149,2025-07-23T00:00:00Z,100.0,99.57,65.98,33,100,0.0
13376,149,2025-07-24T00:00:00Z,89.3,69.51,63.5,33,98,0.03
13377,149,2025-07-25T00:00:00Z,100.0,100.0,67.52,30,95,0.0
13378,149,2025-07-26T00:00:00Z,100.0,95.99,57.82,33,100,0.01
13379,149,2025-07-27T00:00:00Z,96.02,75.45,69.94,33,95,0.02
13380,149,2025-07-28T00:00:00Z,80.95,76.86,55.98,30,100,0.02
13381,149,2025-07-29T00:00:00Z,85.65,0.0,31.05,100,25,92.18
13382,149,2025-07-30T00:00:00Z,78.3,0.0,25.69,100,16,96.39
13383,149,2025-07-31T00:00:00Z,80.03,0.0,25.86,100,0,98.2
13384,149,2025-08-01T00:00:00Z,93.65,36.89,22.75,73,60,5.85
13385,149,2025-08-02T00:00:00Z,77.49,0.0,22.29,100,12,97.14
13386,149,2025-08-03T00:00:00Z,77.17,0.0,21.67,100,5,98.0
13387,149,2025-08-04T00:00:00Z,79.21,0.0,25.49,100,0,98.27
13388,149,2025-08-05T00:00:00Z,78.94,0.0,25.9,100,0,98.29
13389,149,2025-08-06T00:00:00Z,86.12,0.0,26.88,100,41,83.81
13390,149,2025-08-07T00:00:00Z,87.83,0.0,36.08,71,7,82.03
13391,149,2025-08-08T00:00:00Z,80.93,0.0,35.0,100,3,97.82
13392,149,2025-08-09T00:00:00Z,80.53,0.0,33.89,100,0,98.15
13393,149,2025-08-10T00:00:00Z,81.27,0.0,35.42,100,0,98.09
13394,149,2025-08-11T00:00:00Z,80.13,0.0,34.1,100,0,98.19
13395,149,2025-08-12T00:00:00Z,91.51,1.75,33.13,67,65,13.29
13396,149,2025-08-13T00:00:00Z,91.5,8.22,22.35,64,57,12.86
13397,149,2025-08-14T00:00:00Z,85.5,0.0,27.2,98,51,74.17
13398,149,2025-08-15T00:00:00Z,91.47,5.26,25.23,72,48,29.65
13399,149,2025-08-16T00:00:00Z,79.06,0.0,21.32,100,0,98.28
13400,149,2025-08-17T00:00:00Z,76.39,0.0,21.04,100,22,95.61
13401,149,2025-08-18T00:00:00Z,87.75,0.0,26.44,95,15,92.84
13402,149,2025-08-19T00:00:00Z,89.91,89.17,71.66,30,100,0.01
13403,149,2025-08-20T00:00:00Z,93.81,35.12,40.32,48,80,0.54
13404,149,2025-08-21T00:00:00Z,82.86,0.0,34.1,100,0,97.93
13405,149,2025-08-22T00:00:00Z,82.29,0.0,34.79,100,0,97.99
13406,149,2025-08-23T00:00:00Z,81.99,0.0,35.35,100,0,98.02
13407,149,2025-08-24T00:00:00Z,81.21,0.0,34.79,100,8,97.18
13408,149,2025-08-25T00:00:00Z,79.92,0.0,34.58,100,0,98.21
13409,149,2025-08-26T00:00:00Z,81.25,0.0,35.21,100,0,98.09
13410,149,2025-08-27T00:00:00Z,80.57,0.0,34.03,100,0,98.15
13411,150,2025-05-30T00:00:00Z,100.0,98.92,64.3,30,100,0.0
13412,150,2025-05-31T00:00:00Z,100.0,100.0,76.46,30,100,0.0
13413,150,2025-06-01T00:00:00Z,70.79,93.34,54.44,30,100,0.02
13414,150,2025-06-02T00:00:00Z,89.42,86.47,70.61,30,100,0.01
13415,150,2025-06-03T00:00:00Z,79.22,78.11,61.12,32,100,0.03
13416,150,2025-06-04T00:00:00Z,89.32,100.0,58.03,33,96,0.01
13417,150,2025-06-05T00:00:00Z,100.0,95.9,61.7,33,100,0.01
13418,150,2025-06-06T00:00:00Z,100.0,72.49,64.87,30,96,0.01
13419,150,2025-06-07T00:00:00Z,98.21,86.58,58.06,30,100,0.01
13420,150,2025-06-08T00:00:00Z,99.52,65.54,60.71,30,100,0.02
13421,150,2025-06-09T00:00:00Z,85.79,85.3,76.87,30,98,0.02
13422,150,2025-06-10T00:00:00Z,93.92,99.08,75.2,30,96,0.01
13423,150,2025-06-11T00:00:00Z,100.0,80.63,66.45,30,100,0.01
13424,150,2025-06-12T00:00:00Z,100.0,95.88,76.58,30,100,0.0
13425,150,2025-06-13T00:00:00Z,89.16,75.39,53.93,30,98,0.02
13426,150,2025-06-14T00:00:00Z,100.0,100.0,61.65,33,100,0.0
13427,150,2025-06-15T00:00:00Z,100.0,87.41,70.09,33,100,0.01
13428,150,2025-06-16T00:00:00Z,100.0,88.03,57.89,30,100,0.01
13429,150,2025-06-17T00:00:00Z,98.93,94.34,75.02,30,98,0.01
13430,150,2025-06-18T00:00:00Z,90.73,98.57,69.14,30,98,0.01
13431,150,2025-06-19T00:00:00Z,87.88,94.08,60.05,30,96,0.01
13432,150,2025-06-20T00:00:00Z,100.0,48.4,55.83,30,100,0.03
13433,150,2025-06-21T00:00:00Z,100.0,100.0,70.19,30,100,0.0
13434,150,2025-06-22T00:00:00Z,94.84,80.44,55.86,30,98,0.01
13435,150,2025-06-23T00:00:00Z,85.6,95.16,60.28,30,100,0.01
13436,150,2025-06-24T00:00:00Z,87.87,66.29,54.93,30,100,0.03
13437,150,2025-06-25T00:00:00Z,92.46,100.0,61.05,30,100,0.01
13438,150,2025-06-26T00:00:00Z,96.81,100.0,63.06,33,93,0.01
13439,150,2025-06-27T00:00:00Z,87.3,100.0,55.79,30,100,0.01
13440,150,2025-06-28T00:00:00Z,100.0,69.23,63.7,30,100,0.01
13441,150,2025-06-29T00:00:00Z,100.0,100.0,64.45,30,96,0.0
13442,150,2025-06-30T00:00:00Z,95.04,100.0,60.45,30,95,0.01
13443,150,2025-07-01T00:00:00Z,95.43,89.95,59.88,30,100,0.01
13444,150,2025-07-02T00:00:00Z,80.2,100.0,74.36,30,100,0.01
13445,150,2025-07-03T00:00:00Z,80.05,100.0,54.43,33,100,0.01
13446,150,2025-07-04T00:00:00Z,100.0,79.51,76.84,30,100,0.01
13447,150,2025-07-05T00:00:00Z,100.0,100.0,56.41,32,100,0.0
13448,150,2025-07-06T00:00:00Z,84.44,99.28,57.09,30,98,0.01
13449,150,2025-07-07T00:00:00Z,89.92,100.0,60.12,30,100,0.01
13450,150,2025-07-08T00:00:00Z,100.0,80.08,59.46,30,100,0.01
13451,150,2025-07-09T00:00:00Z,98.0,100.0,56.31,32,100,0.0
13452,150,2025-07-10T00:00:00Z,99.46,100.0,73.41,30,100,0.0
13453,150,2025-07-11T00:00:00Z,83.77,85.58,59.27,30,100,0.01
13454,150,2025-07-12T00:00:00Z,95.73,88.64,54.2,30,98,0.01
13455,150,2025-07-13T00:00:00Z,90.5,88.32,54.08,33,98,0.01
13456,150,2025-07-14T00:00:00Z,80.84,100.0,59.84,30,100,0.01
13457,150,2025-07-15T00:00:00Z,90.94,100.0,66.85,30,100,0.01
13458,150,2025-07-16T00:00:00Z,99.01,95.22,66.28,33,100,0.01
13459,150,2025-07-17T00:00:00Z,100.0,90.88,58.92,30,100,0.01
13460,150,2025-07-18T00:00:00Z,100.0,97.08,68.44,30,100,0.0
13461,150,2025-07-19T00:00:00Z,74.0,100.0,54.33,32,100,0.02
13462,150,2025-07-20T00:00:00Z,95.23,93.57,54.06,30,100,0.01
13463,150,2025-07-21T00:00:00Z,100.0,85.24,74.46,30,100,0.01
13464,150,2025-07-22T00:00:00Z,87.1,90.4,59.46,30,98,0.01
13465,150,2025-07-23T00:00:00Z,95.99,100.0,63.52,30,100,0.0
13466,150,2025-07-24T00:00:00Z,100.0,100.0,64.42,36,100,0.01
13467,150,2025-07-25T00:00:00Z,85.61,94.63,60.99,30,98,0.01
13468,150,2025-07-26T00:00:00Z,95.41,100.0,74.54,30,95,0.01
13469,150,2025-07-27T00:00:00Z,89.0,100.0,58.61,30,100,0.01
13470,150,2025-07-28T00:00:00Z,90.91,100.0,60.94,30,100,0.01
13471,150,2025-07-29T00:00:00Z,94.41,74.42,17.86,38,94,0.03
13472,150,2025-07-30T00:00:00Z,81.35,43.36,25.49,91,27,57.64
13473,150,2025-07-31T00:00:00Z,77.16,40.6,25.42,68,40,19.75
13474,150,2025-08-01T00:00:00Z,81.34,35.52,24.58,77,51,19.5
13475,150,2025-08-02T00:00:00Z,76.55,9.0,21.32,65,56,25.21
13476,150,2025-08-03T00:00:00Z,83.26,41.83,24.51,59,51,5.49
13477,150,2025-08-04T00:00:00Z,100.0,100.0,71.73,30,98,0.0
13478,150,2025-08-05T00:00:00Z,100.0,100.0,72.82,33,100,0.0
13479,150,2025-08-06T00:00:00Z,87.92,13.32,35.76,64,54,14.32
13480,150,2025-08-07T00:00:00Z,82.41,0.0,35.21,72,29,67.9
13481,150,2025-08-08T00:00:00Z,81.66,4.45,34.65,65,46,34.05
13482,150,2025-08-09T00:00:00Z,82.35,0.0,34.79,68,34,56.52
13483,150,2025-08-10T00:00:00Z,83.38,0.0,34.51,72,24,72.13
13484,150,2025-08-11T00:00:00Z,94.75,92.72,27.88,41,100,0.01
13485,150,2025-08-12T00:00:00Z,93.16,86.83,54.67,30,100,0.01
13486,150,2025-08-13T00:00:00Z,90.59,57.47,34.13,61,70,0.93
13487,150,2025-08-14T00:00:00Z,80.51,71.26,34.58,77,36,11.35
13488,150,2025-08-15T00:00:00Z,81.66,7.59,33.96,78,31,67.78
13489,150,2025-08-16T00:00:00Z,81.16,0.0,34.86,75,31,70.93
13490,150,2025-08-17T00:00:00Z,81.5,40.94,35.21,85,37,38.64
13491,150,2025-08-18T00:00:00Z,79.32,33.75,34.72,76,30,43.64
13492,150,2025-08-19T00:00:00Z,83.12,70.62,34.17,77,62,3.04
13493,150,2025-08-20T00:00:00Z,79.09,9.6,35.14,55,39,27.12
13494,150,2025-08-21T00:00:00Z,81.16,56.45,34.72,95,37,38.55
13495,150,2025-08-22T00:00:00Z,93.71,72.38,35.22,57,63,0.49
13496,150,2025-08-23T00:00:00Z,99.94,83.12,24.76,30,98,0.01
13497,150,2025-08-24T00:00:00Z,81.99,30.15,34.03,89,50,38.56
13498,150,2025-08-25T00:00:00Z,81.44,33.83,34.79,63,61,6.33
13499,150,2025-08-26T00:00:00Z,80.93,7.6,35.0,60,20,56.2
13500,150,2025-08-27T00:00:00Z,81.24,22.08,34.03,71,0,78.83
