contract_id,machine_id,company_id,start_date,end_date,actual_start_date,actual_end_date,rental_status,billing_amount,payment_status
1,1,18,2025-06-03T03:46:10Z,2025-06-06T03:46:10Z,2025-06-03T01:04:09Z,2025-06-06T11:27:24Z,overdue,65158.38,paid
2,1,1,2025-06-07T05:08:48Z,2025-06-09T05:08:48Z,2025-06-07T04:17:32Z,2025-06-09T11:41:05Z,overdue,32726.45,paid
3,1,11,2025-06-10T11:43:19Z,2025-06-17T11:43:19Z,2025-06-10T15:59:30Z,2025-06-16T19:27:16Z,completed,125678.19,paid
4,1,16,2025-06-18T10:01:17Z,2025-06-19T10:01:17Z,2025-06-18T17:41:15Z,2025-06-19T12:49:08Z,overdue,21916.49,pending
5,1,23,2025-06-20T01:34:33Z,2025-06-23T01:34:33Z,2025-06-20T10:52:58Z,2025-06-23T05:28:56Z,overdue,56665.73,pending
6,1,14,2025-06-24T22:18:31Z,2025-07-03T22:18:31Z,2025-06-24T22:42:49Z,2025-07-05T11:20:44Z,overdue,191770.27,paid
7,1,11,2025-07-05T12:42:30Z,2025-07-16T12:42:30Z,2025-07-05T11:12:53Z,2025-07-17T13:40:06Z,overdue,211929.34,paid
8,1,14,2025-07-18T21:13:12Z,2025-07-25T21:13:12Z,2025-07-19T05:25:54Z,2025-07-25T12:29:26Z,completed,103054.94,pending
9,1,16,2025-07-26T18:52:01Z,2025-08-03T18:52:01Z,2025-07-27T01:13:03Z,2025-08-03T17:54:55Z,completed,134297.67,paid
10,1,18,2025-08-05T00:34:29Z,2025-08-07T00:34:29Z,2025-08-04T12:20:22Z,2025-08-07T00:30:51Z,completed,47773.1,partially_paid
11,1,16,2025-08-07T15:43:50Z,2025-08-15T15:43:50Z,2025-08-08T00:44:41Z,2025-08-15T19:49:11Z,overdue,195751.39,paid
12,1,11,2025-08-17T19:15:03Z,2025-08-27T19:15:03Z,2025-08-17T10:58:13Z,2025-08-26T20:50:43Z,completed,240772.52,paid
13,2,23,2025-06-03T05:59:01Z,2025-06-08T05:59:01Z,2025-06-03T08:17:17Z,2025-06-08T09:02:57Z,overdue,71658.02,paid
14,2,1,2025-06-09T00:10:38Z,2025-06-10T00:10:38Z,2025-06-08T23:38:33Z,2025-06-09T03:08:13Z,completed,15169.16,paid
15,2,23,2025-06-11T02:46:31Z,2025-06-19T02:46:31Z,2025-06-11T04:58:30Z,2025-06-18T23:02:32Z,completed,137297.79,partially_paid
16,2,6,2025-06-20T15:40:57Z,2025-06-24T15:40:57Z,2025-06-20T09:19:38Z,2025-06-24T16:48:32Z,overdue,58583.61,paid
17,2,10,2025-06-26T06:07:22Z,2025-07-04T06:07:22Z,2025-06-26T00:12:30Z,2025-07-04T17:14:32Z,overdue,122949.86,pending
18,2,22,2025-07-06T00:53:25Z,2025-07-10T00:53:25Z,2025-07-05T20:07:59Z,2025-07-10T01:25:09Z,completed,70924.82,paid
19,2,22,2025-07-11T23:28:50Z,2025-07-13T23:28:50Z,2025-07-11T20:09:31Z,2025-07-13T22:32:36Z,completed,29836.28,failed
20,2,22,2025-07-14T15:22:45Z,2025-07-25T15:22:45Z,2025-07-14T15:35:27Z,2025-07-25T12:31:22Z,completed,148812.97,pending
21,2,1,2025-07-27T06:50:31Z,2025-08-02T06:50:31Z,2025-07-27T06:10:04Z,2025-08-02T07:11:20Z,completed,87385.25,paid
22,2,16,2025-08-03T08:44:46Z,2025-08-10T08:44:46Z,2025-08-03T13:17:28Z,2025-08-10T07:05:51Z,completed,150017.31,paid
23,2,1,2025-08-11T16:14:19Z,2025-08-15T16:14:19Z,2025-08-11T14:35:17Z,2025-08-15T08:27:13Z,completed,86008.76,paid
24,2,7,2025-08-17T02:31:54Z,2025-08-18T02:31:54Z,2025-08-17T10:43:59Z,2025-08-18T16:44:52Z,overdue,33527.95,paid
25,2,15,2025-08-20T01:46:24Z,2025-08-25T01:46:24Z,2025-08-20T05:13:58Z,2025-08-25T03:32:05Z,overdue,108807.03,paid
26,2,16,2025-08-26T16:43:57Z,2025-09-10T16:43:57Z,2025-08-26T23:27:00Z,,active,34018.23,paid
27,3,22,2025-05-31T13:50:03Z,2025-06-03T13:50:03Z,2025-05-31T04:11:44Z,2025-06-03T18:23:05Z,overdue,61920.99,partially_paid
28,3,22,2025-06-05T21:08:43Z,2025-06-08T21:08:43Z,2025-06-05T12:36:42Z,2025-06-08T14:16:54Z,completed,41414.9,pending
29,3,16,2025-06-09T16:47:37Z,2025-06-11T16:47:37Z,2025-06-10T02:54:59Z,2025-06-12T06:20:22Z,overdue,51275.97,paid
30,3,18,2025-06-12T05:54:22Z,2025-06-17T05:54:22Z,2025-06-12T14:47:09Z,2025-06-17T09:29:54Z,overdue,77162.02,pending
31,3,10,2025-06-18T21:54:24Z,2025-06-21T21:54:24Z,2025-06-19T07:02:43Z,2025-06-22T07:16:37Z,overdue,50300.11,partially_paid
32,3,18,2025-06-23T17:18:40Z,2025-06-25T17:18:40Z,2025-06-23T16:10:08Z,2025-06-25T17:11:18Z,completed,30928.27,pending
33,3,14,2025-06-26T11:44:24Z,2025-06-27T11:44:24Z,2025-06-26T17:17:49Z,2025-06-29T03:19:39Z,overdue,55620.2,paid
34,3,9,2025-06-28T18:58:04Z,2025-06-29T18:58:04Z,2025-06-28T22:20:44Z,2025-06-29T15:28:55Z,completed,10122.1,paid
35,3,18,2025-07-01T01:30:45Z,2025-07-05T01:30:45Z,2025-06-30T21:57:30Z,2025-07-04T21:23:26Z,completed,77134.2,partially_paid
36,3,4,2025-07-06T22:10:18Z,2025-07-12T22:10:18Z,2025-07-06T17:11:10Z,2025-07-13T03:05:31Z,overdue,81669.2,paid
37,3,7,2025-07-14T02:26:52Z,2025-07-19T02:26:52Z,2025-07-14T01:00:51Z,2025-07-18T23:18:23Z,completed,76689.48,paid
38,3,5,2025-07-20T14:27:06Z,2025-07-24T14:27:06Z,2025-07-20T18:59:02Z,2025-07-25T03:18:43Z,overdue,92461.67,paid
39,3,17,2025-07-26T03:22:46Z,2025-07-29T03:22:46Z,2025-07-26T03:58:32Z,2025-07-29T06:44:20Z,overdue,41025.36,partially_paid
40,3,22,2025-07-30T06:40:08Z,2025-07-31T06:40:08Z,2025-07-30T09:55:45Z,2025-07-30T23:20:51Z,completed,23927.96,paid
41,3,18,2025-08-01T10:48:54Z,2025-08-08T10:48:54Z,2025-08-01T06:14:07Z,2025-08-07T16:32:07Z,completed,171150.01,paid
42,3,11,2025-08-09T21:36:35Z,2025-08-10T21:36:35Z,2025-08-09T21:53:54Z,2025-08-11T05:51:10Z,overdue,32606.01,partially_paid
43,3,23,2025-08-12T13:37:39Z,2025-08-15T13:37:39Z,2025-08-12T17:27:32Z,2025-08-15T12:43:29Z,completed,74086.58,paid
44,3,22,2025-08-18T00:02:49Z,2025-08-23T00:02:49Z,2025-08-17T16:46:51Z,2025-08-22T18:28:34Z,completed,122067.65,paid
45,3,21,2025-08-24T16:03:21Z,2025-08-30T16:03:21Z,2025-08-24T10:53:36Z,,active,74059.5,paid
46,4,22,2025-06-03T07:33:45Z,2025-06-12T07:33:45Z,2025-06-03T04:06:04Z,2025-06-13T08:16:10Z,overdue,141766.29,pending
47,4,7,2025-06-12T20:28:17Z,2025-06-14T20:28:17Z,2025-06-12T23:39:01Z,2025-06-15T13:14:12Z,overdue,47908.47,pending
48,4,16,2025-06-16T08:33:32Z,2025-06-17T08:33:32Z,2025-06-16T03:46:39Z,2025-06-18T01:53:02Z,overdue,27823.65,paid
49,4,7,2025-06-17T23:32:54Z,2025-06-22T23:32:54Z,2025-06-18T01:46:31Z,2025-06-22T18:46:59Z,completed,76043.17,partially_paid
50,4,7,2025-06-24T10:30:36Z,2025-06-30T10:30:36Z,2025-06-24T09:34:34Z,2025-07-01T02:09:03Z,overdue,111672.46,paid
51,4,23,2025-07-02T00:43:52Z,2025-07-08T00:43:52Z,2025-07-02T02:45:25Z,2025-07-07T22:13:55Z,completed,98117.25,paid
52,4,8,2025-07-09T18:00:54Z,2025-07-13T18:00:54Z,2025-07-09T15:25:10Z,2025-07-13T22:19:49Z,overdue,60383.86,paid
53,4,11,2025-07-16T03:12:22Z,2025-07-20T03:12:22Z,2025-07-16T04:56:41Z,2025-07-21T18:32:47Z,overdue,90250.18,paid
54,4,18,2025-07-21T14:40:42Z,2025-07-29T14:40:42Z,2025-07-21T12:43:20Z,2025-07-30T23:11:54Z,overdue,34957.64,paid
55,4,22,2025-07-30T15:48:15Z,2025-08-03T15:48:15Z,2025-07-30T03:34:32Z,2025-08-03T05:55:17Z,completed,82918.1,partially_paid
56,4,7,2025-08-04T22:44:31Z,2025-08-05T22:44:31Z,2025-08-04T20:37:58Z,2025-08-06T00:36:47Z,overdue,22534.85,paid
57,4,16,2025-08-07T21:01:14Z,2025-08-18T21:01:14Z,2025-08-07T22:58:56Z,2025-08-18T21:30:26Z,completed,227071.55,paid
58,4,11,2025-08-19T19:17:31Z,2025-08-27T19:17:31Z,2025-08-19T06:01:31Z,2025-08-28T06:09:58Z,overdue,174872.26,paid
59,5,23,2025-06-04T00:32:56Z,2025-06-12T00:32:56Z,2025-06-03T15:40:39Z,2025-06-13T06:49:39Z,overdue,147098.59,pending
60,5,11,2025-06-12T23:43:30Z,2025-06-19T23:43:30Z,2025-06-12T21:14:00Z,2025-06-20T14:55:25Z,overdue,95893.52,pending
61,5,18,2025-06-22T00:43:19Z,2025-07-04T00:43:19Z,2025-06-22T01:48:47Z,2025-07-04T12:24:54Z,overdue,209828.85,pending
62,5,16,2025-07-05T20:03:39Z,2025-07-09T20:03:39Z,2025-07-05T14:57:42Z,2025-07-10T08:26:24Z,overdue,78977.84,pending
63,5,23,2025-07-12T06:19:43Z,2025-07-15T06:19:43Z,2025-07-12T06:45:29Z,2025-07-15T06:00:19Z,completed,44188.49,paid
64,5,1,2025-07-17T01:38:20Z,2025-07-24T01:38:20Z,2025-07-17T03:38:27Z,2025-07-25T05:51:31Z,overdue,138715.94,pending
65,5,2,2025-07-26T07:59:12Z,2025-07-30T07:59:12Z,2025-07-26T06:22:03Z,2025-07-29T14:32:45Z,completed,20431.31,paid
66,5,11,2025-07-31T19:45:55Z,2025-08-04T19:45:55Z,2025-07-31T22:01:44Z,2025-08-05T16:57:15Z,overdue,109184.61,pending
67,5,11,2025-08-06T11:01:38Z,2025-08-09T11:01:38Z,2025-08-06T16:14:42Z,2025-08-09T21:59:35Z,overdue,77047.36,partially_paid
68,5,7,2025-08-11T01:06:21Z,2025-08-18T01:06:21Z,2025-08-11T12:21:59Z,2025-08-17T14:24:26Z,completed,157613.5,paid
69,5,6,2025-08-18T22:21:38Z,2025-08-20T22:21:38Z,2025-08-18T11:41:18Z,2025-08-22T04:59:54Z,overdue,72694.08,paid
70,5,11,2025-08-22T20:51:12Z,2025-08-29T20:51:12Z,2025-08-22T20:31:12Z,,active,119581.22,paid
71,6,12,2025-06-03T21:47:51Z,2025-06-05T21:47:51Z,2025-06-04T12:28:19Z,2025-06-06T05:19:27Z,overdue,21872.81,paid
72,6,4,2025-06-06T13:57:39Z,2025-06-12T13:57:39Z,2025-06-06T18:18:56Z,2025-06-13T07:11:02Z,overdue,63825.7,paid
73,6,13,2025-06-14T22:52:50Z,2025-06-20T22:52:50Z,2025-06-14T18:08:16Z,2025-06-21T02:57:31Z,overdue,52443.44,paid
74,6,21,2025-06-23T08:40:27Z,2025-07-04T08:40:27Z,2025-06-23T16:44:48Z,2025-07-05T10:00:59Z,overdue,122503.68,paid
75,6,20,2025-07-05T13:55:58Z,2025-07-09T13:55:58Z,2025-07-05T07:59:42Z,2025-07-09T14:17:07Z,completed,38105.67,paid
76,6,21,2025-07-10T21:23:34Z,2025-07-16T21:23:34Z,2025-07-11T03:57:28Z,2025-07-15T18:44:29Z,completed,66873.45,paid
77,6,10,2025-07-18T16:03:03Z,2025-07-28T16:03:03Z,2025-07-18T15:06:10Z,2025-07-28T13:26:30Z,completed,84144.08,pending
78,6,24,2025-07-29T10:27:44Z,2025-07-31T10:27:44Z,2025-07-29T00:31:59Z,2025-08-01T11:55:51Z,overdue,45861.39,paid
79,6,24,2025-08-02T08:09:19Z,2025-08-08T08:09:19Z,2025-08-02T00:24:56Z,2025-08-07T18:40:24Z,completed,84862.57,paid
80,6,24,2025-08-09T06:38:21Z,2025-08-13T06:38:21Z,2025-08-09T16:39:12Z,2025-08-13T06:30:07Z,completed,55796.8,paid
81,6,10,2025-08-14T19:51:48Z,2025-08-15T19:51:48Z,2025-08-14T18:23:20Z,2025-08-15T19:49:15Z,completed,14227.75,paid
82,6,17,2025-08-16T10:49:40Z,2025-08-17T10:49:40Z,2025-08-16T10:30:07Z,2025-08-17T10:55:13Z,completed,13461.95,paid
83,6,13,2025-08-18T06:43:32Z,2025-08-26T06:43:32Z,2025-08-18T17:49:10Z,2025-08-26T10:33:57Z,overdue,115207.56,pending
84,6,17,2025-08-27T22:43:00Z,2025-09-01T22:43:00Z,2025-08-27T16:04:39Z,,active,3722.04,pending
85,7,18,2025-06-01T06:16:25Z,2025-06-07T06:16:25Z,2025-06-01T06:21:26Z,2025-06-07T08:46:48Z,overdue,110436.6,paid
86,7,1,2025-06-09T04:59:28Z,2025-06-15T04:59:28Z,2025-06-09T04:07:29Z,2025-06-14T23:11:52Z,completed,108871.79,paid
87,7,6,2025-06-15T19:09:54Z,2025-06-19T19:09:54Z,2025-06-15T18:58:06Z,2025-06-19T15:21:14Z,completed,56508.13,pending
88,7,16,2025-06-22T02:05:15Z,2025-06-25T02:05:15Z,2025-06-22T02:43:34Z,2025-06-25T02:05:01Z,completed,59143.07,paid
89,7,23,2025-06-27T02:59:53Z,2025-07-07T02:59:53Z,2025-06-26T11:05:32Z,2025-07-08T10:01:41Z,overdue,213442.47,paid
90,7,15,2025-07-09T09:46:55Z,2025-07-18T09:46:55Z,2025-07-08T21:20:30Z,2025-07-18T08:56:47Z,completed,168404.06,paid
91,7,23,2025-07-20T05:32:53Z,2025-07-24T05:32:53Z,2025-07-19T21:06:11Z,2025-07-23T18:39:01Z,completed,80746.6,pending
92,7,7,2025-07-26T17:12:17Z,2025-07-28T17:12:17Z,2025-07-27T03:43:06Z,2025-07-29T13:55:01Z,overdue,60716.4,pending
93,7,10,2025-07-29T05:22:17Z,2025-08-07T05:22:17Z,2025-07-29T09:42:05Z,2025-08-06T19:36:12Z,completed,192753.5,paid
94,7,9,2025-08-08T13:43:47Z,2025-08-12T13:43:47Z,2025-08-08T16:39:57Z,2025-08-12T07:57:18Z,completed,100550.86,paid
95,7,6,2025-08-13T14:57:39Z,2025-08-21T14:57:39Z,2025-08-13T13:31:08Z,2025-08-21T14:51:51Z,completed,200665.32,paid
96,7,1,2025-08-23T08:28:38Z,2025-08-31T08:28:38Z,2025-08-23T11:08:34Z,,active,123628.53,pending
97,8,2,2025-06-03T15:12:08Z,2025-06-12T15:12:08Z,2025-06-03T08:42:57Z,2025-06-12T20:17:19Z,overdue,58461.62,pending
98,8,24,2025-06-14T00:16:21Z,2025-06-21T00:16:21Z,2025-06-13T22:24:55Z,2025-06-21T12:12:56Z,overdue,61305.88,pending
99,8,21,2025-06-22T12:27:34Z,2025-06-24T12:27:34Z,2025-06-22T18:00:13Z,2025-06-24T13:21:35Z,completed,15653.56,paid
100,8,5,2025-06-26T13:32:29Z,2025-06-30T13:32:29Z,2025-06-26T19:50:08Z,2025-06-30T10:15:03Z,completed,32580.2,pending
101,8,8,2025-07-02T09:13:54Z,2025-07-03T09:13:54Z,2025-07-01T23:53:30Z,2025-07-03T14:53:04Z,overdue,9929.25,paid
102,8,4,2025-07-05T01:37:54Z,2025-07-07T01:37:54Z,2025-07-05T12:09:37Z,2025-07-05T22:06:32Z,completed,14592.73,paid
103,8,20,2025-07-08T13:25:17Z,2025-07-19T13:25:17Z,2025-07-08T14:41:15Z,2025-07-19T15:53:28Z,overdue,95622.58,paid
104,8,4,2025-07-20T16:43:14Z,2025-07-24T16:43:14Z,2025-07-20T19:06:56Z,2025-07-24T18:14:57Z,overdue,16293.88,pending
105,8,5,2025-07-26T06:32:28Z,2025-08-04T06:32:28Z,2025-07-26T07:13:36Z,2025-08-04T09:25:50Z,overdue,73045.95,paid
106,8,17,2025-08-06T09:13:06Z,2025-08-10T09:13:06Z,2025-08-06T08:52:36Z,2025-08-10T14:44:35Z,overdue,50389.8,paid
107,8,8,2025-08-11T22:39:29Z,2025-08-12T22:39:29Z,2025-08-11T14:34:08Z,2025-08-13T03:30:19Z,overdue,14784.17,paid
108,8,3,2025-08-15T06:55:30Z,2025-08-21T06:55:30Z,2025-08-15T05:49:16Z,2025-08-21T10:22:33Z,overdue,72268.57,paid
109,8,19,2025-08-21T21:23:55Z,2025-08-28T21:23:55Z,2025-08-21T18:09:36Z,,active,74144.71,failed
110,9,17,2025-06-02T05:38:27Z,2025-06-08T05:38:27Z,2025-06-01T23:46:14Z,2025-06-08T09:04:10Z,overdue,45800.41,pending
111,9,2,2025-06-10T13:10:42Z,2025-06-11T13:10:42Z,2025-06-10T19:21:12Z,2025-06-11T16:51:06Z,overdue,8800.21,pending
112,9,24,2025-06-13T12:46:09Z,2025-06-19T12:46:09Z,2025-06-13T18:39:55Z,2025-06-20T10:47:09Z,overdue,60873.39,pending
113,9,5,2025-06-21T05:46:50Z,2025-06-30T05:46:50Z,2025-06-20T18:44:07Z,2025-06-29T16:08:19Z,completed,65545.49,paid
114,9,10,2025-07-01T12:03:08Z,2025-07-05T12:03:08Z,2025-07-01T12:12:32Z,2025-07-05T17:44:05Z,overdue,26442.86,paid
115,9,24,2025-07-07T18:25:38Z,2025-07-10T18:25:38Z,2025-07-07T19:32:52Z,2025-07-10T06:31:29Z,completed,23637.17,paid
116,9,10,2025-07-12T22:44:04Z,2025-07-16T22:44:04Z,2025-07-12T14:17:40Z,2025-07-16T17:40:42Z,completed,29167.02,pending
117,9,2,2025-07-19T04:12:38Z,2025-07-20T04:12:38Z,2025-07-18T22:21:19Z,2025-07-20T12:22:10Z,overdue,12471.82,partially_paid
118,9,4,2025-07-21T20:00:34Z,2025-07-24T20:00:34Z,2025-07-22T11:48:13Z,2025-07-24T23:30:33Z,overdue,23597.21,pending
119,9,17,2025-07-26T11:21:33Z,2025-08-01T11:21:33Z,2025-07-26T06:12:33Z,2025-08-02T02:17:21Z,overdue,46973.53,paid
120,9,21,2025-08-02T11:42:39Z,2025-08-06T11:42:39Z,2025-08-02T12:26:35Z,2025-08-08T06:59:17Z,overdue,70707.43,paid
121,9,4,2025-08-07T07:47:10Z,2025-08-12T07:47:10Z,2025-08-07T14:40:54Z,2025-08-12T06:15:50Z,completed,57722.11,paid
122,9,20,2025-08-13T04:37:13Z,2025-08-18T04:37:13Z,2025-08-13T15:14:43Z,2025-08-17T19:57:36Z,completed,58075.5,paid
123,9,22,2025-08-20T08:53:44Z,2025-08-31T08:53:44Z,2025-08-20T13:08:32Z,,active,107920.6,pending
124,10,5,2025-06-01T17:16:21Z,2025-06-08T17:16:21Z,2025-06-01T23:06:28Z,2025-06-08T17:27:50Z,completed,107901.48,paid
125,10,23,2025-06-09T23:11:10Z,2025-06-10T23:11:10Z,2025-06-09T18:49:24Z,2025-06-10T23:14:30Z,completed,16933.16,partially_paid
126,10,18,2025-06-12T18:49:54Z,2025-06-17T18:49:54Z,2025-06-12T22:33:21Z,2025-06-18T00:29:40Z,overdue,74628.32,pending
127,10,11,2025-06-19T08:14:38Z,2025-06-20T08:14:38Z,2025-06-19T10:31:30Z,2025-06-20T08:35:53Z,completed,15641.25,paid
128,10,7,2025-06-22T04:35:51Z,2025-06-29T04:35:51Z,2025-06-22T11:04:56Z,2025-06-29T07:22:53Z,overdue,88178.57,pending
129,10,17,2025-06-29T23:44:40Z,2025-07-06T23:44:40Z,2025-06-29T23:19:25Z,2025-07-06T15:11:49Z,completed,73938.42,paid
130,10,13,2025-07-09T01:54:05Z,2025-07-16T01:54:05Z,2025-07-09T03:08:51Z,2025-07-16T07:38:50Z,overdue,93233.5,pending
131,10,6,2025-07-17T23:22:08Z,2025-07-19T23:22:08Z,2025-07-17T16:52:57Z,2025-07-20T19:48:53Z,overdue,40569.01,failed
132,10,13,2025-07-21T23:49:44Z,2025-07-26T23:49:44Z,2025-07-22T03:55:05Z,2025-07-27T02:20:54Z,overdue,58915.2,paid
133,10,6,2025-07-28T18:23:34Z,2025-08-03T18:23:34Z,2025-07-29T00:01:21Z,2025-08-03T15:12:04Z,completed,104859.92,paid
134,10,6,2025-08-05T20:02:34Z,2025-08-11T20:02:34Z,2025-08-05T17:16:09Z,2025-08-11T16:04:51Z,completed,114539.29,partially_paid
135,10,22,2025-08-12T19:04:18Z,2025-08-17T19:04:18Z,2025-08-12T20:24:16Z,2025-08-17T16:27:40Z,completed,95336.03,pending
136,10,18,2025-08-18T10:38:25Z,2025-08-27T10:38:25Z,2025-08-18T05:16:22Z,2025-08-27T11:29:39Z,completed,171938.2,pending
137,11,15,2025-06-03T06:23:19Z,2025-06-07T06:23:19Z,2025-06-03T15:04:13Z,2025-06-07T16:20:37Z,overdue,57382.05,paid
138,11,15,2025-06-08T21:27:31Z,2025-06-17T21:27:31Z,2025-06-08T12:32:43Z,2025-06-18T05:51:36Z,overdue,131044.95,paid
139,11,6,2025-06-19T03:52:59Z,2025-06-27T03:52:59Z,2025-06-19T04:22:37Z,2025-06-27T19:41:38Z,overdue,162424.87,partially_paid
140,11,6,2025-06-27T18:27:38Z,2025-07-01T18:27:38Z,2025-06-28T02:55:00Z,2025-07-02T15:17:45Z,overdue,65923.79,paid
141,11,14,2025-07-04T04:17:38Z,2025-07-08T04:17:38Z,2025-07-04T01:37:15Z,2025-07-08T05:30:18Z,overdue,61052.67,paid
142,11,14,2025-07-10T15:56:16Z,2025-07-20T15:56:16Z,2025-07-10T12:48:03Z,2025-07-20T13:40:45Z,completed,164227.13,paid
143,11,15,2025-07-21T12:51:12Z,2025-07-26T12:51:12Z,2025-07-21T04:47:12Z,2025-07-26T11:28:41Z,completed,87945.75,paid
144,11,6,2025-07-28T15:09:36Z,2025-07-30T15:09:36Z,2025-07-28T10:33:11Z,2025-07-30T16:32:41Z,overdue,29628.01,paid
145,11,13,2025-08-01T16:47:12Z,2025-08-07T16:47:12Z,2025-08-02T02:05:23Z,2025-08-07T11:05:56Z,completed,105338.14,pending
146,11,14,2025-08-08T05:02:10Z,2025-08-16T05:02:10Z,2025-08-08T03:45:08Z,2025-08-16T08:42:01Z,overdue,170288.24,pending
147,11,18,2025-08-16T21:13:35Z,2025-08-24T21:13:35Z,2025-08-16T14:29:24Z,2025-08-25T05:38:46Z,overdue,173461.13,paid
148,11,6,2025-08-25T10:29:13Z,2025-08-31T10:29:13Z,2025-08-25T13:26:30Z,,active,58601.52,paid
149,12,24,2025-06-04T02:44:18Z,2025-06-17T02:44:18Z,2025-06-03T22:54:43Z,2025-06-17T02:10:02Z,completed,94200.7,partially_paid
150,12,19,2025-06-19T10:11:18Z,2025-06-23T10:11:18Z,2025-06-19T06:51:20Z,2025-06-23T05:20:37Z,completed,30756.98,paid
151,12,8,2025-06-24T06:19:28Z,2025-07-03T06:19:28Z,2025-06-24T14:50:51Z,2025-07-03T02:31:42Z,completed,62199.11,pending
152,12,13,2025-07-04T15:11:20Z,2025-07-07T15:11:20Z,2025-07-04T18:01:03Z,2025-07-07T09:30:43Z,completed,25012.88,paid
153,12,13,2025-07-10T00:30:42Z,2025-07-17T00:30:42Z,2025-07-10T01:43:45Z,2025-07-16T06:28:23Z,completed,65170.12,pending
154,12,12,2025-07-17T17:38:46Z,2025-07-27T17:38:46Z,2025-07-18T04:25:17Z,2025-07-27T14:45:13Z,completed,98650.9,paid
155,12,10,2025-07-29T20:14:31Z,2025-08-02T20:14:31Z,2025-07-29T21:57:26Z,2025-08-03T02:16:56Z,overdue,55896.49,paid
156,12,8,2025-08-04T15:29:30Z,2025-08-11T15:29:30Z,2025-08-05T03:33:10Z,2025-08-11T16:03:14Z,completed,91672.0,partially_paid
157,12,12,2025-08-12T13:07:57Z,2025-08-15T13:07:57Z,2025-08-12T04:51:24Z,2025-08-15T01:57:04Z,completed,39766.8,paid
158,12,19,2025-08-17T10:29:26Z,2025-08-22T10:29:26Z,2025-08-17T21:15:28Z,2025-08-22T05:28:05Z,completed,65584.72,paid
159,12,10,2025-08-23T11:56:42Z,2025-08-29T11:56:42Z,2025-08-23T11:50:47Z,,active,61547.45,paid
160,13,17,2025-06-03T19:45:26Z,2025-06-16T19:45:26Z,2025-06-03T16:34:20Z,2025-06-16T19:36:09Z,completed,126385.88,paid
161,13,24,2025-06-19T05:01:12Z,2025-06-28T05:01:12Z,2025-06-19T09:06:41Z,2025-06-28T19:40:49Z,overdue,77449.89,paid
162,13,12,2025-06-30T08:19:50Z,2025-07-07T08:19:50Z,2025-06-30T06:10:29Z,2025-07-07T21:54:30Z,overdue,52781.09,pending
163,13,4,2025-07-08T10:51:59Z,2025-07-17T10:51:59Z,2025-07-08T15:47:21Z,2025-07-17T23:51:56Z,overdue,97052.86,paid
164,13,13,2025-07-18T02:25:00Z,2025-07-27T02:25:00Z,2025-07-18T09:25:57Z,2025-07-28T01:13:27Z,overdue,81734.93,paid
165,13,12,2025-07-29T10:44:40Z,2025-08-05T10:44:40Z,2025-07-29T09:44:31Z,2025-08-05T15:55:14Z,overdue,94933.04,paid
166,13,17,2025-08-06T16:00:07Z,2025-08-15T16:00:07Z,2025-08-06T11:06:01Z,2025-08-16T00:49:09Z,overdue,124311.18,partially_paid
167,13,20,2025-08-16T09:15:06Z,2025-08-20T09:15:06Z,2025-08-16T09:25:27Z,2025-08-20T22:16:28Z,overdue,60662.95,paid
168,13,20,2025-08-20T23:22:41Z,2025-08-26T23:22:41Z,2025-08-20T23:39:24Z,2025-08-26T06:09:03Z,completed,78983.83,partially_paid
169,13,3,2025-08-28T03:17:40Z,2025-09-05T03:17:40Z,2025-08-28T07:10:03Z,,active,1359.3,paid
170,14,22,2025-06-03T08:41:00Z,2025-06-08T08:41:00Z,2025-06-03T09:59:54Z,2025-06-08T11:19:57Z,overdue,72846.16,paid
171,14,18,2025-06-09T18:54:37Z,2025-06-19T18:54:37Z,2025-06-09T18:20:19Z,2025-06-19T20:49:27Z,overdue,138109.41,partially_paid
172,14,6,2025-06-21T06:05:00Z,2025-06-28T06:05:00Z,2025-06-21T07:12:11Z,2025-06-28T05:32:10Z,completed,104942.53,partially_paid
173,14,16,2025-06-29T00:53:02Z,2025-07-05T00:53:02Z,2025-06-29T07:19:32Z,2025-07-04T10:16:04Z,completed,82055.04,paid
174,14,24,2025-07-06T05:36:08Z,2025-07-12T05:36:08Z,2025-07-06T01:24:05Z,2025-07-13T05:46:00Z,overdue,98012.92,paid
175,14,6,2025-07-13T08:00:53Z,2025-07-14T08:00:53Z,2025-07-13T04:39:41Z,2025-07-14T08:21:17Z,completed,18112.17,paid
176,14,9,2025-07-15T01:15:51Z,2025-07-25T01:15:51Z,2025-07-15T00:52:11Z,2025-07-24T21:29:05Z,completed,137733.69,paid
177,14,16,2025-07-26T05:09:06Z,2025-08-06T05:09:06Z,2025-07-25T20:27:49Z,2025-08-05T18:18:27Z,completed,164937.92,paid
178,14,15,2025-08-07T02:00:20Z,2025-08-14T02:00:20Z,2025-08-06T22:59:35Z,2025-08-13T18:41:00Z,completed,145246.35,paid
179,14,15,2025-08-16T08:23:39Z,2025-08-24T08:23:39Z,2025-08-16T09:51:25Z,2025-08-24T05:27:47Z,completed,165358.68,paid
180,14,6,2025-08-25T06:16:18Z,2025-08-27T06:16:18Z,2025-08-25T11:30:23Z,2025-08-27T18:44:43Z,overdue,51394.57,paid
181,15,22,2025-06-01T23:51:17Z,2025-06-06T23:51:17Z,2025-06-02T10:56:04Z,2025-06-06T06:52:34Z,completed,91495.62,paid
182,15,22,2025-06-08T18:31:54Z,2025-06-09T18:31:54Z,2025-06-08T14:22:49Z,2025-06-09T20:27:27Z,overdue,14904.08,pending
183,15,7,2025-06-10T23:25:37Z,2025-06-16T23:25:37Z,2025-06-10T21:58:47Z,2025-06-17T11:11:06Z,overdue,115120.67,paid
184,15,6,2025-06-18T01:42:16Z,2025-06-20T01:42:16Z,2025-06-18T10:22:01Z,2025-06-20T04:24:43Z,overdue,32580.38,paid
185,15,12,2025-06-21T01:09:21Z,2025-06-30T01:09:21Z,2025-06-21T03:12:44Z,2025-06-30T12:55:05Z,overdue,152783.1,paid
186,15,13,2025-07-01T09:13:53Z,2025-07-08T09:13:53Z,2025-07-01T11:55:04Z,2025-07-08T18:17:43Z,overdue,134968.06,paid
187,15,7,2025-07-09T23:01:32Z,2025-07-18T23:01:32Z,2025-07-10T00:12:17Z,2025-07-19T11:47:51Z,overdue,152962.91,paid
188,15,16,2025-07-19T17:45:35Z,2025-07-24T17:45:35Z,2025-07-20T02:24:02Z,2025-07-24T11:25:16Z,completed,99697.75,failed
189,15,9,2025-07-27T03:26:54Z,2025-08-07T03:26:54Z,2025-07-27T03:12:26Z,2025-08-06T04:20:46Z,completed,205632.68,partially_paid
190,15,23,2025-08-08T15:42:33Z,2025-08-14T15:42:33Z,2025-08-08T11:37:23Z,2025-08-15T04:34:50Z,overdue,150483.39,paid
191,15,19,2025-08-16T01:00:51Z,2025-08-20T01:00:51Z,2025-08-15T22:20:13Z,2025-08-19T23:47:59Z,completed,77265.04,paid
192,15,18,2025-08-21T03:02:04Z,2025-08-25T03:02:04Z,2025-08-20T12:29:28Z,2025-08-24T17:47:35Z,completed,91815.41,paid
193,15,16,2025-08-26T18:11:09Z,2025-09-03T18:11:09Z,2025-08-26T22:54:02Z,,active,35494.44,pending
194,16,10,2025-06-01T21:24:36Z,2025-06-04T21:24:36Z,2025-06-01T21:07:26Z,2025-06-05T00:36:56Z,overdue,38361.18,paid
195,16,5,2025-06-06T21:53:25Z,2025-06-08T21:53:25Z,2025-06-07T06:54:38Z,2025-06-10T00:40:13Z,overdue,43662.35,pending
196,16,8,2025-06-11T01:44:01Z,2025-06-16T01:44:01Z,2025-06-11T01:53:42Z,2025-06-16T11:21:27Z,overdue,61086.93,pending
197,16,3,2025-06-17T02:20:56Z,2025-06-18T02:20:56Z,2025-06-17T00:51:57Z,2025-06-17T21:47:48Z,completed,11615.03,partially_paid
198,16,24,2025-06-20T03:34:45Z,2025-06-22T03:34:45Z,2025-06-20T01:53:33Z,2025-06-23T15:49:43Z,overdue,44528.02,paid
199,16,12,2025-06-24T08:54:34Z,2025-07-01T08:54:34Z,2025-06-24T05:28:57Z,2025-07-01T12:11:11Z,overdue,82662.07,pending
200,16,2,2025-07-02T06:49:38Z,2025-07-12T06:49:38Z,2025-07-02T12:22:30Z,2025-07-12T11:03:49Z,overdue,113718.3,paid
201,16,23,2025-07-13T23:28:35Z,2025-07-17T23:28:35Z,2025-07-14T03:39:57Z,2025-07-18T03:59:45Z,overdue,68132.77,paid
202,16,20,2025-07-20T09:11:29Z,2025-07-28T09:11:29Z,2025-07-20T13:00:09Z,2025-07-29T10:36:59Z,overdue,113665.39,pending
203,16,2,2025-07-30T09:11:45Z,2025-08-03T09:11:45Z,2025-07-30T17:06:01Z,2025-08-03T19:51:28Z,overdue,67433.89,failed
204,16,5,2025-08-04T03:17:12Z,2025-08-16T03:17:12Z,2025-08-03T23:09:05Z,2025-08-16T10:15:25Z,overdue,186337.13,paid
205,16,12,2025-08-17T03:10:09Z,2025-08-23T03:10:09Z,2025-08-16T23:15:39Z,2025-08-23T00:25:18Z,completed,91645.21,paid
206,16,13,2025-08-24T04:04:04Z,2025-08-29T04:04:04Z,2025-08-24T06:36:46Z,,active,61397.6,paid
207,17,14,2025-06-04T10:06:10Z,2025-06-08T10:06:10Z,2025-06-04T09:57:24Z,2025-06-09T12:12:32Z,overdue,94674.14,paid
208,17,6,2025-06-10T02:02:12Z,2025-06-21T02:02:12Z,2025-06-10T04:39:17Z,2025-06-21T07:05:20Z,overdue,120371.86,paid
209,17,6,2025-06-22T21:54:56Z,2025-06-28T21:54:56Z,2025-06-23T01:35:48Z,2025-06-28T07:09:29Z,completed,74150.58,paid
210,17,16,2025-07-01T08:23:09Z,2025-07-06T08:23:09Z,2025-06-30T22:22:27Z,2025-07-06T12:34:12Z,overdue,74959.41,paid
211,17,22,2025-07-07T12:35:53Z,2025-07-14T12:35:53Z,2025-07-07T09:41:56Z,2025-07-16T01:54:48Z,overdue,117449.44,paid
212,17,1,2025-07-16T19:31:03Z,2025-07-18T19:31:03Z,2025-07-16T10:43:52Z,2025-07-18T20:39:05Z,overdue,27275.71,paid
213,17,6,2025-07-20T05:34:38Z,2025-07-29T05:34:38Z,2025-07-20T15:40:51Z,2025-07-29T03:21:54Z,completed,133461.28,pending
214,17,7,2025-07-31T15:33:46Z,2025-08-09T15:33:46Z,2025-07-31T15:19:55Z,2025-08-09T17:12:03Z,overdue,184345.86,paid
215,17,6,2025-08-11T21:32:07Z,2025-08-19T21:32:07Z,2025-08-12T01:26:57Z,2025-08-19T00:41:51Z,completed,163970.81,paid
216,17,7,2025-08-21T03:23:01Z,2025-08-31T03:23:01Z,2025-08-21T11:39:51Z,,active,145651.17,paid
217,18,3,2025-06-04T21:52:11Z,2025-06-11T21:52:11Z,2025-06-05T00:50:02Z,2025-06-12T06:29:39Z,overdue,62819.46,pending
218,18,8,2025-06-13T08:45:23Z,2025-06-17T08:45:23Z,2025-06-13T04:43:36Z,2025-06-17T11:33:16Z,overdue,34316.72,paid
219,18,3,2025-06-17T21:08:36Z,2025-06-26T21:08:36Z,2025-06-18T00:24:18Z,2025-06-26T18:16:58Z,completed,62594.27,paid
220,18,13,2025-06-27T15:29:16Z,2025-07-05T15:29:16Z,2025-06-26T22:23:47Z,2025-07-05T18:29:12Z,overdue,61298.58,paid
221,18,8,2025-07-06T08:26:29Z,2025-07-07T08:26:29Z,2025-07-06T06:16:00Z,2025-07-07T05:34:45Z,completed,5947.92,paid
222,18,22,2025-07-09T08:35:35Z,2025-07-11T08:35:35Z,2025-07-09T15:33:29Z,2025-07-11T07:50:48Z,completed,23167.31,paid
223,18,13,2025-07-11T20:59:59Z,2025-07-18T20:59:59Z,2025-07-11T20:43:06Z,2025-07-19T03:07:40Z,overdue,61231.96,pending
224,18,19,2025-07-20T20:55:00Z,2025-07-26T20:55:00Z,2025-07-20T13:13:07Z,2025-07-27T17:27:08Z,overdue,50381.33,failed
225,18,4,2025-07-27T13:04:40Z,2025-07-31T13:04:40Z,2025-07-27T03:44:18Z,2025-07-31T10:33:27Z,completed,30161.19,paid
226,18,4,2025-08-02T23:18:49Z,2025-08-12T23:18:49Z,2025-08-03T04:24:54Z,2025-08-12T22:43:37Z,completed,126192.35,paid
227,18,21,2025-08-13T23:13:32Z,2025-08-17T23:13:32Z,2025-08-13T21:17:45Z,2025-08-19T09:09:17Z,overdue,70238.39,paid
228,18,20,2025-08-19T20:22:07Z,2025-08-26T20:22:07Z,2025-08-19T22:56:56Z,2025-08-27T23:16:48Z,overdue,104712.31,pending
229,19,9,2025-06-01T11:56:29Z,2025-06-07T11:56:29Z,2025-06-01T10:23:14Z,2025-06-07T12:34:43Z,completed,91903.01,pending
230,19,18,2025-06-08T23:55:17Z,2025-06-13T23:55:17Z,2025-06-08T23:41:53Z,2025-06-14T20:46:25Z,overdue,88355.69,pending
231,19,15,2025-06-15T05:15:15Z,2025-06-21T05:15:15Z,2025-06-15T09:39:00Z,2025-06-21T08:45:05Z,overdue,118735.7,paid
232,19,16,2025-06-22T10:47:38Z,2025-06-28T10:47:38Z,2025-06-21T22:48:17Z,2025-06-29T13:30:39Z,overdue,129370.82,paid
233,19,9,2025-06-28T23:35:42Z,2025-07-05T23:35:42Z,2025-06-29T05:34:59Z,2025-07-05T09:53:36Z,completed,110527.53,partially_paid
234,19,11,2025-07-08T09:07:54Z,2025-07-20T09:07:54Z,2025-07-08T08:17:39Z,2025-07-21T05:37:15Z,overdue,192634.04,paid
235,19,6,2025-07-21T17:04:21Z,2025-07-23T17:04:21Z,2025-07-21T20:44:57Z,2025-07-23T04:43:18Z,completed,36930.11,paid
236,19,3,2025-07-24T12:24:04Z,2025-07-28T12:24:04Z,2025-07-24T23:53:07Z,2025-07-28T13:07:44Z,completed,57031.57,pending
237,19,15,2025-07-30T15:11:17Z,2025-08-05T15:11:17Z,2025-07-30T20:24:30Z,2025-08-06T01:40:59Z,overdue,147603.07,paid
238,19,11,2025-08-07T10:22:49Z,2025-08-13T10:22:49Z,2025-08-07T12:34:12Z,2025-08-15T06:52:24Z,overdue,179425.7,paid
239,19,3,2025-08-15T15:00:39Z,2025-08-20T15:00:39Z,2025-08-15T16:13:02Z,2025-08-21T19:52:25Z,overdue,124493.06,pending
240,19,22,2025-08-22T08:24:04Z,2025-08-31T08:24:04Z,2025-08-22T15:31:23Z,,active,135905.06,paid
241,20,4,2025-06-01T18:48:44Z,2025-06-03T18:48:44Z,2025-06-02T04:36:46Z,2025-06-03T08:08:00Z,completed,13033.6,paid
242,20,8,2025-06-05T07:38:20Z,2025-06-11T07:38:20Z,2025-06-05T03:06:48Z,2025-06-11T08:23:01Z,completed,46011.7,pending
243,20,3,2025-06-13T09:07:58Z,2025-06-19T09:07:58Z,2025-06-13T11:03:40Z,2025-06-19T21:34:23Z,overdue,69557.48,pending
244,20,3,2025-06-21T11:52:27Z,2025-07-01T11:52:27Z,2025-06-21T14:35:43Z,2025-07-01T11:54:39Z,completed,100218.42,partially_paid
245,20,17,2025-07-03T05:59:44Z,2025-07-11T05:59:44Z,2025-07-03T13:07:57Z,2025-07-10T21:32:46Z,completed,84085.47,paid
246,20,8,2025-07-12T21:12:22Z,2025-07-19T21:12:22Z,2025-07-13T01:24:48Z,2025-07-19T20:19:24Z,completed,58267.17,partially_paid
247,20,24,2025-07-21T17:33:50Z,2025-07-31T17:33:50Z,2025-07-21T16:39:49Z,2025-07-31T22:09:02Z,overdue,36623.63,pending
248,20,13,2025-08-02T22:59:04Z,2025-08-07T22:59:04Z,2025-08-02T23:04:41Z,2025-08-07T15:35:31Z,completed,64429.73,partially_paid
249,20,2,2025-08-08T19:34:29Z,2025-08-09T19:34:29Z,2025-08-09T05:08:30Z,2025-08-09T11:39:13Z,completed,12318.58,partially_paid
250,20,10,2025-08-11T19:07:36Z,2025-08-14T19:07:36Z,2025-08-11T06:12:23Z,2025-08-14T16:48:33Z,completed,38911.96,partially_paid
251,20,19,2025-08-15T22:29:01Z,2025-08-17T22:29:01Z,2025-08-16T08:20:08Z,2025-08-18T09:45:20Z,overdue,31372.81,paid
252,20,17,2025-08-20T05:46:36Z,2025-08-23T05:46:36Z,2025-08-20T19:17:29Z,2025-08-24T10:47:23Z,overdue,56991.05,partially_paid
253,20,8,2025-08-23T21:05:07Z,2025-08-28T21:05:07Z,2025-08-23T06:05:19Z,,active,55253.86,paid
254,21,11,2025-06-01T02:47:24Z,2025-06-02T02:47:24Z,2025-05-31T16:55:03Z,2025-06-02T20:00:34Z,overdue,37604.34,paid
255,21,22,2025-06-03T20:40:49Z,2025-06-16T20:40:49Z,2025-06-04T04:59:10Z,2025-06-17T15:39:52Z,overdue,256848.73,partially_paid
256,21,18,2025-06-18T21:55:22Z,2025-06-25T21:55:22Z,2025-06-19T03:02:36Z,2025-06-26T16:20:15Z,overdue,144776.22,pending
257,21,9,2025-06-26T10:13:45Z,2025-07-02T10:13:45Z,2025-06-26T10:51:15Z,2025-07-02T12:39:53Z,overdue,124943.03,paid
258,21,11,2025-07-04T07:30:55Z,2025-07-07T07:30:55Z,2025-07-04T05:49:52Z,2025-07-07T07:27:52Z,completed,61649.98,paid
259,21,6,2025-07-09T12:16:03Z,2025-07-14T12:16:03Z,2025-07-09T06:20:09Z,2025-07-14T08:03:50Z,completed,85613.67,partially_paid
260,21,7,2025-07-15T20:25:07Z,2025-07-21T20:25:07Z,2025-07-16T04:46:14Z,2025-07-22T16:22:23Z,overdue,128638.25,pending
261,21,18,2025-07-24T04:38:23Z,2025-07-25T04:38:23Z,2025-07-23T22:42:07Z,2025-07-25T16:26:40Z,overdue,26437.92,partially_paid
262,21,22,2025-07-26T14:38:45Z,2025-07-29T14:38:45Z,2025-07-26T13:17:53Z,2025-07-29T16:28:51Z,overdue,10549.49,pending
263,21,19,2025-07-31T18:00:14Z,2025-08-03T18:00:14Z,2025-07-31T18:38:10Z,2025-08-03T16:23:01Z,completed,60465.48,paid
264,21,14,2025-08-04T12:16:41Z,2025-08-08T12:16:41Z,2025-08-04T14:11:48Z,2025-08-07T06:25:48Z,completed,96982.27,paid
265,21,16,2025-08-10T16:12:33Z,2025-08-17T16:12:33Z,2025-08-10T16:05:29Z,2025-08-17T21:26:49Z,overdue,175075.57,pending
266,21,22,2025-08-18T13:56:22Z,2025-08-24T13:56:22Z,2025-08-18T22:07:27Z,2025-08-24T14:55:15Z,completed,146568.26,pending
267,21,6,2025-08-25T23:31:07Z,2025-08-29T23:31:07Z,2025-08-26T00:15:09Z,,active,55121.56,partially_paid
268,22,6,2025-06-01T10:12:54Z,2025-06-07T10:12:54Z,2025-06-01T10:27:31Z,2025-06-07T09:14:03Z,completed,113809.94,paid
269,22,22,2025-06-08T12:49:02Z,2025-06-12T12:49:02Z,2025-06-08T04:24:06Z,2025-06-12T14:45:10Z,overdue,83848.9,paid
270,22,8,2025-06-13T16:33:05Z,2025-06-15T16:33:05Z,2025-06-13T12:23:38Z,2025-06-15T05:39:53Z,completed,29659.38,paid
271,22,7,2025-06-16T06:54:04Z,2025-06-24T06:54:04Z,2025-06-16T05:07:53Z,2025-06-24T08:01:06Z,overdue,125429.1,paid
272,22,9,2025-06-25T16:36:24Z,2025-06-28T16:36:24Z,2025-06-25T18:16:50Z,2025-06-28T15:16:33Z,completed,61252.83,pending
273,22,2,2025-06-30T18:42:34Z,2025-07-12T18:42:34Z,2025-06-30T11:35:02Z,2025-07-13T05:51:58Z,overdue,219976.65,partially_paid
274,22,14,2025-07-13T12:59:02Z,2025-07-20T12:59:02Z,2025-07-13T15:28:00Z,2025-07-20T14:02:59Z,overdue,120373.41,partially_paid
275,22,6,2025-07-21T05:01:04Z,2025-07-26T05:01:04Z,2025-07-21T05:16:50Z,2025-07-26T05:04:18Z,completed,101454.03,pending
276,22,7,2025-07-28T12:20:15Z,2025-08-05T12:20:15Z,2025-07-29T01:36:03Z,2025-08-05T11:39:32Z,completed,194426.28,paid
277,22,15,2025-08-07T15:09:51Z,2025-08-08T15:09:51Z,2025-08-07T14:38:04Z,2025-08-08T18:36:11Z,overdue,30505.31,partially_paid
278,22,16,2025-08-09T23:57:20Z,2025-08-12T23:57:20Z,2025-08-10T09:47:25Z,2025-08-13T01:19:11Z,overdue,81132.58,paid
279,22,7,2025-08-13T20:15:02Z,2025-08-17T20:15:02Z,2025-08-13T23:39:52Z,2025-08-18T08:38:49Z,overdue,121547.01,paid
280,22,22,2025-08-18T15:23:05Z,2025-08-22T15:23:05Z,2025-08-18T14:09:48Z,2025-08-22T13:25:42Z,completed,106295.51,paid
281,22,1,2025-08-23T23:09:37Z,2025-08-25T23:09:37Z,2025-08-23T19:15:53Z,2025-08-25T21:06:36Z,completed,53418.78,paid
282,22,18,2025-08-27T07:17:01Z,2025-09-02T07:17:01Z,2025-08-27T02:39:50Z,,active,25530.44,partially_paid
283,23,21,2025-06-02T12:40:34Z,2025-06-03T12:40:34Z,2025-06-02T14:39:41Z,2025-06-03T22:00:53Z,overdue,14576.96,paid
284,23,17,2025-06-04T23:56:27Z,2025-06-05T23:56:27Z,2025-06-05T02:11:06Z,2025-06-06T11:20:46Z,overdue,16877.09,paid
285,23,2,2025-06-06T13:11:30Z,2025-06-08T13:11:30Z,2025-06-06T23:13:38Z,2025-06-09T03:34:28Z,overdue,26109.19,paid
286,23,17,2025-06-09T04:00:15Z,2025-06-12T04:00:15Z,2025-06-09T03:40:10Z,2025-06-12T10:56:18Z,overdue,30545.01,paid
287,23,8,2025-06-13T03:10:36Z,2025-06-19T03:10:36Z,2025-06-13T06:24:33Z,2025-06-18T16:36:13Z,completed,72924.68,paid
288,23,2,2025-06-21T06:21:30Z,2025-06-27T06:21:30Z,2025-06-20T21:52:34Z,2025-06-27T08:54:11Z,overdue,63272.65,partially_paid
289,23,12,2025-06-28T21:59:30Z,2025-07-01T21:59:30Z,2025-06-28T17:34:42Z,2025-07-02T10:38:46Z,overdue,37425.03,paid
290,23,19,2025-07-04T02:33:44Z,2025-07-13T02:33:44Z,2025-07-04T06:13:01Z,2025-07-12T20:08:01Z,completed,58454.86,paid
291,23,21,2025-07-14T07:47:02Z,2025-07-19T07:47:02Z,2025-07-14T15:03:45Z,2025-07-19T14:22:12Z,overdue,49906.14,partially_paid
292,23,5,2025-07-20T22:50:13Z,2025-08-01T22:50:13Z,2025-07-21T01:11:49Z,2025-08-02T07:42:49Z,overdue,59740.57,paid
293,23,4,2025-08-04T09:24:56Z,2025-08-09T09:24:56Z,2025-08-04T10:13:00Z,2025-08-09T10:33:49Z,overdue,71992.74,pending
294,23,17,2025-08-10T08:34:53Z,2025-08-18T08:34:53Z,2025-08-10T14:19:18Z,2025-08-18T02:25:58Z,completed,111598.95,paid
295,23,10,2025-08-20T02:03:36Z,2025-08-22T02:03:36Z,2025-08-19T15:02:34Z,2025-08-22T15:06:08Z,overdue,37709.6,partially_paid
296,23,2,2025-08-24T06:35:08Z,2025-08-26T06:35:08Z,2025-08-23T17:40:06Z,2025-08-26T08:50:58Z,overdue,29070.83,paid
297,23,17,2025-08-27T01:23:06Z,2025-09-09T01:23:06Z,2025-08-27T01:20:54Z,,active,16382.89,partially_paid
298,24,3,2025-06-03T12:32:35Z,2025-06-09T12:32:35Z,2025-06-03T11:56:59Z,2025-06-09T21:59:10Z,overdue,47237.82,paid
299,24,12,2025-06-11T23:23:04Z,2025-06-16T23:23:04Z,2025-06-12T00:59:19Z,2025-06-17T10:14:57Z,overdue,42406.3,partially_paid
300,24,18,2025-06-18T18:32:42Z,2025-06-21T18:32:42Z,2025-06-19T00:29:50Z,2025-06-21T19:47:39Z,overdue,19201.15,partially_paid
301,24,19,2025-06-23T20:19:14Z,2025-06-26T20:19:14Z,2025-06-23T23:32:23Z,2025-06-26T07:38:42Z,completed,20534.63,paid
302,24,4,2025-06-28T19:33:09Z,2025-07-04T19:33:09Z,2025-06-28T19:29:52Z,2025-07-05T18:55:11Z,overdue,45367.83,partially_paid
303,24,24,2025-07-07T05:05:24Z,2025-07-14T05:05:24Z,2025-07-07T04:56:23Z,2025-07-15T05:49:27Z,overdue,56815.95,pending
304,24,19,2025-07-15T22:00:16Z,2025-07-25T22:00:16Z,2025-07-16T01:21:05Z,2025-07-25T23:23:05Z,overdue,83163.86,paid
305,24,24,2025-07-28T06:57:56Z,2025-07-30T06:57:56Z,2025-07-28T00:34:30Z,2025-07-30T06:51:45Z,completed,11698.2,paid
306,24,3,2025-07-31T10:18:09Z,2025-08-04T10:18:09Z,2025-07-31T09:10:50Z,2025-08-04T16:20:58Z,overdue,48018.93,paid
307,24,2,2025-08-06T09:18:30Z,2025-08-13T09:18:30Z,2025-08-06T08:53:07Z,2025-08-13T13:59:46Z,overdue,82277.13,pending
308,24,3,2025-08-14T00:33:44Z,2025-08-20T00:33:44Z,2025-08-13T12:42:34Z,2025-08-19T12:38:38Z,completed,67889.83,pending
309,24,4,2025-08-21T09:35:49Z,2025-08-26T09:35:49Z,2025-08-21T02:20:20Z,2025-08-27T03:38:25Z,overdue,66315.18,paid
310,24,3,2025-08-27T15:46:30Z,2025-09-06T15:46:30Z,2025-08-27T23:05:16Z,,active,6122.17,paid
311,25,16,2025-06-04T04:15:44Z,2025-06-14T04:15:44Z,2025-06-04T05:09:15Z,2025-06-14T04:06:29Z,completed,185788.53,paid
312,25,6,2025-06-15T06:25:04Z,2025-06-19T06:25:04Z,2025-06-15T04:36:11Z,2025-06-19T06:10:18Z,completed,53788.47,pending
313,25,18,2025-06-20T12:26:23Z,2025-06-26T12:26:23Z,2025-06-20T13:24:12Z,2025-06-26T18:09:35Z,overdue,94543.05,partially_paid
314,25,16,2025-06-27T16:39:41Z,2025-07-04T16:39:41Z,2025-06-27T23:48:19Z,2025-07-05T12:56:37Z,overdue,103296.23,paid
315,25,15,2025-07-06T12:02:09Z,2025-07-07T12:02:09Z,2025-07-05T20:42:45Z,2025-07-07T16:30:05Z,overdue,18164.92,pending
316,25,23,2025-07-08T09:54:08Z,2025-07-09T09:54:08Z,2025-07-08T08:33:13Z,2025-07-08T21:39:58Z,completed,17103.84,partially_paid
317,25,11,2025-07-10T23:49:42Z,2025-07-11T23:49:42Z,2025-07-11T03:04:38Z,2025-07-12T05:34:54Z,overdue,23570.43,pending
318,25,7,2025-07-13T15:16:24Z,2025-07-17T15:16:24Z,2025-07-12T23:43:37Z,2025-07-17T14:53:09Z,completed,67158.19,pending
319,25,23,2025-07-18T07:28:46Z,2025-07-25T07:28:46Z,2025-07-17T22:36:22Z,2025-07-25T13:43:20Z,overdue,130644.92,pending
320,25,10,2025-07-25T20:42:53Z,2025-07-30T20:42:53Z,2025-07-26T00:11:26Z,2025-07-31T05:22:52Z,overdue,42201.97,paid
321,25,16,2025-07-31T14:15:33Z,2025-08-03T14:15:33Z,2025-07-31T21:26:19Z,2025-08-03T15:19:59Z,overdue,70765.94,paid
322,25,7,2025-08-04T06:38:02Z,2025-08-09T06:38:02Z,2025-08-04T01:02:03Z,2025-08-09T04:54:46Z,completed,114854.41,paid
323,25,15,2025-08-10T03:35:23Z,2025-08-13T03:35:23Z,2025-08-10T02:33:08Z,2025-08-14T01:29:07Z,overdue,89541.62,pending
324,25,23,2025-08-14T04:28:51Z,2025-08-15T04:28:51Z,2025-08-13T18:47:58Z,2025-08-16T08:03:09Z,overdue,48694.99,pending
325,25,22,2025-08-16T08:58:58Z,2025-08-21T08:58:58Z,2025-08-16T04:58:06Z,2025-08-21T16:01:34Z,overdue,121621.06,pending
326,25,18,2025-08-22T15:33:50Z,2025-08-26T15:33:50Z,2025-08-23T02:31:12Z,2025-08-27T06:51:54Z,overdue,106234.08,partially_paid
327,26,1,2025-06-01T13:07:18Z,2025-06-05T13:07:18Z,2025-06-02T02:03:56Z,2025-06-05T08:50:07Z,completed,53835.84,partially_paid
328,26,22,2025-06-07T15:32:36Z,2025-06-15T15:32:36Z,2025-06-07T17:20:21Z,2025-06-15T21:02:05Z,overdue,100213.41,partially_paid
329,26,7,2025-06-17T01:05:50Z,2025-06-27T01:05:50Z,2025-06-17T01:17:22Z,2025-06-26T13:21:06Z,completed,178190.19,paid
330,26,23,2025-06-27T19:09:15Z,2025-07-04T19:09:15Z,2025-06-27T15:05:17Z,2025-07-05T18:48:19Z,overdue,156120.55,partially_paid
331,26,11,2025-07-06T13:15:40Z,2025-07-12T13:15:40Z,2025-07-06T11:04:09Z,2025-07-12T16:35:49Z,overdue,109962.54,paid
332,26,18,2025-07-14T16:00:49Z,2025-07-15T16:00:49Z,2025-07-14T10:11:02Z,2025-07-16T05:50:44Z,overdue,28372.84,paid
333,26,1,2025-07-16T17:16:16Z,2025-07-20T17:16:16Z,2025-07-16T10:59:23Z,2025-07-21T08:07:16Z,overdue,67185.2,paid
334,26,15,2025-07-22T06:21:15Z,2025-07-31T06:21:15Z,2025-07-22T10:40:05Z,2025-07-31T10:49:45Z,overdue,45975.85,paid
335,26,6,2025-08-01T22:19:22Z,2025-08-04T22:19:22Z,2025-08-01T13:47:31Z,2025-08-06T13:11:58Z,overdue,95901.63,paid
336,26,18,2025-08-05T15:10:13Z,2025-08-10T15:10:13Z,2025-08-05T13:39:55Z,2025-08-12T00:30:25Z,overdue,132793.26,failed
337,26,22,2025-08-11T15:50:56Z,2025-08-18T15:50:56Z,2025-08-11T18:35:03Z,2025-08-20T03:08:40Z,overdue,176535.47,pending
338,26,20,2025-08-19T17:04:07Z,2025-08-23T17:04:07Z,2025-08-19T22:38:09Z,2025-08-23T22:05:07Z,overdue,75829.26,paid
339,26,9,2025-08-25T00:04:00Z,2025-08-31T00:04:00Z,2025-08-25T09:14:15Z,,active,67277.47,paid
340,27,11,2025-06-01T20:36:26Z,2025-06-08T20:36:26Z,2025-06-02T03:02:32Z,2025-06-08T19:44:57Z,completed,139189.66,paid
341,27,9,2025-06-11T01:48:09Z,2025-06-14T01:48:09Z,2025-06-10T19:32:01Z,2025-06-13T20:16:00Z,completed,59661.44,partially_paid
342,27,11,2025-06-15T11:04:18Z,2025-06-27T11:04:18Z,2025-06-15T04:27:09Z,2025-06-27T11:34:28Z,completed,182219.68,paid
343,27,15,2025-06-28T03:21:27Z,2025-07-03T03:21:27Z,2025-06-28T05:12:07Z,2025-07-03T22:18:33Z,overdue,101509.43,paid
344,27,18,2025-07-05T08:58:57Z,2025-07-13T08:58:57Z,2025-07-05T05:29:03Z,2025-07-13T10:33:25Z,overdue,146994.47,pending
345,27,18,2025-07-15T07:02:31Z,2025-07-21T07:02:31Z,2025-07-15T05:32:59Z,2025-07-22T22:14:21Z,overdue,133876.26,pending
346,27,1,2025-07-22T04:17:40Z,2025-07-29T04:17:40Z,2025-07-22T08:42:14Z,2025-07-29T09:45:38Z,overdue,139374.09,paid
347,27,11,2025-07-31T12:21:36Z,2025-08-09T12:21:36Z,2025-07-31T13:26:46Z,2025-08-09T03:06:20Z,completed,215274.32,paid
348,27,23,2025-08-10T19:24:48Z,2025-08-17T19:24:48Z,2025-08-10T15:30:18Z,2025-08-17T19:12:32Z,completed,166499.7,paid
349,27,16,2025-08-19T11:55:38Z,2025-08-26T11:55:38Z,2025-08-19T19:21:25Z,2025-08-26T15:44:54Z,overdue,171735.52,paid
350,27,6,2025-08-27T07:46:34Z,2025-09-02T07:46:34Z,2025-08-27T17:59:21Z,,active,22526.43,paid
351,28,5,2025-06-01T17:31:02Z,2025-06-14T17:31:02Z,2025-06-01T20:54:37Z,2025-06-13T18:02:39Z,completed,63146.03,paid
352,28,2,2025-06-15T18:25:59Z,2025-06-23T18:25:59Z,2025-06-15T20:43:12Z,2025-06-25T02:23:05Z,overdue,51680.24,partially_paid
353,28,4,2025-06-25T15:10:43Z,2025-07-03T15:10:43Z,2025-06-25T14:20:53Z,2025-07-03T00:02:28Z,completed,40982.89,paid
354,28,24,2025-07-04T03:35:06Z,2025-07-09T03:35:06Z,2025-07-03T22:28:55Z,2025-07-08T20:06:16Z,completed,29793.94,paid
355,28,12,2025-07-11T01:38:05Z,2025-07-18T01:38:05Z,2025-07-11T11:39:15Z,2025-07-18T14:48:38Z,overdue,32844.1,paid
356,28,17,2025-07-19T00:06:31Z,2025-07-21T00:06:31Z,2025-07-19T02:46:35Z,2025-07-22T04:43:41Z,overdue,21077.8,paid
357,28,20,2025-07-21T17:01:11Z,2025-07-25T17:01:11Z,2025-07-21T16:12:56Z,2025-07-25T23:09:33Z,overdue,20550.6,paid
358,28,8,2025-07-27T07:58:11Z,2025-07-30T07:58:11Z,2025-07-27T11:51:34Z,2025-07-30T08:53:39Z,completed,9433.88,pending
359,28,20,2025-07-30T23:02:02Z,2025-08-06T23:02:02Z,2025-07-30T17:42:32Z,2025-08-06T21:34:16Z,completed,59783.94,paid
360,28,20,2025-08-08T18:31:39Z,2025-08-16T18:31:39Z,2025-08-08T16:17:26Z,2025-08-17T08:42:16Z,overdue,73640.66,pending
361,28,24,2025-08-18T19:16:13Z,2025-08-22T19:16:13Z,2025-08-18T20:37:06Z,2025-08-23T19:36:10Z,overdue,44869.09,paid
362,28,4,2025-08-24T02:40:01Z,2025-08-25T02:40:01Z,2025-08-23T16:06:08Z,2025-08-24T04:35:04Z,completed,7963.88,paid
363,28,12,2025-08-27T14:32:44Z,2025-09-05T14:32:44Z,2025-08-27T11:14:04Z,,active,5197.27,paid
364,29,14,2025-06-04T16:12:39Z,2025-06-08T16:12:39Z,2025-06-04T17:19:05Z,2025-06-09T23:27:37Z,overdue,91412.61,pending
365,29,23,2025-06-10T05:52:24Z,2025-06-22T05:52:24Z,2025-06-10T18:14:33Z,2025-06-22T18:25:16Z,overdue,174456.17,paid
366,29,18,2025-06-23T02:01:58Z,2025-07-02T02:01:58Z,2025-06-23T05:35:16Z,2025-07-02T06:30:12Z,overdue,138097.49,pending
367,29,18,2025-07-02T20:10:27Z,2025-07-06T20:10:27Z,2025-07-02T15:15:53Z,2025-07-07T00:41:23Z,overdue,67112.92,pending
368,29,6,2025-07-08T16:48:01Z,2025-07-13T16:48:01Z,2025-07-08T14:04:51Z,2025-07-13T21:50:54Z,overdue,77966.15,pending
369,29,14,2025-07-15T22:37:44Z,2025-07-23T22:37:44Z,2025-07-15T23:09:34Z,2025-07-24T14:02:21Z,overdue,138950.02,paid
370,29,2,2025-07-25T08:53:22Z,2025-07-27T08:53:22Z,2025-07-25T07:43:39Z,2025-07-26T23:10:58Z,completed,27523.02,paid
371,29,7,2025-07-29T18:12:57Z,2025-07-30T18:12:57Z,2025-07-29T17:43:12Z,2025-07-30T19:45:23Z,overdue,21634.45,failed
372,29,1,2025-08-01T00:32:10Z,2025-08-11T00:32:10Z,2025-08-01T04:19:15Z,2025-08-10T08:21:19Z,completed,202728.45,pending
373,29,22,2025-08-13T12:10:08Z,2025-08-24T12:10:08Z,2025-08-13T19:29:42Z,2025-08-25T05:59:57Z,overdue,237809.8,partially_paid
374,29,7,2025-08-25T07:02:37Z,2025-08-30T07:02:37Z,2025-08-25T01:17:13Z,,active,60262.56,paid
375,30,1,2025-06-03T06:42:41Z,2025-06-12T06:42:41Z,2025-06-03T18:01:08Z,2025-06-13T02:10:00Z,overdue,118477.27,pending
376,30,7,2025-06-14T07:50:29Z,2025-06-18T07:50:29Z,2025-06-14T01:07:25Z,2025-06-18T12:26:03Z,overdue,58394.66,paid
377,30,23,2025-06-19T00:04:03Z,2025-06-20T00:04:03Z,2025-06-19T02:00:23Z,2025-06-20T01:07:22Z,overdue,15038.76,paid
378,30,18,2025-06-21T10:58:57Z,2025-06-25T10:58:57Z,2025-06-21T01:24:52Z,2025-06-25T14:38:14Z,overdue,62536.69,paid
379,30,18,2025-06-25T23:39:30Z,2025-06-29T23:39:30Z,2025-06-25T16:38:20Z,2025-06-29T11:39:52Z,completed,49297.84,paid
380,30,14,2025-07-01T17:44:21Z,2025-07-06T17:44:21Z,2025-07-02T04:22:22Z,2025-07-07T08:03:18Z,overdue,93439.44,pending
381,30,6,2025-07-08T05:53:58Z,2025-07-12T05:53:58Z,2025-07-08T02:17:10Z,2025-07-12T20:06:40Z,overdue,77148.19,paid
382,30,22,2025-07-13T07:51:33Z,2025-07-16T07:51:33Z,2025-07-13T09:40:12Z,2025-07-16T20:38:25Z,overdue,48216.85,paid
383,30,16,2025-07-18T04:49:29Z,2025-07-27T04:49:29Z,2025-07-18T04:13:25Z,2025-07-27T05:13:26Z,completed,129701.45,pending
384,30,15,2025-07-29T14:19:58Z,2025-08-01T14:19:58Z,2025-07-29T09:22:17Z,2025-08-01T14:20:36Z,completed,61121.3,pending
385,30,1,2025-08-04T01:36:25Z,2025-08-11T01:36:25Z,2025-08-04T07:05:18Z,2025-08-10T17:46:41Z,completed,143755.29,pending
386,30,1,2025-08-12T07:12:12Z,2025-08-22T07:12:12Z,2025-08-12T05:34:35Z,2025-08-22T09:15:43Z,overdue,206866.53,paid
387,30,22,2025-08-24T08:13:24Z,2025-08-27T08:13:24Z,2025-08-23T17:40:40Z,,active,61741.19,paid
388,31,15,2025-06-01T05:58:37Z,2025-06-09T05:58:37Z,2025-06-01T04:17:20Z,2025-06-09T06:55:02Z,completed,138591.7,paid
389,31,23,2025-06-11T03:40:00Z,2025-06-18T03:40:00Z,2025-06-10T18:17:29Z,2025-06-17T23:26:43Z,completed,114823.87,paid
390,31,11,2025-06-19T23:25:35Z,2025-06-27T23:25:35Z,2025-06-19T15:54:03Z,2025-06-28T07:33:04Z,overdue,147735.83,paid
391,31,18,2025-06-29T07:31:48Z,2025-06-30T07:31:48Z,2025-06-29T10:19:43Z,2025-06-30T11:13:40Z,overdue,18265.24,pending
392,31,7,2025-07-01T01:00:10Z,2025-07-02T01:00:10Z,2025-07-01T07:59:28Z,2025-07-01T17:55:12Z,completed,15003.15,paid
393,31,14,2025-07-04T04:54:53Z,2025-07-07T04:54:53Z,2025-07-04T06:07:05Z,2025-07-08T04:31:38Z,overdue,72760.33,paid
394,31,9,2025-07-07T18:48:22Z,2025-07-09T18:48:22Z,2025-07-07T19:10:34Z,2025-07-10T06:01:05Z,overdue,45779.54,paid
395,31,3,2025-07-10T18:03:44Z,2025-07-18T18:03:44Z,2025-07-10T19:07:16Z,2025-07-18T15:30:55Z,completed,99508.84,paid
396,31,3,2025-07-20T14:10:31Z,2025-07-23T14:10:31Z,2025-07-20T14:41:32Z,2025-07-22T22:47:39Z,completed,38670.86,pending
397,31,23,2025-07-25T12:54:25Z,2025-07-26T12:54:25Z,2025-07-25T15:31:35Z,2025-07-26T19:18:32Z,overdue,23075.75,partially_paid
398,31,6,2025-07-27T15:06:58Z,2025-07-28T15:06:58Z,2025-07-27T09:03:28Z,2025-07-29T08:04:44Z,overdue,34879.34,failed
399,31,23,2025-07-30T20:01:27Z,2025-08-11T20:01:27Z,2025-07-30T20:08:56Z,2025-08-11T16:26:12Z,completed,269207.29,paid
400,31,1,2025-08-12T12:35:02Z,2025-08-17T12:35:02Z,2025-08-12T20:50:00Z,2025-08-17T12:29:31Z,completed,112257.65,pending
401,31,16,2025-08-19T07:38:58Z,2025-08-22T07:38:58Z,2025-08-19T04:45:11Z,2025-08-21T15:31:40Z,completed,67542.72,paid
402,31,14,2025-08-24T06:50:12Z,2025-08-30T06:50:12Z,2025-08-24T16:35:05Z,,active,89842.83,paid
403,32,16,2025-06-05T03:01:30Z,2025-06-10T03:01:30Z,2025-06-05T01:16:27Z,2025-06-09T01:48:54Z,completed,73031.71,paid
404,32,23,2025-06-12T05:16:36Z,2025-06-20T05:16:36Z,2025-06-12T04:48:35Z,2025-06-20T06:29:19Z,overdue,118222.52,partially_paid
405,32,19,2025-06-22T09:48:20Z,2025-07-07T09:48:20Z,2025-06-22T11:35:53Z,2025-07-07T03:59:34Z,completed,225546.01,paid
406,32,14,2025-07-08T18:50:14Z,2025-07-12T18:50:14Z,2025-07-09T01:43:41Z,2025-07-13T00:10:03Z,overdue,73253.8,failed
407,32,7,2025-07-15T01:04:30Z,2025-07-16T01:04:30Z,2025-07-15T06:35:25Z,2025-07-15T20:13:37Z,completed,16643.09,paid
408,32,6,2025-07-18T07:40:46Z,2025-07-29T07:40:46Z,2025-07-18T14:09:35Z,2025-07-29T06:26:26Z,completed,1443.27,paid
409,32,22,2025-07-31T05:29:55Z,2025-08-09T05:29:55Z,2025-07-31T05:54:21Z,2025-08-10T00:39:16Z,overdue,223573.32,pending
410,32,18,2025-08-11T15:22:31Z,2025-08-18T15:22:31Z,2025-08-11T10:17:50Z,2025-08-18T10:26:04Z,completed,160040.55,paid
411,32,9,2025-08-19T07:56:49Z,2025-08-28T07:56:49Z,2025-08-19T05:56:18Z,2025-08-28T06:10:11Z,completed,203664.69,paid
412,33,19,2025-06-03T06:36:14Z,2025-06-06T06:36:14Z,2025-06-03T09:08:43Z,2025-06-06T09:37:56Z,overdue,18989.64,paid
413,33,13,2025-06-07T02:08:11Z,2025-06-09T02:08:11Z,2025-06-07T02:16:54Z,2025-06-10T12:49:13Z,overdue,35342.03,pending
414,33,8,2025-06-10T13:44:08Z,2025-06-15T13:44:08Z,2025-06-10T16:26:59Z,2025-06-15T12:45:13Z,completed,27924.81,pending
415,33,5,2025-06-17T08:36:53Z,2025-06-24T08:36:53Z,2025-06-17T07:29:30Z,2025-06-24T10:57:09Z,overdue,56489.04,paid
416,33,16,2025-06-26T00:07:13Z,2025-07-05T00:07:13Z,2025-06-26T15:39:28Z,2025-07-05T09:01:19Z,overdue,80758.33,pending
417,33,3,2025-07-06T11:59:39Z,2025-07-12T11:59:39Z,2025-07-06T13:09:38Z,2025-07-12T10:59:43Z,completed,48143.09,pending
418,33,24,2025-07-14T02:21:04Z,2025-07-21T02:21:04Z,2025-07-14T00:34:43Z,2025-07-21T08:25:09Z,overdue,47495.69,paid
419,33,5,2025-07-22T04:58:18Z,2025-07-31T04:58:18Z,2025-07-21T22:55:57Z,2025-08-01T02:48:26Z,overdue,34678.28,paid
420,33,5,2025-08-01T09:19:58Z,2025-08-10T09:19:58Z,2025-08-01T08:37:27Z,2025-08-08T19:24:08Z,completed,101963.66,paid
421,33,21,2025-08-12T10:10:07Z,2025-08-16T10:10:07Z,2025-08-12T17:57:02Z,2025-08-16T13:45:04Z,overdue,48189.89,paid
422,33,5,2025-08-17T03:38:31Z,2025-08-20T03:38:31Z,2025-08-17T00:36:47Z,2025-08-20T03:41:58Z,completed,34033.08,paid
423,33,17,2025-08-21T22:03:27Z,2025-08-28T22:03:27Z,2025-08-21T20:37:26Z,,active,71426.6,paid
424,34,23,2025-05-31T07:52:22Z,2025-06-04T07:52:22Z,2025-05-31T02:20:18Z,2025-06-05T17:06:51Z,overdue,26831.3,paid
425,34,4,2025-06-05T08:04:43Z,2025-06-10T08:04:43Z,2025-06-05T15:22:54Z,2025-06-11T23:37:25Z,overdue,42396.32,paid
426,34,21,2025-06-11T18:01:00Z,2025-06-19T18:01:00Z,2025-06-11T15:25:37Z,2025-06-19T23:19:08Z,overdue,38805.64,paid
427,34,20,2025-06-20T08:14:56Z,2025-06-25T08:14:56Z,2025-06-20T02:49:36Z,2025-06-25T16:21:55Z,overdue,25310.95,paid
428,34,17,2025-06-26T17:52:23Z,2025-06-28T17:52:23Z,2025-06-27T00:59:57Z,2025-06-28T17:10:46Z,completed,5803.06,paid
429,34,14,2025-06-30T07:19:50Z,2025-07-06T07:19:50Z,2025-06-30T09:01:49Z,2025-07-06T07:09:04Z,completed,31796.17,paid
430,34,4,2025-07-07T19:43:50Z,2025-07-14T19:43:50Z,2025-07-07T16:52:52Z,2025-07-15T14:20:53Z,overdue,27613.96,pending
431,34,22,2025-07-16T22:51:44Z,2025-07-17T22:51:44Z,2025-07-16T23:37:14Z,2025-07-19T06:24:41Z,overdue,16841.64,partially_paid
432,34,19,2025-07-19T11:03:34Z,2025-07-21T11:03:34Z,2025-07-19T06:59:35Z,2025-07-22T03:51:06Z,overdue,13301.12,paid
433,34,8,2025-07-22T12:11:32Z,2025-07-28T12:11:32Z,2025-07-22T14:17:45Z,2025-07-28T20:13:33Z,overdue,21236.84,pending
434,34,21,2025-07-29T20:00:14Z,2025-08-05T20:00:14Z,2025-07-30T02:39:43Z,2025-08-06T04:06:59Z,overdue,55985.55,paid
435,34,21,2025-08-07T10:17:55Z,2025-08-12T10:17:55Z,2025-08-07T14:20:02Z,2025-08-14T10:34:06Z,overdue,54775.76,paid
436,34,8,2025-08-13T07:56:28Z,2025-08-18T07:56:28Z,2025-08-13T02:05:39Z,2025-08-19T06:18:15Z,overdue,45570.69,partially_paid
437,34,4,2025-08-19T02:18:34Z,2025-08-24T02:18:34Z,2025-08-18T13:16:24Z,2025-08-24T15:34:52Z,overdue,42666.28,paid
438,34,12,2025-08-25T05:47:02Z,2025-08-29T05:47:02Z,2025-08-25T05:14:26Z,,active,23160.35,paid
439,35,18,2025-06-05T21:42:24Z,2025-06-11T21:42:24Z,2025-06-06T01:57:48Z,2025-06-11T20:26:02Z,completed,116818.15,paid
440,35,1,2025-06-14T00:30:19Z,2025-06-21T00:30:19Z,2025-06-13T22:56:53Z,2025-06-21T09:32:38Z,overdue,103572.48,pending
441,35,7,2025-06-21T15:13:20Z,2025-06-28T15:13:20Z,2025-06-21T09:36:35Z,2025-06-29T22:45:28Z,overdue,168292.39,paid
442,35,10,2025-06-29T10:15:03Z,2025-07-03T10:15:03Z,2025-06-29T15:05:57Z,2025-07-03T13:16:23Z,overdue,77433.45,paid
443,35,22,2025-07-04T15:28:03Z,2025-07-15T15:28:03Z,2025-07-04T14:07:37Z,2025-07-15T13:23:55Z,completed,194425.56,paid
444,35,18,2025-07-17T20:58:48Z,2025-07-22T20:58:48Z,2025-07-17T19:09:39Z,2025-07-23T06:46:46Z,overdue,112004.93,paid
445,35,23,2025-07-24T23:13:41Z,2025-07-25T23:13:41Z,2025-07-24T16:54:21Z,2025-07-25T22:18:21Z,completed,15913.3,paid
446,35,23,2025-07-27T07:13:24Z,2025-08-04T07:13:24Z,2025-07-27T17:29:13Z,2025-08-04T08:18:55Z,overdue,160276.9,paid
447,35,22,2025-08-04T19:50:44Z,2025-08-09T19:50:44Z,2025-08-04T20:15:57Z,2025-08-11T01:17:12Z,overdue,162042.38,failed
448,35,23,2025-08-11T05:06:45Z,2025-08-14T05:06:45Z,2025-08-11T06:32:34Z,2025-08-15T01:49:55Z,overdue,101390.28,paid
449,35,22,2025-08-16T05:21:28Z,2025-08-23T05:21:28Z,2025-08-16T06:29:43Z,2025-08-23T11:15:24Z,overdue,190049.96,paid
450,35,23,2025-08-24T02:38:44Z,2025-08-25T02:38:44Z,2025-08-24T06:42:46Z,2025-08-25T01:55:24Z,completed,25857.65,partially_paid
451,35,2,2025-08-27T01:55:46Z,2025-08-28T01:55:46Z,2025-08-27T04:59:48Z,,active,22832.89,paid
452,36,21,2025-06-03T04:49:08Z,2025-06-08T04:49:08Z,2025-06-03T10:32:10Z,2025-06-09T22:43:12Z,overdue,37877.27,pending
453,36,24,2025-06-10T13:23:35Z,2025-06-19T13:23:35Z,2025-06-10T23:13:58Z,2025-06-20T11:35:39Z,overdue,47567.31,paid
454,36,19,2025-06-21T09:09:50Z,2025-06-27T09:09:50Z,2025-06-20T23:33:07Z,2025-06-27T09:12:57Z,completed,26906.9,pending
455,36,4,2025-06-29T07:07:57Z,2025-07-02T07:07:57Z,2025-06-29T20:09:30Z,2025-07-02T08:03:31Z,completed,8199.38,paid
456,36,12,2025-07-03T02:46:56Z,2025-07-09T02:46:56Z,2025-07-03T06:05:29Z,2025-07-09T03:25:49Z,completed,23772.08,pending
457,36,10,2025-07-10T01:01:24Z,2025-07-21T01:01:24Z,2025-07-09T21:17:15Z,2025-07-21T04:09:21Z,overdue,44097.83,partially_paid
458,36,17,2025-07-22T18:42:03Z,2025-07-25T18:42:03Z,2025-07-22T10:46:50Z,2025-07-25T11:32:57Z,completed,13254.22,partially_paid
459,36,13,2025-07-26T07:07:24Z,2025-07-31T07:07:24Z,2025-07-26T04:32:51Z,2025-07-31T04:34:17Z,completed,15541.55,paid
460,36,2,2025-08-02T15:12:59Z,2025-08-03T15:12:59Z,2025-08-02T14:43:04Z,2025-08-02T18:39:46Z,completed,7059.43,paid
461,36,12,2025-08-05T23:10:53Z,2025-08-13T23:10:53Z,2025-08-05T23:40:33Z,2025-08-13T15:44:42Z,completed,59897.1,paid
462,36,24,2025-08-14T12:22:02Z,2025-08-19T12:22:02Z,2025-08-14T07:51:15Z,2025-08-19T17:29:21Z,overdue,39014.88,paid
463,36,21,2025-08-20T21:45:14Z,2025-08-30T21:45:14Z,2025-08-20T10:30:10Z,,active,54652.33,paid
464,37,17,2025-06-04T20:19:13Z,2025-06-09T20:19:13Z,2025-06-05T00:20:54Z,2025-06-10T02:14:52Z,overdue,23378.95,paid
465,37,5,2025-06-10T18:26:16Z,2025-06-13T18:26:16Z,2025-06-10T16:31:24Z,2025-06-13T07:06:10Z,completed,17485.79,paid
466,37,21,2025-06-14T11:25:34Z,2025-06-23T11:25:34Z,2025-06-14T11:33:15Z,2025-06-25T08:47:20Z,overdue,75618.44,paid
467,37,3,2025-06-24T20:19:04Z,2025-06-29T20:19:04Z,2025-06-24T16:04:02Z,2025-06-28T21:39:54Z,completed,35275.58,pending
468,37,3,2025-07-01T06:21:38Z,2025-07-02T06:21:38Z,2025-06-30T20:51:20Z,2025-07-02T07:16:10Z,completed,7545.01,pending
469,37,8,2025-07-03T06:27:07Z,2025-07-10T06:27:07Z,2025-07-02T20:57:54Z,2025-07-11T07:29:12Z,overdue,38756.25,paid
470,37,10,2025-07-11T16:06:22Z,2025-07-15T16:06:22Z,2025-07-11T16:59:13Z,2025-07-15T16:51:40Z,completed,20657.98,paid
471,37,19,2025-07-17T05:46:41Z,2025-07-25T05:46:41Z,2025-07-17T04:10:01Z,2025-07-25T04:48:18Z,completed,49773.92,paid
472,37,10,2025-07-25T19:57:47Z,2025-07-26T19:57:47Z,2025-07-25T15:38:53Z,2025-07-26T20:49:43Z,completed,5562.71,pending
473,37,3,2025-07-28T21:44:01Z,2025-07-31T21:44:01Z,2025-07-28T20:56:46Z,2025-07-31T23:56:32Z,overdue,29682.34,partially_paid
474,37,2,2025-08-02T04:02:30Z,2025-08-07T04:02:30Z,2025-08-02T00:08:30Z,2025-08-07T08:48:15Z,overdue,53692.17,paid
475,37,24,2025-08-07T22:35:16Z,2025-08-14T22:35:16Z,2025-08-07T16:02:44Z,2025-08-16T08:26:59Z,overdue,88489.45,paid
476,37,24,2025-08-16T17:01:20Z,2025-08-21T17:01:20Z,2025-08-16T17:08:07Z,2025-08-22T12:57:50Z,overdue,61247.14,paid
477,37,18,2025-08-24T02:58:37Z,2025-08-30T02:58:37Z,2025-08-24T08:41:45Z,,active,50150.61,pending
478,38,3,2025-06-03T10:08:31Z,2025-06-07T10:08:31Z,2025-06-03T12:18:40Z,2025-06-07T03:36:24Z,completed,35653.08,paid
479,38,12,2025-06-09T17:30:44Z,2025-06-15T17:30:44Z,2025-06-09T17:18:46Z,2025-06-15T18:25:21Z,completed,50603.1,failed
480,38,20,2025-06-16T12:21:00Z,2025-06-21T12:21:00Z,2025-06-16T01:03:32Z,2025-06-21T06:21:56Z,completed,41611.6,pending
481,38,2,2025-06-22T09:03:19Z,2025-06-28T09:03:19Z,2025-06-22T10:00:52Z,2025-06-27T17:09:53Z,completed,41744.11,partially_paid
482,38,17,2025-06-30T20:46:56Z,2025-07-09T20:46:56Z,2025-06-30T15:35:07Z,2025-07-09T22:55:23Z,overdue,66054.66,paid
483,38,19,2025-07-10T20:48:55Z,2025-07-17T20:48:55Z,2025-07-10T16:56:17Z,2025-07-18T20:29:47Z,overdue,71574.41,paid
484,38,3,2025-07-18T14:58:11Z,2025-07-20T14:58:11Z,2025-07-18T20:29:04Z,2025-07-20T23:31:40Z,overdue,21833.29,pending
485,38,10,2025-07-21T12:15:27Z,2025-07-24T12:15:27Z,2025-07-21T20:36:44Z,2025-07-24T12:15:25Z,completed,28277.33,paid
486,38,10,2025-07-26T04:17:52Z,2025-08-01T04:17:52Z,2025-07-26T05:51:35Z,2025-08-01T06:32:25Z,overdue,38140.3,partially_paid
487,38,24,2025-08-02T00:23:33Z,2025-08-10T00:23:33Z,2025-08-02T05:09:12Z,2025-08-09T16:25:31Z,completed,97205.79,paid
488,38,4,2025-08-11T09:19:35Z,2025-08-20T09:19:35Z,2025-08-10T23:21:05Z,2025-08-21T06:14:41Z,overdue,122862.93,paid
489,38,24,2025-08-21T20:21:51Z,2025-08-30T20:21:51Z,2025-08-21T13:49:06Z,,active,77381.99,paid
490,39,4,2025-06-01T20:42:37Z,2025-06-03T20:42:37Z,2025-06-01T19:25:15Z,2025-06-03T19:28:08Z,completed,20517.69,pending
491,39,21,2025-06-05T19:55:14Z,2025-06-13T19:55:14Z,2025-06-06T03:46:57Z,2025-06-13T22:53:55Z,overdue,59083.17,pending
492,39,19,2025-06-15T08:15:54Z,2025-06-19T08:15:54Z,2025-06-15T07:00:35Z,2025-06-18T12:20:58Z,completed,31968.37,paid
493,39,9,2025-06-20T06:28:39Z,2025-06-23T06:28:39Z,2025-06-20T12:16:00Z,2025-06-24T06:48:39Z,overdue,44094.83,partially_paid
494,39,10,2025-06-24T17:08:19Z,2025-06-26T17:08:19Z,2025-06-24T13:35:02Z,2025-06-26T19:14:41Z,overdue,18293.19,partially_paid
495,39,4,2025-06-28T09:26:22Z,2025-07-04T09:26:22Z,2025-06-28T04:34:55Z,2025-07-04T16:57:26Z,overdue,40968.76,paid
496,39,20,2025-07-05T16:29:06Z,2025-07-09T16:29:06Z,2025-07-05T16:23:54Z,2025-07-09T21:03:01Z,overdue,36990.02,partially_paid
497,39,24,2025-07-12T03:36:51Z,2025-07-18T03:36:51Z,2025-07-12T00:59:45Z,2025-07-18T05:20:47Z,overdue,51201.65,paid
498,39,20,2025-07-19T00:12:47Z,2025-07-24T00:12:47Z,2025-07-18T21:59:35Z,2025-07-24T00:01:44Z,completed,24925.82,pending
499,39,2,2025-07-25T23:20:57Z,2025-08-04T23:20:57Z,2025-07-26T02:42:53Z,2025-08-04T23:06:38Z,completed,76690.1,paid
500,39,2,2025-08-05T14:22:00Z,2025-08-13T14:22:00Z,2025-08-05T12:21:49Z,2025-08-14T13:12:08Z,overdue,102948.02,paid
501,39,13,2025-08-15T16:21:24Z,2025-08-22T16:21:24Z,2025-08-15T15:42:46Z,2025-08-23T07:07:07Z,overdue,86879.25,pending
502,39,17,2025-08-24T11:29:09Z,2025-08-25T11:29:09Z,2025-08-24T04:43:31Z,2025-08-24T21:07:59Z,completed,11093.62,paid
503,39,19,2025-08-27T11:05:51Z,2025-09-02T11:05:51Z,2025-08-27T21:29:34Z,,active,9013.57,paid
504,40,17,2025-06-02T21:41:44Z,2025-06-09T21:41:44Z,2025-06-03T00:42:03Z,2025-06-09T12:19:49Z,completed,31090.32,partially_paid
505,40,10,2025-06-10T20:23:41Z,2025-06-14T20:23:41Z,2025-06-10T15:40:05Z,2025-06-14T16:03:42Z,completed,17036.81,paid
506,40,4,2025-06-16T13:23:49Z,2025-06-21T13:23:49Z,2025-06-16T10:33:52Z,2025-06-20T19:08:23Z,completed,19173.23,pending
507,40,4,2025-06-23T02:05:42Z,2025-07-01T02:05:42Z,2025-06-22T19:39:30Z,2025-07-01T04:17:22Z,overdue,42885.13,paid
508,40,8,2025-07-03T00:31:32Z,2025-07-15T00:31:32Z,2025-07-02T19:00:33Z,2025-07-14T01:50:06Z,completed,70874.83,paid
509,40,13,2025-07-15T17:57:56Z,2025-07-20T17:57:56Z,2025-07-16T00:34:17Z,2025-07-21T05:07:59Z,overdue,27299.43,pending
510,40,2,2025-07-22T21:58:02Z,2025-07-24T21:58:02Z,2025-07-23T00:56:51Z,2025-07-24T21:18:23Z,completed,15580.82,paid
511,40,19,2025-07-25T16:26:02Z,2025-07-30T16:26:02Z,2025-07-26T08:18:00Z,2025-07-30T12:01:03Z,completed,12459.61,pending
512,40,12,2025-08-02T00:42:41Z,2025-08-08T00:42:41Z,2025-08-02T03:31:03Z,2025-08-08T19:55:34Z,overdue,55744.06,paid
513,40,20,2025-08-08T13:36:19Z,2025-08-14T13:36:19Z,2025-08-08T15:27:13Z,2025-08-14T10:48:47Z,completed,48150.01,partially_paid
514,40,13,2025-08-15T12:00:06Z,2025-08-21T12:00:06Z,2025-08-15T09:56:33Z,2025-08-22T06:08:37Z,overdue,55579.97,pending
515,40,24,2025-08-23T15:51:33Z,2025-08-27T15:51:33Z,2025-08-23T18:07:18Z,2025-08-27T18:56:45Z,overdue,33453.36,paid
516,41,16,2025-06-02T15:50:50Z,2025-06-11T15:50:50Z,2025-06-02T15:32:19Z,2025-06-10T18:02:32Z,completed,153458.97,pending
517,41,1,2025-06-12T22:00:04Z,2025-06-21T22:00:04Z,2025-06-12T16:34:01Z,2025-06-21T20:02:25Z,completed,114303.5,failed
518,41,7,2025-06-23T10:12:38Z,2025-06-27T10:12:38Z,2025-06-23T18:27:26Z,2025-06-26T06:48:27Z,completed,45591.59,pending
519,41,18,2025-06-29T17:29:16Z,2025-07-14T17:29:16Z,2025-06-29T23:49:27Z,2025-07-14T23:12:16Z,overdue,189844.29,pending
520,41,20,2025-07-16T04:38:07Z,2025-07-21T04:38:07Z,2025-07-16T06:20:55Z,2025-07-21T14:36:57Z,overdue,89112.35,pending
521,41,15,2025-07-23T13:38:47Z,2025-07-30T13:38:47Z,2025-07-23T16:58:49Z,2025-07-30T17:54:04Z,overdue,32950.27,paid
522,41,9,2025-07-31T03:43:54Z,2025-08-05T03:43:54Z,2025-07-31T02:49:26Z,2025-08-05T04:58:20Z,overdue,112202.35,paid
523,41,22,2025-08-07T04:37:40Z,2025-08-16T04:37:40Z,2025-08-07T08:11:21Z,2025-08-15T22:19:06Z,completed,198465.85,pending
524,41,6,2025-08-17T15:31:50Z,2025-08-24T15:31:50Z,2025-08-17T16:41:56Z,2025-08-24T17:06:11Z,overdue,156564.92,failed
525,41,23,2025-08-25T23:08:44Z,2025-08-29T23:08:44Z,2025-08-26T05:53:25Z,,active,49971.63,pending
526,42,9,2025-06-03T10:09:12Z,2025-06-06T10:09:12Z,2025-06-03T12:35:44Z,2025-06-05T22:14:29Z,completed,34877.36,paid
527,42,21,2025-06-07T15:32:32Z,2025-06-08T15:32:32Z,2025-06-07T11:46:55Z,2025-06-09T07:10:13Z,overdue,21752.14,paid
528,42,22,2025-06-10T05:16:31Z,2025-06-18T05:16:31Z,2025-06-10T08:21:14Z,2025-06-18T11:43:27Z,overdue,93546.76,paid
529,42,18,2025-06-20T05:30:50Z,2025-06-27T05:30:50Z,2025-06-20T01:39:54Z,2025-06-27T13:24:36Z,overdue,91321.16,paid
530,42,11,2025-06-28T20:08:59Z,2025-07-06T20:08:59Z,2025-06-29T00:40:32Z,2025-07-07T16:05:54Z,overdue,110451.15,paid
531,42,22,2025-07-08T03:15:36Z,2025-07-16T03:15:36Z,2025-07-08T05:22:07Z,2025-07-16T07:01:59Z,overdue,120761.76,pending
532,42,6,2025-07-18T04:50:57Z,2025-07-23T04:50:57Z,2025-07-17T23:33:28Z,2025-07-23T05:17:48Z,completed,53856.7,paid
533,42,23,2025-07-24T09:05:39Z,2025-07-27T09:05:39Z,2025-07-24T05:02:35Z,2025-07-27T10:53:00Z,overdue,36911.44,pending
534,42,3,2025-07-29T19:23:37Z,2025-08-01T19:23:37Z,2025-07-29T17:32:45Z,2025-07-31T10:55:08Z,completed,45075.25,paid
535,42,9,2025-08-03T12:12:19Z,2025-08-09T12:12:19Z,2025-08-03T12:12:45Z,2025-08-09T09:11:13Z,completed,103025.87,pending
536,42,15,2025-08-10T02:01:03Z,2025-08-17T02:01:03Z,2025-08-10T07:38:35Z,2025-08-16T06:00:49Z,completed,120422.82,paid
537,42,7,2025-08-19T00:10:29Z,2025-08-22T00:10:29Z,2025-08-18T19:33:35Z,2025-08-21T13:34:23Z,completed,51818.57,paid
538,42,18,2025-08-22T21:51:24Z,2025-08-30T21:51:24Z,2025-08-22T20:41:37Z,,active,92513.75,pending
539,43,4,2025-06-03T19:12:03Z,2025-06-04T19:12:03Z,2025-06-03T23:00:48Z,2025-06-04T03:11:52Z,completed,5127.88,paid
540,43,3,2025-06-06T14:38:30Z,2025-06-12T14:38:30Z,2025-06-06T16:18:21Z,2025-06-14T05:10:28Z,overdue,46356.31,paid
541,43,19,2025-06-13T19:35:30Z,2025-06-15T19:35:30Z,2025-06-13T01:28:29Z,2025-06-15T21:40:39Z,overdue,10712.44,pending
542,43,17,2025-06-17T17:21:56Z,2025-06-28T17:21:56Z,2025-06-18T00:47:57Z,2025-06-28T20:30:15Z,overdue,54210.24,paid
543,43,8,2025-07-01T01:17:10Z,2025-07-05T01:17:10Z,2025-07-01T06:07:44Z,2025-07-04T21:21:23Z,completed,24033.77,partially_paid
544,43,2,2025-07-06T11:06:52Z,2025-07-13T11:06:52Z,2025-07-06T14:08:50Z,2025-07-13T19:19:30Z,overdue,39873.17,paid
545,43,10,2025-07-14T04:13:29Z,2025-07-28T04:13:29Z,2025-07-14T06:34:45Z,2025-07-28T02:06:43Z,completed,64349.68,pending
546,43,17,2025-07-29T16:51:45Z,2025-08-03T16:51:45Z,2025-07-29T06:14:53Z,2025-08-03T08:11:01Z,completed,41882.38,paid
547,43,19,2025-08-05T14:11:02Z,2025-08-09T14:11:02Z,2025-08-05T11:02:21Z,2025-08-09T18:51:14Z,overdue,36279.16,pending
548,43,20,2025-08-10T18:29:15Z,2025-08-13T18:29:15Z,2025-08-11T01:12:49Z,2025-08-13T21:15:15Z,overdue,27026.99,paid
549,43,3,2025-08-14T07:48:01Z,2025-08-19T07:48:01Z,2025-08-14T05:49:59Z,2025-08-19T11:31:18Z,overdue,43362.2,paid
550,43,24,2025-08-20T06:22:43Z,2025-08-28T06:22:43Z,2025-08-20T01:10:33Z,2025-08-28T03:17:10Z,completed,67967.37,partially_paid
551,44,3,2025-06-01T11:36:40Z,2025-06-06T11:36:40Z,2025-06-01T03:32:09Z,2025-06-06T06:09:39Z,completed,37468.72,paid
552,44,4,2025-06-07T16:01:36Z,2025-06-11T16:01:36Z,2025-06-07T21:16:23Z,2025-06-11T21:53:21Z,overdue,25808.21,paid
553,44,21,2025-06-13T22:57:14Z,2025-06-19T22:57:14Z,2025-06-14T04:03:34Z,2025-06-20T00:48:02Z,overdue,33827.96,partially_paid
554,44,24,2025-06-21T10:54:21Z,2025-06-28T10:54:21Z,2025-06-21T10:17:12Z,2025-06-28T13:54:00Z,overdue,53071.46,paid
555,44,19,2025-06-29T09:54:28Z,2025-07-03T09:54:28Z,2025-06-28T19:16:30Z,2025-07-03T10:53:48Z,completed,38474.46,paid
556,44,22,2025-07-04T03:39:43Z,2025-07-14T03:39:43Z,2025-07-04T09:13:10Z,2025-07-14T18:01:58Z,overdue,110829.71,pending
557,44,13,2025-07-16T08:48:09Z,2025-07-25T08:48:09Z,2025-07-16T09:20:04Z,2025-07-25T12:47:15Z,overdue,78435.61,paid
558,44,19,2025-07-27T15:54:44Z,2025-07-31T15:54:44Z,2025-07-27T14:00:57Z,2025-08-01T09:57:50Z,overdue,38902.96,paid
559,44,8,2025-08-03T03:09:47Z,2025-08-12T03:09:47Z,2025-08-03T02:19:35Z,2025-08-12T01:15:05Z,completed,103155.24,paid
560,44,12,2025-08-12T21:19:08Z,2025-08-18T21:19:08Z,2025-08-13T00:55:34Z,2025-08-18T07:36:50Z,completed,68580.97,paid
561,44,20,2025-08-20T09:26:16Z,2025-08-21T09:26:16Z,2025-08-20T06:08:04Z,2025-08-20T15:21:41Z,completed,11659.59,paid
562,44,10,2025-08-22T03:12:56Z,2025-08-26T03:12:56Z,2025-08-22T02:19:43Z,2025-08-25T23:51:13Z,completed,45094.34,pending
563,44,10,2025-08-27T01:19:54Z,2025-09-06T01:19:54Z,2025-08-27T03:17:31Z,,active,13723.77,failed
564,45,19,2025-06-01T05:34:30Z,2025-06-08T05:34:30Z,2025-05-31T22:44:31Z,2025-06-08T16:11:23Z,overdue,54023.42,pending
565,45,24,2025-06-09T13:55:27Z,2025-06-14T13:55:27Z,2025-06-09T17:56:49Z,2025-06-14T06:34:50Z,completed,41307.04,failed
566,45,5,2025-06-15T15:20:47Z,2025-06-16T15:20:47Z,2025-06-15T20:15:13Z,2025-06-17T06:04:07Z,overdue,14605.72,paid
567,45,24,2025-06-18T18:25:39Z,2025-06-21T18:25:39Z,2025-06-18T13:12:34Z,2025-06-22T02:12:42Z,overdue,25861.8,paid
568,45,24,2025-06-23T00:42:36Z,2025-06-25T00:42:36Z,2025-06-23T10:33:58Z,2025-06-24T22:22:29Z,completed,15094.39,paid
569,45,20,2025-06-25T21:11:14Z,2025-07-02T21:11:14Z,2025-06-25T19:12:55Z,2025-07-03T07:46:25Z,overdue,40926.88,paid
570,45,17,2025-07-04T22:52:59Z,2025-07-08T22:52:59Z,2025-07-04T21:54:23Z,2025-07-09T04:52:38Z,overdue,30569.81,pending
571,45,7,2025-07-09T15:38:02Z,2025-07-11T15:38:02Z,2025-07-09T20:04:44Z,2025-07-11T10:29:34Z,completed,12564.61,paid
572,45,10,2025-07-13T09:52:02Z,2025-07-18T09:52:02Z,2025-07-13T03:54:04Z,2025-07-17T19:27:04Z,completed,25224.45,paid
573,45,10,2025-07-20T00:37:37Z,2025-07-25T00:37:37Z,2025-07-20T15:06:09Z,2025-07-25T01:07:10Z,completed,32664.05,pending
574,45,5,2025-07-27T06:15:38Z,2025-08-01T06:15:38Z,2025-07-27T04:40:59Z,2025-08-01T10:01:58Z,overdue,34753.43,paid
575,45,8,2025-08-02T20:06:20Z,2025-08-09T20:06:20Z,2025-08-02T13:01:14Z,2025-08-10T07:43:59Z,overdue,80472.79,paid
576,45,3,2025-08-11T07:30:19Z,2025-08-19T07:30:19Z,2025-08-11T11:48:52Z,2025-08-19T13:48:07Z,overdue,88629.39,paid
577,45,6,2025-08-21T01:49:39Z,2025-08-27T01:49:39Z,2025-08-21T05:51:53Z,2025-08-27T14:46:10Z,overdue,81957.48,partially_paid
578,46,3,2025-06-03T15:24:22Z,2025-06-07T15:24:22Z,2025-06-03T11:57:52Z,2025-06-07T16:46:27Z,overdue,20610.95,pending
579,46,8,2025-06-08T18:36:59Z,2025-06-18T18:36:59Z,2025-06-08T11:10:54Z,2025-06-18T00:55:36Z,completed,40909.88,paid
580,46,10,2025-06-21T01:13:32Z,2025-06-27T01:13:32Z,2025-06-21T01:31:51Z,2025-06-27T08:49:27Z,overdue,18826.72,paid
581,46,1,2025-06-28T10:50:22Z,2025-07-04T10:50:22Z,2025-06-28T09:30:01Z,2025-07-04T16:03:38Z,overdue,34207.95,pending
582,46,21,2025-07-05T10:55:06Z,2025-07-06T10:55:06Z,2025-07-05T05:56:51Z,2025-07-06T11:12:02Z,completed,6046.83,pending
583,46,16,2025-07-07T03:51:46Z,2025-07-08T03:51:46Z,2025-07-07T02:48:28Z,2025-07-09T05:01:21Z,overdue,14403.33,pending
584,46,3,2025-07-09T10:55:10Z,2025-07-15T10:55:10Z,2025-07-09T12:18:13Z,2025-07-15T08:23:59Z,completed,22447.51,paid
585,46,12,2025-07-16T02:57:59Z,2025-07-20T02:57:59Z,2025-07-16T00:42:55Z,2025-07-20T02:27:49Z,completed,13730.27,pending
586,46,4,2025-07-21T04:36:25Z,2025-07-30T04:36:25Z,2025-07-21T07:57:11Z,2025-07-29T17:42:59Z,completed,7159.73,pending
587,46,10,2025-07-30T18:17:39Z,2025-08-05T18:17:39Z,2025-07-30T21:17:01Z,2025-08-06T23:07:42Z,overdue,54761.97,paid
588,46,17,2025-08-08T00:05:51Z,2025-08-18T00:05:51Z,2025-08-07T18:00:25Z,2025-08-17T18:06:34Z,completed,73500.19,partially_paid
589,46,20,2025-08-19T21:35:00Z,2025-08-21T21:35:00Z,2025-08-19T20:10:45Z,2025-08-22T05:25:57Z,overdue,17953.95,paid
590,46,20,2025-08-24T03:41:36Z,2025-09-01T03:41:36Z,2025-08-24T03:14:16Z,,active,30324.5,paid
591,47,16,2025-06-02T14:03:51Z,2025-06-08T14:03:51Z,2025-06-02T09:03:12Z,2025-06-09T07:21:02Z,overdue,128304.18,paid
592,47,17,2025-06-09T09:32:19Z,2025-06-10T09:32:19Z,2025-06-09T10:38:49Z,2025-06-12T06:01:52Z,overdue,58710.14,paid
593,47,1,2025-06-11T14:02:42Z,2025-06-17T14:02:42Z,2025-06-11T12:54:17Z,2025-06-17T12:16:17Z,completed,88594.73,paid
594,47,15,2025-06-19T14:18:28Z,2025-06-24T14:18:28Z,2025-06-19T22:32:41Z,2025-06-23T00:44:09Z,completed,83760.16,paid
595,47,9,2025-06-26T16:33:09Z,2025-07-06T16:33:09Z,2025-06-26T08:00:32Z,2025-07-06T16:23:17Z,completed,149092.25,paid
596,47,24,2025-07-07T23:30:02Z,2025-07-11T23:30:02Z,2025-07-08T03:01:55Z,2025-07-11T02:35:59Z,completed,65292.45,paid
597,47,21,2025-07-12T22:05:21Z,2025-07-19T22:05:21Z,2025-07-13T10:14:06Z,2025-07-19T15:41:20Z,completed,101775.83,paid
598,47,23,2025-07-22T05:46:01Z,2025-07-28T05:46:01Z,2025-07-22T01:47:42Z,2025-07-28T10:10:37Z,overdue,98935.6,paid
599,47,9,2025-07-29T19:18:01Z,2025-08-04T19:18:01Z,2025-07-29T15:27:05Z,2025-08-05T10:24:52Z,overdue,155366.95,pending
600,47,22,2025-08-05T21:12:03Z,2025-08-16T21:12:03Z,2025-08-05T20:03:19Z,2025-08-17T07:44:19Z,overdue,267770.19,paid
601,47,7,2025-08-18T08:49:00Z,2025-08-20T08:49:00Z,2025-08-18T03:04:41Z,2025-08-20T09:40:38Z,completed,47702.5,paid
602,47,9,2025-08-21T05:44:30Z,2025-08-31T05:44:30Z,2025-08-21T07:52:31Z,,active,164772.27,paid
603,48,7,2025-05-30T23:48:50Z,2025-06-04T23:48:50Z,2025-05-30T16:18:41Z,2025-06-05T06:49:33Z,overdue,66219.16,paid
604,48,16,2025-06-07T02:11:17Z,2025-06-15T02:11:17Z,2025-06-06T23:28:32Z,2025-06-14T22:30:27Z,completed,90724.06,pending
605,48,7,2025-06-15T18:02:19Z,2025-06-21T18:02:19Z,2025-06-15T15:25:06Z,2025-06-21T18:17:10Z,completed,78865.0,paid
606,48,9,2025-06-22T09:27:55Z,2025-07-04T09:27:55Z,2025-06-22T07:58:59Z,2025-07-04T07:08:10Z,completed,183079.07,paid
607,48,23,2025-07-05T15:46:51Z,2025-07-09T15:46:51Z,2025-07-05T20:14:46Z,2025-07-09T16:11:31Z,completed,57603.28,paid
608,48,1,2025-07-11T01:02:35Z,2025-07-15T01:02:35Z,2025-07-11T08:58:15Z,2025-07-15T09:01:27Z,overdue,78655.47,paid
609,48,9,2025-07-15T17:33:11Z,2025-07-19T17:33:11Z,2025-07-15T06:21:14Z,2025-07-20T07:49:23Z,overdue,83366.06,paid
610,48,23,2025-07-20T20:32:04Z,2025-07-23T20:32:04Z,2025-07-21T01:16:41Z,2025-07-22T14:28:15Z,completed,36173.02,paid
611,48,16,2025-07-25T10:54:51Z,2025-08-02T10:54:51Z,2025-07-25T03:38:50Z,2025-08-03T01:56:38Z,overdue,105769.72,pending
612,48,9,2025-08-04T17:30:54Z,2025-08-10T17:30:54Z,2025-08-04T11:47:29Z,2025-08-10T13:50:49Z,completed,131467.03,pending
613,48,9,2025-08-12T02:21:18Z,2025-08-20T02:21:18Z,2025-08-12T02:59:25Z,2025-08-20T14:03:50Z,overdue,183790.45,paid
614,48,22,2025-08-21T02:01:23Z,2025-09-01T02:01:23Z,2025-08-20T16:38:16Z,,active,156701.22,paid
615,49,6,2025-06-03T11:52:21Z,2025-06-09T11:52:21Z,2025-06-03T06:28:47Z,2025-06-08T22:54:39Z,completed,101070.62,paid
616,49,23,2025-06-10T16:07:00Z,2025-06-15T16:07:00Z,2025-06-10T21:38:48Z,2025-06-15T16:17:36Z,completed,54941.45,paid
617,49,6,2025-06-16T11:30:17Z,2025-06-26T11:30:17Z,2025-06-16T02:47:52Z,2025-06-26T12:13:24Z,completed,149551.5,pending
618,49,14,2025-06-28T22:37:31Z,2025-06-30T22:37:31Z,2025-06-29T00:48:25Z,2025-07-01T20:36:15Z,overdue,43636.61,paid
619,49,14,2025-07-01T19:53:15Z,2025-07-05T19:53:15Z,2025-07-01T04:15:44Z,2025-07-06T03:41:34Z,overdue,74299.52,paid
620,49,18,2025-07-06T09:46:59Z,2025-07-13T09:46:59Z,2025-07-06T12:12:32Z,2025-07-13T20:17:32Z,overdue,129067.92,paid
621,49,12,2025-07-14T06:53:32Z,2025-07-16T06:53:32Z,2025-07-14T10:58:25Z,2025-07-16T18:05:53Z,overdue,29352.79,paid
622,49,18,2025-07-18T12:32:24Z,2025-07-19T12:32:24Z,2025-07-18T14:27:29Z,2025-07-19T11:33:43Z,completed,15749.94,paid
623,49,18,2025-07-20T22:06:38Z,2025-07-25T22:06:38Z,2025-07-21T00:11:48Z,2025-07-25T20:01:13Z,completed,80613.87,pending
624,49,7,2025-07-27T16:44:09Z,2025-07-30T16:44:09Z,2025-07-27T16:56:26Z,2025-07-29T22:59:39Z,completed,32037.07,paid
625,49,14,2025-07-31T22:12:41Z,2025-08-02T22:12:41Z,2025-08-01T02:17:15Z,2025-08-02T06:39:31Z,completed,44812.59,paid
626,49,18,2025-08-04T12:04:53Z,2025-08-11T12:04:53Z,2025-08-04T14:51:25Z,2025-08-10T11:52:55Z,completed,156388.65,paid
627,49,15,2025-08-12T07:28:46Z,2025-08-15T07:28:46Z,2025-08-12T14:38:39Z,2025-08-14T20:13:59Z,completed,66809.01,pending
628,49,5,2025-08-16T20:35:36Z,2025-08-20T20:35:36Z,2025-08-16T23:21:56Z,2025-08-21T01:01:25Z,overdue,80430.85,pending
629,49,2,2025-08-21T13:43:55Z,2025-08-26T13:43:55Z,2025-08-21T10:08:48Z,2025-08-27T12:39:02Z,overdue,114826.47,paid
630,50,10,2025-06-03T19:15:41Z,2025-06-14T19:15:41Z,2025-06-04T01:08:05Z,2025-06-14T21:02:16Z,overdue,50033.47,paid
631,50,20,2025-06-15T07:53:23Z,2025-06-18T07:53:23Z,2025-06-15T02:54:25Z,2025-06-18T17:00:02Z,overdue,25277.71,partially_paid
632,50,2,2025-06-18T23:43:39Z,2025-06-25T23:43:39Z,2025-06-19T08:08:14Z,2025-06-26T07:31:39Z,overdue,31369.88,paid
633,50,24,2025-06-28T06:28:06Z,2025-06-29T06:28:06Z,2025-06-28T12:46:48Z,2025-06-28T17:44:58Z,completed,5746.97,paid
634,50,3,2025-06-30T07:13:39Z,2025-07-04T07:13:39Z,2025-06-30T08:43:43Z,2025-07-06T04:12:05Z,overdue,45612.67,pending
635,50,3,2025-07-05T05:35:26Z,2025-07-20T05:35:26Z,2025-07-05T09:13:51Z,2025-07-20T06:45:12Z,overdue,97625.18,paid
636,50,5,2025-07-21T02:41:05Z,2025-07-28T02:41:05Z,2025-07-21T08:00:38Z,2025-07-28T01:43:04Z,completed,21392.87,partially_paid
637,50,21,2025-07-29T17:29:20Z,2025-08-09T17:29:20Z,2025-07-29T18:52:10Z,2025-08-09T19:22:57Z,overdue,104047.48,paid
638,50,20,2025-08-10T22:40:16Z,2025-08-17T22:40:16Z,2025-08-11T01:12:03Z,2025-08-18T09:49:58Z,overdue,70617.17,pending
639,50,17,2025-08-20T00:42:34Z,2025-08-24T00:42:34Z,2025-08-19T21:21:35Z,2025-08-23T17:49:22Z,completed,37787.58,pending
640,50,10,2025-08-26T12:38:03Z,2025-09-02T12:38:03Z,2025-08-26T17:18:28Z,,active,16129.24,paid
641,51,20,2025-06-06T10:40:30Z,2025-06-17T10:40:30Z,2025-06-06T10:38:29Z,2025-06-17T20:10:09Z,overdue,111110.37,paid
642,51,5,2025-06-19T03:52:43Z,2025-06-21T03:52:43Z,2025-06-19T01:33:22Z,2025-06-21T12:23:24Z,overdue,22900.81,paid
643,51,13,2025-06-23T03:37:07Z,2025-07-01T03:37:07Z,2025-06-23T01:51:17Z,2025-07-01T05:32:04Z,overdue,77304.04,paid
644,51,19,2025-07-03T02:28:54Z,2025-07-04T02:28:54Z,2025-07-03T00:20:22Z,2025-07-04T02:55:40Z,completed,7191.83,pending
645,51,8,2025-07-06T09:13:02Z,2025-07-13T09:13:02Z,2025-07-06T12:13:16Z,2025-07-13T10:45:46Z,overdue,58518.06,paid
646,51,8,2025-07-15T10:15:01Z,2025-07-21T10:15:01Z,2025-07-15T06:17:18Z,2025-07-22T07:10:48Z,overdue,63099.19,paid
647,51,3,2025-07-23T01:38:32Z,2025-07-30T01:38:32Z,2025-07-23T04:35:40Z,2025-07-30T01:23:32Z,completed,11244.59,paid
648,51,19,2025-07-30T20:17:09Z,2025-07-31T20:17:09Z,2025-07-31T02:52:08Z,2025-07-31T18:54:49Z,completed,13318.26,paid
649,51,19,2025-08-01T22:42:01Z,2025-08-04T22:42:01Z,2025-08-02T02:51:41Z,2025-08-04T19:34:19Z,completed,38242.89,paid
650,51,4,2025-08-06T21:25:56Z,2025-08-15T21:25:56Z,2025-08-07T01:08:03Z,2025-08-16T08:22:21Z,overdue,124643.07,partially_paid
651,51,3,2025-08-17T19:10:08Z,2025-08-18T19:10:08Z,2025-08-18T02:26:26Z,2025-08-19T02:28:21Z,overdue,17748.81,paid
652,51,3,2025-08-20T18:14:49Z,2025-08-24T18:14:49Z,2025-08-20T19:06:26Z,2025-08-23T13:40:17Z,completed,51967.18,partially_paid
653,51,12,2025-08-25T22:17:51Z,2025-09-01T22:17:51Z,2025-08-25T16:07:17Z,,active,30217.38,failed
654,52,19,2025-06-04T13:45:24Z,2025-06-05T13:45:24Z,2025-06-04T20:25:58Z,2025-06-05T05:18:14Z,completed,9038.23,paid
655,52,17,2025-06-07T08:06:07Z,2025-06-17T08:06:07Z,2025-06-07T04:53:14Z,2025-06-17T06:39:42Z,completed,94369.98,paid
656,52,5,2025-06-18T03:16:55Z,2025-06-20T03:16:55Z,2025-06-18T10:41:48Z,2025-06-20T03:37:40Z,completed,24386.32,paid
657,52,24,2025-06-22T15:09:20Z,2025-06-26T15:09:20Z,2025-06-22T16:06:56Z,2025-06-27T01:53:36Z,overdue,39893.89,paid
658,52,12,2025-06-27T13:48:56Z,2025-07-06T13:48:56Z,2025-06-27T22:30:24Z,2025-07-06T13:25:32Z,completed,66678.57,paid
659,52,17,2025-07-08T00:39:24Z,2025-07-10T00:39:24Z,2025-07-07T22:10:33Z,2025-07-10T05:32:43Z,overdue,20292.01,pending
660,52,4,2025-07-11T12:44:39Z,2025-07-14T12:44:39Z,2025-07-11T07:00:04Z,2025-07-14T23:36:14Z,overdue,33730.48,paid
661,52,19,2025-07-15T10:15:12Z,2025-07-20T10:15:12Z,2025-07-15T10:27:00Z,2025-07-20T07:51:36Z,completed,46372.45,paid
662,52,3,2025-07-22T09:33:55Z,2025-07-27T09:33:55Z,2025-07-22T04:01:12Z,2025-07-27T16:51:05Z,overdue,50198.9,paid
663,52,3,2025-07-29T06:25:58Z,2025-08-07T06:25:58Z,2025-07-28T19:21:20Z,2025-08-06T19:28:40Z,completed,114687.57,paid
664,52,19,2025-08-08T11:09:06Z,2025-08-09T11:09:06Z,2025-08-08T07:15:05Z,2025-08-09T13:46:18Z,overdue,14404.21,paid
665,52,24,2025-08-10T07:16:33Z,2025-08-11T07:16:33Z,2025-08-10T01:44:41Z,2025-08-10T23:16:27Z,completed,12176.67,pending
666,52,5,2025-08-11T21:25:48Z,2025-08-17T21:25:48Z,2025-08-11T21:50:46Z,2025-08-17T13:40:14Z,completed,75932.28,pending
667,52,24,2025-08-19T20:23:50Z,2025-08-25T20:23:50Z,2025-08-19T17:07:02Z,2025-08-25T20:22:08Z,completed,76207.29,partially_paid
668,52,8,2025-08-28T04:52:49Z,2025-09-08T04:52:49Z,2025-08-28T12:55:23Z,,active,718.05,paid
669,53,7,2025-06-01T05:27:22Z,2025-06-09T05:27:22Z,2025-06-01T10:19:28Z,2025-06-08T13:30:10Z,completed,71672.11,pending
670,53,17,2025-06-10T19:41:04Z,2025-06-18T19:41:04Z,2025-06-11T04:54:44Z,2025-06-18T09:34:10Z,completed,77676.85,paid
671,53,2,2025-06-19T14:28:09Z,2025-06-22T14:28:09Z,2025-06-19T20:34:31Z,2025-06-22T19:10:58Z,overdue,27302.34,partially_paid
672,53,2,2025-06-24T03:45:20Z,2025-07-01T03:45:20Z,2025-06-24T05:47:57Z,2025-07-01T08:07:22Z,overdue,63740.64,paid
673,53,21,2025-07-02T21:25:04Z,2025-07-04T21:25:04Z,2025-07-03T03:42:06Z,2025-07-06T05:37:13Z,overdue,39026.63,pending
674,53,20,2025-07-06T17:06:57Z,2025-07-11T17:06:57Z,2025-07-06T16:51:18Z,2025-07-11T06:02:25Z,completed,49789.14,pending
675,53,12,2025-07-12T19:09:20Z,2025-07-19T19:09:20Z,2025-07-12T22:35:16Z,2025-07-19T20:11:51Z,overdue,64028.8,paid
676,53,11,2025-07-22T06:01:59Z,2025-07-31T06:01:59Z,2025-07-22T04:01:43Z,2025-07-31T15:30:30Z,overdue,35919.38,paid
677,53,15,2025-07-31T22:15:29Z,2025-08-02T22:15:29Z,2025-07-31T22:07:00Z,2025-08-02T23:16:33Z,overdue,30820.75,paid
678,53,8,2025-08-03T12:09:58Z,2025-08-09T12:09:58Z,2025-08-03T09:56:56Z,2025-08-09T13:06:54Z,completed,77910.01,paid
679,53,10,2025-08-10T07:42:08Z,2025-08-18T07:42:08Z,2025-08-10T05:04:54Z,2025-08-17T20:07:55Z,completed,101461.94,paid
680,53,8,2025-08-20T19:30:36Z,2025-08-31T19:30:36Z,2025-08-21T03:47:56Z,,active,94220.17,paid
681,54,1,2025-06-05T22:40:50Z,2025-06-13T22:40:50Z,2025-06-05T19:39:45Z,2025-06-14T10:18:56Z,overdue,128108.78,partially_paid
682,54,15,2025-06-14T21:30:30Z,2025-06-20T21:30:30Z,2025-06-14T20:06:07Z,2025-06-20T13:05:34Z,completed,81138.02,pending
683,54,22,2025-06-22T03:51:16Z,2025-06-25T03:51:16Z,2025-06-21T22:21:26Z,2025-06-24T15:40:05Z,completed,43195.73,paid
684,54,15,2025-06-26T11:53:11Z,2025-07-01T11:53:11Z,2025-06-26T07:35:30Z,2025-07-02T09:35:48Z,overdue,94191.0,partially_paid
685,54,9,2025-07-02T15:41:31Z,2025-07-12T15:41:31Z,2025-07-02T12:12:42Z,2025-07-12T23:21:21Z,overdue,120536.38,paid
686,54,7,2025-07-14T12:31:35Z,2025-07-21T12:31:35Z,2025-07-14T15:21:30Z,2025-07-21T14:56:37Z,overdue,101469.36,paid
687,54,5,2025-07-23T01:40:08Z,2025-07-31T01:40:08Z,2025-07-23T04:33:45Z,2025-07-30T10:06:50Z,completed,32634.81,paid
688,54,18,2025-07-31T21:15:19Z,2025-08-08T21:15:19Z,2025-08-01T02:34:45Z,2025-08-08T09:34:11Z,completed,164047.63,pending
689,54,1,2025-08-10T00:30:00Z,2025-08-16T00:30:00Z,2025-08-10T04:36:00Z,2025-08-16T01:14:51Z,completed,123569.17,partially_paid
690,54,16,2025-08-17T08:22:26Z,2025-08-26T08:22:26Z,2025-08-17T22:33:26Z,2025-08-25T22:46:58Z,completed,183620.19,paid
691,54,7,2025-08-28T02:56:33Z,2025-08-29T02:56:33Z,2025-08-28T04:45:56Z,,active,3057.44,pending
692,55,8,2025-06-02T05:16:01Z,2025-06-07T05:16:01Z,2025-06-02T13:59:11Z,2025-06-06T13:26:40Z,completed,36973.45,paid
693,55,2,2025-06-08T21:53:32Z,2025-06-16T21:53:32Z,2025-06-08T18:15:25Z,2025-06-17T14:52:22Z,overdue,48387.88,paid
694,55,19,2025-06-18T08:46:09Z,2025-06-29T08:46:09Z,2025-06-18T04:10:09Z,2025-06-29T05:23:56Z,completed,57982.56,paid
695,55,13,2025-06-30T05:36:00Z,2025-07-08T05:36:00Z,2025-06-30T03:16:38Z,2025-07-08T06:16:31Z,completed,54138.27,pending
696,55,2,2025-07-08T19:08:49Z,2025-07-14T19:08:49Z,2025-07-08T07:37:44Z,2025-07-15T00:23:32Z,overdue,36262.86,partially_paid
697,55,5,2025-07-15T17:49:47Z,2025-07-18T17:49:47Z,2025-07-15T14:52:15Z,2025-07-20T00:37:52Z,overdue,35209.38,pending
698,55,19,2025-07-21T02:19:50Z,2025-07-23T02:19:50Z,2025-07-21T07:12:35Z,2025-07-23T01:59:24Z,completed,12170.45,paid
699,55,12,2025-07-24T12:17:34Z,2025-07-29T12:17:34Z,2025-07-24T17:02:06Z,2025-07-29T23:17:06Z,overdue,8461.6,paid
700,55,12,2025-07-31T15:51:38Z,2025-08-07T15:51:38Z,2025-07-31T21:40:11Z,2025-08-07T14:40:02Z,completed,70468.19,paid
701,55,21,2025-08-09T08:21:47Z,2025-08-13T08:21:47Z,2025-08-09T01:51:08Z,2025-08-12T21:29:45Z,completed,39919.98,paid
702,55,2,2025-08-14T18:02:26Z,2025-08-28T18:02:26Z,2025-08-15T01:30:31Z,2025-08-27T18:50:40Z,completed,134997.23,pending
703,56,13,2025-06-04T10:16:05Z,2025-06-06T10:16:05Z,2025-06-04T13:09:33Z,2025-06-06T20:08:38Z,overdue,22957.49,paid
704,56,12,2025-06-07T00:38:03Z,2025-06-14T00:38:03Z,2025-06-06T23:06:16Z,2025-06-14T03:16:40Z,overdue,57686.65,paid
705,56,10,2025-06-15T02:21:29Z,2025-06-21T02:21:29Z,2025-06-15T02:52:24Z,2025-06-19T21:22:46Z,completed,51355.09,pending
706,56,21,2025-06-22T15:10:22Z,2025-06-27T15:10:22Z,2025-06-22T10:03:51Z,2025-06-27T19:46:56Z,overdue,50122.65,paid
707,56,21,2025-06-28T08:36:18Z,2025-07-12T08:36:18Z,2025-06-28T10:48:35Z,2025-07-12T07:46:18Z,completed,109017.92,paid
708,56,15,2025-07-13T12:07:52Z,2025-07-21T12:07:52Z,2025-07-13T15:01:38Z,2025-07-21T21:37:29Z,overdue,90280.03,paid
709,56,8,2025-07-22T09:49:26Z,2025-07-29T09:49:26Z,2025-07-22T22:09:47Z,2025-07-29T02:58:21Z,completed,1950.68,paid
710,56,24,2025-07-31T07:58:27Z,2025-08-07T07:58:27Z,2025-07-31T02:24:58Z,2025-08-07T10:21:46Z,overdue,86089.99,pending
711,56,17,2025-08-08T17:32:44Z,2025-08-11T17:32:44Z,2025-08-08T15:02:28Z,2025-08-11T16:46:48Z,completed,35172.43,paid
712,56,4,2025-08-14T04:21:17Z,2025-08-22T04:21:17Z,2025-08-14T09:51:55Z,2025-08-21T19:18:19Z,completed,97389.11,paid
713,56,19,2025-08-24T05:13:52Z,2025-08-30T05:13:52Z,2025-08-24T00:58:25Z,,active,49439.39,failed
714,57,2,2025-05-31T20:53:45Z,2025-06-05T20:53:45Z,2025-05-31T19:02:42Z,2025-06-06T23:51:01Z,overdue,28467.21,paid
715,57,20,2025-06-07T21:47:25Z,2025-06-14T21:47:25Z,2025-06-07T13:31:28Z,2025-06-14T20:25:30Z,completed,22854.79,partially_paid
716,57,9,2025-06-17T07:53:28Z,2025-06-26T07:53:28Z,2025-06-17T20:25:18Z,2025-06-26T07:29:58Z,completed,42822.85,paid
717,57,19,2025-06-27T19:49:33Z,2025-06-28T19:49:33Z,2025-06-28T07:03:06Z,2025-06-29T09:22:33Z,overdue,9397.4,pending
718,57,12,2025-06-30T12:05:28Z,2025-07-03T12:05:28Z,2025-06-30T15:17:56Z,2025-07-02T10:47:25Z,completed,13162.22,paid
719,57,8,2025-07-04T00:24:24Z,2025-07-10T00:24:24Z,2025-07-04T02:22:25Z,2025-07-10T17:52:24Z,overdue,30402.07,paid
720,57,5,2025-07-12T04:01:08Z,2025-07-14T04:01:08Z,2025-07-12T04:31:59Z,2025-07-14T03:07:34Z,completed,7850.18,paid
721,57,19,2025-07-14T22:59:49Z,2025-07-20T22:59:49Z,2025-07-14T17:37:29Z,2025-07-20T19:49:01Z,completed,29876.83,paid
722,57,14,2025-07-23T07:10:31Z,2025-07-26T07:10:31Z,2025-07-23T11:04:56Z,2025-07-27T09:36:41Z,overdue,24832.41,pending
723,57,21,2025-07-27T08:49:32Z,2025-08-01T08:49:32Z,2025-07-27T09:03:18Z,2025-07-31T15:42:38Z,completed,25198.9,paid
724,57,19,2025-08-02T05:20:30Z,2025-08-07T05:20:30Z,2025-08-02T05:02:26Z,2025-08-08T06:09:30Z,overdue,48839.52,pending
725,57,12,2025-08-09T06:13:49Z,2025-08-11T06:13:49Z,2025-08-09T15:00:55Z,2025-08-12T06:46:35Z,overdue,24587.23,paid
726,57,16,2025-08-13T10:42:33Z,2025-08-19T10:42:33Z,2025-08-13T21:15:39Z,2025-08-19T12:43:05Z,overdue,56860.62,paid
727,57,17,2025-08-20T11:52:52Z,2025-08-27T11:52:52Z,2025-08-20T11:33:45Z,2025-08-27T19:18:09Z,overdue,58271.28,pending
728,57,20,2025-08-28T02:40:27Z,2025-09-06T02:40:27Z,2025-08-27T22:55:12Z,,active,1061.59,pending
729,58,21,2025-06-04T14:25:05Z,2025-06-09T14:25:05Z,2025-06-04T09:37:04Z,2025-06-09T15:42:12Z,overdue,39435.63,paid
730,58,19,2025-06-10T17:36:34Z,2025-06-19T17:36:34Z,2025-06-10T14:51:57Z,2025-06-19T19:22:08Z,overdue,61299.96,pending
731,58,20,2025-06-21T08:36:58Z,2025-06-27T08:36:58Z,2025-06-21T13:42:24Z,2025-06-26T08:45:42Z,completed,47948.24,paid
732,58,8,2025-06-29T15:01:55Z,2025-07-03T15:01:55Z,2025-06-29T16:17:58Z,2025-07-05T01:06:43Z,overdue,51134.71,pending
733,58,3,2025-07-04T04:11:00Z,2025-07-08T04:11:00Z,2025-07-03T16:55:26Z,2025-07-08T19:34:35Z,overdue,43514.65,pending
734,58,2,2025-07-09T21:43:05Z,2025-07-13T21:43:05Z,2025-07-09T14:34:48Z,2025-07-13T18:43:09Z,completed,41078.75,paid
735,58,7,2025-07-15T16:19:05Z,2025-07-20T16:19:05Z,2025-07-15T12:41:23Z,2025-07-19T07:56:00Z,completed,55496.39,paid
736,58,17,2025-07-21T07:34:28Z,2025-07-29T07:34:28Z,2025-07-21T15:13:25Z,2025-07-29T14:34:58Z,overdue,4852.11,pending
737,58,21,2025-07-31T04:29:40Z,2025-08-02T04:29:40Z,2025-07-31T03:17:08Z,2025-08-02T07:49:08Z,overdue,28140.82,partially_paid
738,58,11,2025-08-04T08:25:57Z,2025-08-11T08:25:57Z,2025-08-04T12:26:33Z,2025-08-10T21:42:56Z,completed,105383.85,paid
739,58,5,2025-08-12T19:12:31Z,2025-08-18T19:12:31Z,2025-08-12T21:57:08Z,2025-08-19T14:55:15Z,overdue,88973.76,paid
740,58,10,2025-08-21T02:01:38Z,2025-08-29T02:01:38Z,2025-08-21T06:45:42Z,,active,92116.24,paid
741,59,19,2025-06-04T12:31:25Z,2025-06-14T12:31:25Z,2025-06-04T14:58:56Z,2025-06-14T01:53:29Z,completed,94918.05,paid
742,59,20,2025-06-16T02:14:46Z,2025-06-26T02:14:46Z,2025-06-16T06:26:01Z,2025-06-26T00:42:34Z,completed,116913.54,partially_paid
743,59,5,2025-06-28T04:26:38Z,2025-07-02T04:26:38Z,2025-06-28T06:13:24Z,2025-07-02T09:14:39Z,overdue,48123.48,pending
744,59,4,2025-07-04T15:39:27Z,2025-07-10T15:39:27Z,2025-07-04T17:31:31Z,2025-07-11T18:22:44Z,overdue,65225.54,paid
745,59,24,2025-07-12T08:13:36Z,2025-07-21T08:13:36Z,2025-07-12T09:22:14Z,2025-07-21T17:02:27Z,overdue,83090.16,failed
746,59,3,2025-07-23T06:17:57Z,2025-07-25T06:17:57Z,2025-07-23T08:41:12Z,2025-07-26T06:51:54Z,overdue,32758.28,pending
747,59,5,2025-07-26T15:59:26Z,2025-07-31T15:59:26Z,2025-07-26T10:54:17Z,2025-07-31T10:55:24Z,completed,37704.74,pending
748,59,7,2025-08-01T21:57:10Z,2025-08-03T21:57:10Z,2025-08-01T17:14:40Z,2025-08-03T19:18:41Z,completed,34984.33,paid
749,59,17,2025-08-04T11:08:59Z,2025-08-05T11:08:59Z,2025-08-04T11:14:37Z,2025-08-05T15:24:39Z,overdue,18252.08,paid
750,59,8,2025-08-06T22:21:23Z,2025-08-09T22:21:23Z,2025-08-07T07:28:20Z,2025-08-10T12:31:01Z,overdue,54702.65,pending
751,59,17,2025-08-12T04:12:10Z,2025-08-21T04:12:10Z,2025-08-12T00:15:21Z,2025-08-21T22:08:30Z,overdue,147573.52,pending
752,59,21,2025-08-23T02:58:56Z,2025-08-25T02:58:56Z,2025-08-23T08:19:25Z,2025-08-25T11:44:15Z,overdue,34613.24,pending
753,59,20,2025-08-26T05:54:33Z,2025-09-02T05:54:33Z,2025-08-25T22:51:20Z,,active,30729.01,paid
754,60,11,2025-06-04T10:09:04Z,2025-06-11T10:09:04Z,2025-06-04T04:27:40Z,2025-06-11T10:32:09Z,completed,110411.11,paid
755,60,9,2025-06-13T04:48:57Z,2025-06-14T04:48:57Z,2025-06-13T09:54:18Z,2025-06-14T00:16:32Z,completed,16452.69,paid
756,60,6,2025-06-15T08:08:06Z,2025-06-22T08:08:06Z,2025-06-15T11:53:20Z,2025-06-22T05:12:42Z,completed,98037.35,pending
757,60,18,2025-06-23T01:37:45Z,2025-06-30T01:37:45Z,2025-06-23T03:11:31Z,2025-06-29T22:03:56Z,completed,113076.86,pending
758,60,7,2025-07-01T06:26:40Z,2025-07-03T06:26:40Z,2025-06-30T18:40:07Z,2025-07-03T20:01:11Z,overdue,39789.73,paid
759,60,10,2025-07-04T22:00:02Z,2025-07-05T22:00:02Z,2025-07-04T22:34:21Z,2025-07-05T21:48:09Z,completed,12856.56,paid
760,60,16,2025-07-07T07:17:44Z,2025-07-15T07:17:44Z,2025-07-07T05:29:00Z,2025-07-15T05:34:24Z,completed,123897.88,pending
761,60,13,2025-07-16T13:42:30Z,2025-07-24T13:42:30Z,2025-07-16T15:43:07Z,2025-07-24T16:08:25Z,overdue,79952.08,paid
762,60,16,2025-07-26T06:09:38Z,2025-08-02T06:09:38Z,2025-07-25T20:56:50Z,2025-08-02T21:03:09Z,overdue,93379.76,paid
763,60,23,2025-08-04T09:23:52Z,2025-08-11T09:23:52Z,2025-08-04T03:17:52Z,2025-08-11T09:30:46Z,completed,141568.2,pending
764,60,22,2025-08-13T17:41:29Z,2025-08-18T17:41:29Z,2025-08-13T16:53:04Z,2025-08-18T19:32:18Z,overdue,102716.18,paid
765,60,16,2025-08-21T01:50:12Z,2025-08-31T01:50:12Z,2025-08-21T08:19:38Z,,active,144983.23,paid
766,61,7,2025-06-04T13:03:55Z,2025-06-11T13:03:55Z,2025-06-04T21:02:20Z,2025-06-12T02:13:33Z,overdue,114801.05,paid
767,61,23,2025-06-13T20:52:58Z,2025-06-22T20:52:58Z,2025-06-14T08:57:23Z,2025-06-23T06:58:50Z,overdue,104656.01,failed
768,61,6,2025-06-24T00:28:16Z,2025-06-30T00:28:16Z,2025-06-24T06:44:30Z,2025-06-30T04:58:34Z,overdue,70923.6,paid
769,61,12,2025-07-01T10:36:39Z,2025-07-07T10:36:39Z,2025-07-01T08:30:08Z,2025-07-08T12:55:02Z,overdue,79930.47,pending
770,61,6,2025-07-08T03:33:05Z,2025-07-11T03:33:05Z,2025-07-08T12:44:45Z,2025-07-11T09:24:58Z,overdue,34127.74,paid
771,61,15,2025-07-13T05:35:18Z,2025-07-14T05:35:18Z,2025-07-13T07:47:39Z,2025-07-13T03:22:05Z,completed,11893.12,pending
772,61,16,2025-07-15T05:17:07Z,2025-07-22T05:17:07Z,2025-07-15T10:35:48Z,2025-07-22T02:07:54Z,completed,90975.62,paid
773,61,15,2025-07-24T08:21:12Z,2025-07-30T08:21:12Z,2025-07-24T20:04:42Z,2025-07-30T04:52:19Z,completed,18410.19,paid
774,61,22,2025-08-01T05:40:18Z,2025-08-03T05:40:18Z,2025-08-01T14:33:42Z,2025-08-03T09:48:29Z,overdue,36216.12,partially_paid
775,61,22,2025-08-04T21:13:58Z,2025-08-10T21:13:58Z,2025-08-05T03:18:06Z,2025-08-11T20:00:00Z,overdue,115402.71,paid
776,61,11,2025-08-11T13:55:13Z,2025-08-14T13:55:13Z,2025-08-11T11:00:30Z,2025-08-15T23:53:35Z,overdue,73061.45,pending
777,61,15,2025-08-15T07:08:24Z,2025-08-26T07:08:24Z,2025-08-15T10:31:02Z,2025-08-26T02:11:27Z,completed,182622.94,paid
778,61,7,2025-08-26T22:05:28Z,2025-09-06T22:05:28Z,2025-08-26T18:54:19Z,,active,22046.95,partially_paid
779,62,5,2025-06-02T22:50:41Z,2025-06-09T22:50:41Z,2025-06-03T08:10:11Z,2025-06-10T10:50:47Z,overdue,110138.5,paid
780,62,9,2025-06-11T16:23:32Z,2025-06-18T16:23:32Z,2025-06-11T19:10:19Z,2025-06-18T21:11:35Z,overdue,95590.01,paid
781,62,11,2025-06-20T07:45:55Z,2025-06-27T07:45:55Z,2025-06-19T16:35:17Z,2025-06-27T06:44:17Z,completed,133968.99,partially_paid
782,62,6,2025-06-29T06:13:10Z,2025-07-05T06:13:10Z,2025-06-28T23:18:48Z,2025-07-05T15:07:07Z,overdue,123778.92,paid
783,62,11,2025-07-06T18:43:11Z,2025-07-11T18:43:11Z,2025-07-07T05:15:09Z,2025-07-11T21:27:01Z,overdue,98257.3,partially_paid
784,62,18,2025-07-14T05:10:44Z,2025-07-18T05:10:44Z,2025-07-14T04:16:26Z,2025-07-18T08:38:48Z,overdue,70013.04,paid
785,62,9,2025-07-20T10:31:08Z,2025-07-24T10:31:08Z,2025-07-20T11:41:20Z,2025-07-24T05:15:09Z,completed,53567.37,paid
786,62,15,2025-07-26T04:31:45Z,2025-07-28T04:31:45Z,2025-07-26T08:15:55Z,2025-07-28T12:35:00Z,overdue,45909.07,paid
787,62,9,2025-07-30T00:19:42Z,2025-08-02T00:19:42Z,2025-07-30T05:42:02Z,2025-08-01T19:14:31Z,completed,75211.62,paid
788,62,11,2025-08-03T05:37:20Z,2025-08-09T05:37:20Z,2025-08-03T10:32:40Z,2025-08-09T10:48:09Z,overdue,154948.79,paid
789,62,1,2025-08-10T00:04:03Z,2025-08-17T00:04:03Z,2025-08-09T20:58:08Z,2025-08-17T00:15:09Z,completed,175359.28,partially_paid
790,62,7,2025-08-18T19:38:53Z,2025-08-23T19:38:53Z,2025-08-18T15:10:07Z,2025-08-23T19:47:49Z,completed,125236.63,paid
791,62,22,2025-08-25T03:36:33Z,2025-08-26T03:36:33Z,2025-08-25T00:39:44Z,2025-08-26T02:49:50Z,completed,25079.05,paid
792,62,16,2025-08-27T13:25:12Z,2025-09-01T13:25:12Z,2025-08-27T11:58:16Z,,active,17621.74,pending
793,63,21,2025-06-01T21:49:45Z,2025-06-08T21:49:45Z,2025-06-02T03:04:34Z,2025-06-08T19:33:28Z,completed,44689.17,paid
794,63,10,2025-06-10T05:32:58Z,2025-06-12T05:32:58Z,2025-06-09T23:17:49Z,2025-06-12T05:21:32Z,completed,11901.39,pending
795,63,19,2025-06-13T16:44:46Z,2025-06-17T16:44:46Z,2025-06-13T12:07:34Z,2025-06-17T04:39:23Z,completed,23054.24,paid
796,63,24,2025-06-18T11:33:59Z,2025-06-22T11:33:59Z,2025-06-18T12:39:18Z,2025-06-23T03:21:45Z,overdue,27051.19,paid
797,63,3,2025-06-23T03:19:18Z,2025-06-27T03:19:18Z,2025-06-23T00:50:37Z,2025-06-26T23:20:20Z,completed,23896.92,paid
798,63,20,2025-06-28T23:10:52Z,2025-07-03T23:10:52Z,2025-06-28T18:05:26Z,2025-07-04T11:41:59Z,overdue,37626.2,paid
799,63,11,2025-07-05T02:10:52Z,2025-07-06T02:10:52Z,2025-07-05T00:01:24Z,2025-07-06T09:15:28Z,overdue,10714.07,pending
800,63,19,2025-07-07T11:58:29Z,2025-07-13T11:58:29Z,2025-07-08T04:07:58Z,2025-07-13T22:32:17Z,overdue,28681.98,paid
801,63,8,2025-07-15T22:04:57Z,2025-07-17T22:04:57Z,2025-07-15T21:30:35Z,2025-07-17T15:56:48Z,completed,7965.05,paid
802,63,24,2025-07-19T14:46:09Z,2025-07-24T14:46:09Z,2025-07-19T09:46:15Z,2025-07-25T06:32:08Z,overdue,32585.48,pending
803,63,2,2025-07-26T01:28:51Z,2025-07-30T01:28:51Z,2025-07-26T00:46:49Z,2025-07-29T19:24:28Z,completed,8247.42,paid
804,63,16,2025-08-01T00:52:30Z,2025-08-12T00:52:30Z,2025-07-31T22:56:52Z,2025-08-12T04:59:57Z,overdue,127210.43,paid
805,63,4,2025-08-14T05:44:40Z,2025-08-22T05:44:40Z,2025-08-14T08:38:13Z,2025-08-22T14:53:20Z,overdue,82116.88,paid
806,63,19,2025-08-23T06:04:42Z,2025-08-30T06:04:42Z,2025-08-22T18:30:44Z,,active,48457.97,paid
807,64,8,2025-06-01T10:04:32Z,2025-06-09T10:04:32Z,2025-06-01T09:46:56Z,2025-06-08T12:22:49Z,completed,71569.34,pending
808,64,2,2025-06-10T06:45:16Z,2025-06-15T06:45:16Z,2025-06-10T16:58:44Z,2025-06-15T19:04:17Z,overdue,51578.98,pending
809,64,4,2025-06-16T01:43:04Z,2025-06-21T01:43:04Z,2025-06-16T07:25:35Z,2025-06-20T23:22:32Z,completed,43330.07,paid
810,64,20,2025-06-22T09:32:21Z,2025-06-23T09:32:21Z,2025-06-22T03:59:33Z,2025-06-24T04:41:29Z,overdue,25260.06,paid
811,64,10,2025-06-24T07:39:37Z,2025-06-29T07:39:37Z,2025-06-24T06:12:00Z,2025-06-29T07:35:43Z,completed,33581.88,paid
812,64,15,2025-07-01T10:59:52Z,2025-07-12T10:59:52Z,2025-07-01T20:45:13Z,2025-07-13T10:37:25Z,overdue,124587.34,paid
813,64,17,2025-07-14T10:48:47Z,2025-07-19T10:48:47Z,2025-07-14T12:35:12Z,2025-07-19T03:42:36Z,completed,56367.78,paid
814,64,17,2025-07-20T17:32:11Z,2025-07-30T17:32:11Z,2025-07-20T10:31:47Z,2025-07-31T03:17:09Z,overdue,29554.96,pending
815,64,20,2025-08-02T02:02:35Z,2025-08-04T02:02:35Z,2025-08-01T22:30:36Z,2025-08-03T21:35:37Z,completed,26879.37,paid
816,64,18,2025-08-06T11:55:30Z,2025-08-10T11:55:30Z,2025-08-06T08:41:25Z,2025-08-10T07:21:43Z,completed,66542.22,partially_paid
817,64,8,2025-08-11T20:39:02Z,2025-08-19T20:39:02Z,2025-08-11T14:01:17Z,2025-08-20T00:26:00Z,overdue,116142.68,paid
818,64,12,2025-08-20T13:22:04Z,2025-08-29T13:22:04Z,2025-08-20T10:17:19Z,,active,109085.6,paid
819,65,17,2025-06-02T07:45:58Z,2025-06-07T07:45:58Z,2025-06-02T14:50:40Z,2025-06-07T11:21:45Z,overdue,24737.52,paid
820,65,20,2025-06-08T04:24:08Z,2025-06-12T04:24:08Z,2025-06-08T07:18:20Z,2025-06-12T04:13:44Z,completed,26704.86,pending
821,65,20,2025-06-13T12:08:32Z,2025-06-21T12:08:32Z,2025-06-13T14:35:38Z,2025-06-21T11:31:24Z,completed,35306.96,pending
822,65,1,2025-06-22T13:44:25Z,2025-06-25T13:44:25Z,2025-06-22T08:25:13Z,2025-06-26T01:24:26Z,overdue,23144.24,pending
823,65,5,2025-06-27T06:15:33Z,2025-07-06T06:15:33Z,2025-06-27T02:26:07Z,2025-07-06T22:25:07Z,overdue,38959.15,paid
824,65,20,2025-07-08T04:14:48Z,2025-07-09T04:14:48Z,2025-07-08T00:44:20Z,2025-07-09T04:55:45Z,completed,3199.11,paid
825,65,4,2025-07-11T11:26:30Z,2025-07-14T11:26:30Z,2025-07-11T05:49:22Z,2025-07-14T02:27:28Z,completed,16676.77,paid
826,65,3,2025-07-15T11:36:07Z,2025-07-21T11:36:07Z,2025-07-15T10:28:40Z,2025-07-20T05:07:15Z,completed,19801.95,partially_paid
827,65,20,2025-07-22T12:52:06Z,2025-07-23T12:52:06Z,2025-07-22T09:13:37Z,2025-07-24T01:56:39Z,overdue,9721.43,paid
828,65,2,2025-07-24T08:38:33Z,2025-07-25T08:38:33Z,2025-07-24T05:38:39Z,2025-07-25T06:06:17Z,completed,4354.91,paid
829,65,8,2025-07-25T23:31:32Z,2025-08-04T23:31:32Z,2025-07-25T21:12:55Z,2025-08-05T02:13:43Z,overdue,57368.88,pending
830,65,12,2025-08-07T10:32:16Z,2025-08-13T10:32:16Z,2025-08-06T21:45:15Z,2025-08-13T14:53:54Z,overdue,51117.21,paid
831,65,5,2025-08-14T05:26:37Z,2025-08-20T05:26:37Z,2025-08-14T08:29:35Z,2025-08-22T18:58:52Z,overdue,73927.65,pending
832,65,2,2025-08-21T14:38:22Z,2025-08-22T14:38:22Z,2025-08-22T00:59:16Z,2025-08-22T14:34:26Z,completed,8285.37,paid
833,65,13,2025-08-23T14:40:05Z,2025-08-29T14:40:05Z,2025-08-23T14:23:42Z,,active,38108.74,paid
834,66,21,2025-06-05T18:20:53Z,2025-06-09T18:20:53Z,2025-06-05T20:19:31Z,2025-06-09T08:19:02Z,completed,23978.78,paid
835,66,24,2025-06-10T06:31:33Z,2025-06-18T06:31:33Z,2025-06-10T04:01:44Z,2025-06-17T20:09:43Z,completed,68848.14,paid
836,66,24,2025-06-20T11:02:25Z,2025-06-24T11:02:25Z,2025-06-20T18:35:00Z,2025-06-24T10:33:37Z,completed,40191.4,pending
837,66,24,2025-06-25T17:29:34Z,2025-07-02T17:29:34Z,2025-06-25T13:06:25Z,2025-07-03T05:09:14Z,overdue,73688.32,paid
838,66,20,2025-07-05T02:22:29Z,2025-07-13T02:22:29Z,2025-07-05T13:27:59Z,2025-07-13T02:54:56Z,completed,79712.53,pending
839,66,10,2025-07-15T14:13:53Z,2025-07-23T14:13:53Z,2025-07-15T14:49:12Z,2025-07-24T10:04:00Z,overdue,91709.83,partially_paid
840,66,24,2025-07-24T06:05:36Z,2025-07-27T06:05:36Z,2025-07-24T10:33:48Z,2025-07-27T06:28:42Z,completed,33127.82,pending
841,66,20,2025-07-28T20:42:30Z,2025-08-02T20:42:30Z,2025-07-28T21:15:31Z,2025-08-02T23:00:38Z,overdue,68830.09,paid
842,66,10,2025-08-05T03:44:18Z,2025-08-10T03:44:18Z,2025-08-05T05:01:36Z,2025-08-11T01:05:01Z,overdue,86063.64,partially_paid
843,66,2,2025-08-11T12:45:42Z,2025-08-19T12:45:42Z,2025-08-11T17:58:35Z,2025-08-19T11:48:32Z,completed,114412.0,paid
844,66,3,2025-08-21T05:13:23Z,2025-08-24T05:13:23Z,2025-08-21T10:57:17Z,2025-08-25T02:38:48Z,overdue,57058.11,paid
845,66,24,2025-08-25T17:12:28Z,2025-09-04T17:12:28Z,2025-08-25T13:35:02Z,,active,35508.94,partially_paid
846,67,2,2025-05-31T01:38:08Z,2025-06-01T01:38:08Z,2025-05-30T23:16:51Z,2025-06-01T13:46:03Z,overdue,15096.54,pending
847,67,20,2025-06-02T21:01:13Z,2025-06-06T21:01:13Z,2025-06-03T00:51:48Z,2025-06-06T22:15:47Z,overdue,39826.14,paid
848,67,3,2025-06-08T20:35:27Z,2025-06-14T20:35:27Z,2025-06-08T13:42:17Z,2025-06-14T20:53:15Z,completed,45792.7,pending
849,67,19,2025-06-16T15:58:29Z,2025-06-17T15:58:29Z,2025-06-16T14:51:12Z,2025-06-17T14:27:26Z,completed,9875.24,paid
850,67,2,2025-06-18T10:14:26Z,2025-06-27T10:14:26Z,2025-06-18T14:54:18Z,2025-06-28T01:48:03Z,overdue,111218.11,paid
851,67,19,2025-06-28T02:54:38Z,2025-07-08T02:54:38Z,2025-06-27T21:13:02Z,2025-07-08T05:58:36Z,overdue,99897.05,paid
852,67,19,2025-07-08T20:23:28Z,2025-07-16T20:23:28Z,2025-07-08T18:58:19Z,2025-07-17T03:43:35Z,overdue,93016.67,paid
853,67,21,2025-07-18T04:50:58Z,2025-07-20T04:50:58Z,2025-07-17T23:54:08Z,2025-07-19T23:00:40Z,completed,14996.58,paid
854,67,4,2025-07-22T15:41:25Z,2025-07-26T15:41:25Z,2025-07-22T09:21:04Z,2025-07-27T03:03:35Z,overdue,34334.19,partially_paid
855,67,6,2025-07-27T13:55:32Z,2025-08-01T13:55:32Z,2025-07-27T16:02:26Z,2025-08-01T11:20:46Z,completed,51717.06,pending
856,67,21,2025-08-02T08:42:17Z,2025-08-03T08:42:17Z,2025-08-02T10:19:31Z,2025-08-02T17:56:49Z,completed,12609.9,pending
857,67,4,2025-08-04T08:23:59Z,2025-08-09T08:23:59Z,2025-08-04T00:11:24Z,2025-08-09T13:46:03Z,overdue,71079.34,paid
858,67,2,2025-08-11T01:47:49Z,2025-08-19T01:47:49Z,2025-08-11T02:25:53Z,2025-08-20T09:45:10Z,overdue,127064.51,pending
859,67,21,2025-08-19T14:08:37Z,2025-08-22T14:08:37Z,2025-08-19T17:24:17Z,2025-08-22T21:10:47Z,overdue,44914.86,partially_paid
860,67,24,2025-08-23T22:07:21Z,2025-08-29T22:07:21Z,2025-08-24T05:45:23Z,,active,56643.26,pending
861,68,9,2025-06-01T00:40:34Z,2025-06-07T00:40:34Z,2025-05-31T14:44:48Z,2025-06-06T08:41:24Z,completed,76242.02,paid
862,68,16,2025-06-07T14:28:55Z,2025-06-12T14:28:55Z,2025-06-07T15:02:31Z,2025-06-12T01:33:08Z,completed,68137.17,pending
863,68,15,2025-06-14T18:09:11Z,2025-06-27T18:09:11Z,2025-06-15T03:15:05Z,2025-06-27T18:14:47Z,completed,162469.7,pending
864,68,6,2025-06-28T11:47:36Z,2025-07-04T11:47:36Z,2025-06-28T10:31:13Z,2025-07-04T01:22:01Z,completed,60516.06,failed
865,68,16,2025-07-06T23:09:32Z,2025-07-12T23:09:32Z,2025-07-07T00:42:20Z,2025-07-12T04:49:24Z,completed,75179.05,paid
866,68,5,2025-07-14T00:25:39Z,2025-07-21T00:25:39Z,2025-07-13T23:29:45Z,2025-07-19T21:09:48Z,completed,75404.69,partially_paid
867,68,22,2025-07-22T11:11:57Z,2025-07-25T11:11:57Z,2025-07-22T08:43:03Z,2025-07-27T10:32:11Z,overdue,60443.31,pending
868,68,11,2025-07-26T16:40:50Z,2025-08-02T16:40:50Z,2025-07-26T08:40:03Z,2025-08-02T22:35:09Z,overdue,79471.98,paid
869,68,24,2025-08-04T17:05:03Z,2025-08-05T17:05:03Z,2025-08-04T23:34:49Z,2025-08-05T16:48:21Z,completed,14519.75,paid
870,68,17,2025-08-06T12:40:13Z,2025-08-11T12:40:13Z,2025-08-06T20:37:30Z,2025-08-11T09:46:52Z,completed,71245.67,partially_paid
871,68,14,2025-08-13T11:17:51Z,2025-08-14T11:17:51Z,2025-08-13T07:47:46Z,2025-08-15T00:15:20Z,overdue,26304.16,paid
872,68,6,2025-08-16T18:25:10Z,2025-08-17T18:25:10Z,2025-08-16T01:25:36Z,2025-08-17T16:50:42Z,completed,17052.47,pending
873,68,15,2025-08-19T17:49:53Z,2025-08-26T17:49:53Z,2025-08-20T01:01:59Z,2025-08-26T13:16:17Z,completed,118829.52,pending
874,69,22,2025-05-31T21:56:32Z,2025-06-04T21:56:32Z,2025-06-01T04:51:56Z,2025-06-04T04:15:18Z,completed,46368.65,paid
875,69,23,2025-06-05T16:29:22Z,2025-06-09T16:29:22Z,2025-06-05T17:37:55Z,2025-06-09T22:30:26Z,overdue,53802.73,paid
876,69,19,2025-06-10T20:36:44Z,2025-06-14T20:36:44Z,2025-06-10T20:49:08Z,2025-06-14T17:24:28Z,completed,46352.44,pending
877,69,7,2025-06-17T01:29:30Z,2025-06-21T01:29:30Z,2025-06-17T04:12:45Z,2025-06-20T12:07:43Z,completed,38455.71,pending
878,69,21,2025-06-22T03:39:34Z,2025-06-28T03:39:34Z,2025-06-22T06:20:26Z,2025-06-28T01:32:35Z,completed,74408.45,partially_paid
879,69,9,2025-06-29T19:24:33Z,2025-07-05T19:24:33Z,2025-06-29T13:37:58Z,2025-07-05T19:29:57Z,completed,83290.02,failed
880,69,22,2025-07-07T06:53:29Z,2025-07-14T06:53:29Z,2025-07-07T07:50:00Z,2025-07-14T03:04:02Z,completed,92323.91,paid
881,69,9,2025-07-14T19:35:15Z,2025-07-20T19:35:15Z,2025-07-14T23:52:31Z,2025-07-20T08:52:54Z,completed,69924.66,paid
882,69,7,2025-07-21T18:15:47Z,2025-07-30T18:15:47Z,2025-07-21T16:14:44Z,2025-07-31T09:04:36Z,overdue,35873.2,partially_paid
883,69,16,2025-08-01T02:18:58Z,2025-08-10T02:18:58Z,2025-07-31T18:05:10Z,2025-08-09T18:13:42Z,completed,152430.84,paid
884,69,6,2025-08-11T10:44:59Z,2025-08-16T10:44:59Z,2025-08-11T06:02:50Z,2025-08-17T08:18:12Z,overdue,99683.48,pending
885,69,24,2025-08-18T01:33:25Z,2025-08-21T01:33:25Z,2025-08-17T22:13:25Z,2025-08-21T05:59:29Z,overdue,47093.41,pending
886,69,6,2025-08-22T06:45:38Z,2025-08-24T06:45:38Z,2025-08-22T04:23:11Z,2025-08-24T06:58:39Z,completed,34595.29,paid
887,69,22,2025-08-25T02:31:37Z,2025-08-30T02:31:37Z,2025-08-25T01:58:00Z,,active,53529.17,pending
888,70,12,2025-06-03T14:07:44Z,2025-06-04T14:07:44Z,2025-06-03T16:03:30Z,2025-06-04T23:01:41Z,overdue,11377.95,failed
889,70,2,2025-06-06T08:12:57Z,2025-06-12T08:12:57Z,2025-06-06T09:34:02Z,2025-06-13T03:40:56Z,overdue,67915.56,pending
890,70,2,2025-06-14T15:06:02Z,2025-06-16T15:06:02Z,2025-06-15T01:18:57Z,2025-06-16T18:19:13Z,overdue,17065.74,paid
891,70,19,2025-06-18T12:36:26Z,2025-06-28T12:36:26Z,2025-06-18T08:12:33Z,2025-06-30T04:02:24Z,overdue,80735.7,paid
892,70,21,2025-06-29T04:29:36Z,2025-07-07T04:29:36Z,2025-06-29T07:48:42Z,2025-07-07T15:19:22Z,overdue,66609.04,paid
893,70,2,2025-07-09T12:10:25Z,2025-07-14T12:10:25Z,2025-07-09T19:22:36Z,2025-07-14T13:12:47Z,overdue,38454.19,paid
894,70,4,2025-07-16T05:53:31Z,2025-07-17T05:53:31Z,2025-07-15T23:11:20Z,2025-07-17T06:53:24Z,completed,7236.51,paid
895,70,4,2025-07-18T20:48:30Z,2025-07-24T20:48:30Z,2025-07-18T20:28:08Z,2025-07-26T07:24:09Z,overdue,53853.32,pending
896,70,24,2025-07-25T14:15:33Z,2025-07-26T14:15:33Z,2025-07-25T15:07:14Z,2025-07-25T16:25:42Z,completed,8973.66,partially_paid
897,70,5,2025-07-27T12:19:45Z,2025-08-04T12:19:45Z,2025-07-27T11:45:45Z,2025-08-04T17:28:45Z,overdue,77455.04,partially_paid
898,70,2,2025-08-06T00:30:01Z,2025-08-09T00:30:01Z,2025-08-06T08:10:38Z,2025-08-09T02:27:54Z,overdue,37138.56,paid
899,70,3,2025-08-10T11:50:21Z,2025-08-17T11:50:21Z,2025-08-10T11:03:44Z,2025-08-17T21:12:12Z,overdue,87437.56,paid
900,70,13,2025-08-19T15:27:27Z,2025-08-22T15:27:27Z,2025-08-19T20:35:27Z,2025-08-23T19:45:54Z,overdue,52159.24,paid
901,70,3,2025-08-25T00:50:06Z,2025-09-03T00:50:06Z,2025-08-24T20:27:26Z,,active,38216.76,partially_paid
902,71,3,2025-05-31T23:43:47Z,2025-06-02T23:43:47Z,2025-06-01T03:09:50Z,2025-06-03T01:34:07Z,overdue,20803.71,paid
903,71,5,2025-06-04T21:11:23Z,2025-06-05T21:11:23Z,2025-06-04T14:13:08Z,2025-06-05T20:46:32Z,completed,10719.3,paid
904,71,17,2025-06-06T23:15:42Z,2025-06-11T23:15:42Z,2025-06-06T16:00:18Z,2025-06-12T13:33:01Z,overdue,66111.44,paid
905,71,2,2025-06-13T07:25:41Z,2025-06-19T07:25:41Z,2025-06-13T06:15:45Z,2025-06-19T03:53:21Z,completed,71583.62,pending
906,71,17,2025-06-21T13:16:27Z,2025-06-30T13:16:27Z,2025-06-21T23:12:23Z,2025-06-30T09:39:37Z,completed,101450.35,paid
907,71,10,2025-07-01T17:43:41Z,2025-07-05T17:43:41Z,2025-07-01T20:40:31Z,2025-07-05T16:28:04Z,completed,48115.48,paid
908,71,13,2025-07-07T07:10:34Z,2025-07-12T07:10:34Z,2025-07-07T11:36:50Z,2025-07-11T19:03:58Z,completed,38724.89,pending
909,71,9,2025-07-14T09:03:53Z,2025-07-23T09:03:53Z,2025-07-14T09:30:03Z,2025-07-23T08:11:09Z,completed,104296.85,paid
910,71,4,2025-07-24T10:53:45Z,2025-07-29T10:53:45Z,2025-07-24T10:40:13Z,2025-07-28T22:20:34Z,completed,3360.18,paid
911,71,21,2025-07-30T06:52:53Z,2025-08-09T06:52:53Z,2025-07-30T07:07:45Z,2025-08-09T15:47:05Z,overdue,162655.26,pending
912,71,20,2025-08-10T03:17:55Z,2025-08-18T03:17:55Z,2025-08-09T21:10:18Z,2025-08-18T17:05:35Z,overdue,133624.96,pending
913,71,19,2025-08-18T20:54:38Z,2025-08-23T20:54:38Z,2025-08-19T01:59:28Z,2025-08-23T15:12:45Z,completed,78295.69,paid
914,71,2,2025-08-24T17:45:59Z,2025-08-29T17:45:59Z,2025-08-24T14:08:58Z,,active,54754.71,partially_paid
915,72,17,2025-06-01T09:46:40Z,2025-06-08T09:46:40Z,2025-06-01T05:31:55Z,2025-06-08T06:25:58Z,completed,31478.46,partially_paid
916,72,4,2025-06-09T17:11:48Z,2025-06-14T17:11:48Z,2025-06-09T11:49:01Z,2025-06-15T18:02:10Z,overdue,32477.16,partially_paid
917,72,17,2025-06-15T12:41:14Z,2025-06-19T12:41:14Z,2025-06-14T19:14:43Z,2025-06-19T09:45:53Z,completed,14470.96,paid
918,72,8,2025-06-21T10:32:56Z,2025-06-23T10:32:56Z,2025-06-21T00:45:41Z,2025-06-22T11:34:16Z,completed,5993.24,paid
919,72,24,2025-06-25T22:15:51Z,2025-07-01T22:15:51Z,2025-06-26T06:14:10Z,2025-07-02T05:54:15Z,overdue,23692.76,partially_paid
920,72,21,2025-07-03T07:29:07Z,2025-07-07T07:29:07Z,2025-07-03T10:13:14Z,2025-07-07T05:04:54Z,completed,10201.45,pending
921,72,1,2025-07-09T04:01:47Z,2025-07-12T04:01:47Z,2025-07-08T21:06:12Z,2025-07-11T13:33:12Z,completed,18210.6,paid
922,72,2,2025-07-13T13:26:11Z,2025-07-17T13:26:11Z,2025-07-13T14:23:05Z,2025-07-17T15:40:30Z,overdue,19598.04,pending
923,72,24,2025-07-19T02:42:18Z,2025-07-23T02:42:18Z,2025-07-18T21:01:50Z,2025-07-23T08:25:47Z,overdue,20851.69,pending
924,72,20,2025-07-24T16:32:56Z,2025-07-26T16:32:56Z,2025-07-24T21:12:18Z,2025-07-25T23:15:39Z,completed,9550.85,partially_paid
925,72,19,2025-07-27T23:28:52Z,2025-07-30T23:28:52Z,2025-07-27T14:40:50Z,2025-07-30T19:49:49Z,completed,14629.79,partially_paid
926,72,4,2025-08-02T07:05:12Z,2025-08-10T07:05:12Z,2025-08-02T10:10:50Z,2025-08-11T04:11:41Z,overdue,71650.74,paid
927,72,12,2025-08-11T13:37:12Z,2025-08-18T13:37:12Z,2025-08-11T06:59:53Z,2025-08-18T12:56:20Z,completed,56278.81,partially_paid
928,72,24,2025-08-20T19:35:12Z,2025-08-23T19:35:12Z,2025-08-21T03:34:12Z,2025-08-22T23:24:47Z,completed,24073.97,paid
929,72,4,2025-08-25T03:32:09Z,2025-09-02T03:32:09Z,2025-08-25T08:53:37Z,,active,25424.01,partially_paid
930,73,19,2025-06-03T16:23:18Z,2025-06-07T16:23:18Z,2025-06-03T20:39:44Z,2025-06-09T04:43:07Z,overdue,34916.12,pending
931,73,17,2025-06-08T18:56:36Z,2025-06-12T18:56:36Z,2025-06-08T09:43:59Z,2025-06-11T04:20:45Z,completed,24949.17,pending
932,73,3,2025-06-15T05:01:41Z,2025-06-23T05:01:41Z,2025-06-14T17:43:45Z,2025-06-23T05:00:31Z,completed,54496.13,paid
933,73,15,2025-06-24T06:08:52Z,2025-07-01T06:08:52Z,2025-06-24T07:15:32Z,2025-07-01T17:39:41Z,overdue,44898.82,paid
934,73,13,2025-07-02T00:43:13Z,2025-07-08T00:43:13Z,2025-07-02T08:23:36Z,2025-07-07T19:50:28Z,completed,35702.85,paid
935,73,19,2025-07-10T04:12:53Z,2025-07-13T04:12:53Z,2025-07-09T23:34:43Z,2025-07-13T12:05:37Z,overdue,14729.06,paid
936,73,1,2025-07-14T14:27:37Z,2025-07-22T14:27:37Z,2025-07-14T17:10:04Z,2025-07-22T19:45:34Z,overdue,45298.23,paid
937,73,3,2025-07-24T09:12:25Z,2025-07-26T09:12:25Z,2025-07-24T19:12:37Z,2025-07-27T13:01:54Z,overdue,25469.19,partially_paid
938,73,21,2025-07-27T17:13:50Z,2025-08-04T17:13:50Z,2025-07-28T03:55:17Z,2025-08-03T19:27:47Z,completed,64343.1,pending
939,73,3,2025-08-06T17:56:13Z,2025-08-10T17:56:13Z,2025-08-06T13:31:31Z,2025-08-11T07:54:02Z,overdue,45330.39,paid
940,73,8,2025-08-12T05:00:01Z,2025-08-14T05:00:01Z,2025-08-12T09:32:43Z,2025-08-15T05:25:29Z,overdue,31258.57,paid
941,73,17,2025-08-16T02:19:27Z,2025-08-24T02:19:27Z,2025-08-16T04:01:36Z,2025-08-23T13:20:39Z,completed,77699.07,pending
942,73,4,2025-08-25T02:46:55Z,2025-08-28T02:46:55Z,2025-08-25T10:16:46Z,,active,29700.44,failed
943,74,10,2025-06-01T03:11:06Z,2025-06-06T03:11:06Z,2025-06-01T00:40:40Z,2025-06-06T01:06:32Z,completed,46204.42,paid
944,74,7,2025-06-07T21:51:16Z,2025-06-09T21:51:16Z,2025-06-08T09:19:23Z,2025-06-09T02:53:59Z,completed,18674.13,pending
945,74,17,2025-06-10T14:23:27Z,2025-06-16T14:23:27Z,2025-06-10T20:26:08Z,2025-06-16T06:36:37Z,completed,58238.46,paid
946,74,8,2025-06-18T18:57:03Z,2025-06-24T18:57:03Z,2025-06-19T00:34:42Z,2025-06-24T23:16:08Z,overdue,54455.81,paid
947,74,4,2025-06-25T11:33:03Z,2025-07-09T11:33:03Z,2025-06-25T01:32:21Z,2025-07-09T11:57:21Z,completed,87151.61,paid
948,74,10,2025-07-10T17:27:19Z,2025-07-15T17:27:19Z,2025-07-10T22:05:13Z,2025-07-16T08:44:04Z,overdue,49081.41,pending
949,74,5,2025-07-16T15:54:48Z,2025-07-19T15:54:48Z,2025-07-16T17:17:15Z,2025-07-18T09:13:50Z,completed,27437.6,paid
950,74,17,2025-07-21T13:01:00Z,2025-07-28T13:01:00Z,2025-07-21T14:48:21Z,2025-07-29T04:12:50Z,overdue,75581.45,paid
951,74,3,2025-07-30T15:32:26Z,2025-08-08T15:32:26Z,2025-07-30T17:44:47Z,2025-08-08T16:39:16Z,overdue,119941.18,pending
952,74,21,2025-08-09T04:22:29Z,2025-08-12T04:22:29Z,2025-08-09T00:06:05Z,2025-08-12T16:52:36Z,overdue,46512.57,paid
953,74,24,2025-08-14T11:04:54Z,2025-08-24T11:04:54Z,2025-08-14T09:39:11Z,2025-08-24T17:58:24Z,overdue,136139.98,pending
954,74,3,2025-08-25T13:42:24Z,2025-08-28T13:42:24Z,2025-08-25T20:44:35Z,,active,35378.76,failed
955,75,5,2025-05-31T22:27:31Z,2025-06-11T22:27:31Z,2025-05-31T17:11:19Z,2025-06-11T19:26:40Z,completed,85021.47,paid
956,75,1,2025-06-13T23:05:01Z,2025-06-19T23:05:01Z,2025-06-14T02:57:45Z,2025-06-19T23:43:19Z,completed,76377.46,paid
957,75,22,2025-06-20T13:07:28Z,2025-06-23T13:07:28Z,2025-06-20T18:24:47Z,2025-06-24T01:05:32Z,overdue,38691.7,pending
958,75,3,2025-06-24T06:49:58Z,2025-06-27T06:49:58Z,2025-06-24T14:57:56Z,2025-06-27T17:06:51Z,overdue,38555.99,pending
959,75,20,2025-06-27T23:27:54Z,2025-07-03T23:27:54Z,2025-06-27T23:56:33Z,2025-07-04T03:25:43Z,overdue,53997.7,partially_paid
960,75,3,2025-07-04T20:20:04Z,2025-07-07T20:20:04Z,2025-07-04T20:30:53Z,2025-07-07T13:41:19Z,completed,26310.69,paid
961,75,10,2025-07-08T21:38:55Z,2025-07-16T21:38:55Z,2025-07-08T12:16:46Z,2025-07-17T04:24:18Z,overdue,92509.91,paid
962,75,19,2025-07-18T20:37:09Z,2025-07-23T20:37:09Z,2025-07-18T19:20:57Z,2025-07-23T19:59:58Z,completed,70240.94,paid
963,75,21,2025-07-25T21:15:17Z,2025-07-30T21:15:17Z,2025-07-26T05:45:58Z,2025-07-30T10:58:02Z,completed,23359.5,paid
964,75,21,2025-08-02T04:32:04Z,2025-08-11T04:32:04Z,2025-08-02T06:33:46Z,2025-08-11T02:16:04Z,completed,119984.12,pending
965,75,10,2025-08-12T16:44:09Z,2025-08-14T16:44:09Z,2025-08-13T02:47:39Z,2025-08-14T05:04:57Z,completed,27911.15,pending
966,75,12,2025-08-16T13:03:54Z,2025-08-18T13:03:54Z,2025-08-16T19:53:20Z,2025-08-19T02:55:35Z,overdue,35202.57,paid
967,75,24,2025-08-20T01:44:57Z,2025-08-23T01:44:57Z,2025-08-20T03:02:56Z,2025-08-22T07:25:03Z,completed,41519.1,pending
968,75,12,2025-08-23T19:02:40Z,2025-09-01T19:02:40Z,2025-08-24T01:24:45Z,,active,59254.94,paid
969,76,10,2025-05-31T15:07:21Z,2025-06-07T15:07:21Z,2025-06-01T01:41:22Z,2025-06-07T17:51:38Z,overdue,86308.64,paid
970,76,9,2025-06-09T12:06:02Z,2025-06-11T12:06:02Z,2025-06-09T14:47:51Z,2025-06-12T19:09:22Z,overdue,48943.22,paid
971,76,3,2025-06-13T17:09:30Z,2025-06-15T17:09:30Z,2025-06-13T14:59:22Z,2025-06-16T07:28:10Z,overdue,31998.07,paid
972,76,1,2025-06-18T02:14:03Z,2025-06-23T02:14:03Z,2025-06-17T20:20:25Z,2025-06-24T11:07:00Z,overdue,90704.9,paid
973,76,23,2025-06-23T19:16:57Z,2025-07-05T19:16:57Z,2025-06-23T20:27:33Z,2025-07-05T08:39:46Z,completed,116423.66,pending
974,76,6,2025-07-07T02:14:00Z,2025-07-08T02:14:00Z,2025-07-07T03:46:52Z,2025-07-09T02:19:29Z,overdue,30488.9,partially_paid
975,76,9,2025-07-08T22:19:55Z,2025-07-15T22:19:55Z,2025-07-08T22:19:04Z,2025-07-15T19:34:29Z,completed,101838.38,paid
976,76,14,2025-07-18T09:53:02Z,2025-07-20T09:53:02Z,2025-07-18T14:53:32Z,2025-07-21T06:08:21Z,overdue,42966.19,paid
977,76,11,2025-07-22T08:07:53Z,2025-07-23T08:07:53Z,2025-07-22T17:40:14Z,2025-07-23T23:05:22Z,overdue,22465.42,paid
978,76,23,2025-07-25T17:24:23Z,2025-08-04T17:24:23Z,2025-07-25T09:21:13Z,2025-08-04T01:15:13Z,completed,115933.09,paid
979,76,16,2025-08-06T04:39:50Z,2025-08-11T04:39:50Z,2025-08-06T07:40:50Z,2025-08-11T09:58:11Z,overdue,93045.61,paid
980,76,7,2025-08-12T16:31:59Z,2025-08-20T16:31:59Z,2025-08-12T15:04:37Z,2025-08-20T15:58:45Z,completed,142730.59,paid
981,76,1,2025-08-22T20:23:17Z,2025-08-31T20:23:17Z,2025-08-22T14:35:59Z,,active,96116.55,paid
982,77,6,2025-06-03T11:20:09Z,2025-06-08T11:20:09Z,2025-06-03T20:52:45Z,2025-06-09T04:17:00Z,overdue,97065.53,paid
983,77,16,2025-06-10T00:17:36Z,2025-06-15T00:17:36Z,2025-06-09T21:10:37Z,2025-06-14T23:51:10Z,completed,89938.56,paid
984,77,14,2025-06-16T11:49:31Z,2025-06-23T11:49:31Z,2025-06-16T12:17:18Z,2025-06-23T05:08:45Z,completed,93415.09,paid
985,77,15,2025-06-24T00:40:25Z,2025-06-29T00:40:25Z,2025-06-24T01:08:42Z,2025-06-27T08:59:20Z,completed,81128.7,pending
986,77,16,2025-06-30T10:16:45Z,2025-07-07T10:16:45Z,2025-06-30T04:24:03Z,2025-07-07T00:18:49Z,completed,124558.48,pending
987,77,11,2025-07-09T00:59:56Z,2025-07-10T00:59:56Z,2025-07-08T14:14:08Z,2025-07-09T01:31:38Z,completed,17283.72,pending
988,77,15,2025-07-11T09:40:18Z,2025-07-14T09:40:18Z,2025-07-11T21:23:29Z,2025-07-14T06:26:39Z,completed,43911.22,pending
989,77,23,2025-07-16T06:04:22Z,2025-07-22T06:04:22Z,2025-07-16T08:28:33Z,2025-07-22T11:00:21Z,overdue,90087.09,paid
990,77,2,2025-07-23T21:03:40Z,2025-07-28T21:03:40Z,2025-07-23T13:53:22Z,2025-07-29T13:02:18Z,overdue,92102.37,paid
991,77,14,2025-07-31T07:39:47Z,2025-08-11T07:39:47Z,2025-07-30T21:34:01Z,2025-08-10T17:25:28Z,completed,264471.61,paid
992,77,7,2025-08-11T22:36:41Z,2025-08-16T22:36:41Z,2025-08-11T16:49:27Z,2025-08-17T13:47:45Z,overdue,134406.89,paid
993,77,21,2025-08-18T22:13:48Z,2025-08-21T22:13:48Z,2025-08-19T11:13:13Z,2025-08-22T10:01:42Z,overdue,73951.64,pending
994,77,14,2025-08-23T02:47:49Z,2025-08-29T02:47:49Z,2025-08-23T08:57:32Z,,active,123095.42,pending
995,78,23,2025-06-01T13:38:07Z,2025-06-05T13:38:07Z,2025-06-01T08:44:17Z,2025-06-05T14:09:04Z,completed,52406.83,paid
996,78,11,2025-06-06T17:50:23Z,2025-06-14T17:50:23Z,2025-06-06T18:40:27Z,2025-06-14T16:38:58Z,completed,55229.61,paid
997,78,12,2025-06-16T02:07:07Z,2025-06-19T02:07:07Z,2025-06-16T01:40:29Z,2025-06-19T03:14:03Z,overdue,28454.94,paid
998,78,12,2025-06-20T18:20:31Z,2025-07-01T18:20:31Z,2025-06-20T10:01:34Z,2025-07-02T04:41:06Z,overdue,120341.12,paid
999,78,21,2025-07-02T11:01:58Z,2025-07-12T11:01:58Z,2025-07-03T00:39:42Z,2025-07-12T08:31:52Z,completed,90144.59,paid
1000,78,10,2025-07-13T23:09:57Z,2025-07-20T23:09:57Z,2025-07-14T02:35:03Z,2025-07-21T00:56:50Z,overdue,73072.28,paid
1001,78,20,2025-07-23T09:41:54Z,2025-07-28T09:41:54Z,2025-07-23T12:18:51Z,2025-07-26T11:17:11Z,completed,56481.94,paid
1002,78,8,2025-07-30T14:02:11Z,2025-08-07T14:02:11Z,2025-07-30T14:47:37Z,2025-08-07T14:12:42Z,completed,118178.08,paid
1003,78,19,2025-08-09T05:33:56Z,2025-08-21T05:33:56Z,2025-08-09T01:30:57Z,2025-08-21T02:50:11Z,completed,175586.22,pending
1004,78,11,2025-08-23T10:05:11Z,2025-09-03T10:05:11Z,2025-08-23T05:05:39Z,,active,82924.06,paid
1005,79,3,2025-06-03T06:43:43Z,2025-06-08T06:43:43Z,2025-06-03T11:46:23Z,2025-06-08T13:53:14Z,overdue,50627.96,paid
1006,79,17,2025-06-10T09:19:36Z,2025-06-12T09:19:36Z,2025-06-10T06:08:01Z,2025-06-12T06:38:21Z,completed,16888.96,paid
1007,79,20,2025-06-13T09:23:15Z,2025-06-18T09:23:15Z,2025-06-13T11:56:33Z,2025-06-18T21:37:50Z,overdue,54881.08,pending
1008,79,4,2025-06-18T22:16:49Z,2025-06-19T22:16:49Z,2025-06-19T04:39:50Z,2025-06-20T05:14:17Z,overdue,9065.12,pending
1009,79,13,2025-06-22T08:27:43Z,2025-07-02T08:27:43Z,2025-06-22T11:07:38Z,2025-07-02T17:09:06Z,overdue,81307.77,paid
1010,79,12,2025-07-04T11:17:27Z,2025-07-11T11:17:27Z,2025-07-04T19:22:05Z,2025-07-12T04:36:48Z,overdue,70501.88,paid
1011,79,13,2025-07-12T02:09:54Z,2025-07-17T02:09:54Z,2025-07-12T15:47:59Z,2025-07-17T06:12:14Z,overdue,46308.58,pending
1012,79,12,2025-07-18T23:03:35Z,2025-07-25T23:03:35Z,2025-07-18T15:24:07Z,2025-07-25T12:50:11Z,completed,63265.24,failed
1013,79,12,2025-07-28T06:47:40Z,2025-08-03T06:47:40Z,2025-07-28T07:40:03Z,2025-08-03T04:27:42Z,completed,64059.24,paid
1014,79,5,2025-08-04T02:30:09Z,2025-08-10T02:30:09Z,2025-08-04T12:02:03Z,2025-08-10T11:42:41Z,overdue,82797.72,pending
1015,79,8,2025-08-10T23:42:52Z,2025-08-12T23:42:52Z,2025-08-10T23:02:43Z,2025-08-12T17:31:56Z,completed,25796.81,paid
1016,79,2,2025-08-14T08:38:56Z,2025-08-18T08:38:56Z,2025-08-14T06:10:02Z,2025-08-18T07:32:43Z,completed,50158.58,paid
1017,79,8,2025-08-18T22:02:51Z,2025-08-20T22:02:51Z,2025-08-18T21:16:54Z,2025-08-20T17:08:15Z,completed,25965.01,pending
1018,79,13,2025-08-23T02:58:07Z,2025-08-24T02:58:07Z,2025-08-23T15:17:11Z,2025-08-25T04:06:08Z,overdue,27546.57,pending
1019,79,8,2025-08-26T10:00:03Z,2025-08-30T10:00:03Z,2025-08-26T10:06:50Z,,active,23824.21,partially_paid
1020,80,3,2025-06-02T12:47:08Z,2025-06-13T12:47:08Z,2025-06-03T00:10:09Z,2025-06-13T16:39:34Z,overdue,44403.47,paid
1021,80,19,2025-06-15T17:14:15Z,2025-06-24T17:14:15Z,2025-06-15T18:17:21Z,2025-06-23T22:04:53Z,completed,35008.88,partially_paid
1022,80,24,2025-06-26T06:17:29Z,2025-06-30T06:17:29Z,2025-06-26T07:04:59Z,2025-06-30T01:43:06Z,completed,20581.91,paid
1023,80,3,2025-07-02T12:45:02Z,2025-07-07T12:45:02Z,2025-07-02T12:12:08Z,2025-07-07T15:53:20Z,overdue,21344.24,paid
1024,80,24,2025-07-09T16:42:10Z,2025-07-15T16:42:10Z,2025-07-09T10:20:20Z,2025-07-15T08:18:53Z,completed,26578.4,pending
1025,80,6,2025-07-17T01:00:01Z,2025-07-19T01:00:01Z,2025-07-17T06:52:02Z,2025-07-18T15:27:54Z,completed,8909.05,paid
1026,80,2,2025-07-20T08:36:09Z,2025-07-29T08:36:09Z,2025-07-20T16:55:14Z,2025-07-29T07:59:18Z,completed,699.3,paid
1027,80,12,2025-07-31T18:08:26Z,2025-08-01T18:08:26Z,2025-07-31T15:58:22Z,2025-08-01T20:15:29Z,overdue,8353.09,pending
1028,80,4,2025-08-02T19:28:18Z,2025-08-04T19:28:18Z,2025-08-02T16:22:50Z,2025-08-05T10:58:51Z,overdue,20254.87,paid
1029,80,20,2025-08-06T22:53:50Z,2025-08-13T22:53:50Z,2025-08-06T17:21:00Z,2025-08-13T21:46:17Z,completed,51954.35,paid
1030,80,22,2025-08-16T01:14:47Z,2025-08-21T01:14:47Z,2025-08-15T23:57:57Z,2025-08-21T05:32:20Z,overdue,45487.55,paid
1031,80,10,2025-08-22T04:05:29Z,2025-08-26T04:05:29Z,2025-08-22T07:09:37Z,2025-08-28T03:27:22Z,overdue,46309.25,paid
1032,80,13,2025-08-27T17:46:01Z,2025-09-04T17:46:01Z,2025-08-27T17:28:43Z,,active,3173.74,partially_paid
1033,81,6,2025-06-03T16:36:02Z,2025-06-07T16:36:02Z,2025-06-03T23:41:04Z,2025-06-07T08:07:18Z,completed,58219.45,paid
1034,81,7,2025-06-08T18:52:37Z,2025-06-14T18:52:37Z,2025-06-08T19:11:03Z,2025-06-14T13:20:32Z,completed,89555.81,paid
1035,81,15,2025-06-17T01:05:29Z,2025-06-18T01:05:29Z,2025-06-17T03:01:45Z,2025-06-18T04:40:18Z,overdue,19630.99,paid
1036,81,16,2025-06-18T16:56:09Z,2025-06-25T16:56:09Z,2025-06-18T13:44:03Z,2025-06-26T09:33:55Z,overdue,100411.1,paid
1037,81,6,2025-06-27T21:18:42Z,2025-06-30T21:18:42Z,2025-06-28T07:35:02Z,2025-06-29T15:40:48Z,completed,55062.57,paid
1038,81,22,2025-07-02T09:36:57Z,2025-07-09T09:36:57Z,2025-07-02T12:28:06Z,2025-07-09T00:04:04Z,completed,116307.15,paid
1039,81,1,2025-07-10T13:18:02Z,2025-07-17T13:18:02Z,2025-07-10T20:58:40Z,2025-07-16T07:01:32Z,completed,97022.43,pending
1040,81,1,2025-07-18T22:35:03Z,2025-07-25T22:35:03Z,2025-07-18T07:37:28Z,2025-07-25T15:42:08Z,completed,109496.51,paid
1041,81,6,2025-07-27T01:38:34Z,2025-08-06T01:38:34Z,2025-07-26T22:09:07Z,2025-08-05T20:06:30Z,completed,188726.78,paid
1042,81,7,2025-08-08T02:29:16Z,2025-08-13T02:29:16Z,2025-08-08T14:53:43Z,2025-08-11T18:20:13Z,completed,120644.31,paid
1043,81,16,2025-08-15T04:32:05Z,2025-08-17T04:32:05Z,2025-08-15T13:31:09Z,2025-08-19T00:43:15Z,overdue,91437.42,pending
1044,81,14,2025-08-18T00:51:42Z,2025-08-23T00:51:42Z,2025-08-17T17:25:39Z,2025-08-24T21:52:31Z,overdue,164630.17,pending
1045,81,13,2025-08-24T08:45:27Z,2025-09-03T08:45:27Z,2025-08-24T12:49:52Z,,active,81104.1,partially_paid
1046,82,20,2025-06-02T18:56:51Z,2025-06-07T18:56:51Z,2025-06-02T17:59:07Z,2025-06-08T03:28:45Z,overdue,44132.94,pending
1047,82,8,2025-06-08T11:13:06Z,2025-06-18T11:13:06Z,2025-06-08T16:29:42Z,2025-06-17T21:17:37Z,completed,73465.05,pending
1048,82,8,2025-06-19T18:28:05Z,2025-06-29T18:28:05Z,2025-06-19T20:20:49Z,2025-06-29T21:49:29Z,overdue,70886.96,partially_paid
1049,82,2,2025-06-30T14:38:02Z,2025-07-10T14:38:02Z,2025-06-30T07:57:52Z,2025-07-10T18:19:40Z,overdue,69066.01,paid
1050,82,20,2025-07-12T22:47:37Z,2025-07-16T22:47:37Z,2025-07-12T13:23:11Z,2025-07-17T05:52:13Z,overdue,26703.4,pending
1051,82,24,2025-07-17T20:32:40Z,2025-07-30T20:32:40Z,2025-07-17T09:30:14Z,2025-07-30T21:56:08Z,overdue,20539.23,paid
1052,82,5,2025-08-01T02:53:02Z,2025-08-08T02:53:02Z,2025-08-01T03:37:21Z,2025-08-08T04:51:19Z,overdue,81064.49,partially_paid
1053,82,12,2025-08-09T04:27:59Z,2025-08-11T04:27:59Z,2025-08-09T05:51:47Z,2025-08-11T02:16:22Z,completed,21626.88,paid
1054,82,5,2025-08-11T17:50:51Z,2025-08-12T17:50:51Z,2025-08-12T01:00:54Z,2025-08-13T11:45:40Z,overdue,21387.59,partially_paid
1055,82,13,2025-08-13T23:35:24Z,2025-08-19T23:35:24Z,2025-08-14T00:57:53Z,2025-08-20T02:18:55Z,overdue,69663.83,paid
1056,82,12,2025-08-22T05:25:10Z,2025-08-28T05:25:10Z,2025-08-22T10:50:37Z,2025-08-28T04:38:12Z,completed,68539.96,paid
1057,83,2,2025-06-03T23:07:52Z,2025-06-12T23:07:52Z,2025-06-04T01:03:21Z,2025-06-12T23:41:12Z,completed,123636.48,partially_paid
1058,83,22,2025-06-14T09:44:09Z,2025-06-16T09:44:09Z,2025-06-14T11:27:28Z,2025-06-15T20:36:59Z,completed,27497.34,partially_paid
1059,83,1,2025-06-18T02:27:04Z,2025-06-22T02:27:04Z,2025-06-17T21:33:32Z,2025-06-22T02:20:46Z,completed,62943.04,paid
1060,83,23,2025-06-23T08:44:10Z,2025-07-05T08:44:10Z,2025-06-23T16:43:27Z,2025-07-06T04:03:21Z,overdue,187149.15,partially_paid
1061,83,11,2025-07-06T23:35:42Z,2025-07-08T23:35:42Z,2025-07-07T00:01:21Z,2025-07-08T19:20:27Z,completed,37970.68,paid
1062,83,6,2025-07-10T03:52:32Z,2025-07-13T03:52:32Z,2025-07-09T22:22:00Z,2025-07-13T15:13:10Z,overdue,56604.36,paid
1063,83,2,2025-07-13T22:40:54Z,2025-07-17T22:40:54Z,2025-07-14T05:05:31Z,2025-07-18T18:44:25Z,overdue,74279.45,paid
1064,83,14,2025-07-20T09:24:13Z,2025-08-01T09:24:13Z,2025-07-20T00:31:37Z,2025-08-02T18:57:12Z,overdue,104189.91,paid
1065,83,11,2025-08-03T15:29:47Z,2025-08-12T15:29:47Z,2025-08-03T09:39:22Z,2025-08-13T07:05:39Z,overdue,220952.72,paid
1066,83,16,2025-08-13T11:24:56Z,2025-08-20T11:24:56Z,2025-08-13T10:03:03Z,2025-08-20T00:53:47Z,completed,159434.66,pending
1067,83,16,2025-08-22T16:21:41Z,2025-08-25T16:21:41Z,2025-08-23T04:39:37Z,2025-08-25T16:40:53Z,completed,68724.6,pending
1068,83,9,2025-08-26T15:23:41Z,2025-09-03T15:23:41Z,2025-08-26T10:38:57Z,,active,37350.73,paid
1069,84,16,2025-06-02T03:23:28Z,2025-06-11T03:23:28Z,2025-06-01T19:17:37Z,2025-06-11T01:58:39Z,completed,90130.3,paid
1070,84,7,2025-06-12T14:40:51Z,2025-06-18T14:40:51Z,2025-06-12T15:20:56Z,2025-06-18T14:53:28Z,completed,68677.96,pending
1071,84,6,2025-06-20T20:21:11Z,2025-06-27T20:21:11Z,2025-06-21T00:30:37Z,2025-06-28T14:04:30Z,overdue,81557.32,paid
1072,84,9,2025-06-29T11:23:20Z,2025-07-02T11:23:20Z,2025-06-29T09:41:02Z,2025-07-03T07:37:23Z,overdue,49813.89,partially_paid
1073,84,15,2025-07-04T00:38:16Z,2025-07-12T00:38:16Z,2025-07-03T16:24:02Z,2025-07-12T13:55:27Z,overdue,92585.28,pending
1074,84,11,2025-07-13T12:32:49Z,2025-07-14T12:32:49Z,2025-07-13T12:49:43Z,2025-07-14T13:53:07Z,overdue,14413.86,paid
1075,84,22,2025-07-16T09:13:04Z,2025-07-19T09:13:04Z,2025-07-16T04:12:42Z,2025-07-20T07:49:48Z,overdue,51677.03,pending
1076,84,15,2025-07-20T12:44:51Z,2025-07-21T12:44:51Z,2025-07-20T08:57:04Z,2025-07-22T05:37:22Z,overdue,23226.54,paid
1077,84,22,2025-07-22T22:32:32Z,2025-07-26T22:32:32Z,2025-07-22T21:07:35Z,2025-07-27T14:14:33Z,overdue,42442.79,paid
1078,84,16,2025-07-27T12:38:49Z,2025-08-03T12:38:49Z,2025-07-27T14:14:52Z,2025-08-03T11:57:07Z,completed,86519.48,paid
1079,84,22,2025-08-05T11:53:39Z,2025-08-12T11:53:39Z,2025-08-05T11:09:06Z,2025-08-12T14:05:27Z,overdue,115131.02,failed
1080,84,1,2025-08-14T14:22:08Z,2025-08-18T14:22:08Z,2025-08-14T13:16:25Z,2025-08-18T01:09:35Z,completed,64955.81,paid
1081,84,9,2025-08-20T07:16:44Z,2025-08-25T07:16:44Z,2025-08-20T02:24:47Z,2025-08-25T03:35:15Z,completed,81389.21,partially_paid
1082,84,7,2025-08-27T12:49:25Z,2025-09-02T12:49:25Z,2025-08-27T14:06:00Z,,active,11550.8,paid
1083,85,6,2025-06-02T16:48:54Z,2025-06-06T16:48:54Z,2025-06-02T19:15:48Z,2025-06-06T22:33:10Z,overdue,61466.43,paid
1084,85,23,2025-06-08T16:08:16Z,2025-06-15T16:08:16Z,2025-06-08T11:11:01Z,2025-06-15T21:55:20Z,overdue,125315.42,paid
1085,85,9,2025-06-16T08:45:04Z,2025-06-23T08:45:04Z,2025-06-16T08:47:39Z,2025-06-22T11:10:14Z,completed,92758.29,partially_paid
1086,85,15,2025-06-24T19:37:12Z,2025-06-30T19:37:12Z,2025-06-25T08:53:43Z,2025-06-30T19:22:55Z,completed,80370.82,paid
1087,85,21,2025-07-02T01:17:44Z,2025-07-05T01:17:44Z,2025-07-02T03:32:08Z,2025-07-05T07:02:44Z,overdue,45436.76,pending
1088,85,9,2025-07-06T05:41:57Z,2025-07-15T05:41:57Z,2025-07-05T22:09:07Z,2025-07-15T20:57:09Z,overdue,137119.56,paid
1089,85,23,2025-07-17T14:22:16Z,2025-07-24T14:22:16Z,2025-07-17T13:31:06Z,2025-07-24T21:47:03Z,overdue,104603.34,paid
1090,85,16,2025-07-25T23:21:52Z,2025-08-03T23:21:52Z,2025-07-26T04:35:54Z,2025-08-03T16:55:34Z,completed,123723.95,partially_paid
1091,85,9,2025-08-05T20:12:41Z,2025-08-13T20:12:41Z,2025-08-05T19:49:24Z,2025-08-14T00:15:53Z,overdue,176559.38,paid
1092,85,2,2025-08-14T10:30:08Z,2025-08-20T10:30:08Z,2025-08-14T09:36:03Z,2025-08-21T04:16:01Z,overdue,125809.59,paid
1093,85,22,2025-08-21T18:19:38Z,2025-08-26T18:19:38Z,2025-08-21T11:36:36Z,2025-08-26T15:31:38Z,completed,108244.68,paid
1094,86,16,2025-06-03T15:31:06Z,2025-06-09T15:31:06Z,2025-06-03T22:53:37Z,2025-06-09T19:11:40Z,overdue,95884.95,pending
1095,86,23,2025-06-10T22:22:49Z,2025-06-13T22:22:49Z,2025-06-11T13:17:29Z,2025-06-14T02:03:28Z,overdue,46128.24,paid
1096,86,22,2025-06-15T08:13:13Z,2025-06-24T08:13:13Z,2025-06-15T07:18:36Z,2025-06-24T23:24:29Z,overdue,129958.2,paid
1097,86,9,2025-06-26T16:17:23Z,2025-07-04T16:17:23Z,2025-06-26T23:35:56Z,2025-07-04T22:05:49Z,overdue,113750.97,paid
1098,86,6,2025-07-06T09:17:03Z,2025-07-14T09:17:03Z,2025-07-06T07:23:37Z,2025-07-14T05:56:04Z,completed,95881.93,pending
1099,86,21,2025-07-15T16:14:27Z,2025-07-21T16:14:27Z,2025-07-15T21:50:23Z,2025-07-21T16:33:12Z,completed,68238.95,paid
1100,86,22,2025-07-23T21:56:33Z,2025-08-01T21:56:33Z,2025-07-24T06:39:29Z,2025-08-01T10:20:02Z,completed,76589.47,paid
1101,86,23,2025-08-04T00:58:22Z,2025-08-07T00:58:22Z,2025-08-04T00:07:50Z,2025-08-07T13:51:44Z,overdue,72014.99,paid
1102,86,5,2025-08-09T03:35:44Z,2025-08-13T03:35:44Z,2025-08-09T11:42:32Z,2025-08-13T03:49:12Z,completed,68881.91,pending
1103,86,1,2025-08-13T16:21:29Z,2025-08-19T16:21:29Z,2025-08-13T07:44:33Z,2025-08-19T11:00:22Z,completed,122622.73,paid
1104,86,23,2025-08-21T11:32:44Z,2025-08-27T11:32:44Z,2025-08-20T22:45:00Z,,active,122266.69,paid
1105,86,7,2025-08-28T03:40:41Z,2025-09-02T03:40:41Z,2025-08-28T23:08:12Z,,active,2429.32,pending
1106,87,13,2025-05-31T21:44:56Z,2025-06-05T21:44:56Z,2025-05-31T21:06:39Z,2025-06-06T11:50:36Z,overdue,65244.58,failed
1107,87,19,2025-06-07T13:50:23Z,2025-06-18T13:50:23Z,2025-06-07T04:00:41Z,2025-06-17T07:15:19Z,completed,117459.5,paid
1108,87,23,2025-06-19T17:51:52Z,2025-06-23T17:51:52Z,2025-06-19T21:21:39Z,2025-06-24T01:36:15Z,overdue,51769.64,paid
1109,87,21,2025-06-25T05:39:30Z,2025-07-04T05:39:30Z,2025-06-24T22:27:36Z,2025-07-03T02:10:18Z,completed,83518.61,paid
1110,87,19,2025-07-05T17:03:29Z,2025-07-13T17:03:29Z,2025-07-05T12:05:20Z,2025-07-12T10:18:10Z,completed,83641.97,partially_paid
1111,87,5,2025-07-16T00:30:06Z,2025-07-22T00:30:06Z,2025-07-16T05:15:38Z,2025-07-22T02:41:42Z,overdue,60256.07,paid
1112,87,3,2025-07-23T08:45:28Z,2025-07-27T08:45:28Z,2025-07-23T07:48:06Z,2025-07-27T07:58:57Z,completed,37265.92,paid
1113,87,20,2025-07-29T15:26:11Z,2025-07-30T15:26:11Z,2025-07-29T11:08:54Z,2025-07-31T08:49:03Z,overdue,29353.46,paid
1114,87,10,2025-08-01T12:55:02Z,2025-08-07T12:55:02Z,2025-08-01T13:55:32Z,2025-08-06T23:55:48Z,completed,93947.36,paid
1115,87,19,2025-08-08T21:56:47Z,2025-08-13T21:56:47Z,2025-08-08T08:53:03Z,2025-08-14T07:17:42Z,overdue,85604.72,paid
1116,87,20,2025-08-15T14:50:50Z,2025-08-25T14:50:50Z,2025-08-15T06:00:09Z,2025-08-25T11:04:14Z,completed,156622.57,partially_paid
1117,87,12,2025-08-27T13:33:04Z,2025-09-02T13:33:04Z,2025-08-27T21:04:05Z,,active,10502.06,paid
1118,88,4,2025-06-05T00:51:24Z,2025-06-08T00:51:24Z,2025-06-04T13:02:35Z,2025-06-08T06:07:53Z,overdue,13650.37,paid
1119,88,4,2025-06-10T00:49:15Z,2025-06-22T00:49:15Z,2025-06-10T02:29:06Z,2025-06-22T01:46:05Z,completed,68999.0,pending
1120,88,13,2025-06-23T12:26:45Z,2025-06-29T12:26:45Z,2025-06-23T12:22:45Z,2025-06-29T08:20:34Z,completed,29997.88,pending
1121,88,9,2025-06-30T02:42:15Z,2025-07-08T02:42:15Z,2025-06-30T04:03:32Z,2025-07-08T04:59:51Z,overdue,41602.63,pending
1122,88,2,2025-07-10T06:26:45Z,2025-07-13T06:26:45Z,2025-07-10T14:16:00Z,2025-07-14T00:09:28Z,overdue,22538.77,paid
1123,88,17,2025-07-13T23:54:59Z,2025-07-17T23:54:59Z,2025-07-14T05:55:38Z,2025-07-17T22:35:05Z,completed,18293.19,paid
1124,88,2,2025-07-19T04:15:07Z,2025-07-22T04:15:07Z,2025-07-18T23:41:37Z,2025-07-21T00:08:20Z,completed,19222.79,paid
1125,88,17,2025-07-24T11:16:30Z,2025-07-31T11:16:30Z,2025-07-24T00:17:18Z,2025-07-30T21:05:05Z,completed,20943.94,pending
1126,88,24,2025-08-01T01:41:43Z,2025-08-02T01:41:43Z,2025-08-01T01:10:44Z,2025-08-02T02:47:20Z,overdue,9774.69,paid
1127,88,20,2025-08-02T19:01:12Z,2025-08-07T19:01:12Z,2025-08-02T12:45:52Z,2025-08-07T05:31:34Z,completed,46087.69,failed
1128,88,17,2025-08-08T11:54:35Z,2025-08-15T11:54:35Z,2025-08-08T08:36:23Z,2025-08-15T13:20:33Z,overdue,64973.74,paid
1129,88,4,2025-08-17T17:42:41Z,2025-08-20T17:42:41Z,2025-08-17T18:47:52Z,2025-08-21T20:51:48Z,overdue,39715.36,paid
1130,88,3,2025-08-22T18:17:09Z,2025-08-29T18:17:09Z,2025-08-22T15:48:40Z,,active,49986.72,paid
1131,89,12,2025-06-04T02:42:09Z,2025-06-09T02:42:09Z,2025-06-04T02:44:59Z,2025-06-09T01:18:23Z,completed,51216.2,pending
1132,89,8,2025-06-11T06:46:24Z,2025-06-16T06:46:24Z,2025-06-11T08:02:45Z,2025-06-15T21:45:49Z,completed,55233.73,pending
1133,89,10,2025-06-17T12:39:01Z,2025-06-19T12:39:01Z,2025-06-17T04:19:09Z,2025-06-18T16:15:09Z,completed,21690.73,pending
1134,89,24,2025-06-21T12:48:15Z,2025-06-23T12:48:15Z,2025-06-21T13:45:40Z,2025-06-23T09:17:03Z,completed,15103.58,paid
1135,89,13,2025-06-24T20:38:52Z,2025-07-01T20:38:52Z,2025-06-24T20:51:22Z,2025-06-30T05:23:24Z,completed,92480.99,paid
1136,89,13,2025-07-03T17:23:36Z,2025-07-10T17:23:36Z,2025-07-03T22:15:30Z,2025-07-10T14:47:40Z,completed,74519.83,pending
1137,89,3,2025-07-12T20:05:36Z,2025-07-19T20:05:36Z,2025-07-12T14:57:15Z,2025-07-19T22:54:58Z,overdue,70248.5,paid
1138,89,12,2025-07-21T21:10:02Z,2025-07-23T21:10:02Z,2025-07-21T10:24:31Z,2025-07-23T18:44:50Z,completed,18851.88,paid
1139,89,2,2025-07-25T15:57:27Z,2025-07-30T15:57:27Z,2025-07-25T13:34:17Z,2025-07-29T18:02:24Z,completed,21245.61,partially_paid
1140,89,8,2025-08-01T18:18:47Z,2025-08-05T18:18:47Z,2025-08-01T19:55:43Z,2025-08-05T20:22:37Z,overdue,57669.09,partially_paid
1141,89,21,2025-08-07T15:57:03Z,2025-08-13T15:57:03Z,2025-08-07T11:55:49Z,2025-08-14T17:17:33Z,overdue,102413.49,partially_paid
1142,89,17,2025-08-14T04:19:49Z,2025-08-16T04:19:49Z,2025-08-14T07:15:20Z,2025-08-17T01:18:25Z,overdue,43123.76,pending
1143,89,17,2025-08-17T11:43:09Z,2025-08-24T11:43:09Z,2025-08-17T10:30:15Z,2025-08-24T07:32:56Z,completed,99521.62,paid
1144,89,24,2025-08-25T20:56:32Z,2025-09-03T20:56:32Z,2025-08-25T12:24:15Z,,active,33498.1,paid
1145,90,11,2025-06-01T08:38:56Z,2025-06-05T08:38:56Z,2025-06-01T16:04:29Z,2025-06-05T14:32:36Z,overdue,25399.04,paid
1146,90,17,2025-06-07T14:52:58Z,2025-06-10T14:52:58Z,2025-06-07T13:01:16Z,2025-06-10T12:24:01Z,completed,10136.88,pending
1147,90,24,2025-06-12T05:22:07Z,2025-06-15T05:22:07Z,2025-06-12T11:14:31Z,2025-06-14T12:15:17Z,completed,15040.97,pending
1148,90,8,2025-06-17T12:06:14Z,2025-06-27T12:06:14Z,2025-06-17T17:04:24Z,2025-06-27T19:52:13Z,overdue,39507.97,paid
1149,90,3,2025-06-29T10:58:35Z,2025-07-03T10:58:35Z,2025-06-29T10:04:36Z,2025-07-02T14:11:28Z,completed,17346.73,paid
1150,90,3,2025-07-04T11:26:41Z,2025-07-08T11:26:41Z,2025-07-04T14:24:24Z,2025-07-08T13:12:57Z,overdue,20397.74,paid
1151,90,21,2025-07-09T05:25:58Z,2025-07-11T05:25:58Z,2025-07-09T03:14:23Z,2025-07-11T05:26:42Z,completed,5228.83,paid
1152,90,19,2025-07-12T04:45:55Z,2025-07-13T04:45:55Z,2025-07-12T08:18:48Z,2025-07-12T22:19:53Z,completed,3700.71,partially_paid
1153,90,19,2025-07-14T22:53:49Z,2025-07-19T22:53:49Z,2025-07-14T20:11:07Z,2025-07-19T19:52:13Z,completed,27794.69,paid
1154,90,19,2025-07-21T18:54:34Z,2025-07-26T18:54:34Z,2025-07-21T17:36:57Z,2025-07-26T16:56:34Z,completed,20652.21,paid
1155,90,10,2025-07-28T07:51:12Z,2025-07-31T07:51:12Z,2025-07-28T09:46:14Z,2025-08-01T07:26:54Z,overdue,24972.61,pending
1156,90,4,2025-08-02T09:13:25Z,2025-08-08T09:13:25Z,2025-08-02T15:12:02Z,2025-08-07T13:44:58Z,completed,46430.18,paid
1157,90,5,2025-08-09T01:09:26Z,2025-08-15T01:09:26Z,2025-08-08T18:34:23Z,2025-08-14T11:08:00Z,completed,46091.23,paid
1158,90,19,2025-08-16T06:53:00Z,2025-08-19T06:53:00Z,2025-08-16T14:02:05Z,2025-08-19T22:58:55Z,overdue,28576.19,paid
1159,90,20,2025-08-21T12:44:24Z,2025-08-27T12:44:24Z,2025-08-21T03:32:38Z,2025-08-27T13:17:09Z,completed,46330.39,paid
1160,91,4,2025-06-04T03:57:43Z,2025-06-10T03:57:43Z,2025-06-04T05:00:54Z,2025-06-09T08:36:54Z,completed,42891.72,paid
1161,91,17,2025-06-11T13:55:55Z,2025-06-14T13:55:55Z,2025-06-11T13:32:51Z,2025-06-15T06:13:22Z,overdue,29943.03,pending
1162,91,21,2025-06-15T12:08:20Z,2025-06-16T12:08:20Z,2025-06-15T11:09:58Z,2025-06-16T13:37:06Z,overdue,9475.82,paid
1163,91,14,2025-06-18T20:22:49Z,2025-06-26T20:22:49Z,2025-06-19T00:32:15Z,2025-06-26T22:35:06Z,overdue,76946.95,paid
1164,91,3,2025-06-27T22:16:51Z,2025-06-30T22:16:51Z,2025-06-27T10:49:58Z,2025-06-30T21:00:19Z,completed,25861.67,partially_paid
1165,91,24,2025-07-02T00:50:14Z,2025-07-11T00:50:14Z,2025-07-02T09:11:53Z,2025-07-11T04:07:51Z,overdue,58068.34,paid
1166,91,8,2025-07-12T09:04:54Z,2025-07-19T09:04:54Z,2025-07-12T11:21:34Z,2025-07-19T02:32:59Z,completed,59974.19,pending
1167,91,3,2025-07-21T12:23:58Z,2025-07-26T12:23:58Z,2025-07-21T22:24:50Z,2025-07-26T03:17:55Z,completed,48837.0,pending
1168,91,8,2025-07-27T02:32:40Z,2025-08-06T02:32:40Z,2025-07-27T00:36:44Z,2025-08-06T23:56:10Z,overdue,111312.75,partially_paid
1169,91,21,2025-08-08T04:02:57Z,2025-08-09T04:02:57Z,2025-08-08T07:33:52Z,2025-08-08T18:18:35Z,completed,12694.97,pending
1170,91,24,2025-08-09T22:41:53Z,2025-08-10T22:41:53Z,2025-08-10T00:00:34Z,2025-08-11T12:17:54Z,overdue,19995.26,paid
1171,91,24,2025-08-13T04:16:58Z,2025-08-16T04:16:58Z,2025-08-12T19:17:19Z,2025-08-16T06:39:15Z,overdue,39403.63,paid
1172,91,10,2025-08-17T10:52:12Z,2025-08-22T10:52:12Z,2025-08-17T14:09:36Z,2025-08-23T02:26:43Z,overdue,72393.48,partially_paid
1173,91,20,2025-08-24T17:35:32Z,2025-08-29T17:35:32Z,2025-08-25T04:43:30Z,,active,43332.84,pending
1174,92,11,2025-06-01T03:43:18Z,2025-06-05T03:43:18Z,2025-05-31T18:03:08Z,2025-06-05T03:33:04Z,completed,58198.38,pending
1175,92,20,2025-06-06T18:34:14Z,2025-06-10T18:34:14Z,2025-06-07T00:19:56Z,2025-06-11T03:50:08Z,overdue,52578.07,paid
1176,92,16,2025-06-13T04:31:14Z,2025-06-15T04:31:14Z,2025-06-13T05:33:15Z,2025-06-15T15:38:14Z,overdue,46499.85,pending
1177,92,1,2025-06-17T00:07:00Z,2025-06-27T00:07:00Z,2025-06-17T05:26:31Z,2025-06-27T06:47:15Z,overdue,168441.82,pending
1178,92,22,2025-06-29T03:56:31Z,2025-07-05T03:56:31Z,2025-06-29T06:16:19Z,2025-07-05T19:55:44Z,overdue,104718.91,paid
1179,92,1,2025-07-06T21:04:16Z,2025-07-08T21:04:16Z,2025-07-06T18:58:28Z,2025-07-08T14:54:26Z,completed,33948.46,partially_paid
1180,92,1,2025-07-10T01:23:20Z,2025-07-17T01:23:20Z,2025-07-10T08:46:13Z,2025-07-16T18:13:49Z,completed,115931.56,paid
1181,92,4,2025-07-18T01:44:00Z,2025-07-19T01:44:00Z,2025-07-17T23:15:36Z,2025-07-19T16:51:42Z,overdue,33032.26,paid
1182,92,7,2025-07-19T22:30:06Z,2025-07-26T22:30:06Z,2025-07-20T01:04:14Z,2025-07-26T22:16:50Z,completed,127207.67,paid
1183,92,14,2025-07-27T18:37:22Z,2025-07-29T18:37:22Z,2025-07-27T21:42:52Z,2025-07-29T16:04:41Z,completed,11535.81,paid
1184,92,5,2025-07-30T20:55:40Z,2025-08-11T20:55:40Z,2025-07-31T00:21:03Z,2025-08-11T17:39:07Z,completed,230093.32,paid
1185,92,6,2025-08-13T02:57:09Z,2025-08-17T02:57:09Z,2025-08-13T02:23:41Z,2025-08-17T02:57:56Z,completed,90475.9,pending
1186,92,18,2025-08-18T19:36:31Z,2025-08-27T19:36:31Z,2025-08-18T20:43:38Z,2025-08-27T10:54:42Z,completed,203030.3,paid
1187,93,13,2025-06-01T00:05:14Z,2025-06-12T00:05:14Z,2025-06-01T00:22:59Z,2025-06-12T00:47:39Z,completed,97495.67,paid
1188,93,18,2025-06-14T07:56:47Z,2025-06-18T07:56:47Z,2025-06-14T10:07:31Z,2025-06-18T20:55:17Z,overdue,55098.09,paid
1189,93,24,2025-06-19T07:46:11Z,2025-06-20T07:46:11Z,2025-06-19T19:51:41Z,2025-06-20T12:24:46Z,overdue,11742.86,paid
1190,93,17,2025-06-21T17:10:37Z,2025-06-25T17:10:37Z,2025-06-21T10:33:48Z,2025-06-25T20:05:41Z,overdue,46046.35,partially_paid
1191,93,24,2025-06-26T23:05:44Z,2025-07-02T23:05:44Z,2025-06-27T01:13:46Z,2025-07-03T01:41:37Z,overdue,56391.56,partially_paid
1192,93,2,2025-07-05T09:14:25Z,2025-07-12T09:14:25Z,2025-07-05T17:55:27Z,2025-07-12T09:15:36Z,completed,61133.08,paid
1193,93,4,2025-07-14T13:03:01Z,2025-07-16T13:03:01Z,2025-07-14T21:13:32Z,2025-07-16T13:04:30Z,completed,15505.46,partially_paid
1194,93,20,2025-07-18T00:11:43Z,2025-08-02T00:11:43Z,2025-07-17T17:27:15Z,2025-08-02T04:41:31Z,overdue,56089.24,paid
1195,93,17,2025-08-03T18:32:28Z,2025-08-04T18:32:28Z,2025-08-03T21:51:36Z,2025-08-04T16:31:40Z,completed,14014.59,pending
1196,93,3,2025-08-06T08:10:39Z,2025-08-17T08:10:39Z,2025-08-06T03:31:47Z,2025-08-16T18:31:24Z,completed,150876.78,pending
1197,93,8,2025-08-18T02:52:50Z,2025-08-22T02:52:50Z,2025-08-17T15:01:40Z,2025-08-22T23:58:57Z,overdue,70071.69,pending
1198,93,20,2025-08-23T15:06:43Z,2025-08-24T15:06:43Z,2025-08-23T15:16:58Z,2025-08-22T21:38:21Z,completed,12861.8,paid
1199,93,8,2025-08-27T02:08:05Z,2025-09-01T02:08:05Z,2025-08-27T11:59:42Z,,active,16105.39,partially_paid
1200,94,2,2025-06-02T09:33:57Z,2025-06-05T09:33:57Z,2025-06-02T09:22:43Z,2025-06-05T15:26:43Z,overdue,31080.5,pending
1201,94,2,2025-06-07T17:50:03Z,2025-06-14T17:50:03Z,2025-06-07T09:37:59Z,2025-06-15T12:03:46Z,overdue,56010.44,paid
1202,94,21,2025-06-16T01:39:58Z,2025-06-17T01:39:58Z,2025-06-15T21:53:12Z,2025-06-16T22:52:11Z,completed,5212.58,paid
1203,94,20,2025-06-17T17:33:40Z,2025-06-24T17:33:40Z,2025-06-17T17:41:49Z,2025-06-24T15:24:40Z,completed,50179.51,pending
1204,94,20,2025-06-26T21:30:04Z,2025-06-29T21:30:04Z,2025-06-26T22:41:36Z,2025-06-29T22:00:27Z,completed,22622.89,partially_paid
1205,94,12,2025-07-01T03:34:02Z,2025-07-05T03:34:02Z,2025-07-01T00:40:56Z,2025-07-05T07:35:27Z,overdue,29702.85,paid
1206,94,15,2025-07-07T01:01:29Z,2025-07-11T01:01:29Z,2025-07-07T00:29:46Z,2025-07-11T22:32:30Z,overdue,46692.42,pending
1207,94,24,2025-07-11T13:28:27Z,2025-07-12T13:28:27Z,2025-07-11T02:21:47Z,2025-07-12T20:26:53Z,overdue,12032.97,partially_paid
1208,94,20,2025-07-13T18:38:58Z,2025-07-16T18:38:58Z,2025-07-13T16:44:24Z,2025-07-16T10:40:45Z,completed,25883.62,paid
1209,94,10,2025-07-17T17:15:53Z,2025-07-22T17:15:53Z,2025-07-18T02:51:21Z,2025-07-22T18:11:38Z,completed,30644.21,paid
1210,94,2,2025-07-24T15:03:32Z,2025-08-01T15:03:32Z,2025-07-24T06:33:42Z,2025-08-01T10:49:05Z,completed,38828.63,paid
1211,94,19,2025-08-02T22:04:16Z,2025-08-03T22:04:16Z,2025-08-02T17:12:53Z,2025-08-04T12:33:39Z,overdue,18226.27,pending
1212,94,20,2025-08-04T19:22:19Z,2025-08-11T19:22:19Z,2025-08-04T18:02:35Z,2025-08-11T23:06:04Z,overdue,79254.04,paid
1213,94,3,2025-08-12T10:30:34Z,2025-08-15T10:30:34Z,2025-08-12T11:44:16Z,2025-08-15T13:36:58Z,overdue,35574.79,partially_paid
1214,94,21,2025-08-17T15:34:20Z,2025-08-18T15:34:20Z,2025-08-17T17:22:13Z,2025-08-19T13:46:17Z,overdue,22868.23,pending
1215,94,21,2025-08-20T12:06:55Z,2025-08-24T12:06:55Z,2025-08-20T16:19:10Z,2025-08-26T13:57:50Z,overdue,70624.59,paid
1216,94,2,2025-08-26T08:47:17Z,2025-08-31T08:47:17Z,2025-08-26T11:08:52Z,,active,21460.73,paid
1217,95,15,2025-06-04T14:09:29Z,2025-06-10T14:09:29Z,2025-06-04T16:55:11Z,2025-06-10T23:10:21Z,overdue,75070.5,paid
1218,95,16,2025-06-11T08:00:02Z,2025-06-13T08:00:02Z,2025-06-11T09:14:20Z,2025-06-13T22:51:16Z,overdue,39412.45,paid
1219,95,11,2025-06-15T14:25:23Z,2025-06-22T14:25:23Z,2025-06-15T20:11:42Z,2025-06-22T14:42:34Z,completed,85679.27,paid
1220,95,14,2025-06-23T17:36:10Z,2025-07-01T17:36:10Z,2025-06-23T19:16:42Z,2025-07-01T16:13:36Z,completed,75199.18,paid
1221,95,15,2025-07-02T06:49:14Z,2025-07-08T06:49:14Z,2025-07-02T00:52:14Z,2025-07-07T22:01:10Z,completed,65014.98,partially_paid
1222,95,6,2025-07-09T04:16:15Z,2025-07-15T04:16:15Z,2025-07-09T06:03:15Z,2025-07-14T14:09:35Z,completed,67067.27,pending
1223,95,22,2025-07-16T15:18:33Z,2025-07-25T15:18:33Z,2025-07-16T18:44:28Z,2025-07-25T06:36:31Z,completed,91575.77,partially_paid
1224,95,16,2025-07-27T19:39:12Z,2025-07-28T19:39:12Z,2025-07-27T18:47:03Z,2025-07-28T18:31:57Z,completed,12275.78,paid
1225,95,9,2025-07-29T10:15:58Z,2025-08-04T10:15:58Z,2025-07-29T08:05:15Z,2025-08-02T18:28:06Z,completed,97338.53,paid
1226,95,23,2025-08-06T04:00:20Z,2025-08-10T04:00:20Z,2025-08-06T02:10:18Z,2025-08-10T13:28:26Z,overdue,70917.47,pending
1227,95,15,2025-08-12T14:46:58Z,2025-08-15T14:46:58Z,2025-08-13T00:51:17Z,2025-08-15T02:17:21Z,completed,48570.51,paid
1228,95,15,2025-08-16T05:54:14Z,2025-08-25T05:54:14Z,2025-08-16T04:33:29Z,2025-08-25T07:21:47Z,overdue,145602.26,paid
1229,95,2,2025-08-26T14:37:56Z,2025-09-01T14:37:56Z,2025-08-26T21:28:11Z,,active,22301.94,paid
1230,96,5,2025-06-01T20:52:28Z,2025-06-03T20:52:28Z,2025-06-02T05:23:51Z,2025-06-03T23:42:26Z,overdue,25625.54,paid
1231,96,13,2025-06-05T14:49:36Z,2025-06-11T14:49:36Z,2025-06-05T22:14:07Z,2025-06-10T23:54:14Z,completed,51872.52,failed
1232,96,20,2025-06-13T08:32:59Z,2025-06-20T08:32:59Z,2025-06-13T05:00:38Z,2025-06-20T10:45:50Z,overdue,80086.14,paid
1233,96,4,2025-06-21T12:18:11Z,2025-06-27T12:18:11Z,2025-06-21T03:18:06Z,2025-06-27T12:08:50Z,completed,66205.62,paid
1234,96,19,2025-06-29T04:45:42Z,2025-07-09T04:45:42Z,2025-06-29T10:04:44Z,2025-07-09T05:19:41Z,completed,97310.9,paid
1235,96,19,2025-07-10T09:49:14Z,2025-07-16T09:49:14Z,2025-07-10T08:03:18Z,2025-07-17T02:57:51Z,overdue,73245.89,pending
1236,96,10,2025-07-18T12:04:40Z,2025-07-23T12:04:40Z,2025-07-18T13:28:07Z,2025-07-24T07:39:43Z,overdue,67281.11,paid
1237,96,19,2025-07-25T07:21:34Z,2025-07-28T07:21:34Z,2025-07-25T16:42:44Z,2025-07-27T04:09:21Z,completed,39766.06,paid
1238,96,10,2025-07-29T02:26:07Z,2025-08-08T02:26:07Z,2025-07-29T00:11:57Z,2025-08-08T02:29:10Z,completed,140865.06,partially_paid
1239,96,4,2025-08-09T15:17:02Z,2025-08-10T15:17:02Z,2025-08-09T12:33:18Z,2025-08-10T14:11:50Z,completed,13477.13,paid
1240,96,12,2025-08-12T19:22:20Z,2025-08-16T19:22:20Z,2025-08-12T18:32:54Z,2025-08-17T05:20:18Z,overdue,63308.44,partially_paid
1241,96,3,2025-08-18T14:07:08Z,2025-08-24T14:07:08Z,2025-08-18T15:57:54Z,2025-08-24T07:11:17Z,completed,85038.07,paid
1242,96,19,2025-08-26T11:28:06Z,2025-08-29T11:28:06Z,2025-08-26T22:15:39Z,,active,25410.64,failed
1243,97,14,2025-06-03T06:32:35Z,2025-06-13T06:32:35Z,2025-06-03T05:05:05Z,2025-06-13T07:31:33Z,completed,189929.75,paid
1244,97,8,2025-06-15T08:25:28Z,2025-06-24T08:25:28Z,2025-06-15T16:03:21Z,2025-06-24T11:29:51Z,overdue,131601.94,paid
1245,97,9,2025-06-26T05:41:56Z,2025-06-30T05:41:56Z,2025-06-26T05:21:48Z,2025-06-30T09:04:18Z,overdue,60640.76,paid
1246,97,15,2025-07-02T15:25:24Z,2025-07-10T15:25:24Z,2025-07-02T15:26:55Z,2025-07-10T19:42:17Z,overdue,140034.8,pending
1247,97,6,2025-07-13T02:56:14Z,2025-07-23T02:56:14Z,2025-07-13T05:13:31Z,2025-07-23T07:45:42Z,overdue,137792.23,paid
1248,97,23,2025-07-23T21:46:22Z,2025-07-24T21:46:22Z,2025-07-23T05:59:18Z,2025-07-25T06:44:45Z,overdue,24902.68,paid
1249,97,7,2025-07-25T11:52:48Z,2025-07-30T11:52:48Z,2025-07-25T08:47:29Z,2025-07-30T15:14:43Z,overdue,30024.04,pending
1250,97,18,2025-07-31T12:27:22Z,2025-08-05T12:27:22Z,2025-07-31T19:13:22Z,2025-08-05T14:26:24Z,overdue,108273.21,pending
1251,97,6,2025-08-06T08:54:28Z,2025-08-09T08:54:28Z,2025-08-06T14:50:55Z,2025-08-09T08:55:27Z,completed,63762.66,paid
1252,97,6,2025-08-10T15:05:46Z,2025-08-17T15:05:46Z,2025-08-10T12:13:54Z,2025-08-17T11:50:56Z,completed,149014.48,pending
1253,97,14,2025-08-19T00:59:38Z,2025-08-25T00:59:38Z,2025-08-19T01:04:15Z,2025-08-25T12:34:13Z,overdue,138474.47,partially_paid
1254,97,15,2025-08-27T11:53:41Z,2025-09-01T11:53:41Z,2025-08-27T00:52:36Z,,active,16160.3,pending
1255,98,5,2025-06-02T08:11:28Z,2025-06-10T08:11:28Z,2025-06-02T06:24:25Z,2025-06-10T08:14:15Z,completed,55206.11,paid
1256,98,20,2025-06-11T11:27:10Z,2025-06-19T11:27:10Z,2025-06-11T07:10:52Z,2025-06-19T03:51:55Z,completed,51652.52,pending
1257,98,18,2025-06-21T05:01:20Z,2025-06-26T05:01:20Z,2025-06-21T02:07:02Z,2025-06-25T23:57:55Z,completed,31716.62,pending
1258,98,8,2025-06-27T04:53:11Z,2025-07-02T04:53:11Z,2025-06-27T07:50:08Z,2025-07-02T09:55:44Z,overdue,37653.04,failed
1259,98,5,2025-07-04T15:22:08Z,2025-07-10T15:22:08Z,2025-07-05T02:14:58Z,2025-07-10T13:44:52Z,completed,36267.88,paid
1260,98,4,2025-07-12T17:20:12Z,2025-07-18T17:20:12Z,2025-07-12T14:16:53Z,2025-07-18T10:03:26Z,completed,41559.57,paid
1261,98,13,2025-07-20T12:18:01Z,2025-07-24T12:18:01Z,2025-07-20T09:25:40Z,2025-07-24T19:53:25Z,overdue,25302.55,pending
1262,98,13,2025-07-26T10:29:58Z,2025-08-08T10:29:58Z,2025-07-26T06:12:12Z,2025-08-08T07:38:16Z,completed,110548.97,paid
1263,98,24,2025-08-09T11:22:47Z,2025-08-14T11:22:47Z,2025-08-09T13:45:16Z,2025-08-14T18:34:39Z,overdue,56984.55,pending
1264,98,5,2025-08-15T09:55:01Z,2025-08-24T09:55:01Z,2025-08-14T19:21:31Z,2025-08-23T13:36:46Z,completed,95765.36,paid
1265,98,10,2025-08-26T16:34:30Z,2025-08-30T16:34:30Z,2025-08-26T23:09:32Z,,active,16403.93,pending
1266,99,9,2025-06-04T02:51:25Z,2025-06-05T02:51:25Z,2025-06-04T06:17:02Z,2025-06-05T09:46:32Z,overdue,20207.66,paid
1267,99,16,2025-06-06T20:40:15Z,2025-06-08T20:40:15Z,2025-06-06T14:45:28Z,2025-06-08T13:12:00Z,completed,30481.25,paid
1268,99,1,2025-06-10T08:33:11Z,2025-06-16T08:33:11Z,2025-06-10T04:47:42Z,2025-06-16T11:45:35Z,overdue,87419.78,pending
1269,99,6,2025-06-18T03:31:48Z,2025-06-19T03:31:48Z,2025-06-17T22:23:20Z,2025-06-18T21:20:16Z,completed,16930.62,paid
1270,99,9,2025-06-20T17:46:10Z,2025-06-25T17:46:10Z,2025-06-20T14:32:28Z,2025-06-26T17:04:19Z,overdue,73619.17,pending
1271,99,7,2025-06-26T09:11:39Z,2025-06-27T09:11:39Z,2025-06-26T09:28:01Z,2025-06-27T15:40:08Z,overdue,22083.87,paid
1272,99,23,2025-06-28T09:11:43Z,2025-07-09T09:11:43Z,2025-06-28T06:18:17Z,2025-07-09T20:51:05Z,overdue,164629.64,pending
1273,99,23,2025-07-11T02:11:20Z,2025-07-12T02:11:20Z,2025-07-10T11:50:14Z,2025-07-12T21:37:38Z,overdue,30393.56,partially_paid
1274,99,14,2025-07-12T14:35:54Z,2025-07-17T14:35:54Z,2025-07-12T21:40:10Z,2025-07-16T17:29:02Z,completed,89735.5,paid
1275,99,23,2025-07-18T22:04:30Z,2025-07-25T22:04:30Z,2025-07-19T09:17:16Z,2025-07-25T22:15:58Z,completed,108063.61,paid
1276,99,15,2025-07-28T09:33:36Z,2025-08-03T09:33:36Z,2025-07-28T09:36:41Z,2025-08-03T02:20:44Z,completed,100762.57,paid
1277,99,22,2025-08-04T07:38:03Z,2025-08-14T07:38:03Z,2025-08-04T03:58:08Z,2025-08-14T21:51:58Z,overdue,204318.74,paid
1278,99,6,2025-08-16T06:18:52Z,2025-08-17T06:18:52Z,2025-08-15T23:14:16Z,2025-08-17T18:58:33Z,overdue,29292.65,pending
1279,99,9,2025-08-19T07:16:51Z,2025-08-23T07:16:51Z,2025-08-19T16:00:02Z,2025-08-23T09:05:21Z,overdue,79058.63,failed
1280,99,5,2025-08-23T20:43:33Z,2025-08-24T20:43:33Z,2025-08-24T02:04:42Z,2025-08-24T18:13:59Z,completed,15857.85,paid
1281,99,14,2025-08-26T08:42:58Z,2025-09-03T08:42:58Z,2025-08-26T08:52:03Z,,active,36797.32,paid
1282,100,17,2025-06-04T00:09:11Z,2025-06-10T00:09:11Z,2025-06-04T13:19:50Z,2025-06-10T05:29:46Z,overdue,50318.65,paid
1283,100,5,2025-06-11T15:23:49Z,2025-06-16T15:23:49Z,2025-06-11T21:50:56Z,2025-06-16T17:05:46Z,overdue,46976.3,partially_paid
1284,100,19,2025-06-17T19:14:56Z,2025-06-23T19:14:56Z,2025-06-17T12:41:57Z,2025-06-24T05:51:35Z,overdue,49488.97,paid
1285,100,12,2025-06-25T02:00:41Z,2025-07-04T02:00:41Z,2025-06-24T20:59:42Z,2025-07-04T04:34:18Z,overdue,70927.82,paid
1286,100,13,2025-07-05T12:48:02Z,2025-07-10T12:48:02Z,2025-07-05T07:28:27Z,2025-07-11T07:56:04Z,overdue,53754.61,paid
1287,100,4,2025-07-11T09:01:44Z,2025-07-16T09:01:44Z,2025-07-11T13:35:10Z,2025-07-16T08:59:49Z,completed,39739.31,paid
1288,100,3,2025-07-17T20:28:57Z,2025-07-22T20:28:57Z,2025-07-17T23:26:38Z,2025-07-23T08:18:47Z,overdue,42243.33,paid
1289,100,17,2025-07-23T18:21:55Z,2025-07-24T18:21:55Z,2025-07-23T11:38:16Z,2025-07-24T20:20:46Z,overdue,10661.87,pending
1290,100,14,2025-07-26T07:15:17Z,2025-07-31T07:15:17Z,2025-07-26T04:06:45Z,2025-07-30T20:50:57Z,completed,31271.44,partially_paid
1291,100,21,2025-08-01T01:27:12Z,2025-08-03T01:27:12Z,2025-07-31T13:19:21Z,2025-08-03T01:41:56Z,completed,25511.43,partially_paid
1292,100,7,2025-08-05T07:00:25Z,2025-08-09T07:00:25Z,2025-08-05T01:12:27Z,2025-08-09T08:21:33Z,overdue,61813.57,paid
1293,100,19,2025-08-11T02:55:01Z,2025-08-18T02:55:01Z,2025-08-11T15:28:34Z,2025-08-16T22:28:28Z,completed,89961.48,paid
1294,100,8,2025-08-19T15:02:09Z,2025-08-28T15:02:09Z,2025-08-19T20:52:28Z,,active,110675.15,partially_paid
1295,101,9,2025-06-03T15:34:03Z,2025-06-09T15:34:03Z,2025-06-03T12:49:19Z,2025-06-09T21:03:58Z,overdue,95359.61,partially_paid
1296,101,22,2025-06-11T21:46:16Z,2025-06-21T21:46:16Z,2025-06-12T01:24:17Z,2025-06-21T22:28:58Z,completed,130990.57,pending
1297,101,14,2025-06-23T16:47:36Z,2025-06-27T16:47:36Z,2025-06-23T07:53:21Z,2025-06-27T17:29:29Z,completed,52982.13,paid
1298,101,7,2025-06-28T19:04:16Z,2025-07-07T19:04:16Z,2025-06-28T09:54:29Z,2025-07-07T11:03:05Z,completed,159603.15,pending
1299,101,15,2025-07-09T12:43:20Z,2025-07-15T12:43:20Z,2025-07-09T06:48:52Z,2025-07-15T00:51:46Z,completed,104601.4,pending
1300,101,1,2025-07-17T04:00:57Z,2025-07-21T04:00:57Z,2025-07-16T19:49:20Z,2025-07-20T23:51:01Z,completed,65516.4,failed
1301,101,11,2025-07-22T05:09:26Z,2025-07-30T05:09:26Z,2025-07-21T21:18:47Z,2025-07-29T07:35:29Z,completed,19295.74,pending
1302,101,16,2025-08-01T04:01:51Z,2025-08-05T04:01:51Z,2025-08-01T08:25:22Z,2025-08-05T04:33:18Z,completed,81066.0,paid
1303,101,6,2025-08-05T21:51:00Z,2025-08-09T21:51:00Z,2025-08-05T22:06:58Z,2025-08-09T03:44:38Z,completed,80798.33,paid
1304,101,7,2025-08-11T05:32:05Z,2025-08-18T05:32:05Z,2025-08-11T07:50:07Z,2025-08-18T03:35:59Z,completed,142088.46,paid
1305,101,16,2025-08-18T21:02:53Z,2025-08-27T21:02:53Z,2025-08-18T14:16:59Z,,active,182896.34,paid
1306,102,5,2025-06-01T18:36:58Z,2025-06-07T18:36:58Z,2025-06-01T16:35:49Z,2025-06-07T20:25:22Z,overdue,95269.14,paid
1307,102,18,2025-06-09T05:53:05Z,2025-06-14T05:53:05Z,2025-06-09T13:12:23Z,2025-06-13T16:50:57Z,completed,82734.53,paid
1308,102,11,2025-06-15T14:53:43Z,2025-06-18T14:53:43Z,2025-06-15T21:06:47Z,2025-06-18T07:54:59Z,completed,65739.37,pending
1309,102,10,2025-06-19T03:45:45Z,2025-06-27T03:45:45Z,2025-06-19T13:57:33Z,2025-06-27T03:18:37Z,completed,101489.23,paid
1310,102,1,2025-06-27T23:50:54Z,2025-07-05T23:50:54Z,2025-06-27T16:55:34Z,2025-07-06T16:10:57Z,overdue,181967.22,pending
1311,102,1,2025-07-07T05:02:11Z,2025-07-13T05:02:11Z,2025-07-07T07:52:29Z,2025-07-12T20:33:42Z,completed,84118.29,paid
1312,102,21,2025-07-14T14:15:19Z,2025-07-15T14:15:19Z,2025-07-14T17:16:29Z,2025-07-14T02:56:13Z,completed,12855.56,paid
1313,102,15,2025-07-17T12:38:35Z,2025-07-22T12:38:35Z,2025-07-17T18:17:24Z,2025-07-22T19:57:52Z,overdue,91557.41,paid
1314,102,13,2025-07-24T05:21:25Z,2025-08-04T05:21:25Z,2025-07-24T11:30:27Z,2025-08-03T21:55:15Z,completed,134290.41,partially_paid
1315,102,6,2025-08-05T11:20:23Z,2025-08-11T11:20:23Z,2025-08-05T11:03:20Z,2025-08-11T10:49:37Z,completed,158625.46,pending
1316,102,23,2025-08-12T00:02:19Z,2025-08-15T00:02:19Z,2025-08-11T20:40:27Z,2025-08-13T19:21:40Z,completed,80926.93,pending
1317,102,23,2025-08-17T06:23:18Z,2025-08-23T06:23:18Z,2025-08-17T04:53:38Z,2025-08-23T00:39:19Z,completed,158625.46,pending
1318,102,11,2025-08-24T14:20:28Z,2025-08-31T14:20:28Z,2025-08-24T18:38:10Z,,active,97394.46,paid
1319,103,12,2025-06-04T18:18:30Z,2025-06-09T18:18:30Z,2025-06-04T21:51:25Z,2025-06-09T21:00:19Z,overdue,20679.08,pending
1320,103,13,2025-06-10T23:25:27Z,2025-06-16T23:25:27Z,2025-06-10T18:28:35Z,2025-06-17T07:41:22Z,overdue,21231.09,pending
1321,103,20,2025-06-17T21:38:13Z,2025-06-26T21:38:13Z,2025-06-17T18:03:26Z,2025-06-28T19:34:03Z,overdue,42055.23,paid
1322,103,7,2025-06-28T03:20:53Z,2025-07-02T03:20:53Z,2025-06-28T03:32:33Z,2025-07-01T23:10:46Z,completed,12276.2,paid
1323,103,21,2025-07-03T15:19:39Z,2025-07-09T15:19:39Z,2025-07-03T04:52:27Z,2025-07-09T11:31:05Z,completed,19052.14,partially_paid
1324,103,4,2025-07-11T20:09:00Z,2025-07-13T20:09:00Z,2025-07-11T20:57:43Z,2025-07-14T14:03:58Z,overdue,9236.09,partially_paid
1325,103,24,2025-07-15T17:34:23Z,2025-07-22T17:34:23Z,2025-07-15T03:20:35Z,2025-07-24T07:44:04Z,overdue,31184.11,paid
1326,103,10,2025-07-24T12:04:12Z,2025-07-30T12:04:12Z,2025-07-24T07:24:40Z,2025-07-30T21:37:35Z,overdue,10976.35,paid
1327,103,19,2025-07-31T03:18:38Z,2025-08-06T03:18:38Z,2025-07-30T23:18:34Z,2025-08-06T08:08:11Z,overdue,38391.57,paid
1328,103,21,2025-08-08T02:55:04Z,2025-08-12T02:55:04Z,2025-08-08T00:29:30Z,2025-08-11T16:34:07Z,completed,24410.36,pending
1329,103,8,2025-08-13T20:30:09Z,2025-08-14T20:30:09Z,2025-08-13T21:22:39Z,2025-08-15T01:14:30Z,overdue,7767.84,paid
1330,103,5,2025-08-15T20:11:34Z,2025-08-22T20:11:34Z,2025-08-16T01:06:44Z,2025-08-23T01:21:19Z,overdue,44639.11,paid
1331,103,2,2025-08-23T15:28:22Z,2025-08-27T15:28:22Z,2025-08-23T20:30:39Z,2025-08-27T09:08:42Z,completed,24746.36,paid
1332,104,11,2025-06-03T17:51:32Z,2025-06-06T17:51:32Z,2025-06-03T12:04:25Z,2025-06-07T14:24:13Z,overdue,45956.95,paid
1333,104,20,2025-06-08T06:51:39Z,2025-06-16T06:51:39Z,2025-06-08T09:47:05Z,2025-06-17T08:38:43Z,overdue,85554.15,paid
1334,104,10,2025-06-17T05:51:12Z,2025-06-20T05:51:12Z,2025-06-17T07:56:42Z,2025-06-20T06:34:45Z,completed,32390.78,paid
1335,104,5,2025-06-22T13:22:18Z,2025-06-30T13:22:18Z,2025-06-22T12:40:49Z,2025-06-30T10:46:34Z,completed,86583.87,paid
1336,104,17,2025-07-01T12:02:56Z,2025-07-08T12:02:56Z,2025-07-01T17:18:22Z,2025-07-08T08:49:11Z,completed,65001.0,paid
1337,104,3,2025-07-09T00:20:20Z,2025-07-14T00:20:20Z,2025-07-08T17:59:18Z,2025-07-11T20:53:08Z,completed,34809.28,pending
1338,104,4,2025-07-16T11:57:20Z,2025-07-22T11:57:20Z,2025-07-16T15:36:33Z,2025-07-22T13:05:00Z,overdue,67614.56,paid
1339,104,5,2025-07-24T15:51:15Z,2025-07-25T15:51:15Z,2025-07-24T13:44:57Z,2025-07-24T15:53:00Z,completed,9370.92,paid
1340,104,7,2025-07-27T02:16:26Z,2025-08-06T02:16:26Z,2025-07-26T19:45:27Z,2025-08-06T11:07:22Z,overdue,135647.55,pending
1341,104,13,2025-08-07T02:13:28Z,2025-08-15T02:13:28Z,2025-08-06T20:49:15Z,2025-08-14T05:43:17Z,completed,111217.96,pending
1342,104,10,2025-08-17T07:37:15Z,2025-08-24T07:37:15Z,2025-08-17T02:33:17Z,2025-08-24T10:59:23Z,overdue,99508.84,pending
1343,104,21,2025-08-25T16:48:24Z,2025-08-29T16:48:24Z,2025-08-25T06:07:11Z,,active,34984.73,pending
1344,105,12,2025-06-05T12:05:12Z,2025-06-11T12:05:12Z,2025-06-05T08:43:03Z,2025-06-11T05:52:28Z,completed,66731.22,paid
1345,105,4,2025-06-13T20:19:13Z,2025-06-21T20:19:13Z,2025-06-14T03:21:40Z,2025-06-21T20:01:16Z,completed,61726.34,pending
1346,105,8,2025-06-23T02:34:55Z,2025-06-27T02:34:55Z,2025-06-23T05:34:58Z,2025-06-26T16:36:56Z,completed,42700.57,paid
1347,105,16,2025-06-27T18:02:06Z,2025-07-03T18:02:06Z,2025-06-27T21:20:47Z,2025-07-03T22:24:16Z,overdue,90339.93,partially_paid
1348,105,21,2025-07-04T06:14:09Z,2025-07-05T06:14:09Z,2025-07-04T01:40:03Z,2025-07-04T19:17:56Z,completed,10038.54,paid
1349,105,21,2025-07-07T14:40:08Z,2025-07-13T14:40:08Z,2025-07-07T17:33:12Z,2025-07-14T06:18:42Z,overdue,60816.75,paid
1350,105,12,2025-07-15T09:26:21Z,2025-07-19T09:26:21Z,2025-07-15T06:27:14Z,2025-07-20T15:10:06Z,overdue,57231.11,partially_paid
1351,105,4,2025-07-20T03:24:51Z,2025-07-26T03:24:51Z,2025-07-20T11:01:12Z,2025-07-26T05:55:32Z,overdue,74777.05,paid
1352,105,21,2025-07-27T03:40:00Z,2025-07-29T03:40:00Z,2025-07-26T19:40:04Z,2025-07-28T16:46:42Z,completed,23005.67,paid
1353,105,2,2025-07-30T22:08:44Z,2025-08-06T22:08:44Z,2025-07-31T05:16:38Z,2025-08-08T06:56:29Z,overdue,132012.72,partially_paid
1354,105,2,2025-08-08T21:27:27Z,2025-08-16T21:27:27Z,2025-08-09T04:26:04Z,2025-08-16T14:09:33Z,completed,122989.97,paid
1355,105,22,2025-08-18T19:22:20Z,2025-08-20T19:22:20Z,2025-08-19T00:28:22Z,2025-08-21T05:42:48Z,overdue,43955.41,paid
1356,105,8,2025-08-22T05:14:06Z,2025-08-28T05:14:06Z,2025-08-22T07:33:33Z,,active,92257.51,paid
1357,106,23,2025-05-31T19:28:27Z,2025-06-09T19:28:27Z,2025-06-01T03:14:39Z,2025-06-10T12:57:04Z,overdue,143359.4,paid
1358,106,18,2025-06-11T11:36:36Z,2025-06-19T11:36:36Z,2025-06-11T14:41:39Z,2025-06-19T06:59:54Z,completed,178938.25,failed
1359,106,11,2025-06-20T07:34:10Z,2025-06-28T07:34:10Z,2025-06-19T23:12:09Z,2025-06-28T23:14:11Z,overdue,150160.09,paid
1360,106,15,2025-06-30T14:07:43Z,2025-07-02T14:07:43Z,2025-06-30T15:50:37Z,2025-07-02T03:22:51Z,completed,34560.01,partially_paid
1361,106,19,2025-07-04T19:51:39Z,2025-07-11T19:51:39Z,2025-07-04T19:39:26Z,2025-07-10T18:47:37Z,completed,107755.7,paid
1362,106,15,2025-07-12T14:42:40Z,2025-07-19T14:42:40Z,2025-07-12T11:14:37Z,2025-07-20T09:41:15Z,overdue,156592.64,pending
1363,106,6,2025-07-20T10:47:39Z,2025-07-26T10:47:39Z,2025-07-20T13:10:00Z,2025-07-26T09:36:29Z,completed,114170.69,paid
1364,106,15,2025-07-27T23:59:32Z,2025-07-31T23:59:32Z,2025-07-27T21:14:26Z,2025-08-01T04:31:28Z,overdue,74610.18,paid
1365,106,6,2025-08-02T21:47:12Z,2025-08-13T21:47:12Z,2025-08-02T16:57:20Z,2025-08-14T13:47:31Z,overdue,294753.54,pending
1366,106,9,2025-08-15T13:00:25Z,2025-08-16T13:00:25Z,2025-08-15T05:50:31Z,2025-08-16T12:00:13Z,completed,25383.51,pending
1367,106,15,2025-08-18T13:26:49Z,2025-08-19T13:26:49Z,2025-08-18T03:56:43Z,2025-08-19T20:27:35Z,overdue,32645.56,partially_paid
1368,106,6,2025-08-20T06:41:18Z,2025-08-25T06:41:18Z,2025-08-20T08:57:53Z,2025-08-25T13:18:16Z,overdue,132428.91,paid
1369,106,22,2025-08-26T07:58:22Z,2025-09-01T07:58:22Z,2025-08-26T11:55:10Z,,active,48600.13,paid
1370,107,2,2025-06-03T14:13:13Z,2025-06-05T14:13:13Z,2025-06-03T20:34:02Z,2025-06-05T08:48:19Z,completed,10027.63,paid
1371,107,24,2025-06-06T04:13:46Z,2025-06-09T04:13:46Z,2025-06-06T03:09:43Z,2025-06-09T04:06:50Z,completed,7391.41,paid
1372,107,13,2025-06-11T15:36:02Z,2025-06-15T15:36:02Z,2025-06-11T17:39:53Z,2025-06-15T22:23:46Z,overdue,23170.11,paid
1373,107,10,2025-06-17T00:12:51Z,2025-06-20T00:12:51Z,2025-06-16T21:17:17Z,2025-06-21T07:58:50Z,overdue,23021.31,paid
1374,107,12,2025-06-22T09:22:55Z,2025-06-29T09:22:55Z,2025-06-22T21:49:56Z,2025-06-30T06:20:48Z,overdue,36576.49,partially_paid
1375,107,2,2025-07-01T15:17:22Z,2025-07-10T15:17:22Z,2025-07-01T06:57:44Z,2025-07-11T02:24:27Z,overdue,44183.06,paid
1376,107,4,2025-07-12T14:06:00Z,2025-07-17T14:06:00Z,2025-07-12T10:47:39Z,2025-07-17T14:21:28Z,completed,18468.81,pending
1377,107,24,2025-07-19T03:34:13Z,2025-07-27T03:34:13Z,2025-07-19T06:34:31Z,2025-07-26T15:16:36Z,completed,35610.51,paid
1378,107,13,2025-07-28T21:15:04Z,2025-08-05T21:15:04Z,2025-07-28T17:25:33Z,2025-08-06T03:01:06Z,overdue,58231.25,paid
1379,107,10,2025-08-06T09:24:05Z,2025-08-11T09:24:05Z,2025-08-06T08:05:18Z,2025-08-11T09:48:25Z,completed,36200.64,paid
1380,107,10,2025-08-11T23:35:51Z,2025-08-13T23:35:51Z,2025-08-12T11:16:08Z,2025-08-12T22:02:08Z,completed,14733.4,pending
1381,107,24,2025-08-15T10:51:19Z,2025-08-19T10:51:19Z,2025-08-15T13:04:36Z,2025-08-19T12:29:05Z,overdue,29140.21,paid
1382,107,20,2025-08-21T19:34:00Z,2025-08-26T19:34:00Z,2025-08-21T19:13:20Z,2025-08-27T09:09:16Z,overdue,40755.16,partially_paid
1383,108,17,2025-06-01T15:07:38Z,2025-06-06T15:07:38Z,2025-06-01T23:29:10Z,2025-06-07T14:02:09Z,overdue,64975.84,paid
1384,108,16,2025-06-08T13:31:37Z,2025-06-16T13:31:37Z,2025-06-08T07:43:48Z,2025-06-16T16:47:23Z,overdue,118847.51,paid
1385,108,16,2025-06-18T09:50:03Z,2025-06-23T09:50:03Z,2025-06-18T03:48:02Z,2025-06-23T12:17:42Z,overdue,62524.78,paid
1386,108,9,2025-06-24T03:23:12Z,2025-06-28T03:23:12Z,2025-06-24T07:19:09Z,2025-06-27T22:35:47Z,completed,62280.44,pending
1387,108,6,2025-06-30T12:42:31Z,2025-07-11T12:42:31Z,2025-06-30T07:19:51Z,2025-07-11T17:36:25Z,overdue,234795.48,paid
1388,108,15,2025-07-12T08:24:00Z,2025-07-20T08:24:00Z,2025-07-12T04:58:34Z,2025-07-21T04:40:33Z,overdue,143125.87,pending
1389,108,23,2025-07-21T08:45:58Z,2025-07-23T08:45:58Z,2025-07-21T17:28:44Z,2025-07-23T09:32:48Z,completed,31676.22,pending
1390,108,6,2025-07-24T22:25:27Z,2025-07-28T22:25:27Z,2025-07-24T20:37:45Z,2025-07-29T18:38:32Z,overdue,86700.29,paid
1391,108,22,2025-07-29T21:10:01Z,2025-08-02T21:10:01Z,2025-07-29T16:40:15Z,2025-08-02T21:12:40Z,completed,90420.95,paid
1392,108,15,2025-08-05T04:51:18Z,2025-08-07T04:51:18Z,2025-08-05T15:46:42Z,2025-08-06T23:53:22Z,completed,45040.8,paid
1393,108,9,2025-08-09T15:14:05Z,2025-08-17T15:14:05Z,2025-08-09T16:29:30Z,2025-08-17T11:17:38Z,completed,179519.76,pending
1394,108,24,2025-08-18T07:26:37Z,2025-08-23T07:26:37Z,2025-08-18T12:08:51Z,2025-08-23T08:19:16Z,completed,97736.22,pending
1395,108,7,2025-08-25T16:39:36Z,2025-09-03T16:39:36Z,2025-08-25T22:47:20Z,,active,58068.31,partially_paid
1396,109,18,2025-06-02T15:48:38Z,2025-06-06T15:48:38Z,2025-06-02T09:19:53Z,2025-06-06T14:09:13Z,completed,21853.57,paid
1397,109,24,2025-06-08T00:08:53Z,2025-06-14T00:08:53Z,2025-06-08T03:25:22Z,2025-06-12T16:49:12Z,completed,28768.18,paid
1398,109,5,2025-06-15T13:05:46Z,2025-06-20T13:05:46Z,2025-06-15T14:02:40Z,2025-06-20T13:01:32Z,completed,23383.18,pending
1399,109,8,2025-06-22T18:00:34Z,2025-07-01T18:00:34Z,2025-06-22T20:32:24Z,2025-07-03T01:21:31Z,overdue,48400.9,paid
1400,109,4,2025-07-03T03:53:13Z,2025-07-08T03:53:13Z,2025-07-03T09:30:43Z,2025-07-09T13:41:07Z,overdue,39169.1,paid
1401,109,11,2025-07-10T07:37:09Z,2025-07-19T07:37:09Z,2025-07-10T01:03:59Z,2025-07-19T07:35:31Z,completed,46279.25,partially_paid
1402,109,21,2025-07-20T01:32:43Z,2025-07-24T01:32:43Z,2025-07-20T04:28:51Z,2025-07-24T14:26:38Z,overdue,25421.7,paid
1403,109,12,2025-07-24T23:53:57Z,2025-07-27T23:53:57Z,2025-07-25T00:18:23Z,2025-07-27T21:24:04Z,completed,16939.46,paid
1404,109,21,2025-07-28T19:13:44Z,2025-08-07T19:13:44Z,2025-07-28T16:09:17Z,2025-08-08T02:05:18Z,overdue,81899.78,pending
1405,109,24,2025-08-09T18:32:38Z,2025-08-14T18:32:38Z,2025-08-10T01:25:12Z,2025-08-14T07:25:36Z,completed,41458.67,paid
1406,109,20,2025-08-16T01:21:02Z,2025-08-21T01:21:02Z,2025-08-16T00:42:56Z,2025-08-20T20:53:30Z,completed,40630.48,pending
1407,109,12,2025-08-21T14:23:09Z,2025-09-01T14:23:09Z,2025-08-21T09:03:42Z,,active,54374.45,partially_paid
1408,110,8,2025-06-04T08:11:48Z,2025-06-11T08:11:48Z,2025-06-04T15:45:57Z,2025-06-11T05:22:10Z,completed,50637.14,partially_paid
1409,110,3,2025-06-13T05:50:59Z,2025-06-16T05:50:59Z,2025-06-13T12:25:34Z,2025-06-16T07:58:17Z,overdue,24024.59,paid
1410,110,21,2025-06-17T21:42:30Z,2025-06-18T21:42:30Z,2025-06-17T18:28:21Z,2025-06-19T02:21:09Z,overdue,7492.59,paid
1411,110,13,2025-06-20T13:24:42Z,2025-06-28T13:24:42Z,2025-06-20T09:20:11Z,2025-06-27T18:47:58Z,completed,53323.24,pending
1412,110,21,2025-06-29T11:52:56Z,2025-07-06T11:52:56Z,2025-06-29T04:33:37Z,2025-07-05T08:15:34Z,completed,50275.41,paid
1413,110,5,2025-07-08T16:58:38Z,2025-07-09T16:58:38Z,2025-07-08T21:51:40Z,2025-07-09T20:23:56Z,overdue,7675.52,partially_paid
1414,110,2,2025-07-11T13:35:26Z,2025-07-16T13:35:26Z,2025-07-11T21:55:29Z,2025-07-16T15:38:09Z,overdue,37915.8,partially_paid
1415,110,17,2025-07-17T10:12:46Z,2025-07-27T10:12:46Z,2025-07-17T01:51:23Z,2025-07-27T13:34:28Z,overdue,79318.62,paid
1416,110,12,2025-07-29T20:45:35Z,2025-07-30T20:45:35Z,2025-07-29T19:23:00Z,2025-07-30T20:46:04Z,completed,11346.35,pending
1417,110,19,2025-08-01T03:47:55Z,2025-08-08T03:47:55Z,2025-08-01T04:04:20Z,2025-08-08T23:48:28Z,overdue,86934.69,paid
1418,110,24,2025-08-09T09:49:00Z,2025-08-17T09:49:00Z,2025-08-09T22:44:46Z,2025-08-17T08:45:56Z,completed,86799.07,pending
1419,110,12,2025-08-18T20:04:22Z,2025-08-21T20:04:22Z,2025-08-18T21:32:58Z,2025-08-21T16:25:30Z,completed,33045.13,paid
1420,110,3,2025-08-23T01:42:16Z,2025-09-02T01:42:16Z,2025-08-23T00:00:18Z,,active,55647.9,paid
1421,111,19,2025-06-04T18:18:51Z,2025-06-08T18:18:51Z,2025-06-04T22:37:29Z,2025-06-08T19:22:33Z,overdue,34261.92,paid
1422,111,12,2025-06-09T10:51:10Z,2025-06-13T10:51:10Z,2025-06-09T20:50:41Z,2025-06-13T03:48:31Z,completed,35519.98,paid
1423,111,3,2025-06-14T19:40:06Z,2025-06-20T19:40:06Z,2025-06-14T23:34:55Z,2025-06-20T08:53:10Z,completed,56052.46,paid
1424,111,12,2025-06-23T01:03:16Z,2025-06-30T01:03:16Z,2025-06-22T18:43:25Z,2025-06-30T21:58:59Z,overdue,71954.0,pending
1425,111,24,2025-07-01T15:44:43Z,2025-07-04T15:44:43Z,2025-07-01T19:54:07Z,2025-07-05T08:59:39Z,overdue,30424.92,pending
1426,111,24,2025-07-06T19:55:41Z,2025-07-14T19:55:41Z,2025-07-06T21:26:10Z,2025-07-14T20:13:14Z,completed,68518.11,paid
1427,111,3,2025-07-15T17:53:11Z,2025-07-19T17:53:11Z,2025-07-16T02:42:45Z,2025-07-19T15:56:15Z,completed,43172.68,paid
1428,111,24,2025-07-20T14:31:24Z,2025-07-22T14:31:24Z,2025-07-20T18:30:56Z,2025-07-22T10:24:14Z,completed,17179.76,pending
1429,111,3,2025-07-24T06:07:38Z,2025-07-27T06:07:38Z,2025-07-23T21:27:56Z,2025-07-27T02:58:59Z,completed,25687.06,failed
1430,111,17,2025-07-27T19:48:27Z,2025-08-01T19:48:27Z,2025-07-27T21:15:58Z,2025-08-02T04:24:57Z,overdue,49802.75,partially_paid
1431,111,20,2025-08-02T16:02:40Z,2025-08-09T16:02:40Z,2025-08-02T14:53:57Z,2025-08-09T16:02:41Z,completed,83633.02,paid
1432,111,24,2025-08-12T01:27:46Z,2025-08-19T01:27:46Z,2025-08-12T09:05:54Z,2025-08-19T04:06:45Z,overdue,84896.11,paid
1433,111,10,2025-08-19T20:10:33Z,2025-08-23T20:10:33Z,2025-08-19T14:13:07Z,2025-08-23T05:10:59Z,completed,47929.4,partially_paid
1434,111,5,2025-08-25T01:04:39Z,2025-09-01T01:04:39Z,2025-08-25T04:32:43Z,,active,38629.64,paid
1435,112,7,2025-05-31T01:37:53Z,2025-06-05T01:37:53Z,2025-05-31T10:04:23Z,2025-06-04T20:15:06Z,completed,47790.35,paid
1436,112,4,2025-06-06T00:00:05Z,2025-06-14T00:00:05Z,2025-06-05T23:46:08Z,2025-06-13T17:43:50Z,completed,59920.69,paid
1437,112,20,2025-06-15T14:23:38Z,2025-06-22T14:23:38Z,2025-06-15T16:51:07Z,2025-06-23T03:33:29Z,overdue,66426.55,paid
1438,112,12,2025-06-23T06:23:25Z,2025-06-29T06:23:25Z,2025-06-23T06:09:46Z,2025-07-01T17:55:28Z,overdue,95516.73,pending
1439,112,8,2025-06-30T04:10:15Z,2025-07-09T04:10:15Z,2025-06-30T08:30:28Z,2025-07-09T12:48:49Z,overdue,89896.47,paid
1440,112,20,2025-07-10T01:25:01Z,2025-07-19T01:25:01Z,2025-07-10T04:31:30Z,2025-07-19T05:42:39Z,overdue,94929.13,paid
1441,112,10,2025-07-19T21:17:28Z,2025-07-24T21:17:28Z,2025-07-19T20:48:20Z,2025-07-21T23:43:48Z,completed,45927.11,paid
1442,112,3,2025-07-25T10:32:05Z,2025-07-31T10:32:05Z,2025-07-25T07:36:14Z,2025-07-31T22:28:51Z,overdue,36007.19,paid
1443,112,10,2025-08-02T07:21:56Z,2025-08-08T07:21:56Z,2025-08-02T00:13:55Z,2025-08-08T10:26:25Z,overdue,78160.92,paid
1444,112,24,2025-08-09T11:22:28Z,2025-08-11T11:22:28Z,2025-08-09T14:12:54Z,2025-08-11T14:18:20Z,overdue,26647.25,pending
1445,112,12,2025-08-12T17:28:41Z,2025-08-20T17:28:41Z,2025-08-12T12:43:58Z,2025-08-20T23:57:56Z,overdue,106842.87,paid
1446,112,8,2025-08-21T11:24:22Z,2025-08-22T11:24:22Z,2025-08-21T15:36:55Z,2025-08-22T22:16:18Z,overdue,19880.24,paid
1447,112,19,2025-08-23T03:59:32Z,2025-08-30T03:59:32Z,2025-08-23T04:00:07Z,,active,64481.94,paid
1448,113,13,2025-06-04T14:25:53Z,2025-06-14T14:25:53Z,2025-06-04T12:43:15Z,2025-06-14T16:06:59Z,overdue,77822.37,paid
1449,113,17,2025-06-16T10:57:58Z,2025-06-18T10:57:58Z,2025-06-16T05:45:24Z,2025-06-18T15:55:47Z,overdue,14469.12,paid
1450,113,1,2025-06-19T21:51:20Z,2025-06-28T21:51:20Z,2025-06-19T20:19:05Z,2025-06-28T22:05:16Z,completed,102707.85,paid
1451,113,19,2025-06-30T17:25:07Z,2025-07-04T17:25:07Z,2025-06-30T14:12:36Z,2025-07-05T03:02:15Z,overdue,48336.96,pending
1452,113,21,2025-07-06T16:14:20Z,2025-07-07T16:14:20Z,2025-07-06T23:55:28Z,2025-07-07T08:29:12Z,completed,8383.01,paid
1453,113,13,2025-07-09T00:18:52Z,2025-07-17T00:18:52Z,2025-07-08T16:41:40Z,2025-07-17T22:03:48Z,overdue,66257.59,paid
1454,113,12,2025-07-18T12:25:17Z,2025-07-26T12:25:17Z,2025-07-18T14:43:36Z,2025-07-26T03:07:13Z,completed,79986.04,paid
1455,113,20,2025-07-28T20:45:52Z,2025-08-03T20:45:52Z,2025-07-28T13:39:58Z,2025-08-03T20:42:27Z,completed,71004.1,partially_paid
1456,113,3,2025-08-05T04:16:38Z,2025-08-14T04:16:38Z,2025-08-05T09:03:26Z,2025-08-14T08:18:59Z,overdue,115678.54,pending
1457,113,19,2025-08-15T03:47:56Z,2025-08-18T03:47:56Z,2025-08-15T07:40:21Z,2025-08-18T04:10:12Z,completed,36899.95,paid
1458,113,2,2025-08-19T18:23:55Z,2025-08-20T18:23:55Z,2025-08-19T23:05:40Z,2025-08-20T23:36:43Z,overdue,15982.49,paid
1459,113,13,2025-08-22T06:48:55Z,2025-08-31T06:48:55Z,2025-08-22T00:14:37Z,,active,74466.98,paid
1460,114,1,2025-06-04T05:16:06Z,2025-06-10T05:16:06Z,2025-06-04T07:01:04Z,2025-06-09T07:57:35Z,completed,117791.68,partially_paid
1461,114,18,2025-06-12T05:04:21Z,2025-06-15T05:04:21Z,2025-06-12T21:36:13Z,2025-06-15T04:04:19Z,completed,37777.86,pending
1462,114,18,2025-06-17T04:32:37Z,2025-06-25T04:32:37Z,2025-06-17T00:38:23Z,2025-06-23T22:19:47Z,completed,133641.21,pending
1463,114,17,2025-06-26T14:04:44Z,2025-07-01T14:04:44Z,2025-06-26T12:29:07Z,2025-07-01T10:49:40Z,completed,84642.31,pending
1464,114,12,2025-07-02T19:41:51Z,2025-07-07T19:41:51Z,2025-07-02T21:16:59Z,2025-07-07T21:58:50Z,overdue,68020.82,paid
1465,114,6,2025-07-09T01:53:38Z,2025-07-11T01:53:38Z,2025-07-09T04:48:40Z,2025-07-10T12:06:37Z,completed,31625.61,paid
1466,114,6,2025-07-13T05:49:00Z,2025-07-14T05:49:00Z,2025-07-13T10:15:07Z,2025-07-14T11:05:13Z,overdue,18287.69,paid
1467,114,21,2025-07-15T06:31:29Z,2025-07-20T06:31:29Z,2025-07-14T22:09:08Z,2025-07-20T00:16:24Z,completed,79163.6,pending
1468,114,23,2025-07-21T09:09:22Z,2025-07-26T09:09:22Z,2025-07-20T23:34:51Z,2025-07-26T03:06:20Z,completed,69536.75,partially_paid
1469,114,16,2025-07-28T18:03:22Z,2025-08-04T18:03:22Z,2025-07-29T02:37:12Z,2025-08-04T17:49:20Z,completed,156188.69,pending
1470,114,6,2025-08-06T04:09:11Z,2025-08-14T04:09:11Z,2025-08-05T16:40:07Z,2025-08-14T04:15:56Z,completed,191575.0,partially_paid
1471,114,6,2025-08-15T01:05:19Z,2025-08-18T01:05:19Z,2025-08-15T02:55:58Z,2025-08-18T01:06:43Z,completed,71626.52,pending
1472,114,15,2025-08-19T14:29:07Z,2025-08-28T14:29:07Z,2025-08-19T09:14:19Z,,active,207379.66,paid
1473,115,12,2025-06-01T20:41:38Z,2025-06-06T20:41:38Z,2025-06-01T19:44:39Z,2025-06-06T21:17:17Z,completed,54953.76,paid
1474,115,8,2025-06-09T03:31:09Z,2025-06-12T03:31:09Z,2025-06-09T03:26:05Z,2025-06-12T04:00:29Z,completed,36258.64,paid
1475,115,12,2025-06-14T07:48:30Z,2025-06-20T07:48:30Z,2025-06-14T08:18:55Z,2025-06-21T02:35:57Z,overdue,87850.39,pending
1476,115,3,2025-06-22T14:13:12Z,2025-06-30T14:13:12Z,2025-06-22T07:54:59Z,2025-06-30T19:18:36Z,overdue,81725.45,pending
1477,115,2,2025-07-01T21:09:30Z,2025-07-03T21:09:30Z,2025-07-02T00:41:07Z,2025-07-04T00:30:16Z,overdue,18747.67,pending
1478,115,8,2025-07-05T08:09:52Z,2025-07-06T08:09:52Z,2025-07-05T08:43:20Z,2025-07-06T07:32:29Z,completed,9764.34,paid
1479,115,4,2025-07-07T19:57:06Z,2025-07-10T19:57:06Z,2025-07-08T04:03:24Z,2025-07-10T16:48:14Z,completed,37172.42,paid
1480,115,21,2025-07-13T02:16:35Z,2025-07-16T02:16:35Z,2025-07-13T02:43:50Z,2025-07-16T21:12:24Z,overdue,40216.03,paid
1481,115,1,2025-07-16T19:32:37Z,2025-07-21T19:32:37Z,2025-07-17T02:32:31Z,2025-07-21T21:54:27Z,overdue,62017.18,paid
1482,115,2,2025-07-22T08:11:55Z,2025-07-23T08:11:55Z,2025-07-22T05:01:19Z,2025-07-23T03:07:20Z,completed,11329.45,paid
1483,115,12,2025-07-25T19:04:04Z,2025-08-01T19:04:04Z,2025-07-25T03:19:08Z,2025-08-03T03:19:31Z,overdue,84142.29,paid
1484,115,19,2025-08-02T11:02:00Z,2025-08-09T11:02:00Z,2025-08-02T11:55:36Z,2025-08-09T16:16:22Z,overdue,115111.91,paid
1485,115,8,2025-08-10T11:00:28Z,2025-08-23T11:00:28Z,2025-08-10T16:13:56Z,2025-08-24T15:36:50Z,overdue,230658.68,pending
1486,115,23,2025-08-25T14:23:49Z,2025-08-31T14:23:49Z,2025-08-25T13:32:52Z,,active,49818.92,pending
1487,116,19,2025-06-04T15:29:15Z,2025-06-07T15:29:15Z,2025-06-04T11:21:55Z,2025-06-06T22:52:33Z,completed,30587.2,pending
1488,116,8,2025-06-08T09:16:11Z,2025-06-13T09:16:11Z,2025-06-07T23:09:42Z,2025-06-13T19:45:00Z,overdue,51131.61,partially_paid
1489,116,3,2025-06-14T17:43:56Z,2025-06-19T17:43:56Z,2025-06-14T18:36:50Z,2025-06-19T12:05:13Z,completed,44400.09,paid
1490,116,5,2025-06-21T06:55:51Z,2025-07-06T06:55:51Z,2025-06-21T15:05:29Z,2025-07-06T01:38:14Z,completed,107713.61,paid
1491,116,2,2025-07-06T21:52:32Z,2025-07-12T21:52:32Z,2025-07-06T18:13:39Z,2025-07-12T16:17:33Z,completed,46045.16,paid
1492,116,12,2025-07-13T23:20:32Z,2025-07-14T23:20:32Z,2025-07-14T01:56:08Z,2025-07-14T20:47:07Z,completed,5957.09,partially_paid
1493,116,22,2025-07-15T20:03:59Z,2025-07-23T20:03:59Z,2025-07-16T02:01:45Z,2025-07-25T01:05:33Z,overdue,82486.89,pending
1494,116,3,2025-07-25T06:43:30Z,2025-07-28T06:43:30Z,2025-07-25T09:34:38Z,2025-07-28T15:51:05Z,overdue,34437.34,paid
1495,116,3,2025-07-29T18:18:25Z,2025-08-02T18:18:25Z,2025-07-29T13:40:34Z,2025-08-02T22:37:51Z,overdue,51317.38,pending
1496,116,10,2025-08-04T08:47:30Z,2025-08-10T08:47:30Z,2025-08-04T12:36:27Z,2025-08-10T03:50:28Z,completed,73392.42,paid
1497,116,19,2025-08-12T08:27:09Z,2025-08-14T08:27:09Z,2025-08-12T05:02:09Z,2025-08-14T09:34:34Z,overdue,25178.46,paid
1498,116,3,2025-08-15T06:32:03Z,2025-08-17T06:32:03Z,2025-08-15T06:28:30Z,2025-08-17T02:01:45Z,completed,23764.79,paid
1499,116,20,2025-08-18T00:18:40Z,2025-08-20T00:18:40Z,2025-08-18T04:20:12Z,2025-08-20T17:03:38Z,overdue,34329.87,pending
1500,116,18,2025-08-21T09:42:29Z,2025-08-25T09:42:29Z,2025-08-21T03:36:05Z,2025-08-24T22:09:31Z,completed,56507.79,paid
1501,116,17,2025-08-26T20:28:10Z,2025-08-30T20:28:10Z,2025-08-27T00:20:12Z,,active,16625.94,pending
1502,117,24,2025-06-01T19:55:42Z,2025-06-05T19:55:42Z,2025-06-01T13:00:27Z,2025-06-06T06:32:07Z,overdue,18029.15,partially_paid
1503,117,13,2025-06-08T06:44:04Z,2025-06-11T06:44:04Z,2025-06-08T03:37:30Z,2025-06-12T06:32:51Z,overdue,25273.23,pending
1504,117,17,2025-06-12T15:40:07Z,2025-06-20T15:40:07Z,2025-06-12T16:36:59Z,2025-06-19T16:49:36Z,completed,49029.96,paid
1505,117,21,2025-06-21T04:43:07Z,2025-06-27T04:43:07Z,2025-06-21T11:05:40Z,2025-06-27T01:48:05Z,completed,31922.43,paid
1506,117,23,2025-06-29T14:35:50Z,2025-07-09T14:35:50Z,2025-06-29T22:21:13Z,2025-07-09T23:19:57Z,overdue,72964.46,paid
1507,117,17,2025-07-11T02:21:30Z,2025-07-17T02:21:30Z,2025-07-11T05:52:58Z,2025-07-18T17:09:43Z,overdue,42041.18,pending
1508,117,24,2025-07-19T02:23:36Z,2025-07-26T02:23:36Z,2025-07-18T23:23:09Z,2025-07-26T00:32:01Z,completed,30722.57,paid
1509,117,19,2025-07-27T00:19:32Z,2025-08-02T00:19:32Z,2025-07-26T16:34:56Z,2025-08-02T00:53:01Z,completed,30438.81,paid
1510,117,13,2025-08-04T06:31:30Z,2025-08-13T06:31:30Z,2025-08-03T17:22:39Z,2025-08-14T04:06:09Z,overdue,78914.78,paid
1511,117,8,2025-08-14T06:56:57Z,2025-08-23T06:56:57Z,2025-08-14T04:11:26Z,2025-08-23T20:26:07Z,overdue,75549.74,paid
1512,117,8,2025-08-24T03:09:45Z,2025-08-30T03:09:45Z,2025-08-24T10:32:32Z,,active,32297.57,paid
1513,118,2,2025-06-05T00:52:40Z,2025-06-06T00:52:40Z,2025-06-05T04:24:05Z,2025-06-06T01:33:43Z,completed,8109.3,pending
1514,118,2,2025-06-08T04:24:05Z,2025-06-14T04:24:05Z,2025-06-08T00:01:56Z,2025-06-15T11:30:27Z,overdue,62221.81,paid
1515,118,21,2025-06-16T15:04:04Z,2025-06-25T15:04:04Z,2025-06-16T10:37:45Z,2025-06-24T16:03:26Z,completed,54338.04,paid
1516,118,8,2025-06-26T09:28:52Z,2025-06-30T09:28:52Z,2025-06-26T12:05:18Z,2025-06-30T13:18:02Z,overdue,24901.2,pending
1517,118,5,2025-07-02T12:38:44Z,2025-07-11T12:38:44Z,2025-07-02T17:23:06Z,2025-07-12T10:01:35Z,overdue,77553.91,paid
1518,118,22,2025-07-12T12:55:58Z,2025-07-18T12:55:58Z,2025-07-12T04:35:50Z,2025-07-18T14:12:30Z,overdue,56078.84,paid
1519,118,24,2025-07-20T14:23:51Z,2025-07-29T14:23:51Z,2025-07-20T14:05:18Z,2025-07-30T02:50:05Z,overdue,11302.2,partially_paid
1520,118,19,2025-07-30T14:45:00Z,2025-08-04T14:45:00Z,2025-07-30T08:34:16Z,2025-08-04T16:25:29Z,overdue,57693.25,paid
1521,118,19,2025-08-05T13:20:27Z,2025-08-11T13:20:27Z,2025-08-05T09:24:24Z,2025-08-11T13:33:24Z,completed,68164.64,failed
1522,118,21,2025-08-12T20:19:23Z,2025-08-15T20:19:23Z,2025-08-13T03:02:19Z,2025-08-15T19:32:53Z,completed,34403.96,paid
1523,118,6,2025-08-18T03:37:37Z,2025-08-28T03:37:37Z,2025-08-18T12:47:58Z,2025-08-28T05:29:23Z,overdue,134351.99,paid
1524,119,10,2025-06-04T12:08:24Z,2025-06-06T12:08:24Z,2025-06-03T23:37:28Z,2025-06-06T11:31:21Z,completed,8987.46,pending
1525,119,19,2025-06-07T08:40:16Z,2025-06-08T08:40:16Z,2025-06-07T16:56:31Z,2025-06-08T10:19:13Z,overdue,4978.66,pending
1526,119,20,2025-06-09T17:08:17Z,2025-06-16T17:08:17Z,2025-06-09T03:48:56Z,2025-06-15T19:03:38Z,completed,28150.32,pending
1527,119,24,2025-06-18T06:25:24Z,2025-06-26T06:25:24Z,2025-06-18T08:08:39Z,2025-06-26T06:27:09Z,completed,30575.33,pending
1528,119,1,2025-06-27T12:51:18Z,2025-07-04T12:51:18Z,2025-06-27T22:40:11Z,2025-07-04T13:23:08Z,completed,35937.92,paid
1529,119,3,2025-07-05T02:57:16Z,2025-07-11T02:57:16Z,2025-07-05T04:06:36Z,2025-07-11T19:55:36Z,overdue,25790.75,partially_paid
1530,119,2,2025-07-12T19:44:14Z,2025-07-13T19:44:14Z,2025-07-12T23:50:11Z,2025-07-13T22:50:40Z,overdue,4445.05,pending
1531,119,21,2025-07-15T19:04:17Z,2025-07-22T19:04:17Z,2025-07-15T15:07:38Z,2025-07-22T19:28:53Z,completed,26883.08,pending
1532,119,4,2025-07-24T19:32:08Z,2025-08-01T19:32:08Z,2025-07-25T14:12:47Z,2025-08-02T03:20:28Z,overdue,30597.04,paid
1533,119,8,2025-08-02T19:14:19Z,2025-08-05T19:14:19Z,2025-08-02T16:41:45Z,2025-08-05T16:10:30Z,completed,22303.68,pending
1534,119,10,2025-08-07T22:50:06Z,2025-08-08T22:50:06Z,2025-08-07T20:51:16Z,2025-08-09T01:15:15Z,overdue,8334.03,partially_paid
1535,119,8,2025-08-10T06:46:07Z,2025-08-12T06:46:07Z,2025-08-10T13:03:34Z,2025-08-12T07:11:37Z,completed,14994.08,paid
1536,119,5,2025-08-13T01:50:33Z,2025-08-16T01:50:33Z,2025-08-13T00:59:36Z,2025-08-17T18:43:43Z,overdue,37161.81,paid
1537,119,3,2025-08-17T22:48:27Z,2025-08-25T22:48:27Z,2025-08-17T22:51:36Z,2025-08-25T22:57:10Z,completed,59706.88,partially_paid
1538,119,8,2025-08-26T21:35:04Z,2025-09-01T21:35:04Z,2025-08-26T18:30:50Z,,active,9764.05,paid
1539,120,2,2025-06-02T05:01:17Z,2025-06-14T05:01:17Z,2025-06-02T05:57:12Z,2025-06-14T14:25:29Z,overdue,110988.16,pending
1540,120,20,2025-06-15T18:29:04Z,2025-06-20T18:29:04Z,2025-06-15T14:04:25Z,2025-06-20T19:08:18Z,completed,34570.6,partially_paid
1541,120,8,2025-06-22T15:28:05Z,2025-06-23T15:28:05Z,2025-06-23T05:07:50Z,2025-06-23T07:14:11Z,completed,6257.06,pending
1542,120,8,2025-06-25T23:26:50Z,2025-06-27T23:26:50Z,2025-06-25T20:48:21Z,2025-06-29T05:22:27Z,overdue,31342.87,paid
1543,120,5,2025-06-28T15:06:47Z,2025-07-04T15:06:47Z,2025-06-28T07:41:47Z,2025-07-05T19:11:39Z,overdue,55219.77,pending
1544,120,24,2025-07-05T10:12:24Z,2025-07-13T10:12:24Z,2025-07-05T13:26:14Z,2025-07-14T04:24:49Z,overdue,56472.67,paid
1545,120,21,2025-07-14T01:26:15Z,2025-07-27T01:26:15Z,2025-07-14T14:32:53Z,2025-07-26T22:31:08Z,completed,67603.16,pending
1546,120,13,2025-07-29T13:11:12Z,2025-08-08T13:11:12Z,2025-07-29T15:29:08Z,2025-08-08T19:31:33Z,overdue,112138.84,paid
1547,120,19,2025-08-10T00:17:19Z,2025-08-11T00:17:19Z,2025-08-09T23:15:58Z,2025-08-10T13:34:12Z,completed,10232.77,paid
1548,120,5,2025-08-13T02:47:28Z,2025-08-21T02:47:28Z,2025-08-13T09:13:04Z,2025-08-20T10:00:45Z,completed,87037.06,paid
1549,120,17,2025-08-22T16:39:04Z,2025-08-27T16:39:04Z,2025-08-22T23:22:56Z,2025-08-27T17:53:58Z,overdue,54582.56,paid
1550,121,9,2025-06-03T00:51:32Z,2025-06-11T00:51:32Z,2025-06-03T02:57:57Z,2025-06-11T10:50:33Z,overdue,82551.08,pending
1551,121,1,2025-06-11T12:59:47Z,2025-06-16T12:59:47Z,2025-06-11T05:41:49Z,2025-06-16T05:24:58Z,completed,62099.46,paid
1552,121,12,2025-06-17T07:24:32Z,2025-06-25T07:24:32Z,2025-06-17T07:31:32Z,2025-06-25T08:22:28Z,completed,96285.01,paid
1553,121,15,2025-06-27T08:47:02Z,2025-07-01T08:47:02Z,2025-06-27T06:57:10Z,2025-07-01T13:16:13Z,overdue,34442.01,failed
1554,121,9,2025-07-03T19:25:52Z,2025-07-07T19:25:52Z,2025-07-03T11:23:05Z,2025-07-08T00:27:25Z,overdue,51618.32,pending
1555,121,23,2025-07-09T19:17:13Z,2025-07-14T19:17:13Z,2025-07-09T19:28:31Z,2025-07-16T02:40:16Z,overdue,74036.36,paid
1556,121,14,2025-07-15T08:33:06Z,2025-07-20T08:33:06Z,2025-07-15T10:17:12Z,2025-07-20T07:20:45Z,completed,60857.09,pending
1557,121,22,2025-07-22T00:28:08Z,2025-07-27T00:28:08Z,2025-07-22T04:07:33Z,2025-07-25T21:11:52Z,completed,60035.24,pending
1558,121,3,2025-07-28T06:00:02Z,2025-08-03T06:00:02Z,2025-07-28T06:36:19Z,2025-08-03T06:05:16Z,completed,72419.19,paid
1559,121,16,2025-08-04T13:59:32Z,2025-08-13T13:59:32Z,2025-08-04T15:59:56Z,2025-08-14T20:49:49Z,overdue,173251.04,paid
1560,121,15,2025-08-15T11:31:24Z,2025-08-18T11:31:24Z,2025-08-15T12:20:20Z,2025-08-18T17:19:24Z,overdue,54745.24,paid
1561,121,4,2025-08-20T06:28:34Z,2025-08-22T06:28:34Z,2025-08-20T12:12:50Z,2025-08-22T16:06:31Z,overdue,35995.63,partially_paid
1562,121,18,2025-08-22T20:01:04Z,2025-08-27T20:01:04Z,2025-08-22T23:02:52Z,2025-08-27T21:18:18Z,overdue,85441.27,paid
1563,122,11,2025-06-05T10:05:42Z,2025-06-08T10:05:42Z,2025-06-04T23:10:14Z,2025-06-08T00:02:27Z,completed,43665.92,paid
1564,122,7,2025-06-10T08:08:39Z,2025-06-11T08:08:39Z,2025-06-10T18:22:07Z,2025-06-11T09:01:27Z,completed,15042.38,pending
1565,122,9,2025-06-12T14:16:01Z,2025-06-16T14:16:01Z,2025-06-12T19:36:07Z,2025-06-16T05:53:23Z,completed,73843.24,pending
1566,122,18,2025-06-17T21:05:49Z,2025-06-20T21:05:49Z,2025-06-17T21:30:19Z,2025-06-21T15:40:02Z,overdue,67095.94,pending
1567,122,23,2025-06-22T18:20:00Z,2025-06-29T18:20:00Z,2025-06-22T19:49:24Z,2025-06-29T23:23:17Z,overdue,95746.81,paid
1568,122,23,2025-06-30T14:14:42Z,2025-07-07T14:14:42Z,2025-06-30T15:27:18Z,2025-07-07T06:18:14Z,completed,116819.29,paid
1569,122,14,2025-07-08T07:15:22Z,2025-07-14T07:15:22Z,2025-07-08T00:48:51Z,2025-07-14T07:28:45Z,completed,79374.62,paid
1570,122,20,2025-07-15T21:15:05Z,2025-07-19T21:15:05Z,2025-07-16T12:29:16Z,2025-07-19T21:18:24Z,completed,52171.22,partially_paid
1571,122,1,2025-07-20T18:15:47Z,2025-07-21T18:15:47Z,2025-07-20T17:27:29Z,2025-07-21T22:42:03Z,overdue,17326.5,pending
1572,122,16,2025-07-23T09:37:45Z,2025-08-03T09:37:45Z,2025-07-23T06:05:32Z,2025-08-03T08:10:06Z,completed,102157.38,paid
1573,122,12,2025-08-05T18:55:03Z,2025-08-13T18:55:03Z,2025-08-05T10:38:02Z,2025-08-13T15:33:33Z,completed,134230.04,partially_paid
1574,122,15,2025-08-15T06:55:40Z,2025-08-20T06:55:40Z,2025-08-15T06:30:36Z,2025-08-20T23:17:05Z,overdue,111605.61,partially_paid
1575,122,14,2025-08-22T04:39:19Z,2025-08-25T04:39:19Z,2025-08-22T03:00:47Z,2025-08-25T09:43:39Z,overdue,63820.8,paid
1576,122,1,2025-08-26T16:45:36Z,2025-09-01T16:45:36Z,2025-08-26T17:20:49Z,,active,31086.12,paid
1577,123,7,2025-06-04T09:45:37Z,2025-06-12T09:45:37Z,2025-06-04T12:06:57Z,2025-06-12T21:16:58Z,overdue,166647.0,pending
1578,123,9,2025-06-14T03:48:21Z,2025-06-15T03:48:21Z,2025-06-14T04:06:26Z,2025-06-15T19:17:25Z,overdue,35582.82,paid
1579,123,7,2025-06-16T23:12:30Z,2025-06-24T23:12:30Z,2025-06-16T19:03:16Z,2025-06-24T13:27:22Z,completed,123742.23,paid
1580,123,18,2025-06-27T10:50:16Z,2025-07-01T10:50:16Z,2025-06-27T14:03:23Z,2025-07-02T15:30:04Z,overdue,95104.82,paid
1581,123,14,2025-07-03T12:32:05Z,2025-07-07T12:32:05Z,2025-07-03T17:58:57Z,2025-07-07T18:07:24Z,overdue,93381.06,partially_paid
1582,123,23,2025-07-08T02:27:19Z,2025-07-13T02:27:19Z,2025-07-08T01:11:13Z,2025-07-13T11:43:37Z,overdue,115463.49,pending
1583,123,5,2025-07-14T19:45:14Z,2025-07-20T19:45:14Z,2025-07-15T09:24:32Z,2025-07-20T11:33:37Z,completed,90566.7,partially_paid
1584,123,10,2025-07-21T12:25:46Z,2025-07-28T12:25:46Z,2025-07-21T09:15:15Z,2025-07-28T04:17:51Z,completed,108378.72,partially_paid
1585,123,4,2025-07-30T13:56:20Z,2025-08-04T13:56:20Z,2025-07-30T14:45:46Z,2025-08-06T00:31:14Z,overdue,147086.18,pending
1586,123,19,2025-08-05T16:07:41Z,2025-08-10T16:07:41Z,2025-08-05T09:20:49Z,2025-08-10T20:41:19Z,overdue,114878.96,pending
1587,123,11,2025-08-11T12:43:44Z,2025-08-12T12:43:44Z,2025-08-11T12:10:38Z,2025-08-12T19:01:30Z,overdue,33009.35,partially_paid
1588,123,7,2025-08-14T13:21:36Z,2025-08-22T13:21:36Z,2025-08-14T19:12:06Z,2025-08-22T07:38:26Z,completed,208998.67,partially_paid
1589,123,11,2025-08-24T00:47:47Z,2025-08-29T00:47:47Z,2025-08-23T20:11:59Z,,active,109751.78,failed
1590,124,22,2025-06-04T14:44:53Z,2025-06-10T14:44:53Z,2025-06-04T07:06:23Z,2025-06-10T10:59:11Z,completed,105559.05,paid
1591,124,11,2025-06-12T11:29:37Z,2025-06-15T11:29:37Z,2025-06-12T14:47:30Z,2025-06-17T06:41:32Z,overdue,83107.93,partially_paid
1592,124,1,2025-06-16T01:32:31Z,2025-06-18T01:32:31Z,2025-06-15T14:25:26Z,2025-06-18T03:46:02Z,overdue,33912.87,pending
1593,124,4,2025-06-20T04:57:41Z,2025-06-26T04:57:41Z,2025-06-20T06:16:24Z,2025-06-26T03:35:30Z,completed,80103.55,pending
1594,124,13,2025-06-27T12:07:36Z,2025-07-02T12:07:36Z,2025-06-27T14:19:54Z,2025-07-03T15:11:59Z,overdue,104982.08,paid
1595,124,18,2025-07-03T16:52:33Z,2025-07-04T16:52:33Z,2025-07-03T14:39:44Z,2025-07-05T02:53:44Z,overdue,23624.08,paid
1596,124,15,2025-07-05T08:59:43Z,2025-07-08T08:59:43Z,2025-07-05T19:22:56Z,2025-07-08T01:53:22Z,completed,42977.96,pending
1597,124,22,2025-07-09T12:46:26Z,2025-07-14T12:46:26Z,2025-07-09T16:06:36Z,2025-07-14T08:47:26Z,completed,93212.67,paid
1598,124,1,2025-07-15T23:37:56Z,2025-07-16T23:37:56Z,2025-07-15T21:03:38Z,2025-07-17T16:22:12Z,overdue,28802.83,partially_paid
1599,124,22,2025-07-17T18:37:01Z,2025-07-21T18:37:01Z,2025-07-17T13:32:18Z,2025-07-21T19:30:03Z,completed,51453.7,paid
1600,124,14,2025-07-23T00:52:14Z,2025-07-28T00:52:14Z,2025-07-22T21:48:35Z,2025-07-28T08:26:25Z,overdue,86210.2,partially_paid
1601,124,1,2025-07-28T23:06:54Z,2025-08-05T23:06:54Z,2025-07-29T13:24:19Z,2025-08-06T23:44:39Z,overdue,195617.48,paid
1602,124,6,2025-08-07T00:04:03Z,2025-08-16T00:04:03Z,2025-08-06T21:01:55Z,2025-08-15T21:25:42Z,completed,200904.66,paid
1603,124,16,2025-08-16T15:59:23Z,2025-08-22T15:59:23Z,2025-08-16T16:37:58Z,2025-08-21T22:39:53Z,completed,133533.52,paid
1604,124,1,2025-08-24T12:07:57Z,2025-08-29T12:07:57Z,2025-08-24T14:31:43Z,,active,83928.84,partially_paid
1605,125,12,2025-06-02T23:41:41Z,2025-06-09T23:41:41Z,2025-06-03T01:26:25Z,2025-06-09T17:53:04Z,completed,101537.24,paid
1606,125,15,2025-06-11T13:23:56Z,2025-06-15T13:23:56Z,2025-06-11T06:12:19Z,2025-06-16T06:43:13Z,overdue,77965.89,paid
1607,125,20,2025-06-16T20:04:39Z,2025-06-22T20:04:39Z,2025-06-16T18:43:42Z,2025-06-22T16:50:34Z,completed,77274.2,paid
1608,125,22,2025-06-24T11:50:42Z,2025-07-08T11:50:42Z,2025-06-24T05:24:18Z,2025-07-08T07:36:40Z,completed,237405.76,partially_paid
1609,125,14,2025-07-10T11:30:04Z,2025-07-17T11:30:04Z,2025-07-10T15:06:09Z,2025-07-17T11:54:45Z,completed,111404.58,partially_paid
1610,125,14,2025-07-19T20:19:28Z,2025-07-30T20:19:28Z,2025-07-19T23:21:41Z,2025-07-30T18:07:36Z,completed,37517.58,partially_paid
1611,125,1,2025-08-01T03:49:52Z,2025-08-06T03:49:52Z,2025-08-01T05:40:41Z,2025-08-08T10:48:51Z,overdue,167189.12,partially_paid
1612,125,23,2025-08-08T08:58:48Z,2025-08-09T08:58:48Z,2025-08-08T16:11:43Z,2025-08-09T18:58:58Z,overdue,32483.36,pending
1613,125,15,2025-08-10T07:28:26Z,2025-08-18T07:28:26Z,2025-08-10T06:51:42Z,2025-08-17T21:34:17Z,completed,183822.02,paid
1614,125,9,2025-08-20T00:19:09Z,2025-08-28T00:19:09Z,2025-08-20T04:14:44Z,,active,183680.8,partially_paid
1615,126,10,2025-06-01T11:17:09Z,2025-06-06T11:17:09Z,2025-06-01T07:41:13Z,2025-06-05T19:30:53Z,completed,52048.56,failed
1616,126,16,2025-06-08T08:51:11Z,2025-06-16T08:51:11Z,2025-06-08T11:23:47Z,2025-06-16T01:44:24Z,completed,87294.7,paid
1617,126,14,2025-06-18T12:36:21Z,2025-06-22T12:36:21Z,2025-06-18T09:48:19Z,2025-06-22T09:15:03Z,completed,51637.07,pending
1618,126,20,2025-06-23T21:10:06Z,2025-06-26T21:10:06Z,2025-06-23T14:21:55Z,2025-06-26T20:32:03Z,completed,29078.97,paid
1619,126,23,2025-06-27T22:50:59Z,2025-06-30T22:50:59Z,2025-06-27T13:05:16Z,2025-07-01T22:42:42Z,overdue,49073.11,paid
1620,126,6,2025-07-02T16:37:40Z,2025-07-11T16:37:40Z,2025-07-02T11:57:13Z,2025-07-12T05:06:28Z,overdue,131661.73,paid
1621,126,22,2025-07-12T09:36:39Z,2025-07-19T09:36:39Z,2025-07-12T16:45:26Z,2025-07-18T20:53:07Z,completed,83083.43,pending
1622,126,18,2025-07-21T09:36:29Z,2025-07-30T09:36:29Z,2025-07-21T06:19:14Z,2025-07-30T07:00:35Z,completed,19565.76,paid
1623,126,10,2025-08-01T01:30:26Z,2025-08-09T01:30:26Z,2025-08-01T09:15:06Z,2025-08-11T11:31:00Z,overdue,154169.65,pending
1624,126,6,2025-08-11T02:47:51Z,2025-08-13T02:47:51Z,2025-08-11T06:59:28Z,2025-08-13T02:02:51Z,completed,33663.36,paid
1625,126,16,2025-08-13T20:46:14Z,2025-08-21T20:46:14Z,2025-08-13T11:56:52Z,2025-08-21T10:44:01Z,completed,134004.1,paid
1626,126,1,2025-08-23T18:33:17Z,2025-08-26T18:33:17Z,2025-08-23T19:01:43Z,2025-08-26T09:44:08Z,completed,50426.69,paid
1627,127,15,2025-06-02T10:13:47Z,2025-06-09T10:13:47Z,2025-06-02T16:23:28Z,2025-06-09T23:57:30Z,overdue,118227.14,pending
1628,127,1,2025-06-11T17:51:52Z,2025-06-21T17:51:52Z,2025-06-11T20:21:34Z,2025-06-21T14:18:19Z,completed,128217.93,paid
1629,127,22,2025-06-23T21:03:59Z,2025-07-03T21:03:59Z,2025-06-23T17:26:08Z,2025-07-04T05:54:29Z,overdue,165511.9,pending
1630,127,18,2025-07-05T12:31:53Z,2025-07-15T12:31:53Z,2025-07-05T15:16:18Z,2025-07-14T07:24:59Z,completed,140822.58,pending
1631,127,22,2025-07-17T07:27:51Z,2025-07-20T07:27:51Z,2025-07-17T15:24:03Z,2025-07-20T08:17:50Z,completed,36218.02,partially_paid
1632,127,15,2025-07-21T14:12:15Z,2025-07-27T14:12:15Z,2025-07-21T18:45:25Z,2025-07-28T10:44:22Z,overdue,112571.59,paid
1633,127,5,2025-07-28T23:11:58Z,2025-08-03T23:11:58Z,2025-07-28T21:56:50Z,2025-08-03T22:26:27Z,completed,96161.0,paid
1634,127,23,2025-08-06T00:50:41Z,2025-08-14T00:50:41Z,2025-08-06T04:09:59Z,2025-08-14T00:41:03Z,completed,157214.01,paid
1635,127,6,2025-08-14T20:28:46Z,2025-08-23T20:28:46Z,2025-08-14T19:42:19Z,2025-08-23T19:07:58Z,completed,176362.0,paid
1636,127,1,2025-08-25T14:39:59Z,2025-08-28T14:39:59Z,2025-08-25T08:47:38Z,,active,52431.4,paid
1637,128,24,2025-06-05T18:38:02Z,2025-06-14T18:38:02Z,2025-06-05T13:48:12Z,2025-06-14T20:00:28Z,overdue,58031.45,paid
1638,128,5,2025-06-16T12:56:46Z,2025-06-20T12:56:46Z,2025-06-16T11:23:03Z,2025-06-19T17:12:47Z,completed,29232.77,pending
1639,128,21,2025-06-21T10:14:59Z,2025-06-26T10:14:59Z,2025-06-21T09:05:15Z,2025-06-27T01:02:40Z,overdue,46891.3,paid
1640,128,8,2025-06-28T11:13:43Z,2025-07-04T11:13:43Z,2025-06-28T04:02:18Z,2025-07-04T13:53:07Z,overdue,40709.13,pending
1641,128,3,2025-07-05T00:20:22Z,2025-07-11T00:20:22Z,2025-07-05T01:31:47Z,2025-07-11T00:58:50Z,completed,29501.55,partially_paid
1642,128,9,2025-07-11T18:13:42Z,2025-07-15T18:13:42Z,2025-07-11T19:32:06Z,2025-07-16T09:48:25Z,overdue,50488.54,pending
1643,128,5,2025-07-17T05:57:07Z,2025-07-18T05:57:07Z,2025-07-17T02:43:10Z,2025-07-18T05:54:20Z,completed,6980.81,paid
1644,128,21,2025-07-18T19:00:21Z,2025-07-24T19:00:21Z,2025-07-19T02:09:57Z,2025-07-24T18:03:01Z,completed,28141.79,paid
1645,128,13,2025-07-26T01:01:05Z,2025-07-30T01:01:05Z,2025-07-25T21:56:35Z,2025-07-29T14:18:56Z,completed,9632.06,pending
1646,128,19,2025-07-30T13:30:18Z,2025-08-03T13:30:18Z,2025-07-30T18:07:47Z,2025-08-03T01:19:39Z,completed,44976.95,failed
1647,128,10,2025-08-04T07:07:51Z,2025-08-11T07:07:51Z,2025-08-03T20:55:10Z,2025-08-11T03:30:54Z,completed,79579.95,paid
1648,128,24,2025-08-12T21:21:43Z,2025-08-17T21:21:43Z,2025-08-13T07:24:40Z,2025-08-17T21:12:38Z,completed,56412.46,pending
1649,128,17,2025-08-19T14:27:19Z,2025-08-20T14:27:19Z,2025-08-19T02:27:43Z,2025-08-20T17:56:37Z,overdue,13492.22,pending
1650,128,7,2025-08-22T20:03:55Z,2025-08-29T20:03:55Z,2025-08-22T22:19:05Z,,active,73076.15,pending
1651,129,9,2025-06-01T13:42:36Z,2025-06-10T13:42:36Z,2025-06-01T10:28:20Z,2025-06-11T02:56:33Z,overdue,50505.35,partially_paid
1652,129,8,2025-06-11T18:26:26Z,2025-06-12T18:26:26Z,2025-06-11T13:00:39Z,2025-06-12T00:59:15Z,completed,6591.31,paid
1653,129,5,2025-06-14T03:22:17Z,2025-06-19T03:22:17Z,2025-06-14T03:05:38Z,2025-06-19T05:33:25Z,overdue,25551.75,pending
1654,129,12,2025-06-21T07:58:52Z,2025-06-27T07:58:52Z,2025-06-21T02:24:57Z,2025-06-27T08:07:43Z,completed,32774.64,paid
1655,129,7,2025-06-29T00:11:06Z,2025-06-30T00:11:06Z,2025-06-29T08:21:51Z,2025-06-29T22:57:27Z,completed,7364.9,paid
1656,129,21,2025-07-02T06:33:43Z,2025-07-06T06:33:43Z,2025-07-02T16:05:45Z,2025-07-06T00:05:33Z,completed,17529.53,paid
1657,129,5,2025-07-06T23:43:30Z,2025-07-08T23:43:30Z,2025-07-06T17:08:51Z,2025-07-09T02:12:14Z,overdue,10673.12,paid
1658,129,6,2025-07-10T18:05:40Z,2025-07-17T18:05:40Z,2025-07-10T22:31:57Z,2025-07-20T06:20:06Z,overdue,76405.61,partially_paid
1659,129,19,2025-07-18T18:14:29Z,2025-07-19T18:14:29Z,2025-07-18T21:53:38Z,2025-07-19T12:08:52Z,completed,5808.08,paid
1660,129,2,2025-07-22T04:34:06Z,2025-07-26T04:34:06Z,2025-07-22T00:50:59Z,2025-07-26T02:45:21Z,completed,27937.71,paid
1661,129,8,2025-07-27T13:10:44Z,2025-08-07T13:10:44Z,2025-07-27T18:13:58Z,2025-08-07T13:39:19Z,completed,85164.03,paid
1662,129,3,2025-08-08T19:02:00Z,2025-08-18T19:02:00Z,2025-08-08T09:57:29Z,2025-08-18T18:47:00Z,completed,89710.75,paid
1663,129,19,2025-08-20T17:26:23Z,2025-08-21T17:26:23Z,2025-08-20T13:14:36Z,2025-08-22T01:17:51Z,overdue,12642.34,partially_paid
1664,129,19,2025-08-23T08:23:55Z,2025-08-29T08:23:55Z,2025-08-23T09:17:41Z,,active,44492.91,pending
1665,130,24,2025-06-04T00:11:44Z,2025-06-12T00:11:44Z,2025-06-04T01:38:00Z,2025-06-12T20:29:02Z,overdue,47740.28,pending
1666,130,24,2025-06-14T07:02:37Z,2025-06-15T07:02:37Z,2025-06-14T08:54:45Z,2025-06-14T21:14:55Z,completed,5517.83,paid
1667,130,16,2025-06-16T04:33:17Z,2025-06-20T04:33:17Z,2025-06-16T07:45:39Z,2025-06-20T08:38:13Z,overdue,19279.73,partially_paid
1668,130,6,2025-06-21T12:46:27Z,2025-06-24T12:46:27Z,2025-06-21T12:48:42Z,2025-06-23T18:16:34Z,completed,13583.38,paid
1669,130,1,2025-06-25T12:07:21Z,2025-07-04T12:07:21Z,2025-06-25T10:53:26Z,2025-07-05T09:15:49Z,overdue,39742.92,failed
1670,130,8,2025-07-06T23:32:39Z,2025-07-10T23:32:39Z,2025-07-06T20:24:10Z,2025-07-10T21:55:37Z,completed,13666.16,partially_paid
1671,130,17,2025-07-11T13:19:14Z,2025-07-19T13:19:14Z,2025-07-11T09:03:50Z,2025-07-19T14:09:38Z,completed,30568.11,paid
1672,130,14,2025-07-20T04:39:16Z,2025-07-24T04:39:16Z,2025-07-19T16:47:55Z,2025-07-23T23:05:40Z,completed,22708.33,paid
1673,130,17,2025-07-26T04:49:54Z,2025-07-28T04:49:54Z,2025-07-26T05:02:06Z,2025-07-27T11:20:56Z,completed,7424.11,paid
1674,130,13,2025-07-28T19:05:28Z,2025-08-05T19:05:28Z,2025-07-28T18:32:41Z,2025-08-05T19:56:54Z,completed,57054.59,paid
1675,130,19,2025-08-08T02:47:38Z,2025-08-15T02:47:38Z,2025-08-08T08:34:38Z,2025-08-15T03:21:38Z,completed,52062.19,pending
1676,130,11,2025-08-17T06:24:56Z,2025-08-20T06:24:56Z,2025-08-16T19:46:19Z,2025-08-19T21:24:04Z,completed,26010.31,paid
1677,130,24,2025-08-21T05:16:48Z,2025-08-25T05:16:48Z,2025-08-21T05:55:21Z,2025-08-25T03:13:11Z,completed,29174.93,paid
1678,130,21,2025-08-27T12:37:06Z,2025-09-04T12:37:06Z,2025-08-27T08:56:26Z,,active,5226.57,paid
1679,131,3,2025-06-03T22:00:42Z,2025-06-12T22:00:42Z,2025-06-04T00:03:46Z,2025-06-12T23:12:51Z,overdue,62882.15,paid
1680,131,21,2025-06-15T00:00:35Z,2025-06-19T00:00:35Z,2025-06-14T20:12:38Z,2025-06-18T21:33:16Z,completed,31326.36,pending
1681,131,5,2025-06-20T10:07:23Z,2025-06-24T10:07:23Z,2025-06-20T14:39:26Z,2025-06-24T10:37:52Z,completed,27256.22,partially_paid
1682,131,13,2025-06-26T20:29:00Z,2025-06-27T20:29:00Z,2025-06-27T07:05:32Z,2025-06-28T05:37:27Z,overdue,12951.29,paid
1683,131,13,2025-06-28T20:01:42Z,2025-06-29T20:01:42Z,2025-06-28T17:22:38Z,2025-06-30T04:29:05Z,overdue,11932.08,paid
1684,131,8,2025-07-01T19:06:36Z,2025-07-12T19:06:36Z,2025-07-01T12:27:40Z,2025-07-13T17:39:19Z,overdue,94349.56,paid
1685,131,5,2025-07-14T00:03:16Z,2025-07-24T00:03:16Z,2025-07-13T20:16:57Z,2025-07-23T23:37:08Z,completed,71376.36,paid
1686,131,16,2025-07-24T21:56:14Z,2025-07-26T21:56:14Z,2025-07-24T20:42:59Z,2025-07-26T22:14:45Z,completed,17634.22,pending
1687,131,5,2025-07-27T20:18:42Z,2025-08-03T20:18:42Z,2025-07-28T02:51:10Z,2025-08-03T14:28:56Z,completed,68397.82,paid
1688,131,17,2025-08-05T23:23:00Z,2025-08-06T23:23:00Z,2025-08-05T23:15:22Z,2025-08-07T10:34:55Z,overdue,18637.41,paid
1689,131,4,2025-08-08T02:21:04Z,2025-08-14T02:21:04Z,2025-08-08T00:23:28Z,2025-08-14T09:58:35Z,overdue,75585.18,pending
1690,131,12,2025-08-14T20:35:38Z,2025-08-24T20:35:38Z,2025-08-14T22:53:04Z,2025-08-24T17:42:25Z,completed,118315.57,failed
1691,131,5,2025-08-26T09:14:25Z,2025-08-30T09:14:25Z,2025-08-26T08:13:16Z,,active,22995.82,paid
1692,132,3,2025-06-05T02:31:25Z,2025-06-10T02:31:25Z,2025-06-05T02:24:17Z,2025-06-10T01:42:08Z,completed,36560.55,failed
1693,132,13,2025-06-12T02:17:05Z,2025-06-21T02:17:05Z,2025-06-12T14:02:38Z,2025-06-21T05:25:47Z,overdue,102781.39,pending
1694,132,8,2025-06-22T22:03:19Z,2025-06-28T22:03:19Z,2025-06-22T22:16:33Z,2025-06-28T15:59:39Z,completed,66213.73,paid
1695,132,12,2025-06-30T03:04:04Z,2025-07-08T03:04:04Z,2025-06-30T03:52:22Z,2025-07-08T11:14:37Z,overdue,87019.47,paid
1696,132,3,2025-07-08T17:37:09Z,2025-07-11T17:37:09Z,2025-07-08T15:18:45Z,2025-07-11T17:25:46Z,completed,34935.37,paid
1697,132,7,2025-07-14T02:09:51Z,2025-07-23T02:09:51Z,2025-07-13T23:53:30Z,2025-07-24T00:42:31Z,overdue,169483.43,paid
1698,132,12,2025-07-24T15:35:00Z,2025-07-31T15:35:00Z,2025-07-24T07:55:45Z,2025-07-31T15:54:06Z,completed,40725.32,pending
1699,132,4,2025-08-01T15:31:57Z,2025-08-05T15:31:57Z,2025-08-01T02:21:59Z,2025-08-05T17:53:28Z,overdue,65153.93,pending
1700,132,4,2025-08-06T16:18:33Z,2025-08-14T16:18:33Z,2025-08-06T19:30:30Z,2025-08-14T19:03:19Z,overdue,129772.88,partially_paid
1701,132,12,2025-08-16T13:53:09Z,2025-08-17T13:53:09Z,2025-08-16T10:59:03Z,2025-08-17T16:32:25Z,overdue,17237.03,paid
1702,132,5,2025-08-19T20:06:11Z,2025-08-21T20:06:11Z,2025-08-19T04:54:45Z,2025-08-21T20:11:49Z,completed,32695.04,pending
1703,132,8,2025-08-23T14:40:27Z,2025-08-28T14:40:27Z,2025-08-23T15:29:15Z,,active,73562.01,pending
1704,133,8,2025-06-03T16:30:41Z,2025-06-10T16:30:41Z,2025-06-03T18:03:50Z,2025-06-11T22:05:21Z,overdue,76478.96,paid
1705,133,4,2025-06-11T12:40:57Z,2025-06-12T12:40:57Z,2025-06-11T15:42:36Z,2025-06-12T16:37:25Z,overdue,11952.96,partially_paid
1706,133,16,2025-06-13T07:29:26Z,2025-06-15T07:29:26Z,2025-06-12T22:28:24Z,2025-06-15T02:23:49Z,completed,19764.16,pending
1707,133,4,2025-06-17T18:15:37Z,2025-06-21T18:15:37Z,2025-06-17T22:46:51Z,2025-06-21T12:19:05Z,completed,26925.84,failed
1708,133,19,2025-06-23T10:46:21Z,2025-06-26T10:46:21Z,2025-06-23T07:06:10Z,2025-06-26T10:48:20Z,completed,31727.29,failed
1709,133,1,2025-06-27T21:27:21Z,2025-07-03T21:27:21Z,2025-06-27T20:22:49Z,2025-07-03T23:21:42Z,overdue,63528.95,partially_paid
1710,133,4,2025-07-06T01:33:11Z,2025-07-15T01:33:11Z,2025-07-05T21:03:29Z,2025-07-16T05:55:11Z,overdue,93111.47,paid
1711,133,10,2025-07-15T18:21:10Z,2025-07-21T18:21:10Z,2025-07-15T17:23:25Z,2025-07-23T00:14:06Z,overdue,64265.97,paid
1712,133,13,2025-07-24T05:51:46Z,2025-07-26T05:51:46Z,2025-07-24T03:44:26Z,2025-07-25T23:53:05Z,completed,14590.14,paid
1713,133,10,2025-07-28T09:35:41Z,2025-08-05T09:35:41Z,2025-07-28T19:43:47Z,2025-08-07T02:40:03Z,overdue,113122.0,paid
1714,133,19,2025-08-07T14:43:43Z,2025-08-16T14:43:43Z,2025-08-07T13:32:34Z,2025-08-16T13:23:20Z,completed,111214.69,paid
1715,133,4,2025-08-18T03:39:20Z,2025-08-19T03:39:20Z,2025-08-18T15:52:14Z,2025-08-19T20:32:32Z,overdue,22738.68,failed
1716,133,16,2025-08-20T23:18:18Z,2025-08-24T23:18:18Z,2025-08-21T07:16:24Z,2025-08-24T22:46:08Z,completed,58558.24,paid
1717,133,5,2025-08-26T20:42:13Z,2025-09-02T20:42:13Z,2025-08-26T19:40:05Z,,active,16415.29,pending
1718,134,20,2025-06-05T19:44:13Z,2025-06-10T19:44:13Z,2025-06-05T11:01:52Z,2025-06-11T01:02:27Z,overdue,33162.58,partially_paid
1719,134,17,2025-06-12T05:18:06Z,2025-06-21T05:18:06Z,2025-06-12T05:07:35Z,2025-06-21T09:36:22Z,overdue,58683.05,partially_paid
1720,134,19,2025-06-22T10:02:47Z,2025-06-24T10:02:47Z,2025-06-22T09:53:19Z,2025-06-24T06:17:44Z,completed,15292.71,partially_paid
1721,134,17,2025-06-25T12:53:38Z,2025-07-03T12:53:38Z,2025-06-25T13:04:58Z,2025-07-04T04:43:43Z,overdue,66915.43,paid
1722,134,19,2025-07-04T06:47:45Z,2025-07-13T06:47:45Z,2025-07-04T10:56:44Z,2025-07-13T18:57:03Z,overdue,67389.01,paid
1723,134,13,2025-07-14T08:38:22Z,2025-07-17T08:38:22Z,2025-07-14T08:37:22Z,2025-07-17T02:20:23Z,completed,23632.57,pending
1724,134,8,2025-07-19T05:19:26Z,2025-07-23T05:19:26Z,2025-07-19T03:04:36Z,2025-07-22T18:23:46Z,completed,29505.1,paid
1725,134,24,2025-07-24T07:53:56Z,2025-07-25T07:53:56Z,2025-07-24T03:53:24Z,2025-07-25T11:02:06Z,overdue,8004.02,paid
1726,134,3,2025-07-26T06:19:50Z,2025-07-27T06:19:50Z,2025-07-26T06:25:28Z,2025-07-27T09:04:32Z,overdue,6347.91,paid
1727,134,2,2025-07-28T14:59:10Z,2025-08-06T14:59:10Z,2025-07-29T00:50:50Z,2025-08-06T15:45:14Z,completed,94969.57,pending
1728,134,17,2025-08-08T21:09:53Z,2025-08-17T21:09:53Z,2025-08-08T16:49:15Z,2025-08-17T14:52:04Z,completed,99287.33,paid
1729,134,9,2025-08-18T16:36:23Z,2025-08-19T16:36:23Z,2025-08-18T23:43:24Z,2025-08-19T22:44:08Z,overdue,16317.15,paid
1730,134,8,2025-08-21T01:20:41Z,2025-08-25T01:20:41Z,2025-08-20T23:49:16Z,2025-08-24T22:41:54Z,completed,44077.65,paid
1731,134,20,2025-08-26T06:22:02Z,2025-09-02T06:22:02Z,2025-08-26T13:07:00Z,,active,23061.32,paid
1732,135,19,2025-06-06T01:51:54Z,2025-06-13T01:51:54Z,2025-06-06T00:12:18Z,2025-06-13T04:34:30Z,overdue,25723.31,paid
1733,135,19,2025-06-14T22:27:12Z,2025-06-21T22:27:12Z,2025-06-14T21:19:27Z,2025-06-21T22:56:33Z,completed,18953.3,paid
1734,135,5,2025-06-22T22:27:16Z,2025-06-27T22:27:16Z,2025-06-23T04:16:34Z,2025-06-28T03:17:11Z,overdue,23556.74,pending
1735,135,17,2025-06-29T13:39:15Z,2025-07-05T13:39:15Z,2025-06-29T06:01:43Z,2025-07-05T13:05:18Z,completed,22484.3,paid
1736,135,17,2025-07-07T17:40:45Z,2025-07-15T17:40:45Z,2025-07-07T17:54:19Z,2025-07-16T03:19:31Z,overdue,32515.69,paid
1737,135,13,2025-07-18T02:33:12Z,2025-07-29T02:33:12Z,2025-07-18T08:47:06Z,2025-07-29T05:28:14Z,overdue,46038.86,paid
1738,135,17,2025-07-31T12:42:10Z,2025-08-04T12:42:10Z,2025-07-30T21:22:54Z,2025-08-04T12:45:17Z,completed,27202.9,paid
1739,135,10,2025-08-05T04:56:51Z,2025-08-10T04:56:51Z,2025-08-05T07:17:23Z,2025-08-10T06:45:42Z,overdue,35015.02,paid
1740,135,19,2025-08-11T10:51:24Z,2025-08-16T10:51:24Z,2025-08-11T00:10:49Z,2025-08-15T20:19:16Z,completed,34774.1,pending
1741,135,22,2025-08-18T15:25:19Z,2025-08-25T15:25:19Z,2025-08-19T01:43:02Z,2025-08-25T15:26:37Z,completed,56457.35,paid
1742,135,2,2025-08-27T21:25:03Z,2025-09-02T21:25:03Z,2025-08-28T03:07:57Z,,active,2086.78,paid
1743,136,11,2025-06-04T21:58:45Z,2025-06-11T21:58:45Z,2025-06-04T17:32:10Z,2025-06-12T13:06:28Z,overdue,112355.43,paid
1744,136,19,2025-06-14T03:27:58Z,2025-06-20T03:27:58Z,2025-06-14T05:15:25Z,2025-06-19T18:50:44Z,completed,75871.13,paid
1745,136,7,2025-06-20T18:00:40Z,2025-06-28T18:00:40Z,2025-06-21T06:31:10Z,2025-06-28T07:47:15Z,completed,126306.84,partially_paid
1746,136,23,2025-06-29T12:33:30Z,2025-07-03T12:33:30Z,2025-06-29T13:56:53Z,2025-07-04T09:45:26Z,overdue,70841.96,paid
1747,136,1,2025-07-04T15:28:52Z,2025-07-08T15:28:52Z,2025-07-03T22:28:59Z,2025-07-09T22:35:40Z,overdue,74302.46,paid
1748,136,5,2025-07-09T13:06:53Z,2025-07-17T13:06:53Z,2025-07-09T02:39:25Z,2025-07-17T07:56:00Z,completed,106806.65,pending
1749,136,16,2025-07-18T05:45:51Z,2025-07-28T05:45:51Z,2025-07-18T14:27:04Z,2025-07-28T06:28:03Z,completed,136886.17,paid
1750,136,11,2025-07-29T12:31:07Z,2025-08-03T12:31:07Z,2025-07-29T13:00:59Z,2025-08-03T13:40:29Z,overdue,105265.0,partially_paid
1751,136,18,2025-08-05T15:53:29Z,2025-08-14T15:53:29Z,2025-08-05T10:38:11Z,2025-08-14T12:25:11Z,completed,186477.76,paid
1752,136,6,2025-08-16T00:58:11Z,2025-08-25T00:58:11Z,2025-08-16T00:42:13Z,2025-08-25T17:52:03Z,overdue,200473.86,paid
1753,136,23,2025-08-25T21:50:26Z,2025-08-28T21:50:26Z,2025-08-25T21:30:43Z,,active,48527.77,paid
1754,137,8,2025-06-03T16:04:20Z,2025-06-09T16:04:20Z,2025-06-03T07:12:03Z,2025-06-09T12:15:54Z,completed,72883.47,partially_paid
1755,137,12,2025-06-11T03:44:04Z,2025-06-12T03:44:04Z,2025-06-11T07:53:53Z,2025-06-12T12:41:05Z,overdue,16014.96,paid
1756,137,4,2025-06-13T14:00:17Z,2025-06-14T14:00:17Z,2025-06-13T22:00:29Z,2025-06-14T15:50:56Z,overdue,12268.05,paid
1757,137,10,2025-06-16T05:05:12Z,2025-06-22T05:05:12Z,2025-06-16T01:14:24Z,2025-06-22T07:36:06Z,overdue,53606.1,paid
1758,137,10,2025-06-24T00:37:55Z,2025-06-26T00:37:55Z,2025-06-24T00:45:09Z,2025-06-26T10:33:33Z,overdue,22589.62,paid
1759,137,4,2025-06-27T23:20:21Z,2025-07-07T23:20:21Z,2025-06-28T01:29:51Z,2025-07-07T21:12:15Z,completed,75484.02,failed
1760,137,21,2025-07-09T11:29:34Z,2025-07-12T11:29:34Z,2025-07-09T09:26:31Z,2025-07-12T01:57:17Z,completed,24653.12,paid
1761,137,21,2025-07-13T07:52:08Z,2025-07-19T07:52:08Z,2025-07-13T04:29:01Z,2025-07-18T10:23:43Z,completed,56050.71,paid
1762,137,8,2025-07-21T06:11:51Z,2025-07-30T06:11:51Z,2025-07-21T03:12:41Z,2025-07-29T11:01:00Z,completed,13708.83,paid
1763,137,21,2025-08-01T14:31:28Z,2025-08-06T14:31:28Z,2025-08-01T14:56:05Z,2025-08-05T21:09:02Z,completed,67381.38,partially_paid
1764,137,23,2025-08-08T07:36:17Z,2025-08-14T07:36:17Z,2025-08-08T01:19:19Z,2025-08-16T03:15:11Z,overdue,124448.47,paid
1765,137,11,2025-08-15T20:49:32Z,2025-08-22T20:49:32Z,2025-08-15T18:25:34Z,2025-08-22T13:49:40Z,completed,112590.96,paid
1766,137,3,2025-08-24T12:52:53Z,2025-08-29T12:52:53Z,2025-08-24T16:33:29Z,,active,50904.52,failed
1767,138,22,2025-05-31T18:14:07Z,2025-06-05T18:14:07Z,2025-05-31T18:35:08Z,2025-06-05T14:11:22Z,completed,19892.22,paid
1768,138,21,2025-06-08T05:20:21Z,2025-06-12T05:20:21Z,2025-06-07T16:49:28Z,2025-06-13T04:42:20Z,overdue,24127.88,pending
1769,138,12,2025-06-14T11:36:55Z,2025-06-20T11:36:55Z,2025-06-14T06:58:29Z,2025-06-22T02:35:33Z,overdue,44026.12,paid
1770,138,3,2025-06-21T02:42:19Z,2025-06-27T02:42:19Z,2025-06-20T20:29:18Z,2025-06-27T03:41:57Z,completed,24085.3,paid
1771,138,20,2025-06-28T11:53:55Z,2025-07-05T11:53:55Z,2025-06-28T14:15:58Z,2025-07-05T08:21:09Z,completed,30539.36,partially_paid
1772,138,12,2025-07-06T15:18:51Z,2025-07-13T15:18:51Z,2025-07-06T13:44:37Z,2025-07-13T17:53:27Z,overdue,28407.62,paid
1773,138,16,2025-07-15T06:01:29Z,2025-07-16T06:01:29Z,2025-07-15T03:25:17Z,2025-07-17T02:43:59Z,overdue,13128.25,paid
1774,138,17,2025-07-17T03:40:55Z,2025-07-20T03:40:55Z,2025-07-17T00:03:32Z,2025-07-19T23:50:23Z,completed,15194.79,pending
1775,138,20,2025-07-21T19:37:23Z,2025-07-23T19:37:23Z,2025-07-21T06:22:24Z,2025-07-23T19:40:04Z,completed,7105.03,pending
1776,138,14,2025-07-24T14:22:12Z,2025-07-30T14:22:12Z,2025-07-24T14:03:18Z,2025-07-30T15:48:14Z,overdue,12106.47,failed
1777,138,21,2025-07-31T18:43:27Z,2025-08-06T18:43:27Z,2025-08-01T00:51:41Z,2025-08-06T19:38:32Z,completed,43564.66,paid
1778,138,13,2025-08-08T22:40:46Z,2025-08-12T22:40:46Z,2025-08-08T20:59:34Z,2025-08-13T08:38:55Z,overdue,31759.72,paid
1779,138,24,2025-08-15T05:52:04Z,2025-08-25T05:52:04Z,2025-08-15T02:05:56Z,2025-08-25T06:25:49Z,completed,72148.38,paid
1780,138,3,2025-08-26T11:55:17Z,2025-09-02T11:55:17Z,2025-08-26T05:57:58Z,,active,12838.82,paid
1781,139,18,2025-06-01T06:32:51Z,2025-06-02T06:32:51Z,2025-05-31T19:56:00Z,2025-06-02T11:26:45Z,overdue,8505.84,pending
1782,139,8,2025-06-04T15:41:50Z,2025-06-08T15:41:50Z,2025-06-04T16:54:39Z,2025-06-08T17:52:20Z,overdue,11726.34,paid
1783,139,10,2025-06-10T21:34:28Z,2025-06-13T21:34:28Z,2025-06-10T21:18:11Z,2025-06-13T19:48:37Z,completed,7965.95,paid
1784,139,17,2025-06-16T02:31:40Z,2025-06-26T02:31:40Z,2025-06-15T18:23:31Z,2025-06-26T02:56:03Z,completed,36717.45,paid
1785,139,19,2025-06-27T16:43:59Z,2025-06-29T16:43:59Z,2025-06-27T20:09:20Z,2025-06-29T15:48:45Z,completed,7863.95,partially_paid
1786,139,11,2025-06-30T17:21:35Z,2025-07-04T17:21:35Z,2025-06-30T22:28:44Z,2025-07-04T20:11:09Z,overdue,22847.37,pending
1787,139,7,2025-07-06T23:59:06Z,2025-07-13T23:59:06Z,2025-07-06T18:05:49Z,2025-07-13T08:49:20Z,completed,32002.54,paid
1788,139,2,2025-07-16T08:20:43Z,2025-07-22T08:20:43Z,2025-07-16T06:25:56Z,2025-07-22T13:18:05Z,overdue,30102.63,pending
1789,139,21,2025-07-24T17:50:57Z,2025-07-29T17:50:57Z,2025-07-24T19:04:47Z,2025-07-28T14:19:35Z,completed,5026.63,paid
1790,139,14,2025-07-30T22:26:59Z,2025-08-10T22:26:59Z,2025-07-30T21:27:52Z,2025-08-11T12:03:10Z,overdue,112322.61,paid
1791,139,4,2025-08-11T14:19:06Z,2025-08-14T14:19:06Z,2025-08-11T16:09:59Z,2025-08-14T07:28:59Z,completed,25302.18,pending
1792,139,20,2025-08-15T04:01:37Z,2025-08-22T04:01:37Z,2025-08-15T01:53:28Z,2025-08-22T06:22:26Z,overdue,58836.62,paid
1793,139,5,2025-08-24T05:32:28Z,2025-09-01T05:32:28Z,2025-08-23T22:08:45Z,,active,33523.88,pending
1794,140,15,2025-06-05T06:16:44Z,2025-06-12T06:16:44Z,2025-06-05T18:52:06Z,2025-06-12T08:06:38Z,overdue,86047.15,paid
1795,140,13,2025-06-13T20:47:55Z,2025-06-20T20:47:55Z,2025-06-13T20:09:25Z,2025-06-22T09:23:19Z,overdue,99577.08,paid
1796,140,15,2025-06-22T05:17:12Z,2025-06-23T05:17:12Z,2025-06-22T05:51:16Z,2025-06-23T01:23:29Z,completed,14383.36,paid
1797,140,14,2025-06-25T12:39:26Z,2025-06-26T12:39:26Z,2025-06-25T14:26:31Z,2025-06-26T16:44:16Z,overdue,18094.5,pending
1798,140,9,2025-06-27T11:47:41Z,2025-07-02T11:47:41Z,2025-06-27T11:09:27Z,2025-07-03T20:59:18Z,overdue,81592.98,paid
1799,140,1,2025-07-04T14:33:58Z,2025-07-09T14:33:58Z,2025-07-04T17:37:36Z,2025-07-09T05:04:05Z,completed,44310.63,pending
1800,140,6,2025-07-11T13:07:04Z,2025-07-17T13:07:04Z,2025-07-11T11:41:18Z,2025-07-17T12:53:58Z,completed,63743.36,paid
1801,140,22,2025-07-18T14:40:56Z,2025-07-29T14:40:56Z,2025-07-18T21:44:44Z,2025-07-29T20:45:50Z,overdue,9983.32,pending
1802,140,16,2025-07-30T16:43:05Z,2025-07-31T16:43:05Z,2025-07-30T14:33:08Z,2025-08-02T15:19:22Z,overdue,48649.86,paid
1803,140,9,2025-08-01T08:23:03Z,2025-08-06T08:23:03Z,2025-08-01T15:00:13Z,2025-08-07T04:28:54Z,overdue,97428.3,paid
1804,140,9,2025-08-07T13:31:06Z,2025-08-13T13:31:06Z,2025-08-07T08:28:03Z,2025-08-12T14:15:20Z,completed,99617.21,paid
1805,140,23,2025-08-14T19:07:52Z,2025-08-22T19:07:52Z,2025-08-14T14:14:33Z,2025-08-22T21:37:43Z,overdue,134609.77,partially_paid
1806,140,6,2025-08-23T22:26:11Z,2025-08-25T22:26:11Z,2025-08-23T20:50:42Z,2025-08-25T22:48:14Z,completed,33793.09,partially_paid
1807,140,11,2025-08-27T20:18:01Z,2025-09-02T20:18:01Z,2025-08-27T13:36:41Z,,active,6971.5,partially_paid
1808,141,17,2025-06-05T00:28:43Z,2025-06-09T00:28:43Z,2025-06-04T14:25:55Z,2025-06-09T01:11:30Z,completed,13159.73,paid
1809,141,8,2025-06-11T03:39:54Z,2025-06-17T03:39:54Z,2025-06-11T04:37:42Z,2025-06-18T06:41:04Z,overdue,30143.95,paid
1810,141,16,2025-06-18T13:26:44Z,2025-06-23T13:26:44Z,2025-06-18T12:43:40Z,2025-06-22T20:19:14Z,completed,19273.33,paid
1811,141,3,2025-06-25T05:40:52Z,2025-07-03T05:40:52Z,2025-06-25T06:47:13Z,2025-07-03T05:26:14Z,completed,31041.2,failed
1812,141,13,2025-07-04T12:06:36Z,2025-07-05T12:06:36Z,2025-07-04T20:46:35Z,2025-07-05T03:05:03Z,completed,5259.36,pending
1813,141,14,2025-07-06T09:59:06Z,2025-07-10T09:59:06Z,2025-07-06T12:08:06Z,2025-07-09T21:53:18Z,completed,19694.88,paid
1814,141,2,2025-07-10T23:29:16Z,2025-07-11T23:29:16Z,2025-07-10T10:44:39Z,2025-07-12T20:41:44Z,overdue,11796.06,paid
1815,141,8,2025-07-13T03:37:34Z,2025-07-17T03:37:34Z,2025-07-13T21:11:23Z,2025-07-16T13:09:06Z,completed,15844.05,paid
1816,141,19,2025-07-19T03:58:27Z,2025-07-22T03:58:27Z,2025-07-19T00:34:55Z,2025-07-22T09:06:42Z,overdue,15632.73,paid
1817,141,2,2025-07-24T02:58:38Z,2025-07-28T02:58:38Z,2025-07-24T06:39:04Z,2025-07-27T12:51:32Z,completed,15947.7,paid
1818,141,8,2025-07-30T12:41:45Z,2025-07-31T12:41:45Z,2025-07-30T01:54:24Z,2025-07-29T20:01:54Z,completed,7314.84,partially_paid
1819,141,19,2025-08-01T22:56:38Z,2025-08-05T22:56:38Z,2025-08-01T21:08:17Z,2025-08-05T15:54:15Z,completed,28522.38,paid
1820,141,5,2025-08-08T09:02:19Z,2025-08-17T09:02:19Z,2025-08-08T16:24:25Z,2025-08-17T08:46:13Z,completed,64708.14,pending
1821,141,3,2025-08-19T11:25:08Z,2025-08-20T11:25:08Z,2025-08-19T08:01:07Z,2025-08-20T03:02:00Z,completed,7401.81,paid
1822,141,2,2025-08-21T13:37:07Z,2025-08-25T13:37:07Z,2025-08-21T09:25:56Z,2025-08-25T07:39:29Z,completed,28487.59,paid
1823,141,24,2025-08-27T09:15:42Z,2025-08-31T09:15:42Z,2025-08-27T05:26:54Z,,active,6480.38,pending
1824,142,4,2025-06-02T15:02:40Z,2025-06-09T15:02:40Z,2025-06-02T09:34:50Z,2025-06-10T07:14:46Z,overdue,94487.13,pending
1825,142,12,2025-06-10T03:28:13Z,2025-06-13T03:28:13Z,2025-06-09T17:45:49Z,2025-06-13T10:44:24Z,overdue,36257.39,paid
1826,142,3,2025-06-14T01:55:36Z,2025-06-17T01:55:36Z,2025-06-14T03:51:16Z,2025-06-16T11:38:16Z,completed,29826.39,paid
1827,142,6,2025-06-18T05:00:00Z,2025-06-28T05:00:00Z,2025-06-18T09:02:02Z,2025-06-27T21:15:25Z,completed,137456.73,paid
1828,142,5,2025-06-29T05:27:29Z,2025-06-30T05:27:29Z,2025-06-29T15:29:30Z,2025-06-29T22:05:06Z,completed,9298.54,pending
1829,142,4,2025-07-01T23:07:10Z,2025-07-04T23:07:10Z,2025-07-01T09:31:24Z,2025-07-04T21:32:11Z,completed,25281.38,pending
1830,142,10,2025-07-06T11:26:32Z,2025-07-11T11:26:32Z,2025-07-06T15:44:06Z,2025-07-11T10:17:06Z,completed,61608.79,paid
1831,142,8,2025-07-12T02:21:40Z,2025-07-13T02:21:40Z,2025-07-12T05:04:01Z,2025-07-14T07:46:38Z,overdue,32402.71,pending
1832,142,17,2025-07-15T06:55:04Z,2025-07-16T06:55:04Z,2025-07-15T13:24:25Z,2025-07-16T11:52:30Z,overdue,14711.03,paid
1833,142,15,2025-07-17T11:42:17Z,2025-07-26T11:42:17Z,2025-07-17T11:17:01Z,2025-07-26T05:31:57Z,completed,82567.04,pending
1834,142,20,2025-07-27T09:29:56Z,2025-08-01T09:29:56Z,2025-07-27T15:51:35Z,2025-08-01T03:04:20Z,completed,50998.43,paid
1835,142,11,2025-08-03T15:32:23Z,2025-08-07T15:32:23Z,2025-08-03T14:28:59Z,2025-08-06T00:56:38Z,completed,75486.15,paid
1836,142,10,2025-08-10T02:20:40Z,2025-08-21T02:20:40Z,2025-08-09T20:56:11Z,2025-08-21T10:52:54Z,overdue,183169.48,partially_paid
1837,142,2,2025-08-22T20:11:47Z,2025-08-27T20:11:47Z,2025-08-23T03:44:32Z,2025-08-28T00:46:35Z,overdue,83100.18,pending
1838,143,18,2025-05-31T17:23:55Z,2025-06-05T17:23:55Z,2025-05-31T12:02:16Z,2025-06-06T13:06:06Z,overdue,88651.83,paid
1839,143,22,2025-06-08T02:30:57Z,2025-06-09T02:30:57Z,2025-06-08T06:23:28Z,2025-06-09T01:51:06Z,completed,13022.4,paid
1840,143,6,2025-06-10T08:48:29Z,2025-06-19T08:48:29Z,2025-06-10T09:46:33Z,2025-06-20T05:18:19Z,overdue,125367.12,partially_paid
1841,143,22,2025-06-21T20:26:22Z,2025-06-27T20:26:22Z,2025-06-21T09:55:31Z,2025-06-27T11:12:02Z,completed,91644.96,paid
1842,143,17,2025-06-29T10:18:36Z,2025-07-07T10:18:36Z,2025-06-29T11:18:35Z,2025-07-08T13:43:24Z,overdue,122446.07,paid
1843,143,14,2025-07-09T05:57:05Z,2025-07-16T05:57:05Z,2025-07-09T00:09:04Z,2025-07-16T02:25:25Z,completed,84876.98,paid
1844,143,9,2025-07-17T08:01:07Z,2025-07-23T08:01:07Z,2025-07-16T18:08:03Z,2025-07-24T20:54:10Z,overdue,128061.54,partially_paid
1845,143,6,2025-07-24T07:06:05Z,2025-07-31T07:06:05Z,2025-07-24T14:27:49Z,2025-07-30T08:58:06Z,completed,39713.2,paid
1846,143,6,2025-08-02T17:03:59Z,2025-08-11T17:03:59Z,2025-08-03T06:27:20Z,2025-08-11T08:01:12Z,completed,173204.6,paid
1847,143,22,2025-08-14T00:58:08Z,2025-08-22T00:58:08Z,2025-08-14T00:58:32Z,2025-08-21T17:48:46Z,completed,153701.88,paid
1848,143,7,2025-08-22T23:59:52Z,2025-08-29T23:59:52Z,2025-08-23T04:59:57Z,,active,100910.45,pending
1849,144,22,2025-06-05T15:58:08Z,2025-06-14T15:58:08Z,2025-06-05T05:58:06Z,2025-06-14T08:11:35Z,completed,139596.28,paid
1850,144,14,2025-06-15T19:02:00Z,2025-06-21T19:02:00Z,2025-06-15T19:11:08Z,2025-06-21T13:22:41Z,completed,94128.18,pending
1851,144,9,2025-06-23T06:45:18Z,2025-07-01T06:45:18Z,2025-06-23T09:56:25Z,2025-07-02T06:41:14Z,overdue,164083.66,failed
1852,144,9,2025-07-01T19:29:58Z,2025-07-06T19:29:58Z,2025-07-01T23:06:54Z,2025-07-06T15:54:18Z,completed,63550.92,paid
1853,144,2,2025-07-08T06:03:10Z,2025-07-20T06:03:10Z,2025-07-08T01:10:39Z,2025-07-22T05:11:18Z,overdue,198005.56,pending
1854,144,17,2025-07-21T02:03:57Z,2025-07-27T02:03:57Z,2025-07-20T17:48:46Z,2025-07-28T11:43:48Z,overdue,107028.57,partially_paid
1855,144,15,2025-07-29T09:28:13Z,2025-08-04T09:28:13Z,2025-07-29T14:34:37Z,2025-08-05T10:07:21Z,overdue,164227.29,pending
1856,144,14,2025-08-05T11:33:11Z,2025-08-12T11:33:11Z,2025-08-05T07:59:59Z,2025-08-13T04:57:09Z,overdue,181043.23,paid
1857,144,24,2025-08-14T23:16:17Z,2025-08-20T23:16:17Z,2025-08-15T03:23:12Z,2025-08-19T05:12:15Z,completed,119816.05,partially_paid
1858,144,15,2025-08-23T06:59:02Z,2025-08-30T06:59:02Z,2025-08-23T03:09:08Z,,active,117128.94,paid
1859,145,18,2025-05-31T19:27:29Z,2025-06-07T19:27:29Z,2025-05-31T20:53:50Z,2025-06-07T20:56:20Z,overdue,101676.02,partially_paid
1860,145,23,2025-06-09T11:56:55Z,2025-06-12T11:56:55Z,2025-06-09T21:41:18Z,2025-06-13T12:20:43Z,overdue,80066.35,paid
1861,145,11,2025-06-13T08:25:53Z,2025-06-20T08:25:53Z,2025-06-13T17:58:26Z,2025-06-20T01:11:42Z,completed,85162.74,pending
1862,145,22,2025-06-21T10:42:15Z,2025-06-24T10:42:15Z,2025-06-21T10:56:59Z,2025-06-24T19:12:50Z,overdue,54523.45,paid
1863,145,11,2025-06-25T23:05:57Z,2025-06-29T23:05:57Z,2025-06-26T02:19:32Z,2025-06-30T03:24:34Z,overdue,58893.25,paid
1864,145,24,2025-06-30T19:39:47Z,2025-07-03T19:39:47Z,2025-06-30T22:46:33Z,2025-07-04T19:14:40Z,overdue,59952.66,paid
1865,145,22,2025-07-05T04:19:44Z,2025-07-11T04:19:44Z,2025-07-05T11:14:41Z,2025-07-10T21:01:48Z,completed,102963.33,paid
1866,145,16,2025-07-12T00:16:38Z,2025-07-19T00:16:38Z,2025-07-11T17:15:20Z,2025-07-18T15:10:30Z,completed,96365.89,partially_paid
1867,145,22,2025-07-20T02:07:27Z,2025-07-24T02:07:27Z,2025-07-19T20:28:19Z,2025-07-23T20:44:08Z,completed,63332.47,partially_paid
1868,145,7,2025-07-25T22:06:47Z,2025-07-30T22:06:47Z,2025-07-26T03:08:10Z,2025-07-30T21:10:12Z,completed,40416.82,paid
1869,145,1,2025-07-31T18:13:05Z,2025-08-01T18:13:05Z,2025-08-01T01:03:30Z,2025-08-01T04:41:36Z,completed,24099.26,paid
1870,145,1,2025-08-03T20:34:11Z,2025-08-08T20:34:11Z,2025-08-03T23:14:56Z,2025-08-09T00:33:26Z,overdue,124031.74,paid
1871,145,16,2025-08-11T06:04:04Z,2025-08-20T06:04:04Z,2025-08-11T08:56:31Z,2025-08-19T22:25:32Z,completed,215474.26,paid
1872,145,23,2025-08-21T08:13:30Z,2025-09-02T08:13:30Z,2025-08-21T09:23:28Z,,active,165783.31,pending
1873,146,5,2025-06-05T04:50:30Z,2025-06-13T04:50:30Z,2025-06-05T06:20:18Z,2025-06-13T20:18:55Z,overdue,34917.3,paid
1874,146,3,2025-06-13T22:25:55Z,2025-06-26T22:25:55Z,2025-06-13T20:46:52Z,2025-06-26T21:13:17Z,completed,78230.13,pending
1875,146,11,2025-06-27T14:00:03Z,2025-07-03T14:00:03Z,2025-06-27T20:25:47Z,2025-07-03T05:40:27Z,completed,43724.16,paid
1876,146,21,2025-07-05T02:37:02Z,2025-07-06T02:37:02Z,2025-07-04T23:05:40Z,2025-07-05T03:46:05Z,completed,4649.36,partially_paid
1877,146,23,2025-07-06T16:27:30Z,2025-07-10T16:27:30Z,2025-07-06T19:28:24Z,2025-07-10T04:14:43Z,completed,28482.65,paid
1878,146,20,2025-07-12T20:50:49Z,2025-07-13T20:50:49Z,2025-07-12T21:15:47Z,2025-07-13T21:47:55Z,completed,6873.41,paid
1879,146,13,2025-07-14T09:13:47Z,2025-07-15T09:13:47Z,2025-07-14T14:09:04Z,2025-07-16T07:34:09Z,overdue,14585.01,pending
1880,146,13,2025-07-16T06:37:20Z,2025-07-24T06:37:20Z,2025-07-16T13:55:59Z,2025-07-26T06:31:01Z,overdue,65344.44,paid
1881,146,3,2025-07-25T08:11:13Z,2025-07-29T08:11:13Z,2025-07-25T08:50:40Z,2025-07-29T04:23:20Z,completed,621.01,failed
1882,146,3,2025-07-31T08:09:37Z,2025-08-06T08:09:37Z,2025-07-31T17:21:27Z,2025-08-05T19:15:53Z,completed,56273.95,paid
1883,146,23,2025-08-08T06:14:24Z,2025-08-11T06:14:24Z,2025-08-08T14:30:11Z,2025-08-11T14:15:31Z,overdue,36965.94,paid
1884,146,13,2025-08-12T22:16:02Z,2025-08-16T22:16:02Z,2025-08-13T03:23:37Z,2025-08-17T05:47:38Z,overdue,41034.58,partially_paid
1885,146,8,2025-08-19T04:24:21Z,2025-08-29T04:24:21Z,2025-08-19T04:51:10Z,,active,85528.71,paid
1886,147,11,2025-06-04T02:47:58Z,2025-06-17T02:47:58Z,2025-06-04T06:23:17Z,2025-06-17T03:29:35Z,completed,157471.99,pending
1887,147,11,2025-06-19T09:04:57Z,2025-06-27T09:04:57Z,2025-06-19T06:53:27Z,2025-06-28T11:38:51Z,overdue,102381.95,paid
1888,147,7,2025-06-28T08:57:27Z,2025-07-04T08:57:27Z,2025-06-28T07:19:12Z,2025-07-04T02:25:30Z,completed,77205.12,paid
1889,147,7,2025-07-05T02:24:26Z,2025-07-14T02:24:26Z,2025-07-05T07:36:38Z,2025-07-13T21:48:52Z,completed,127702.88,paid
1890,147,15,2025-07-16T05:02:02Z,2025-07-23T05:02:02Z,2025-07-15T19:58:57Z,2025-07-23T12:12:29Z,overdue,91141.15,pending
1891,147,15,2025-07-24T05:53:39Z,2025-07-31T05:53:39Z,2025-07-24T16:08:18Z,2025-07-31T05:08:03Z,completed,33301.56,paid
1892,147,15,2025-08-01T06:27:05Z,2025-08-03T06:27:05Z,2025-08-01T01:04:44Z,2025-08-02T09:21:13Z,completed,33318.7,paid
1893,147,16,2025-08-04T06:57:54Z,2025-08-14T06:57:54Z,2025-08-04T16:15:24Z,2025-08-14T16:55:49Z,overdue,175002.29,paid
1894,147,15,2025-08-16T10:15:15Z,2025-08-25T10:15:15Z,2025-08-16T11:03:28Z,2025-08-25T11:04:36Z,completed,152057.84,failed
1895,147,6,2025-08-26T23:58:58Z,2025-08-31T23:58:58Z,2025-08-26T22:07:13Z,,active,21047.0,paid
1896,148,24,2025-06-02T15:06:00Z,2025-06-08T15:06:00Z,2025-06-02T14:51:29Z,2025-06-08T15:36:16Z,completed,27640.84,paid
1897,148,10,2025-06-10T16:33:39Z,2025-06-16T16:33:39Z,2025-06-10T15:35:05Z,2025-06-16T05:07:42Z,completed,31809.2,paid
1898,148,10,2025-06-18T11:59:51Z,2025-06-24T11:59:51Z,2025-06-18T16:25:37Z,2025-06-24T00:31:01Z,completed,27216.29,partially_paid
1899,148,21,2025-06-26T16:13:44Z,2025-07-02T16:13:44Z,2025-06-26T17:37:37Z,2025-07-02T13:39:09Z,completed,31695.27,paid
1900,148,5,2025-07-04T23:56:25Z,2025-07-08T23:56:25Z,2025-07-05T01:19:26Z,2025-07-08T12:12:59Z,completed,10461.65,pending
1901,148,24,2025-07-09T12:35:42Z,2025-07-16T12:35:42Z,2025-07-09T07:13:22Z,2025-07-17T18:13:27Z,overdue,50343.62,pending
1902,148,4,2025-07-17T19:41:45Z,2025-07-30T19:41:45Z,2025-07-17T14:31:53Z,2025-07-31T01:01:26Z,overdue,15676.94,pending
1903,148,2,2025-08-01T14:00:38Z,2025-08-04T14:00:38Z,2025-08-01T20:15:23Z,2025-08-04T07:22:19Z,completed,23718.04,pending
1904,148,4,2025-08-06T15:38:43Z,2025-08-13T15:38:43Z,2025-08-06T10:24:26Z,2025-08-13T16:29:24Z,completed,56146.9,failed
1905,148,17,2025-08-15T21:01:13Z,2025-08-17T21:01:13Z,2025-08-16T01:57:16Z,2025-08-17T10:50:51Z,completed,15300.4,paid
1906,148,18,2025-08-19T04:57:31Z,2025-08-26T04:57:31Z,2025-08-19T02:53:38Z,2025-08-26T06:55:34Z,overdue,67087.17,pending
1907,148,5,2025-08-28T04:16:50Z,2025-09-03T04:16:50Z,2025-08-27T23:42:35Z,,active,588.85,failed
1908,149,8,2025-06-04T13:04:47Z,2025-06-14T13:04:47Z,2025-06-04T08:24:40Z,2025-06-14T22:25:53Z,overdue,82626.49,pending
1909,149,13,2025-06-15T13:45:53Z,2025-06-25T13:45:53Z,2025-06-15T08:52:04Z,2025-06-25T02:52:25Z,completed,81992.73,paid
1910,149,8,2025-06-26T12:25:58Z,2025-07-02T12:25:58Z,2025-06-26T09:08:54Z,2025-07-03T13:00:34Z,overdue,51642.75,partially_paid
1911,149,2,2025-07-04T02:01:36Z,2025-07-10T02:01:36Z,2025-07-03T21:12:49Z,2025-07-09T04:38:32Z,completed,39114.56,paid
1912,149,21,2025-07-12T11:41:48Z,2025-07-21T11:41:48Z,2025-07-12T08:16:10Z,2025-07-21T12:27:37Z,completed,31202.83,pending
1913,149,5,2025-07-23T22:30:21Z,2025-07-31T22:30:21Z,2025-07-23T19:36:01Z,2025-08-01T00:41:44Z,overdue,31306.29,paid
1914,149,4,2025-08-01T15:44:07Z,2025-08-06T15:44:07Z,2025-08-01T19:50:07Z,2025-08-07T08:04:23Z,overdue,61954.61,partially_paid
1915,149,16,2025-08-07T08:18:50Z,2025-08-12T08:18:50Z,2025-08-07T08:41:45Z,2025-08-12T06:34:47Z,completed,63321.34,pending
1916,149,17,2025-08-13T15:40:02Z,2025-08-14T15:40:02Z,2025-08-13T17:12:47Z,2025-08-16T04:50:25Z,overdue,30172.91,paid
1917,149,8,2025-08-15T14:49:26Z,2025-08-18T14:49:26Z,2025-08-15T10:11:09Z,2025-08-18T08:41:18Z,completed,31335.83,paid
1918,149,23,2025-08-20T18:52:17Z,2025-08-28T18:52:17Z,2025-08-20T21:33:45Z,,active,94826.88,paid
1919,150,16,2025-06-01T04:18:27Z,2025-06-04T04:18:27Z,2025-06-01T04:51:43Z,2025-06-03T11:05:37Z,completed,48014.33,paid
1920,150,16,2025-06-05T23:36:14Z,2025-06-11T23:36:14Z,2025-06-06T04:49:59Z,2025-06-11T11:14:34Z,completed,106791.84,failed
1921,150,4,2025-06-14T11:15:22Z,2025-06-15T11:15:22Z,2025-06-14T20:43:58Z,2025-06-15T07:33:37Z,completed,15535.21,pending
1922,150,17,2025-06-16T05:21:57Z,2025-06-25T05:21:57Z,2025-06-16T04:26:30Z,2025-06-25T06:56:48Z,overdue,135270.7,pending
1923,150,1,2025-06-26T14:22:14Z,2025-07-03T14:22:14Z,2025-06-26T09:04:00Z,2025-07-03T22:29:58Z,overdue,117027.5,paid
1924,150,7,2025-07-05T08:25:36Z,2025-07-09T08:25:36Z,2025-07-05T00:30:13Z,2025-07-09T18:59:13Z,overdue,69621.63,paid
1925,150,15,2025-07-10T15:35:53Z,2025-07-15T15:35:53Z,2025-07-10T14:39:21Z,2025-07-14T16:39:08Z,completed,78409.02,paid
1926,150,14,2025-07-17T21:50:56Z,2025-07-27T21:50:56Z,2025-07-18T03:06:33Z,2025-07-28T15:46:22Z,overdue,184101.8,paid
1927,150,17,2025-07-29T17:03:34Z,2025-08-03T17:03:34Z,2025-07-29T06:41:04Z,2025-08-05T05:16:36Z,overdue,127706.78,paid
1928,150,22,2025-08-06T02:45:19Z,2025-08-11T02:45:19Z,2025-08-05T22:15:45Z,2025-08-11T06:46:33Z,overdue,116218.42,paid
1929,150,7,2025-08-13T11:41:35Z,2025-08-22T11:41:35Z,2025-08-13T11:33:17Z,2025-08-22T17:43:05Z,overdue,207665.43,paid
1930,150,7,2025-08-23T22:26:20Z,2025-09-01T22:26:20Z,2025-08-23T15:58:50Z,,active,96561.75,pending
